ARM "reasoner_direct"  policy=direct  think=True  burst fwd=2 turn=2  patience=2
split=val_unseen  episodes=40  scans=6

Loading weights:   0%|          | 0/670 [00:00<?, ?it/s]Loading weights:   7%|▋         | 44/670 [00:00<00:01, 423.73it/s]Loading weights:  16%|█▌        | 108/670 [00:00<00:01, 548.88it/s]Loading weights:  26%|██▋       | 176/670 [00:00<00:00, 607.67it/s]Loading weights:  35%|███▌      | 237/670 [00:00<00:00, 488.39it/s]Loading weights:  94%|█████████▍| 633/670 [00:00<00:00, 1565.51it/s]Loading weights: 100%|██████████| 670/670 [00:00<00:00, 1164.87it/s]
[transformers] Kwargs passed to `processor.__call__` have to be in `processor_kwargs` dict, not in `**kwargs`
[transformers] Kwargs passed to `processor.__call__` have to be in `processor_kwargs` dict, not in `**kwargs`
[transformers] Kwargs passed to `processor.__call__` have to be in `processor_kwargs` dict, not in `**kwargs`
[transformers] Kwargs passed to `processor.__call__` have to be in `processor_kwargs` dict, not in `**kwargs`
[transformers] Kwargs passed to `processor.__call__` have to be in `processor_kwargs` dict, not in `**kwargs`
[transformers] Kwargs passed to `processor.__call__` have to be in `processor_kwargs` dict, not in `**kwargs`
[transformers] Kwargs passed to `processor.__call__` have to be in `processor_kwargs` dict, not in `**kwargs`
[transformers] Kwargs passed to `processor.__call__` have to be in `processor_kwargs` dict, not in `**kwargs`
[transformers] Kwargs passed to `processor.__call__` have to be in `processor_kwargs` dict, not in `**kwargs`
[transformers] Kwargs passed to `processor.__call__` have to be in `processor_kwargs` dict, not in `**kwargs`
  [1/40] 2azQ1b91cZZ within_radius  min_d  2.86  calls  10  38s/ep
[transformers] Kwargs passed to `processor.__call__` have to be in `processor_kwargs` dict, not in `**kwargs`
[transformers] Kwargs passed to `processor.__call__` have to be in `processor_kwargs` dict, not in `**kwargs`
[transformers] Kwargs passed to `processor.__call__` have to be in `processor_kwargs` dict, not in `**kwargs`
[transformers] Kwargs passed to `processor.__call__` have to be in `processor_kwargs` dict, not in `**kwargs`
[transformers] Kwargs passed to `processor.__call__` have to be in `processor_kwargs` dict, not in `**kwargs`
[transformers] Kwargs passed to `processor.__call__` have to be in `processor_kwargs` dict, not in `**kwargs`
[transformers] Kwargs passed to `processor.__call__` have to be in `processor_kwargs` dict, not in `**kwargs`
[transformers] Kwargs passed to `processor.__call__` have to be in `processor_kwargs` dict, not in `**kwargs`
[transformers] Kwargs passed to `processor.__call__` have to be in `processor_kwargs` dict, not in `**kwargs`
[transformers] Kwargs passed to `processor.__call__` have to be in `processor_kwargs` dict, not in `**kwargs`
[transformers] Kwargs passed to `processor.__call__` have to be in `processor_kwargs` dict, not in `**kwargs`
[transformers] Kwargs passed to `processor.__call__` have to be in `processor_kwargs` dict, not in `**kwargs`
  [2/40] 2azQ1b91cZZ    model_stop  min_d  4.28  calls  12  56s/ep
[transformers] Kwargs passed to `processor.__call__` have to be in `processor_kwargs` dict, not in `**kwargs`
[transformers] Kwargs passed to `processor.__call__` have to be in `processor_kwargs` dict, not in `**kwargs`
[transformers] Kwargs passed to `processor.__call__` have to be in `processor_kwargs` dict, not in `**kwargs`
[transformers] Kwargs passed to `processor.__call__` have to be in `processor_kwargs` dict, not in `**kwargs`
[transformers] Kwargs passed to `processor.__call__` have to be in `processor_kwargs` dict, not in `**kwargs`
[transformers] Kwargs passed to `processor.__call__` have to be in `processor_kwargs` dict, not in `**kwargs`
[transformers] Kwargs passed to `processor.__call__` have to be in `processor_kwargs` dict, not in `**kwargs`
[transformers] Kwargs passed to `processor.__call__` have to be in `processor_kwargs` dict, not in `**kwargs`
[transformers] Kwargs passed to `processor.__call__` have to be in `processor_kwargs` dict, not in `**kwargs`
  [3/40] 2azQ1b91cZZ within_radius  min_d  2.86  calls   9  50s/ep
[transformers] Kwargs passed to `processor.__call__` have to be in `processor_kwargs` dict, not in `**kwargs`
[transformers] Kwargs passed to `processor.__call__` have to be in `processor_kwargs` dict, not in `**kwargs`
[transformers] Kwargs passed to `processor.__call__` have to be in `processor_kwargs` dict, not in `**kwargs`
  [4/40] 2azQ1b91cZZ    model_stop  min_d  8.61  calls   3  48s/ep
[transformers] Kwargs passed to `processor.__call__` have to be in `processor_kwargs` dict, not in `**kwargs`
[transformers] Kwargs passed to `processor.__call__` have to be in `processor_kwargs` dict, not in `**kwargs`
[transformers] Kwargs passed to `processor.__call__` have to be in `processor_kwargs` dict, not in `**kwargs`
[transformers] Kwargs passed to `processor.__call__` have to be in `processor_kwargs` dict, not in `**kwargs`
[transformers] Kwargs passed to `processor.__call__` have to be in `processor_kwargs` dict, not in `**kwargs`
[transformers] Kwargs passed to `processor.__call__` have to be in `processor_kwargs` dict, not in `**kwargs`
[transformers] Kwargs passed to `processor.__call__` have to be in `processor_kwargs` dict, not in `**kwargs`
[transformers] Kwargs passed to `processor.__call__` have to be in `processor_kwargs` dict, not in `**kwargs`
[transformers] Kwargs passed to `processor.__call__` have to be in `processor_kwargs` dict, not in `**kwargs`
[transformers] Kwargs passed to `processor.__call__` have to be in `processor_kwargs` dict, not in `**kwargs`
[transformers] Kwargs passed to `processor.__call__` have to be in `processor_kwargs` dict, not in `**kwargs`
[transformers] Kwargs passed to `processor.__call__` have to be in `processor_kwargs` dict, not in `**kwargs`
[transformers] Kwargs passed to `processor.__call__` have to be in `processor_kwargs` dict, not in `**kwargs`
[transformers] Kwargs passed to `processor.__call__` have to be in `processor_kwargs` dict, not in `**kwargs`
[transformers] Kwargs passed to `processor.__call__` have to be in `processor_kwargs` dict, not in `**kwargs`
[transformers] Kwargs passed to `processor.__call__` have to be in `processor_kwargs` dict, not in `**kwargs`
[transformers] Kwargs passed to `processor.__call__` have to be in `processor_kwargs` dict, not in `**kwargs`
[transformers] Kwargs passed to `processor.__call__` have to be in `processor_kwargs` dict, not in `**kwargs`
[transformers] Kwargs passed to `processor.__call__` have to be in `processor_kwargs` dict, not in `**kwargs`
[transformers] Kwargs passed to `processor.__call__` have to be in `processor_kwargs` dict, not in `**kwargs`
[transformers] Kwargs passed to `processor.__call__` have to be in `processor_kwargs` dict, not in `**kwargs`
[transformers] Kwargs passed to `processor.__call__` have to be in `processor_kwargs` dict, not in `**kwargs`
[transformers] Kwargs passed to `processor.__call__` have to be in `processor_kwargs` dict, not in `**kwargs`
[transformers] Kwargs passed to `processor.__call__` have to be in `processor_kwargs` dict, not in `**kwargs`
[transformers] Kwargs passed to `processor.__call__` have to be in `processor_kwargs` dict, not in `**kwargs`
[transformers] Kwargs passed to `processor.__call__` have to be in `processor_kwargs` dict, not in `**kwargs`
[transformers] Kwargs passed to `processor.__call__` have to be in `processor_kwargs` dict, not in `**kwargs`
[transformers] Kwargs passed to `processor.__call__` have to be in `processor_kwargs` dict, not in `**kwargs`
[transformers] Kwargs passed to `processor.__call__` have to be in `processor_kwargs` dict, not in `**kwargs`
[transformers] Kwargs passed to `processor.__call__` have to be in `processor_kwargs` dict, not in `**kwargs`
[transformers] Kwargs passed to `processor.__call__` have to be in `processor_kwargs` dict, not in `**kwargs`
[transformers] Kwargs passed to `processor.__call__` have to be in `processor_kwargs` dict, not in `**kwargs`
[transformers] Kwargs passed to `processor.__call__` have to be in `processor_kwargs` dict, not in `**kwargs`
[transformers] Kwargs passed to `processor.__call__` have to be in `processor_kwargs` dict, not in `**kwargs`
[transformers] Kwargs passed to `processor.__call__` have to be in `processor_kwargs` dict, not in `**kwargs`
[transformers] Kwargs passed to `processor.__call__` have to be in `processor_kwargs` dict, not in `**kwargs`
[transformers] Kwargs passed to `processor.__call__` have to be in `processor_kwargs` dict, not in `**kwargs`
[transformers] Kwargs passed to `processor.__call__` have to be in `processor_kwargs` dict, not in `**kwargs`
[transformers] Kwargs passed to `processor.__call__` have to be in `processor_kwargs` dict, not in `**kwargs`
[transformers] Kwargs passed to `processor.__call__` have to be in `processor_kwargs` dict, not in `**kwargs`
[transformers] Kwargs passed to `processor.__call__` have to be in `processor_kwargs` dict, not in `**kwargs`
[transformers] Kwargs passed to `processor.__call__` have to be in `processor_kwargs` dict, not in `**kwargs`
[transformers] Kwargs passed to `processor.__call__` have to be in `processor_kwargs` dict, not in `**kwargs`
[transformers] Kwargs passed to `processor.__call__` have to be in `processor_kwargs` dict, not in `**kwargs`
[transformers] Kwargs passed to `processor.__call__` have to be in `processor_kwargs` dict, not in `**kwargs`
[transformers] Kwargs passed to `processor.__call__` have to be in `processor_kwargs` dict, not in `**kwargs`
[transformers] Kwargs passed to `processor.__call__` have to be in `processor_kwargs` dict, not in `**kwargs`
[transformers] Kwargs passed to `processor.__call__` have to be in `processor_kwargs` dict, not in `**kwargs`
[transformers] Kwargs passed to `processor.__call__` have to be in `processor_kwargs` dict, not in `**kwargs`
[transformers] Kwargs passed to `processor.__call__` have to be in `processor_kwargs` dict, not in `**kwargs`
[transformers] Kwargs passed to `processor.__call__` have to be in `processor_kwargs` dict, not in `**kwargs`
[transformers] Kwargs passed to `processor.__call__` have to be in `processor_kwargs` dict, not in `**kwargs`
  [5/40] 2azQ1b91cZZ       timeout  min_d  8.61  calls  52  108s/ep
[transformers] Kwargs passed to `processor.__call__` have to be in `processor_kwargs` dict, not in `**kwargs`
[transformers] Kwargs passed to `processor.__call__` have to be in `processor_kwargs` dict, not in `**kwargs`
[transformers] Kwargs passed to `processor.__call__` have to be in `processor_kwargs` dict, not in `**kwargs`
[transformers] Kwargs passed to `processor.__call__` have to be in `processor_kwargs` dict, not in `**kwargs`
[transformers] Kwargs passed to `processor.__call__` have to be in `processor_kwargs` dict, not in `**kwargs`
[transformers] Kwargs passed to `processor.__call__` have to be in `processor_kwargs` dict, not in `**kwargs`
[transformers] Kwargs passed to `processor.__call__` have to be in `processor_kwargs` dict, not in `**kwargs`
[transformers] Kwargs passed to `processor.__call__` have to be in `processor_kwargs` dict, not in `**kwargs`
[transformers] Kwargs passed to `processor.__call__` have to be in `processor_kwargs` dict, not in `**kwargs`
[transformers] Kwargs passed to `processor.__call__` have to be in `processor_kwargs` dict, not in `**kwargs`
[transformers] Kwargs passed to `processor.__call__` have to be in `processor_kwargs` dict, not in `**kwargs`
[transformers] Kwargs passed to `processor.__call__` have to be in `processor_kwargs` dict, not in `**kwargs`
[transformers] Kwargs passed to `processor.__call__` have to be in `processor_kwargs` dict, not in `**kwargs`
[transformers] Kwargs passed to `processor.__call__` have to be in `processor_kwargs` dict, not in `**kwargs`
[transformers] Kwargs passed to `processor.__call__` have to be in `processor_kwargs` dict, not in `**kwargs`
[transformers] Kwargs passed to `processor.__call__` have to be in `processor_kwargs` dict, not in `**kwargs`
[transformers] Kwargs passed to `processor.__call__` have to be in `processor_kwargs` dict, not in `**kwargs`
[transformers] Kwargs passed to `processor.__call__` have to be in `processor_kwargs` dict, not in `**kwargs`
[transformers] Kwargs passed to `processor.__call__` have to be in `processor_kwargs` dict, not in `**kwargs`
[transformers] Kwargs passed to `processor.__call__` have to be in `processor_kwargs` dict, not in `**kwargs`
[transformers] Kwargs passed to `processor.__call__` have to be in `processor_kwargs` dict, not in `**kwargs`
[transformers] Kwargs passed to `processor.__call__` have to be in `processor_kwargs` dict, not in `**kwargs`
[transformers] Kwargs passed to `processor.__call__` have to be in `processor_kwargs` dict, not in `**kwargs`
[transformers] Kwargs passed to `processor.__call__` have to be in `processor_kwargs` dict, not in `**kwargs`
[transformers] Kwargs passed to `processor.__call__` have to be in `processor_kwargs` dict, not in `**kwargs`
[transformers] Kwargs passed to `processor.__call__` have to be in `processor_kwargs` dict, not in `**kwargs`
[transformers] Kwargs passed to `processor.__call__` have to be in `processor_kwargs` dict, not in `**kwargs`
[transformers] Kwargs passed to `processor.__call__` have to be in `processor_kwargs` dict, not in `**kwargs`
[transformers] Kwargs passed to `processor.__call__` have to be in `processor_kwargs` dict, not in `**kwargs`
[transformers] Kwargs passed to `processor.__call__` have to be in `processor_kwargs` dict, not in `**kwargs`
[transformers] Kwargs passed to `processor.__call__` have to be in `processor_kwargs` dict, not in `**kwargs`
[transformers] Kwargs passed to `processor.__call__` have to be in `processor_kwargs` dict, not in `**kwargs`
[transformers] Kwargs passed to `processor.__call__` have to be in `processor_kwargs` dict, not in `**kwargs`
[transformers] Kwargs passed to `processor.__call__` have to be in `processor_kwargs` dict, not in `**kwargs`
[transformers] Kwargs passed to `processor.__call__` have to be in `processor_kwargs` dict, not in `**kwargs`
[transformers] Kwargs passed to `processor.__call__` have to be in `processor_kwargs` dict, not in `**kwargs`
[transformers] Kwargs passed to `processor.__call__` have to be in `processor_kwargs` dict, not in `**kwargs`
[transformers] Kwargs passed to `processor.__call__` have to be in `processor_kwargs` dict, not in `**kwargs`
[transformers] Kwargs passed to `processor.__call__` have to be in `processor_kwargs` dict, not in `**kwargs`
[transformers] Kwargs passed to `processor.__call__` have to be in `processor_kwargs` dict, not in `**kwargs`
[transformers] Kwargs passed to `processor.__call__` have to be in `processor_kwargs` dict, not in `**kwargs`
  [6/40] 2azQ1b91cZZ within_radius  min_d  2.90  calls  41  134s/ep
[transformers] Kwargs passed to `processor.__call__` have to be in `processor_kwargs` dict, not in `**kwargs`
[transformers] Kwargs passed to `processor.__call__` have to be in `processor_kwargs` dict, not in `**kwargs`
[transformers] Kwargs passed to `processor.__call__` have to be in `processor_kwargs` dict, not in `**kwargs`
[transformers] Kwargs passed to `processor.__call__` have to be in `processor_kwargs` dict, not in `**kwargs`
[transformers] Kwargs passed to `processor.__call__` have to be in `processor_kwargs` dict, not in `**kwargs`
[transformers] Kwargs passed to `processor.__call__` have to be in `processor_kwargs` dict, not in `**kwargs`
[transformers] Kwargs passed to `processor.__call__` have to be in `processor_kwargs` dict, not in `**kwargs`
[transformers] Kwargs passed to `processor.__call__` have to be in `processor_kwargs` dict, not in `**kwargs`
[transformers] Kwargs passed to `processor.__call__` have to be in `processor_kwargs` dict, not in `**kwargs`
[transformers] Kwargs passed to `processor.__call__` have to be in `processor_kwargs` dict, not in `**kwargs`
[transformers] Kwargs passed to `processor.__call__` have to be in `processor_kwargs` dict, not in `**kwargs`
[transformers] Kwargs passed to `processor.__call__` have to be in `processor_kwargs` dict, not in `**kwargs`
[transformers] Kwargs passed to `processor.__call__` have to be in `processor_kwargs` dict, not in `**kwargs`
[transformers] Kwargs passed to `processor.__call__` have to be in `processor_kwargs` dict, not in `**kwargs`
[transformers] Kwargs passed to `processor.__call__` have to be in `processor_kwargs` dict, not in `**kwargs`
[transformers] Kwargs passed to `processor.__call__` have to be in `processor_kwargs` dict, not in `**kwargs`
[transformers] Kwargs passed to `processor.__call__` have to be in `processor_kwargs` dict, not in `**kwargs`
[transformers] Kwargs passed to `processor.__call__` have to be in `processor_kwargs` dict, not in `**kwargs`
[transformers] Kwargs passed to `processor.__call__` have to be in `processor_kwargs` dict, not in `**kwargs`
[transformers] Kwargs passed to `processor.__call__` have to be in `processor_kwargs` dict, not in `**kwargs`
[transformers] Kwargs passed to `processor.__call__` have to be in `processor_kwargs` dict, not in `**kwargs`
[transformers] Kwargs passed to `processor.__call__` have to be in `processor_kwargs` dict, not in `**kwargs`
[transformers] Kwargs passed to `processor.__call__` have to be in `processor_kwargs` dict, not in `**kwargs`
[transformers] Kwargs passed to `processor.__call__` have to be in `processor_kwargs` dict, not in `**kwargs`
[transformers] Kwargs passed to `processor.__call__` have to be in `processor_kwargs` dict, not in `**kwargs`
[transformers] Kwargs passed to `processor.__call__` have to be in `processor_kwargs` dict, not in `**kwargs`
[transformers] Kwargs passed to `processor.__call__` have to be in `processor_kwargs` dict, not in `**kwargs`
[transformers] Kwargs passed to `processor.__call__` have to be in `processor_kwargs` dict, not in `**kwargs`
[transformers] Kwargs passed to `processor.__call__` have to be in `processor_kwargs` dict, not in `**kwargs`
[transformers] Kwargs passed to `processor.__call__` have to be in `processor_kwargs` dict, not in `**kwargs`
[transformers] Kwargs passed to `processor.__call__` have to be in `processor_kwargs` dict, not in `**kwargs`
[transformers] Kwargs passed to `processor.__call__` have to be in `processor_kwargs` dict, not in `**kwargs`
[transformers] Kwargs passed to `processor.__call__` have to be in `processor_kwargs` dict, not in `**kwargs`
[transformers] Kwargs passed to `processor.__call__` have to be in `processor_kwargs` dict, not in `**kwargs`
[transformers] Kwargs passed to `processor.__call__` have to be in `processor_kwargs` dict, not in `**kwargs`
[transformers] Kwargs passed to `processor.__call__` have to be in `processor_kwargs` dict, not in `**kwargs`
[transformers] Kwargs passed to `processor.__call__` have to be in `processor_kwargs` dict, not in `**kwargs`
[transformers] Kwargs passed to `processor.__call__` have to be in `processor_kwargs` dict, not in `**kwargs`
[transformers] Kwargs passed to `processor.__call__` have to be in `processor_kwargs` dict, not in `**kwargs`
[transformers] Kwargs passed to `processor.__call__` have to be in `processor_kwargs` dict, not in `**kwargs`
[transformers] Kwargs passed to `processor.__call__` have to be in `processor_kwargs` dict, not in `**kwargs`
[transformers] Kwargs passed to `processor.__call__` have to be in `processor_kwargs` dict, not in `**kwargs`
[transformers] Kwargs passed to `processor.__call__` have to be in `processor_kwargs` dict, not in `**kwargs`
[transformers] Kwargs passed to `processor.__call__` have to be in `processor_kwargs` dict, not in `**kwargs`
[transformers] Kwargs passed to `processor.__call__` have to be in `processor_kwargs` dict, not in `**kwargs`
[transformers] Kwargs passed to `processor.__call__` have to be in `processor_kwargs` dict, not in `**kwargs`
[transformers] Kwargs passed to `processor.__call__` have to be in `processor_kwargs` dict, not in `**kwargs`
[transformers] Kwargs passed to `processor.__call__` have to be in `processor_kwargs` dict, not in `**kwargs`
[transformers] Kwargs passed to `processor.__call__` have to be in `processor_kwargs` dict, not in `**kwargs`
[transformers] Kwargs passed to `processor.__call__` have to be in `processor_kwargs` dict, not in `**kwargs`
  [7/40] QUCTc6BB5sX       timeout  min_d  4.93  calls  50  159s/ep
[transformers] Kwargs passed to `processor.__call__` have to be in `processor_kwargs` dict, not in `**kwargs`
[transformers] Kwargs passed to `processor.__call__` have to be in `processor_kwargs` dict, not in `**kwargs`
[transformers] Kwargs passed to `processor.__call__` have to be in `processor_kwargs` dict, not in `**kwargs`
[transformers] Kwargs passed to `processor.__call__` have to be in `processor_kwargs` dict, not in `**kwargs`
[transformers] Kwargs passed to `processor.__call__` have to be in `processor_kwargs` dict, not in `**kwargs`
[transformers] Kwargs passed to `processor.__call__` have to be in `processor_kwargs` dict, not in `**kwargs`
[transformers] Kwargs passed to `processor.__call__` have to be in `processor_kwargs` dict, not in `**kwargs`
[transformers] Kwargs passed to `processor.__call__` have to be in `processor_kwargs` dict, not in `**kwargs`
[transformers] Kwargs passed to `processor.__call__` have to be in `processor_kwargs` dict, not in `**kwargs`
[transformers] Kwargs passed to `processor.__call__` have to be in `processor_kwargs` dict, not in `**kwargs`
[transformers] Kwargs passed to `processor.__call__` have to be in `processor_kwargs` dict, not in `**kwargs`
[transformers] Kwargs passed to `processor.__call__` have to be in `processor_kwargs` dict, not in `**kwargs`
[transformers] Kwargs passed to `processor.__call__` have to be in `processor_kwargs` dict, not in `**kwargs`
[transformers] Kwargs passed to `processor.__call__` have to be in `processor_kwargs` dict, not in `**kwargs`
[transformers] Kwargs passed to `processor.__call__` have to be in `processor_kwargs` dict, not in `**kwargs`
[transformers] Kwargs passed to `processor.__call__` have to be in `processor_kwargs` dict, not in `**kwargs`
[transformers] Kwargs passed to `processor.__call__` have to be in `processor_kwargs` dict, not in `**kwargs`
[transformers] Kwargs passed to `processor.__call__` have to be in `processor_kwargs` dict, not in `**kwargs`
[transformers] Kwargs passed to `processor.__call__` have to be in `processor_kwargs` dict, not in `**kwargs`
[transformers] Kwargs passed to `processor.__call__` have to be in `processor_kwargs` dict, not in `**kwargs`
[transformers] Kwargs passed to `processor.__call__` have to be in `processor_kwargs` dict, not in `**kwargs`
[transformers] Kwargs passed to `processor.__call__` have to be in `processor_kwargs` dict, not in `**kwargs`
[transformers] Kwargs passed to `processor.__call__` have to be in `processor_kwargs` dict, not in `**kwargs`
[transformers] Kwargs passed to `processor.__call__` have to be in `processor_kwargs` dict, not in `**kwargs`
[transformers] Kwargs passed to `processor.__call__` have to be in `processor_kwargs` dict, not in `**kwargs`
[transformers] Kwargs passed to `processor.__call__` have to be in `processor_kwargs` dict, not in `**kwargs`
[transformers] Kwargs passed to `processor.__call__` have to be in `processor_kwargs` dict, not in `**kwargs`
[transformers] Kwargs passed to `processor.__call__` have to be in `processor_kwargs` dict, not in `**kwargs`
[transformers] Kwargs passed to `processor.__call__` have to be in `processor_kwargs` dict, not in `**kwargs`
[transformers] Kwargs passed to `processor.__call__` have to be in `processor_kwargs` dict, not in `**kwargs`
[transformers] Kwargs passed to `processor.__call__` have to be in `processor_kwargs` dict, not in `**kwargs`
[transformers] Kwargs passed to `processor.__call__` have to be in `processor_kwargs` dict, not in `**kwargs`
[transformers] Kwargs passed to `processor.__call__` have to be in `processor_kwargs` dict, not in `**kwargs`
[transformers] Kwargs passed to `processor.__call__` have to be in `processor_kwargs` dict, not in `**kwargs`
[transformers] Kwargs passed to `processor.__call__` have to be in `processor_kwargs` dict, not in `**kwargs`
[transformers] Kwargs passed to `processor.__call__` have to be in `processor_kwargs` dict, not in `**kwargs`
[transformers] Kwargs passed to `processor.__call__` have to be in `processor_kwargs` dict, not in `**kwargs`
  [8/40] QUCTc6BB5sX    model_stop  min_d  7.11  calls  37  159s/ep
[transformers] Kwargs passed to `processor.__call__` have to be in `processor_kwargs` dict, not in `**kwargs`
[transformers] Kwargs passed to `processor.__call__` have to be in `processor_kwargs` dict, not in `**kwargs`
[transformers] Kwargs passed to `processor.__call__` have to be in `processor_kwargs` dict, not in `**kwargs`
[transformers] Kwargs passed to `processor.__call__` have to be in `processor_kwargs` dict, not in `**kwargs`
[transformers] Kwargs passed to `processor.__call__` have to be in `processor_kwargs` dict, not in `**kwargs`
[transformers] Kwargs passed to `processor.__call__` have to be in `processor_kwargs` dict, not in `**kwargs`
[transformers] Kwargs passed to `processor.__call__` have to be in `processor_kwargs` dict, not in `**kwargs`
[transformers] Kwargs passed to `processor.__call__` have to be in `processor_kwargs` dict, not in `**kwargs`
[transformers] Kwargs passed to `processor.__call__` have to be in `processor_kwargs` dict, not in `**kwargs`
[transformers] Kwargs passed to `processor.__call__` have to be in `processor_kwargs` dict, not in `**kwargs`
  [9/40] QUCTc6BB5sX    model_stop  min_d 12.37  calls  10  146s/ep
[transformers] Kwargs passed to `processor.__call__` have to be in `processor_kwargs` dict, not in `**kwargs`
[transformers] Kwargs passed to `processor.__call__` have to be in `processor_kwargs` dict, not in `**kwargs`
[transformers] Kwargs passed to `processor.__call__` have to be in `processor_kwargs` dict, not in `**kwargs`
[transformers] Kwargs passed to `processor.__call__` have to be in `processor_kwargs` dict, not in `**kwargs`
[transformers] Kwargs passed to `processor.__call__` have to be in `processor_kwargs` dict, not in `**kwargs`
[transformers] Kwargs passed to `processor.__call__` have to be in `processor_kwargs` dict, not in `**kwargs`
[transformers] Kwargs passed to `processor.__call__` have to be in `processor_kwargs` dict, not in `**kwargs`
[transformers] Kwargs passed to `processor.__call__` have to be in `processor_kwargs` dict, not in `**kwargs`
[transformers] Kwargs passed to `processor.__call__` have to be in `processor_kwargs` dict, not in `**kwargs`
[transformers] Kwargs passed to `processor.__call__` have to be in `processor_kwargs` dict, not in `**kwargs`
[transformers] Kwargs passed to `processor.__call__` have to be in `processor_kwargs` dict, not in `**kwargs`
[transformers] Kwargs passed to `processor.__call__` have to be in `processor_kwargs` dict, not in `**kwargs`
[transformers] Kwargs passed to `processor.__call__` have to be in `processor_kwargs` dict, not in `**kwargs`
[transformers] Kwargs passed to `processor.__call__` have to be in `processor_kwargs` dict, not in `**kwargs`
[transformers] Kwargs passed to `processor.__call__` have to be in `processor_kwargs` dict, not in `**kwargs`
[transformers] Kwargs passed to `processor.__call__` have to be in `processor_kwargs` dict, not in `**kwargs`
[transformers] Kwargs passed to `processor.__call__` have to be in `processor_kwargs` dict, not in `**kwargs`
[transformers] Kwargs passed to `processor.__call__` have to be in `processor_kwargs` dict, not in `**kwargs`
[transformers] Kwargs passed to `processor.__call__` have to be in `processor_kwargs` dict, not in `**kwargs`
[transformers] Kwargs passed to `processor.__call__` have to be in `processor_kwargs` dict, not in `**kwargs`
[transformers] Kwargs passed to `processor.__call__` have to be in `processor_kwargs` dict, not in `**kwargs`
[transformers] Kwargs passed to `processor.__call__` have to be in `processor_kwargs` dict, not in `**kwargs`
[transformers] Kwargs passed to `processor.__call__` have to be in `processor_kwargs` dict, not in `**kwargs`
[transformers] Kwargs passed to `processor.__call__` have to be in `processor_kwargs` dict, not in `**kwargs`
[transformers] Kwargs passed to `processor.__call__` have to be in `processor_kwargs` dict, not in `**kwargs`
[transformers] Kwargs passed to `processor.__call__` have to be in `processor_kwargs` dict, not in `**kwargs`
[transformers] Kwargs passed to `processor.__call__` have to be in `processor_kwargs` dict, not in `**kwargs`
[transformers] Kwargs passed to `processor.__call__` have to be in `processor_kwargs` dict, not in `**kwargs`
[transformers] Kwargs passed to `processor.__call__` have to be in `processor_kwargs` dict, not in `**kwargs`
[transformers] Kwargs passed to `processor.__call__` have to be in `processor_kwargs` dict, not in `**kwargs`
[transformers] Kwargs passed to `processor.__call__` have to be in `processor_kwargs` dict, not in `**kwargs`
[transformers] Kwargs passed to `processor.__call__` have to be in `processor_kwargs` dict, not in `**kwargs`
[transformers] Kwargs passed to `processor.__call__` have to be in `processor_kwargs` dict, not in `**kwargs`
[transformers] Kwargs passed to `processor.__call__` have to be in `processor_kwargs` dict, not in `**kwargs`
[transformers] Kwargs passed to `processor.__call__` have to be in `processor_kwargs` dict, not in `**kwargs`
[transformers] Kwargs passed to `processor.__call__` have to be in `processor_kwargs` dict, not in `**kwargs`
[transformers] Kwargs passed to `processor.__call__` have to be in `processor_kwargs` dict, not in `**kwargs`
[transformers] Kwargs passed to `processor.__call__` have to be in `processor_kwargs` dict, not in `**kwargs`
[transformers] Kwargs passed to `processor.__call__` have to be in `processor_kwargs` dict, not in `**kwargs`
[transformers] Kwargs passed to `processor.__call__` have to be in `processor_kwargs` dict, not in `**kwargs`
[transformers] Kwargs passed to `processor.__call__` have to be in `processor_kwargs` dict, not in `**kwargs`
[transformers] Kwargs passed to `processor.__call__` have to be in `processor_kwargs` dict, not in `**kwargs`
[transformers] Kwargs passed to `processor.__call__` have to be in `processor_kwargs` dict, not in `**kwargs`
[transformers] Kwargs passed to `processor.__call__` have to be in `processor_kwargs` dict, not in `**kwargs`
[transformers] Kwargs passed to `processor.__call__` have to be in `processor_kwargs` dict, not in `**kwargs`
[transformers] Kwargs passed to `processor.__call__` have to be in `processor_kwargs` dict, not in `**kwargs`
[transformers] Kwargs passed to `processor.__call__` have to be in `processor_kwargs` dict, not in `**kwargs`
[transformers] Kwargs passed to `processor.__call__` have to be in `processor_kwargs` dict, not in `**kwargs`
[transformers] Kwargs passed to `processor.__call__` have to be in `processor_kwargs` dict, not in `**kwargs`
[transformers] Kwargs passed to `processor.__call__` have to be in `processor_kwargs` dict, not in `**kwargs`
  [10/40] TbHJrupSAjP       timeout  min_d  6.76  calls  50  143s/ep
[transformers] Kwargs passed to `processor.__call__` have to be in `processor_kwargs` dict, not in `**kwargs`
[transformers] Kwargs passed to `processor.__call__` have to be in `processor_kwargs` dict, not in `**kwargs`
[transformers] Kwargs passed to `processor.__call__` have to be in `processor_kwargs` dict, not in `**kwargs`
[transformers] Kwargs passed to `processor.__call__` have to be in `processor_kwargs` dict, not in `**kwargs`
[transformers] Kwargs passed to `processor.__call__` have to be in `processor_kwargs` dict, not in `**kwargs`
[transformers] Kwargs passed to `processor.__call__` have to be in `processor_kwargs` dict, not in `**kwargs`
[transformers] Kwargs passed to `processor.__call__` have to be in `processor_kwargs` dict, not in `**kwargs`
[transformers] Kwargs passed to `processor.__call__` have to be in `processor_kwargs` dict, not in `**kwargs`
[transformers] Kwargs passed to `processor.__call__` have to be in `processor_kwargs` dict, not in `**kwargs`
[transformers] Kwargs passed to `processor.__call__` have to be in `processor_kwargs` dict, not in `**kwargs`
[transformers] Kwargs passed to `processor.__call__` have to be in `processor_kwargs` dict, not in `**kwargs`
[transformers] Kwargs passed to `processor.__call__` have to be in `processor_kwargs` dict, not in `**kwargs`
[transformers] Kwargs passed to `processor.__call__` have to be in `processor_kwargs` dict, not in `**kwargs`
[transformers] Kwargs passed to `processor.__call__` have to be in `processor_kwargs` dict, not in `**kwargs`
[transformers] Kwargs passed to `processor.__call__` have to be in `processor_kwargs` dict, not in `**kwargs`
[transformers] Kwargs passed to `processor.__call__` have to be in `processor_kwargs` dict, not in `**kwargs`
[transformers] Kwargs passed to `processor.__call__` have to be in `processor_kwargs` dict, not in `**kwargs`
[transformers] Kwargs passed to `processor.__call__` have to be in `processor_kwargs` dict, not in `**kwargs`
[transformers] Kwargs passed to `processor.__call__` have to be in `processor_kwargs` dict, not in `**kwargs`
[transformers] Kwargs passed to `processor.__call__` have to be in `processor_kwargs` dict, not in `**kwargs`
[transformers] Kwargs passed to `processor.__call__` have to be in `processor_kwargs` dict, not in `**kwargs`
[transformers] Kwargs passed to `processor.__call__` have to be in `processor_kwargs` dict, not in `**kwargs`
  [11/40] TbHJrupSAjP    model_stop  min_d  7.85  calls  22  138s/ep
[transformers] Kwargs passed to `processor.__call__` have to be in `processor_kwargs` dict, not in `**kwargs`
[transformers] Kwargs passed to `processor.__call__` have to be in `processor_kwargs` dict, not in `**kwargs`
[transformers] Kwargs passed to `processor.__call__` have to be in `processor_kwargs` dict, not in `**kwargs`
[transformers] Kwargs passed to `processor.__call__` have to be in `processor_kwargs` dict, not in `**kwargs`
[transformers] Kwargs passed to `processor.__call__` have to be in `processor_kwargs` dict, not in `**kwargs`
[transformers] Kwargs passed to `processor.__call__` have to be in `processor_kwargs` dict, not in `**kwargs`
[transformers] Kwargs passed to `processor.__call__` have to be in `processor_kwargs` dict, not in `**kwargs`
[transformers] Kwargs passed to `processor.__call__` have to be in `processor_kwargs` dict, not in `**kwargs`
[transformers] Kwargs passed to `processor.__call__` have to be in `processor_kwargs` dict, not in `**kwargs`
[transformers] Kwargs passed to `processor.__call__` have to be in `processor_kwargs` dict, not in `**kwargs`
[transformers] Kwargs passed to `processor.__call__` have to be in `processor_kwargs` dict, not in `**kwargs`
[transformers] Kwargs passed to `processor.__call__` have to be in `processor_kwargs` dict, not in `**kwargs`
[transformers] Kwargs passed to `processor.__call__` have to be in `processor_kwargs` dict, not in `**kwargs`
[transformers] Kwargs passed to `processor.__call__` have to be in `processor_kwargs` dict, not in `**kwargs`
[transformers] Kwargs passed to `processor.__call__` have to be in `processor_kwargs` dict, not in `**kwargs`
[transformers] Kwargs passed to `processor.__call__` have to be in `processor_kwargs` dict, not in `**kwargs`
[transformers] Kwargs passed to `processor.__call__` have to be in `processor_kwargs` dict, not in `**kwargs`
[transformers] Kwargs passed to `processor.__call__` have to be in `processor_kwargs` dict, not in `**kwargs`
[transformers] Kwargs passed to `processor.__call__` have to be in `processor_kwargs` dict, not in `**kwargs`
[transformers] Kwargs passed to `processor.__call__` have to be in `processor_kwargs` dict, not in `**kwargs`
[transformers] Kwargs passed to `processor.__call__` have to be in `processor_kwargs` dict, not in `**kwargs`
[transformers] Kwargs passed to `processor.__call__` have to be in `processor_kwargs` dict, not in `**kwargs`
[transformers] Kwargs passed to `processor.__call__` have to be in `processor_kwargs` dict, not in `**kwargs`
[transformers] Kwargs passed to `processor.__call__` have to be in `processor_kwargs` dict, not in `**kwargs`
[transformers] Kwargs passed to `processor.__call__` have to be in `processor_kwargs` dict, not in `**kwargs`
[transformers] Kwargs passed to `processor.__call__` have to be in `processor_kwargs` dict, not in `**kwargs`
[transformers] Kwargs passed to `processor.__call__` have to be in `processor_kwargs` dict, not in `**kwargs`
[transformers] Kwargs passed to `processor.__call__` have to be in `processor_kwargs` dict, not in `**kwargs`
[transformers] Kwargs passed to `processor.__call__` have to be in `processor_kwargs` dict, not in `**kwargs`
[transformers] Kwargs passed to `processor.__call__` have to be in `processor_kwargs` dict, not in `**kwargs`
[transformers] Kwargs passed to `processor.__call__` have to be in `processor_kwargs` dict, not in `**kwargs`
[transformers] Kwargs passed to `processor.__call__` have to be in `processor_kwargs` dict, not in `**kwargs`
[transformers] Kwargs passed to `processor.__call__` have to be in `processor_kwargs` dict, not in `**kwargs`
[transformers] Kwargs passed to `processor.__call__` have to be in `processor_kwargs` dict, not in `**kwargs`
[transformers] Kwargs passed to `processor.__call__` have to be in `processor_kwargs` dict, not in `**kwargs`
[transformers] Kwargs passed to `processor.__call__` have to be in `processor_kwargs` dict, not in `**kwargs`
[transformers] Kwargs passed to `processor.__call__` have to be in `processor_kwargs` dict, not in `**kwargs`
[transformers] Kwargs passed to `processor.__call__` have to be in `processor_kwargs` dict, not in `**kwargs`
[transformers] Kwargs passed to `processor.__call__` have to be in `processor_kwargs` dict, not in `**kwargs`
[transformers] Kwargs passed to `processor.__call__` have to be in `processor_kwargs` dict, not in `**kwargs`
[transformers] Kwargs passed to `processor.__call__` have to be in `processor_kwargs` dict, not in `**kwargs`
[transformers] Kwargs passed to `processor.__call__` have to be in `processor_kwargs` dict, not in `**kwargs`
[transformers] Kwargs passed to `processor.__call__` have to be in `processor_kwargs` dict, not in `**kwargs`
[transformers] Kwargs passed to `processor.__call__` have to be in `processor_kwargs` dict, not in `**kwargs`
[transformers] Kwargs passed to `processor.__call__` have to be in `processor_kwargs` dict, not in `**kwargs`
[transformers] Kwargs passed to `processor.__call__` have to be in `processor_kwargs` dict, not in `**kwargs`
[transformers] Kwargs passed to `processor.__call__` have to be in `processor_kwargs` dict, not in `**kwargs`
[transformers] Kwargs passed to `processor.__call__` have to be in `processor_kwargs` dict, not in `**kwargs`
[transformers] Kwargs passed to `processor.__call__` have to be in `processor_kwargs` dict, not in `**kwargs`
[transformers] Kwargs passed to `processor.__call__` have to be in `processor_kwargs` dict, not in `**kwargs`
[transformers] Kwargs passed to `processor.__call__` have to be in `processor_kwargs` dict, not in `**kwargs`
[transformers] Kwargs passed to `processor.__call__` have to be in `processor_kwargs` dict, not in `**kwargs`
[transformers] Kwargs passed to `processor.__call__` have to be in `processor_kwargs` dict, not in `**kwargs`
[transformers] Kwargs passed to `processor.__call__` have to be in `processor_kwargs` dict, not in `**kwargs`
[transformers] Kwargs passed to `processor.__call__` have to be in `processor_kwargs` dict, not in `**kwargs`
[transformers] Kwargs passed to `processor.__call__` have to be in `processor_kwargs` dict, not in `**kwargs`
  [12/40] TbHJrupSAjP       timeout  min_d  7.57  calls  56  140s/ep
[transformers] Kwargs passed to `processor.__call__` have to be in `processor_kwargs` dict, not in `**kwargs`
[transformers] Kwargs passed to `processor.__call__` have to be in `processor_kwargs` dict, not in `**kwargs`
[transformers] Kwargs passed to `processor.__call__` have to be in `processor_kwargs` dict, not in `**kwargs`
[transformers] Kwargs passed to `processor.__call__` have to be in `processor_kwargs` dict, not in `**kwargs`
[transformers] Kwargs passed to `processor.__call__` have to be in `processor_kwargs` dict, not in `**kwargs`
[transformers] Kwargs passed to `processor.__call__` have to be in `processor_kwargs` dict, not in `**kwargs`
[transformers] Kwargs passed to `processor.__call__` have to be in `processor_kwargs` dict, not in `**kwargs`
[transformers] Kwargs passed to `processor.__call__` have to be in `processor_kwargs` dict, not in `**kwargs`
  [13/40] TbHJrupSAjP    model_stop  min_d  8.32  calls   8  132s/ep
[transformers] Kwargs passed to `processor.__call__` have to be in `processor_kwargs` dict, not in `**kwargs`
[transformers] Kwargs passed to `processor.__call__` have to be in `processor_kwargs` dict, not in `**kwargs`
[transformers] Kwargs passed to `processor.__call__` have to be in `processor_kwargs` dict, not in `**kwargs`
[transformers] Kwargs passed to `processor.__call__` have to be in `processor_kwargs` dict, not in `**kwargs`
[transformers] Kwargs passed to `processor.__call__` have to be in `processor_kwargs` dict, not in `**kwargs`
[transformers] Kwargs passed to `processor.__call__` have to be in `processor_kwargs` dict, not in `**kwargs`
[transformers] Kwargs passed to `processor.__call__` have to be in `processor_kwargs` dict, not in `**kwargs`
[transformers] Kwargs passed to `processor.__call__` have to be in `processor_kwargs` dict, not in `**kwargs`
[transformers] Kwargs passed to `processor.__call__` have to be in `processor_kwargs` dict, not in `**kwargs`
[transformers] Kwargs passed to `processor.__call__` have to be in `processor_kwargs` dict, not in `**kwargs`
[transformers] Kwargs passed to `processor.__call__` have to be in `processor_kwargs` dict, not in `**kwargs`
[transformers] Kwargs passed to `processor.__call__` have to be in `processor_kwargs` dict, not in `**kwargs`
[transformers] Kwargs passed to `processor.__call__` have to be in `processor_kwargs` dict, not in `**kwargs`
[transformers] Kwargs passed to `processor.__call__` have to be in `processor_kwargs` dict, not in `**kwargs`
[transformers] Kwargs passed to `processor.__call__` have to be in `processor_kwargs` dict, not in `**kwargs`
[transformers] Kwargs passed to `processor.__call__` have to be in `processor_kwargs` dict, not in `**kwargs`
[transformers] Kwargs passed to `processor.__call__` have to be in `processor_kwargs` dict, not in `**kwargs`
[transformers] Kwargs passed to `processor.__call__` have to be in `processor_kwargs` dict, not in `**kwargs`
[transformers] Kwargs passed to `processor.__call__` have to be in `processor_kwargs` dict, not in `**kwargs`
[transformers] Kwargs passed to `processor.__call__` have to be in `processor_kwargs` dict, not in `**kwargs`
[transformers] Kwargs passed to `processor.__call__` have to be in `processor_kwargs` dict, not in `**kwargs`
[transformers] Kwargs passed to `processor.__call__` have to be in `processor_kwargs` dict, not in `**kwargs`
[transformers] Kwargs passed to `processor.__call__` have to be in `processor_kwargs` dict, not in `**kwargs`
[transformers] Kwargs passed to `processor.__call__` have to be in `processor_kwargs` dict, not in `**kwargs`
[transformers] Kwargs passed to `processor.__call__` have to be in `processor_kwargs` dict, not in `**kwargs`
[transformers] Kwargs passed to `processor.__call__` have to be in `processor_kwargs` dict, not in `**kwargs`
[transformers] Kwargs passed to `processor.__call__` have to be in `processor_kwargs` dict, not in `**kwargs`
[transformers] Kwargs passed to `processor.__call__` have to be in `processor_kwargs` dict, not in `**kwargs`
[transformers] Kwargs passed to `processor.__call__` have to be in `processor_kwargs` dict, not in `**kwargs`
[transformers] Kwargs passed to `processor.__call__` have to be in `processor_kwargs` dict, not in `**kwargs`
[transformers] Kwargs passed to `processor.__call__` have to be in `processor_kwargs` dict, not in `**kwargs`
[transformers] Kwargs passed to `processor.__call__` have to be in `processor_kwargs` dict, not in `**kwargs`
[transformers] Kwargs passed to `processor.__call__` have to be in `processor_kwargs` dict, not in `**kwargs`
[transformers] Kwargs passed to `processor.__call__` have to be in `processor_kwargs` dict, not in `**kwargs`
[transformers] Kwargs passed to `processor.__call__` have to be in `processor_kwargs` dict, not in `**kwargs`
[transformers] Kwargs passed to `processor.__call__` have to be in `processor_kwargs` dict, not in `**kwargs`
[transformers] Kwargs passed to `processor.__call__` have to be in `processor_kwargs` dict, not in `**kwargs`
[transformers] Kwargs passed to `processor.__call__` have to be in `processor_kwargs` dict, not in `**kwargs`
[transformers] Kwargs passed to `processor.__call__` have to be in `processor_kwargs` dict, not in `**kwargs`
[transformers] Kwargs passed to `processor.__call__` have to be in `processor_kwargs` dict, not in `**kwargs`
[transformers] Kwargs passed to `processor.__call__` have to be in `processor_kwargs` dict, not in `**kwargs`
[transformers] Kwargs passed to `processor.__call__` have to be in `processor_kwargs` dict, not in `**kwargs`
[transformers] Kwargs passed to `processor.__call__` have to be in `processor_kwargs` dict, not in `**kwargs`
[transformers] Kwargs passed to `processor.__call__` have to be in `processor_kwargs` dict, not in `**kwargs`
[transformers] Kwargs passed to `processor.__call__` have to be in `processor_kwargs` dict, not in `**kwargs`
[transformers] Kwargs passed to `processor.__call__` have to be in `processor_kwargs` dict, not in `**kwargs`
[transformers] Kwargs passed to `processor.__call__` have to be in `processor_kwargs` dict, not in `**kwargs`
[transformers] Kwargs passed to `processor.__call__` have to be in `processor_kwargs` dict, not in `**kwargs`
[transformers] Kwargs passed to `processor.__call__` have to be in `processor_kwargs` dict, not in `**kwargs`
[transformers] Kwargs passed to `processor.__call__` have to be in `processor_kwargs` dict, not in `**kwargs`
[transformers] Kwargs passed to `processor.__call__` have to be in `processor_kwargs` dict, not in `**kwargs`
[transformers] Kwargs passed to `processor.__call__` have to be in `processor_kwargs` dict, not in `**kwargs`
[transformers] Kwargs passed to `processor.__call__` have to be in `processor_kwargs` dict, not in `**kwargs`
[transformers] Kwargs passed to `processor.__call__` have to be in `processor_kwargs` dict, not in `**kwargs`
[transformers] Kwargs passed to `processor.__call__` have to be in `processor_kwargs` dict, not in `**kwargs`
[transformers] Kwargs passed to `processor.__call__` have to be in `processor_kwargs` dict, not in `**kwargs`
[transformers] Kwargs passed to `processor.__call__` have to be in `processor_kwargs` dict, not in `**kwargs`
[transformers] Kwargs passed to `processor.__call__` have to be in `processor_kwargs` dict, not in `**kwargs`
[transformers] Kwargs passed to `processor.__call__` have to be in `processor_kwargs` dict, not in `**kwargs`
[transformers] Kwargs passed to `processor.__call__` have to be in `processor_kwargs` dict, not in `**kwargs`
  [14/40] TbHJrupSAjP       timeout  min_d  5.97  calls  60  134s/ep
[transformers] Kwargs passed to `processor.__call__` have to be in `processor_kwargs` dict, not in `**kwargs`
[transformers] Kwargs passed to `processor.__call__` have to be in `processor_kwargs` dict, not in `**kwargs`
[transformers] Kwargs passed to `processor.__call__` have to be in `processor_kwargs` dict, not in `**kwargs`
[transformers] Kwargs passed to `processor.__call__` have to be in `processor_kwargs` dict, not in `**kwargs`
[transformers] Kwargs passed to `processor.__call__` have to be in `processor_kwargs` dict, not in `**kwargs`
[transformers] Kwargs passed to `processor.__call__` have to be in `processor_kwargs` dict, not in `**kwargs`
[transformers] Kwargs passed to `processor.__call__` have to be in `processor_kwargs` dict, not in `**kwargs`
[transformers] Kwargs passed to `processor.__call__` have to be in `processor_kwargs` dict, not in `**kwargs`
[transformers] Kwargs passed to `processor.__call__` have to be in `processor_kwargs` dict, not in `**kwargs`
[transformers] Kwargs passed to `processor.__call__` have to be in `processor_kwargs` dict, not in `**kwargs`
  [15/40] TbHJrupSAjP    model_stop  min_d  8.32  calls  10  128s/ep
[transformers] Kwargs passed to `processor.__call__` have to be in `processor_kwargs` dict, not in `**kwargs`
[transformers] Kwargs passed to `processor.__call__` have to be in `processor_kwargs` dict, not in `**kwargs`
[transformers] Kwargs passed to `processor.__call__` have to be in `processor_kwargs` dict, not in `**kwargs`
[transformers] Kwargs passed to `processor.__call__` have to be in `processor_kwargs` dict, not in `**kwargs`
[transformers] Kwargs passed to `processor.__call__` have to be in `processor_kwargs` dict, not in `**kwargs`
[transformers] Kwargs passed to `processor.__call__` have to be in `processor_kwargs` dict, not in `**kwargs`
[transformers] Kwargs passed to `processor.__call__` have to be in `processor_kwargs` dict, not in `**kwargs`
[transformers] Kwargs passed to `processor.__call__` have to be in `processor_kwargs` dict, not in `**kwargs`
[transformers] Kwargs passed to `processor.__call__` have to be in `processor_kwargs` dict, not in `**kwargs`
[transformers] Kwargs passed to `processor.__call__` have to be in `processor_kwargs` dict, not in `**kwargs`
[transformers] Kwargs passed to `processor.__call__` have to be in `processor_kwargs` dict, not in `**kwargs`
[transformers] Kwargs passed to `processor.__call__` have to be in `processor_kwargs` dict, not in `**kwargs`
[transformers] Kwargs passed to `processor.__call__` have to be in `processor_kwargs` dict, not in `**kwargs`
[transformers] Kwargs passed to `processor.__call__` have to be in `processor_kwargs` dict, not in `**kwargs`
[transformers] Kwargs passed to `processor.__call__` have to be in `processor_kwargs` dict, not in `**kwargs`
[transformers] Kwargs passed to `processor.__call__` have to be in `processor_kwargs` dict, not in `**kwargs`
[transformers] Kwargs passed to `processor.__call__` have to be in `processor_kwargs` dict, not in `**kwargs`
[transformers] Kwargs passed to `processor.__call__` have to be in `processor_kwargs` dict, not in `**kwargs`
[transformers] Kwargs passed to `processor.__call__` have to be in `processor_kwargs` dict, not in `**kwargs`
[transformers] Kwargs passed to `processor.__call__` have to be in `processor_kwargs` dict, not in `**kwargs`
[transformers] Kwargs passed to `processor.__call__` have to be in `processor_kwargs` dict, not in `**kwargs`
[transformers] Kwargs passed to `processor.__call__` have to be in `processor_kwargs` dict, not in `**kwargs`
[transformers] Kwargs passed to `processor.__call__` have to be in `processor_kwargs` dict, not in `**kwargs`
[transformers] Kwargs passed to `processor.__call__` have to be in `processor_kwargs` dict, not in `**kwargs`
[transformers] Kwargs passed to `processor.__call__` have to be in `processor_kwargs` dict, not in `**kwargs`
[transformers] Kwargs passed to `processor.__call__` have to be in `processor_kwargs` dict, not in `**kwargs`
[transformers] Kwargs passed to `processor.__call__` have to be in `processor_kwargs` dict, not in `**kwargs`
[transformers] Kwargs passed to `processor.__call__` have to be in `processor_kwargs` dict, not in `**kwargs`
[transformers] Kwargs passed to `processor.__call__` have to be in `processor_kwargs` dict, not in `**kwargs`
[transformers] Kwargs passed to `processor.__call__` have to be in `processor_kwargs` dict, not in `**kwargs`
[transformers] Kwargs passed to `processor.__call__` have to be in `processor_kwargs` dict, not in `**kwargs`
[transformers] Kwargs passed to `processor.__call__` have to be in `processor_kwargs` dict, not in `**kwargs`
[transformers] Kwargs passed to `processor.__call__` have to be in `processor_kwargs` dict, not in `**kwargs`
[transformers] Kwargs passed to `processor.__call__` have to be in `processor_kwargs` dict, not in `**kwargs`
[transformers] Kwargs passed to `processor.__call__` have to be in `processor_kwargs` dict, not in `**kwargs`
[transformers] Kwargs passed to `processor.__call__` have to be in `processor_kwargs` dict, not in `**kwargs`
[transformers] Kwargs passed to `processor.__call__` have to be in `processor_kwargs` dict, not in `**kwargs`
[transformers] Kwargs passed to `processor.__call__` have to be in `processor_kwargs` dict, not in `**kwargs`
[transformers] Kwargs passed to `processor.__call__` have to be in `processor_kwargs` dict, not in `**kwargs`
[transformers] Kwargs passed to `processor.__call__` have to be in `processor_kwargs` dict, not in `**kwargs`
[transformers] Kwargs passed to `processor.__call__` have to be in `processor_kwargs` dict, not in `**kwargs`
[transformers] Kwargs passed to `processor.__call__` have to be in `processor_kwargs` dict, not in `**kwargs`
[transformers] Kwargs passed to `processor.__call__` have to be in `processor_kwargs` dict, not in `**kwargs`
[transformers] Kwargs passed to `processor.__call__` have to be in `processor_kwargs` dict, not in `**kwargs`
[transformers] Kwargs passed to `processor.__call__` have to be in `processor_kwargs` dict, not in `**kwargs`
[transformers] Kwargs passed to `processor.__call__` have to be in `processor_kwargs` dict, not in `**kwargs`
[transformers] Kwargs passed to `processor.__call__` have to be in `processor_kwargs` dict, not in `**kwargs`
[transformers] Kwargs passed to `processor.__call__` have to be in `processor_kwargs` dict, not in `**kwargs`
[transformers] Kwargs passed to `processor.__call__` have to be in `processor_kwargs` dict, not in `**kwargs`
[transformers] Kwargs passed to `processor.__call__` have to be in `processor_kwargs` dict, not in `**kwargs`
[transformers] Kwargs passed to `processor.__call__` have to be in `processor_kwargs` dict, not in `**kwargs`
[transformers] Kwargs passed to `processor.__call__` have to be in `processor_kwargs` dict, not in `**kwargs`
[transformers] Kwargs passed to `processor.__call__` have to be in `processor_kwargs` dict, not in `**kwargs`
[transformers] Kwargs passed to `processor.__call__` have to be in `processor_kwargs` dict, not in `**kwargs`
[transformers] Kwargs passed to `processor.__call__` have to be in `processor_kwargs` dict, not in `**kwargs`
[transformers] Kwargs passed to `processor.__call__` have to be in `processor_kwargs` dict, not in `**kwargs`
[transformers] Kwargs passed to `processor.__call__` have to be in `processor_kwargs` dict, not in `**kwargs`
[transformers] Kwargs passed to `processor.__call__` have to be in `processor_kwargs` dict, not in `**kwargs`
  [16/40] TbHJrupSAjP       timeout  min_d  3.47  calls  58  131s/ep
[transformers] Kwargs passed to `processor.__call__` have to be in `processor_kwargs` dict, not in `**kwargs`
[transformers] Kwargs passed to `processor.__call__` have to be in `processor_kwargs` dict, not in `**kwargs`
[transformers] Kwargs passed to `processor.__call__` have to be in `processor_kwargs` dict, not in `**kwargs`
[transformers] Kwargs passed to `processor.__call__` have to be in `processor_kwargs` dict, not in `**kwargs`
[transformers] Kwargs passed to `processor.__call__` have to be in `processor_kwargs` dict, not in `**kwargs`
[transformers] Kwargs passed to `processor.__call__` have to be in `processor_kwargs` dict, not in `**kwargs`
[transformers] Kwargs passed to `processor.__call__` have to be in `processor_kwargs` dict, not in `**kwargs`
[transformers] Kwargs passed to `processor.__call__` have to be in `processor_kwargs` dict, not in `**kwargs`
[transformers] Kwargs passed to `processor.__call__` have to be in `processor_kwargs` dict, not in `**kwargs`
[transformers] Kwargs passed to `processor.__call__` have to be in `processor_kwargs` dict, not in `**kwargs`
[transformers] Kwargs passed to `processor.__call__` have to be in `processor_kwargs` dict, not in `**kwargs`
[transformers] Kwargs passed to `processor.__call__` have to be in `processor_kwargs` dict, not in `**kwargs`
[transformers] Kwargs passed to `processor.__call__` have to be in `processor_kwargs` dict, not in `**kwargs`
[transformers] Kwargs passed to `processor.__call__` have to be in `processor_kwargs` dict, not in `**kwargs`
[transformers] Kwargs passed to `processor.__call__` have to be in `processor_kwargs` dict, not in `**kwargs`
[transformers] Kwargs passed to `processor.__call__` have to be in `processor_kwargs` dict, not in `**kwargs`
[transformers] Kwargs passed to `processor.__call__` have to be in `processor_kwargs` dict, not in `**kwargs`
[transformers] Kwargs passed to `processor.__call__` have to be in `processor_kwargs` dict, not in `**kwargs`
[transformers] Kwargs passed to `processor.__call__` have to be in `processor_kwargs` dict, not in `**kwargs`
[transformers] Kwargs passed to `processor.__call__` have to be in `processor_kwargs` dict, not in `**kwargs`
[transformers] Kwargs passed to `processor.__call__` have to be in `processor_kwargs` dict, not in `**kwargs`
[transformers] Kwargs passed to `processor.__call__` have to be in `processor_kwargs` dict, not in `**kwargs`
[transformers] Kwargs passed to `processor.__call__` have to be in `processor_kwargs` dict, not in `**kwargs`
[transformers] Kwargs passed to `processor.__call__` have to be in `processor_kwargs` dict, not in `**kwargs`
[transformers] Kwargs passed to `processor.__call__` have to be in `processor_kwargs` dict, not in `**kwargs`
[transformers] Kwargs passed to `processor.__call__` have to be in `processor_kwargs` dict, not in `**kwargs`
[transformers] Kwargs passed to `processor.__call__` have to be in `processor_kwargs` dict, not in `**kwargs`
[transformers] Kwargs passed to `processor.__call__` have to be in `processor_kwargs` dict, not in `**kwargs`
[transformers] Kwargs passed to `processor.__call__` have to be in `processor_kwargs` dict, not in `**kwargs`
[transformers] Kwargs passed to `processor.__call__` have to be in `processor_kwargs` dict, not in `**kwargs`
[transformers] Kwargs passed to `processor.__call__` have to be in `processor_kwargs` dict, not in `**kwargs`
[transformers] Kwargs passed to `processor.__call__` have to be in `processor_kwargs` dict, not in `**kwargs`
[transformers] Kwargs passed to `processor.__call__` have to be in `processor_kwargs` dict, not in `**kwargs`
[transformers] Kwargs passed to `processor.__call__` have to be in `processor_kwargs` dict, not in `**kwargs`
[transformers] Kwargs passed to `processor.__call__` have to be in `processor_kwargs` dict, not in `**kwargs`
[transformers] Kwargs passed to `processor.__call__` have to be in `processor_kwargs` dict, not in `**kwargs`
[transformers] Kwargs passed to `processor.__call__` have to be in `processor_kwargs` dict, not in `**kwargs`
[transformers] Kwargs passed to `processor.__call__` have to be in `processor_kwargs` dict, not in `**kwargs`
[transformers] Kwargs passed to `processor.__call__` have to be in `processor_kwargs` dict, not in `**kwargs`
[transformers] Kwargs passed to `processor.__call__` have to be in `processor_kwargs` dict, not in `**kwargs`
[transformers] Kwargs passed to `processor.__call__` have to be in `processor_kwargs` dict, not in `**kwargs`
[transformers] Kwargs passed to `processor.__call__` have to be in `processor_kwargs` dict, not in `**kwargs`
[transformers] Kwargs passed to `processor.__call__` have to be in `processor_kwargs` dict, not in `**kwargs`
[transformers] Kwargs passed to `processor.__call__` have to be in `processor_kwargs` dict, not in `**kwargs`
[transformers] Kwargs passed to `processor.__call__` have to be in `processor_kwargs` dict, not in `**kwargs`
[transformers] Kwargs passed to `processor.__call__` have to be in `processor_kwargs` dict, not in `**kwargs`
[transformers] Kwargs passed to `processor.__call__` have to be in `processor_kwargs` dict, not in `**kwargs`
[transformers] Kwargs passed to `processor.__call__` have to be in `processor_kwargs` dict, not in `**kwargs`
[transformers] Kwargs passed to `processor.__call__` have to be in `processor_kwargs` dict, not in `**kwargs`
[transformers] Kwargs passed to `processor.__call__` have to be in `processor_kwargs` dict, not in `**kwargs`
[transformers] Kwargs passed to `processor.__call__` have to be in `processor_kwargs` dict, not in `**kwargs`
  [17/40] TbHJrupSAjP       timeout  min_d  5.43  calls  51  132s/ep
[transformers] Kwargs passed to `processor.__call__` have to be in `processor_kwargs` dict, not in `**kwargs`
[transformers] Kwargs passed to `processor.__call__` have to be in `processor_kwargs` dict, not in `**kwargs`
[transformers] Kwargs passed to `processor.__call__` have to be in `processor_kwargs` dict, not in `**kwargs`
[transformers] Kwargs passed to `processor.__call__` have to be in `processor_kwargs` dict, not in `**kwargs`
[transformers] Kwargs passed to `processor.__call__` have to be in `processor_kwargs` dict, not in `**kwargs`
[transformers] Kwargs passed to `processor.__call__` have to be in `processor_kwargs` dict, not in `**kwargs`
[transformers] Kwargs passed to `processor.__call__` have to be in `processor_kwargs` dict, not in `**kwargs`
[transformers] Kwargs passed to `processor.__call__` have to be in `processor_kwargs` dict, not in `**kwargs`
[transformers] Kwargs passed to `processor.__call__` have to be in `processor_kwargs` dict, not in `**kwargs`
[transformers] Kwargs passed to `processor.__call__` have to be in `processor_kwargs` dict, not in `**kwargs`
[transformers] Kwargs passed to `processor.__call__` have to be in `processor_kwargs` dict, not in `**kwargs`
[transformers] Kwargs passed to `processor.__call__` have to be in `processor_kwargs` dict, not in `**kwargs`
[transformers] Kwargs passed to `processor.__call__` have to be in `processor_kwargs` dict, not in `**kwargs`
[transformers] Kwargs passed to `processor.__call__` have to be in `processor_kwargs` dict, not in `**kwargs`
[transformers] Kwargs passed to `processor.__call__` have to be in `processor_kwargs` dict, not in `**kwargs`
[transformers] Kwargs passed to `processor.__call__` have to be in `processor_kwargs` dict, not in `**kwargs`
[transformers] Kwargs passed to `processor.__call__` have to be in `processor_kwargs` dict, not in `**kwargs`
[transformers] Kwargs passed to `processor.__call__` have to be in `processor_kwargs` dict, not in `**kwargs`
[transformers] Kwargs passed to `processor.__call__` have to be in `processor_kwargs` dict, not in `**kwargs`
[transformers] Kwargs passed to `processor.__call__` have to be in `processor_kwargs` dict, not in `**kwargs`
[transformers] Kwargs passed to `processor.__call__` have to be in `processor_kwargs` dict, not in `**kwargs`
[transformers] Kwargs passed to `processor.__call__` have to be in `processor_kwargs` dict, not in `**kwargs`
[transformers] Kwargs passed to `processor.__call__` have to be in `processor_kwargs` dict, not in `**kwargs`
[transformers] Kwargs passed to `processor.__call__` have to be in `processor_kwargs` dict, not in `**kwargs`
[transformers] Kwargs passed to `processor.__call__` have to be in `processor_kwargs` dict, not in `**kwargs`
[transformers] Kwargs passed to `processor.__call__` have to be in `processor_kwargs` dict, not in `**kwargs`
[transformers] Kwargs passed to `processor.__call__` have to be in `processor_kwargs` dict, not in `**kwargs`
[transformers] Kwargs passed to `processor.__call__` have to be in `processor_kwargs` dict, not in `**kwargs`
[transformers] Kwargs passed to `processor.__call__` have to be in `processor_kwargs` dict, not in `**kwargs`
[transformers] Kwargs passed to `processor.__call__` have to be in `processor_kwargs` dict, not in `**kwargs`
[transformers] Kwargs passed to `processor.__call__` have to be in `processor_kwargs` dict, not in `**kwargs`
  [18/40] TbHJrupSAjP within_radius  min_d  2.85  calls  31  130s/ep
[transformers] Kwargs passed to `processor.__call__` have to be in `processor_kwargs` dict, not in `**kwargs`
[transformers] Kwargs passed to `processor.__call__` have to be in `processor_kwargs` dict, not in `**kwargs`
[transformers] Kwargs passed to `processor.__call__` have to be in `processor_kwargs` dict, not in `**kwargs`
[transformers] Kwargs passed to `processor.__call__` have to be in `processor_kwargs` dict, not in `**kwargs`
[transformers] Kwargs passed to `processor.__call__` have to be in `processor_kwargs` dict, not in `**kwargs`
[transformers] Kwargs passed to `processor.__call__` have to be in `processor_kwargs` dict, not in `**kwargs`
[transformers] Kwargs passed to `processor.__call__` have to be in `processor_kwargs` dict, not in `**kwargs`
[transformers] Kwargs passed to `processor.__call__` have to be in `processor_kwargs` dict, not in `**kwargs`
[transformers] Kwargs passed to `processor.__call__` have to be in `processor_kwargs` dict, not in `**kwargs`
[transformers] Kwargs passed to `processor.__call__` have to be in `processor_kwargs` dict, not in `**kwargs`
[transformers] Kwargs passed to `processor.__call__` have to be in `processor_kwargs` dict, not in `**kwargs`
[transformers] Kwargs passed to `processor.__call__` have to be in `processor_kwargs` dict, not in `**kwargs`
[transformers] Kwargs passed to `processor.__call__` have to be in `processor_kwargs` dict, not in `**kwargs`
[transformers] Kwargs passed to `processor.__call__` have to be in `processor_kwargs` dict, not in `**kwargs`
[transformers] Kwargs passed to `processor.__call__` have to be in `processor_kwargs` dict, not in `**kwargs`
[transformers] Kwargs passed to `processor.__call__` have to be in `processor_kwargs` dict, not in `**kwargs`
[transformers] Kwargs passed to `processor.__call__` have to be in `processor_kwargs` dict, not in `**kwargs`
[transformers] Kwargs passed to `processor.__call__` have to be in `processor_kwargs` dict, not in `**kwargs`
[transformers] Kwargs passed to `processor.__call__` have to be in `processor_kwargs` dict, not in `**kwargs`
[transformers] Kwargs passed to `processor.__call__` have to be in `processor_kwargs` dict, not in `**kwargs`
[transformers] Kwargs passed to `processor.__call__` have to be in `processor_kwargs` dict, not in `**kwargs`
[transformers] Kwargs passed to `processor.__call__` have to be in `processor_kwargs` dict, not in `**kwargs`
[transformers] Kwargs passed to `processor.__call__` have to be in `processor_kwargs` dict, not in `**kwargs`
[transformers] Kwargs passed to `processor.__call__` have to be in `processor_kwargs` dict, not in `**kwargs`
[transformers] Kwargs passed to `processor.__call__` have to be in `processor_kwargs` dict, not in `**kwargs`
[transformers] Kwargs passed to `processor.__call__` have to be in `processor_kwargs` dict, not in `**kwargs`
[transformers] Kwargs passed to `processor.__call__` have to be in `processor_kwargs` dict, not in `**kwargs`
[transformers] Kwargs passed to `processor.__call__` have to be in `processor_kwargs` dict, not in `**kwargs`
[transformers] Kwargs passed to `processor.__call__` have to be in `processor_kwargs` dict, not in `**kwargs`
[transformers] Kwargs passed to `processor.__call__` have to be in `processor_kwargs` dict, not in `**kwargs`
[transformers] Kwargs passed to `processor.__call__` have to be in `processor_kwargs` dict, not in `**kwargs`
[transformers] Kwargs passed to `processor.__call__` have to be in `processor_kwargs` dict, not in `**kwargs`
[transformers] Kwargs passed to `processor.__call__` have to be in `processor_kwargs` dict, not in `**kwargs`
[transformers] Kwargs passed to `processor.__call__` have to be in `processor_kwargs` dict, not in `**kwargs`
[transformers] Kwargs passed to `processor.__call__` have to be in `processor_kwargs` dict, not in `**kwargs`
[transformers] Kwargs passed to `processor.__call__` have to be in `processor_kwargs` dict, not in `**kwargs`
[transformers] Kwargs passed to `processor.__call__` have to be in `processor_kwargs` dict, not in `**kwargs`
[transformers] Kwargs passed to `processor.__call__` have to be in `processor_kwargs` dict, not in `**kwargs`
[transformers] Kwargs passed to `processor.__call__` have to be in `processor_kwargs` dict, not in `**kwargs`
[transformers] Kwargs passed to `processor.__call__` have to be in `processor_kwargs` dict, not in `**kwargs`
[transformers] Kwargs passed to `processor.__call__` have to be in `processor_kwargs` dict, not in `**kwargs`
[transformers] Kwargs passed to `processor.__call__` have to be in `processor_kwargs` dict, not in `**kwargs`
[transformers] Kwargs passed to `processor.__call__` have to be in `processor_kwargs` dict, not in `**kwargs`
[transformers] Kwargs passed to `processor.__call__` have to be in `processor_kwargs` dict, not in `**kwargs`
[transformers] Kwargs passed to `processor.__call__` have to be in `processor_kwargs` dict, not in `**kwargs`
[transformers] Kwargs passed to `processor.__call__` have to be in `processor_kwargs` dict, not in `**kwargs`
[transformers] Kwargs passed to `processor.__call__` have to be in `processor_kwargs` dict, not in `**kwargs`
[transformers] Kwargs passed to `processor.__call__` have to be in `processor_kwargs` dict, not in `**kwargs`
[transformers] Kwargs passed to `processor.__call__` have to be in `processor_kwargs` dict, not in `**kwargs`
[transformers] Kwargs passed to `processor.__call__` have to be in `processor_kwargs` dict, not in `**kwargs`
[transformers] Kwargs passed to `processor.__call__` have to be in `processor_kwargs` dict, not in `**kwargs`
  [19/40] oLBMNvg9in8       timeout  min_d  9.81  calls  51  131s/ep
[transformers] Kwargs passed to `processor.__call__` have to be in `processor_kwargs` dict, not in `**kwargs`
[transformers] Kwargs passed to `processor.__call__` have to be in `processor_kwargs` dict, not in `**kwargs`
[transformers] Kwargs passed to `processor.__call__` have to be in `processor_kwargs` dict, not in `**kwargs`
[transformers] Kwargs passed to `processor.__call__` have to be in `processor_kwargs` dict, not in `**kwargs`
[transformers] Kwargs passed to `processor.__call__` have to be in `processor_kwargs` dict, not in `**kwargs`
[transformers] Kwargs passed to `processor.__call__` have to be in `processor_kwargs` dict, not in `**kwargs`
[transformers] Kwargs passed to `processor.__call__` have to be in `processor_kwargs` dict, not in `**kwargs`
[transformers] Kwargs passed to `processor.__call__` have to be in `processor_kwargs` dict, not in `**kwargs`
[transformers] Kwargs passed to `processor.__call__` have to be in `processor_kwargs` dict, not in `**kwargs`
[transformers] Kwargs passed to `processor.__call__` have to be in `processor_kwargs` dict, not in `**kwargs`
[transformers] Kwargs passed to `processor.__call__` have to be in `processor_kwargs` dict, not in `**kwargs`
[transformers] Kwargs passed to `processor.__call__` have to be in `processor_kwargs` dict, not in `**kwargs`
[transformers] Kwargs passed to `processor.__call__` have to be in `processor_kwargs` dict, not in `**kwargs`
[transformers] Kwargs passed to `processor.__call__` have to be in `processor_kwargs` dict, not in `**kwargs`
[transformers] Kwargs passed to `processor.__call__` have to be in `processor_kwargs` dict, not in `**kwargs`
[transformers] Kwargs passed to `processor.__call__` have to be in `processor_kwargs` dict, not in `**kwargs`
[transformers] Kwargs passed to `processor.__call__` have to be in `processor_kwargs` dict, not in `**kwargs`
[transformers] Kwargs passed to `processor.__call__` have to be in `processor_kwargs` dict, not in `**kwargs`
[transformers] Kwargs passed to `processor.__call__` have to be in `processor_kwargs` dict, not in `**kwargs`
[transformers] Kwargs passed to `processor.__call__` have to be in `processor_kwargs` dict, not in `**kwargs`
[transformers] Kwargs passed to `processor.__call__` have to be in `processor_kwargs` dict, not in `**kwargs`
[transformers] Kwargs passed to `processor.__call__` have to be in `processor_kwargs` dict, not in `**kwargs`
[transformers] Kwargs passed to `processor.__call__` have to be in `processor_kwargs` dict, not in `**kwargs`
[transformers] Kwargs passed to `processor.__call__` have to be in `processor_kwargs` dict, not in `**kwargs`
[transformers] Kwargs passed to `processor.__call__` have to be in `processor_kwargs` dict, not in `**kwargs`
[transformers] Kwargs passed to `processor.__call__` have to be in `processor_kwargs` dict, not in `**kwargs`
[transformers] Kwargs passed to `processor.__call__` have to be in `processor_kwargs` dict, not in `**kwargs`
[transformers] Kwargs passed to `processor.__call__` have to be in `processor_kwargs` dict, not in `**kwargs`
[transformers] Kwargs passed to `processor.__call__` have to be in `processor_kwargs` dict, not in `**kwargs`
[transformers] Kwargs passed to `processor.__call__` have to be in `processor_kwargs` dict, not in `**kwargs`
[transformers] Kwargs passed to `processor.__call__` have to be in `processor_kwargs` dict, not in `**kwargs`
[transformers] Kwargs passed to `processor.__call__` have to be in `processor_kwargs` dict, not in `**kwargs`
[transformers] Kwargs passed to `processor.__call__` have to be in `processor_kwargs` dict, not in `**kwargs`
[transformers] Kwargs passed to `processor.__call__` have to be in `processor_kwargs` dict, not in `**kwargs`
[transformers] Kwargs passed to `processor.__call__` have to be in `processor_kwargs` dict, not in `**kwargs`
[transformers] Kwargs passed to `processor.__call__` have to be in `processor_kwargs` dict, not in `**kwargs`
[transformers] Kwargs passed to `processor.__call__` have to be in `processor_kwargs` dict, not in `**kwargs`
[transformers] Kwargs passed to `processor.__call__` have to be in `processor_kwargs` dict, not in `**kwargs`
[transformers] Kwargs passed to `processor.__call__` have to be in `processor_kwargs` dict, not in `**kwargs`
[transformers] Kwargs passed to `processor.__call__` have to be in `processor_kwargs` dict, not in `**kwargs`
[transformers] Kwargs passed to `processor.__call__` have to be in `processor_kwargs` dict, not in `**kwargs`
[transformers] Kwargs passed to `processor.__call__` have to be in `processor_kwargs` dict, not in `**kwargs`
[transformers] Kwargs passed to `processor.__call__` have to be in `processor_kwargs` dict, not in `**kwargs`
[transformers] Kwargs passed to `processor.__call__` have to be in `processor_kwargs` dict, not in `**kwargs`
[transformers] Kwargs passed to `processor.__call__` have to be in `processor_kwargs` dict, not in `**kwargs`
[transformers] Kwargs passed to `processor.__call__` have to be in `processor_kwargs` dict, not in `**kwargs`
[transformers] Kwargs passed to `processor.__call__` have to be in `processor_kwargs` dict, not in `**kwargs`
[transformers] Kwargs passed to `processor.__call__` have to be in `processor_kwargs` dict, not in `**kwargs`
[transformers] Kwargs passed to `processor.__call__` have to be in `processor_kwargs` dict, not in `**kwargs`
[transformers] Kwargs passed to `processor.__call__` have to be in `processor_kwargs` dict, not in `**kwargs`
[transformers] Kwargs passed to `processor.__call__` have to be in `processor_kwargs` dict, not in `**kwargs`
[transformers] Kwargs passed to `processor.__call__` have to be in `processor_kwargs` dict, not in `**kwargs`
[transformers] Kwargs passed to `processor.__call__` have to be in `processor_kwargs` dict, not in `**kwargs`
[transformers] Kwargs passed to `processor.__call__` have to be in `processor_kwargs` dict, not in `**kwargs`
[transformers] Kwargs passed to `processor.__call__` have to be in `processor_kwargs` dict, not in `**kwargs`
[transformers] Kwargs passed to `processor.__call__` have to be in `processor_kwargs` dict, not in `**kwargs`
  [20/40] oLBMNvg9in8       timeout  min_d  6.97  calls  56  133s/ep
[transformers] Kwargs passed to `processor.__call__` have to be in `processor_kwargs` dict, not in `**kwargs`
[transformers] Kwargs passed to `processor.__call__` have to be in `processor_kwargs` dict, not in `**kwargs`
[transformers] Kwargs passed to `processor.__call__` have to be in `processor_kwargs` dict, not in `**kwargs`
[transformers] Kwargs passed to `processor.__call__` have to be in `processor_kwargs` dict, not in `**kwargs`
[transformers] Kwargs passed to `processor.__call__` have to be in `processor_kwargs` dict, not in `**kwargs`
[transformers] Kwargs passed to `processor.__call__` have to be in `processor_kwargs` dict, not in `**kwargs`
[transformers] Kwargs passed to `processor.__call__` have to be in `processor_kwargs` dict, not in `**kwargs`
[transformers] Kwargs passed to `processor.__call__` have to be in `processor_kwargs` dict, not in `**kwargs`
[transformers] Kwargs passed to `processor.__call__` have to be in `processor_kwargs` dict, not in `**kwargs`
[transformers] Kwargs passed to `processor.__call__` have to be in `processor_kwargs` dict, not in `**kwargs`
[transformers] Kwargs passed to `processor.__call__` have to be in `processor_kwargs` dict, not in `**kwargs`
[transformers] Kwargs passed to `processor.__call__` have to be in `processor_kwargs` dict, not in `**kwargs`
[transformers] Kwargs passed to `processor.__call__` have to be in `processor_kwargs` dict, not in `**kwargs`
[transformers] Kwargs passed to `processor.__call__` have to be in `processor_kwargs` dict, not in `**kwargs`
[transformers] Kwargs passed to `processor.__call__` have to be in `processor_kwargs` dict, not in `**kwargs`
[transformers] Kwargs passed to `processor.__call__` have to be in `processor_kwargs` dict, not in `**kwargs`
[transformers] Kwargs passed to `processor.__call__` have to be in `processor_kwargs` dict, not in `**kwargs`
[transformers] Kwargs passed to `processor.__call__` have to be in `processor_kwargs` dict, not in `**kwargs`
[transformers] Kwargs passed to `processor.__call__` have to be in `processor_kwargs` dict, not in `**kwargs`
[transformers] Kwargs passed to `processor.__call__` have to be in `processor_kwargs` dict, not in `**kwargs`
[transformers] Kwargs passed to `processor.__call__` have to be in `processor_kwargs` dict, not in `**kwargs`
[transformers] Kwargs passed to `processor.__call__` have to be in `processor_kwargs` dict, not in `**kwargs`
[transformers] Kwargs passed to `processor.__call__` have to be in `processor_kwargs` dict, not in `**kwargs`
[transformers] Kwargs passed to `processor.__call__` have to be in `processor_kwargs` dict, not in `**kwargs`
[transformers] Kwargs passed to `processor.__call__` have to be in `processor_kwargs` dict, not in `**kwargs`
[transformers] Kwargs passed to `processor.__call__` have to be in `processor_kwargs` dict, not in `**kwargs`
[transformers] Kwargs passed to `processor.__call__` have to be in `processor_kwargs` dict, not in `**kwargs`
[transformers] Kwargs passed to `processor.__call__` have to be in `processor_kwargs` dict, not in `**kwargs`
[transformers] Kwargs passed to `processor.__call__` have to be in `processor_kwargs` dict, not in `**kwargs`
[transformers] Kwargs passed to `processor.__call__` have to be in `processor_kwargs` dict, not in `**kwargs`
[transformers] Kwargs passed to `processor.__call__` have to be in `processor_kwargs` dict, not in `**kwargs`
[transformers] Kwargs passed to `processor.__call__` have to be in `processor_kwargs` dict, not in `**kwargs`
[transformers] Kwargs passed to `processor.__call__` have to be in `processor_kwargs` dict, not in `**kwargs`
[transformers] Kwargs passed to `processor.__call__` have to be in `processor_kwargs` dict, not in `**kwargs`
[transformers] Kwargs passed to `processor.__call__` have to be in `processor_kwargs` dict, not in `**kwargs`
[transformers] Kwargs passed to `processor.__call__` have to be in `processor_kwargs` dict, not in `**kwargs`
[transformers] Kwargs passed to `processor.__call__` have to be in `processor_kwargs` dict, not in `**kwargs`
[transformers] Kwargs passed to `processor.__call__` have to be in `processor_kwargs` dict, not in `**kwargs`
[transformers] Kwargs passed to `processor.__call__` have to be in `processor_kwargs` dict, not in `**kwargs`
[transformers] Kwargs passed to `processor.__call__` have to be in `processor_kwargs` dict, not in `**kwargs`
[transformers] Kwargs passed to `processor.__call__` have to be in `processor_kwargs` dict, not in `**kwargs`
[transformers] Kwargs passed to `processor.__call__` have to be in `processor_kwargs` dict, not in `**kwargs`
[transformers] Kwargs passed to `processor.__call__` have to be in `processor_kwargs` dict, not in `**kwargs`
[transformers] Kwargs passed to `processor.__call__` have to be in `processor_kwargs` dict, not in `**kwargs`
[transformers] Kwargs passed to `processor.__call__` have to be in `processor_kwargs` dict, not in `**kwargs`
[transformers] Kwargs passed to `processor.__call__` have to be in `processor_kwargs` dict, not in `**kwargs`
[transformers] Kwargs passed to `processor.__call__` have to be in `processor_kwargs` dict, not in `**kwargs`
[transformers] Kwargs passed to `processor.__call__` have to be in `processor_kwargs` dict, not in `**kwargs`
[transformers] Kwargs passed to `processor.__call__` have to be in `processor_kwargs` dict, not in `**kwargs`
[transformers] Kwargs passed to `processor.__call__` have to be in `processor_kwargs` dict, not in `**kwargs`
[transformers] Kwargs passed to `processor.__call__` have to be in `processor_kwargs` dict, not in `**kwargs`
[transformers] Kwargs passed to `processor.__call__` have to be in `processor_kwargs` dict, not in `**kwargs`
[transformers] Kwargs passed to `processor.__call__` have to be in `processor_kwargs` dict, not in `**kwargs`
[transformers] Kwargs passed to `processor.__call__` have to be in `processor_kwargs` dict, not in `**kwargs`
  [21/40] oLBMNvg9in8       timeout  min_d 11.02  calls  54  134s/ep
[transformers] Kwargs passed to `processor.__call__` have to be in `processor_kwargs` dict, not in `**kwargs`
[transformers] Kwargs passed to `processor.__call__` have to be in `processor_kwargs` dict, not in `**kwargs`
[transformers] Kwargs passed to `processor.__call__` have to be in `processor_kwargs` dict, not in `**kwargs`
[transformers] Kwargs passed to `processor.__call__` have to be in `processor_kwargs` dict, not in `**kwargs`
[transformers] Kwargs passed to `processor.__call__` have to be in `processor_kwargs` dict, not in `**kwargs`
[transformers] Kwargs passed to `processor.__call__` have to be in `processor_kwargs` dict, not in `**kwargs`
[transformers] Kwargs passed to `processor.__call__` have to be in `processor_kwargs` dict, not in `**kwargs`
[transformers] Kwargs passed to `processor.__call__` have to be in `processor_kwargs` dict, not in `**kwargs`
[transformers] Kwargs passed to `processor.__call__` have to be in `processor_kwargs` dict, not in `**kwargs`
  [22/40] x8F5xyUWy9e    model_stop  min_d  8.02  calls   9  128s/ep
[transformers] Kwargs passed to `processor.__call__` have to be in `processor_kwargs` dict, not in `**kwargs`
[transformers] Kwargs passed to `processor.__call__` have to be in `processor_kwargs` dict, not in `**kwargs`
[transformers] Kwargs passed to `processor.__call__` have to be in `processor_kwargs` dict, not in `**kwargs`
[transformers] Kwargs passed to `processor.__call__` have to be in `processor_kwargs` dict, not in `**kwargs`
[transformers] Kwargs passed to `processor.__call__` have to be in `processor_kwargs` dict, not in `**kwargs`
[transformers] Kwargs passed to `processor.__call__` have to be in `processor_kwargs` dict, not in `**kwargs`
[transformers] Kwargs passed to `processor.__call__` have to be in `processor_kwargs` dict, not in `**kwargs`
[transformers] Kwargs passed to `processor.__call__` have to be in `processor_kwargs` dict, not in `**kwargs`
[transformers] Kwargs passed to `processor.__call__` have to be in `processor_kwargs` dict, not in `**kwargs`
[transformers] Kwargs passed to `processor.__call__` have to be in `processor_kwargs` dict, not in `**kwargs`
[transformers] Kwargs passed to `processor.__call__` have to be in `processor_kwargs` dict, not in `**kwargs`
[transformers] Kwargs passed to `processor.__call__` have to be in `processor_kwargs` dict, not in `**kwargs`
[transformers] Kwargs passed to `processor.__call__` have to be in `processor_kwargs` dict, not in `**kwargs`
[transformers] Kwargs passed to `processor.__call__` have to be in `processor_kwargs` dict, not in `**kwargs`
[transformers] Kwargs passed to `processor.__call__` have to be in `processor_kwargs` dict, not in `**kwargs`
[transformers] Kwargs passed to `processor.__call__` have to be in `processor_kwargs` dict, not in `**kwargs`
[transformers] Kwargs passed to `processor.__call__` have to be in `processor_kwargs` dict, not in `**kwargs`
[transformers] Kwargs passed to `processor.__call__` have to be in `processor_kwargs` dict, not in `**kwargs`
[transformers] Kwargs passed to `processor.__call__` have to be in `processor_kwargs` dict, not in `**kwargs`
[transformers] Kwargs passed to `processor.__call__` have to be in `processor_kwargs` dict, not in `**kwargs`
[transformers] Kwargs passed to `processor.__call__` have to be in `processor_kwargs` dict, not in `**kwargs`
[transformers] Kwargs passed to `processor.__call__` have to be in `processor_kwargs` dict, not in `**kwargs`
[transformers] Kwargs passed to `processor.__call__` have to be in `processor_kwargs` dict, not in `**kwargs`
[transformers] Kwargs passed to `processor.__call__` have to be in `processor_kwargs` dict, not in `**kwargs`
[transformers] Kwargs passed to `processor.__call__` have to be in `processor_kwargs` dict, not in `**kwargs`
[transformers] Kwargs passed to `processor.__call__` have to be in `processor_kwargs` dict, not in `**kwargs`
[transformers] Kwargs passed to `processor.__call__` have to be in `processor_kwargs` dict, not in `**kwargs`
[transformers] Kwargs passed to `processor.__call__` have to be in `processor_kwargs` dict, not in `**kwargs`
[transformers] Kwargs passed to `processor.__call__` have to be in `processor_kwargs` dict, not in `**kwargs`
[transformers] Kwargs passed to `processor.__call__` have to be in `processor_kwargs` dict, not in `**kwargs`
[transformers] Kwargs passed to `processor.__call__` have to be in `processor_kwargs` dict, not in `**kwargs`
[transformers] Kwargs passed to `processor.__call__` have to be in `processor_kwargs` dict, not in `**kwargs`
[transformers] Kwargs passed to `processor.__call__` have to be in `processor_kwargs` dict, not in `**kwargs`
[transformers] Kwargs passed to `processor.__call__` have to be in `processor_kwargs` dict, not in `**kwargs`
[transformers] Kwargs passed to `processor.__call__` have to be in `processor_kwargs` dict, not in `**kwargs`
[transformers] Kwargs passed to `processor.__call__` have to be in `processor_kwargs` dict, not in `**kwargs`
[transformers] Kwargs passed to `processor.__call__` have to be in `processor_kwargs` dict, not in `**kwargs`
[transformers] Kwargs passed to `processor.__call__` have to be in `processor_kwargs` dict, not in `**kwargs`
[transformers] Kwargs passed to `processor.__call__` have to be in `processor_kwargs` dict, not in `**kwargs`
[transformers] Kwargs passed to `processor.__call__` have to be in `processor_kwargs` dict, not in `**kwargs`
[transformers] Kwargs passed to `processor.__call__` have to be in `processor_kwargs` dict, not in `**kwargs`
[transformers] Kwargs passed to `processor.__call__` have to be in `processor_kwargs` dict, not in `**kwargs`
[transformers] Kwargs passed to `processor.__call__` have to be in `processor_kwargs` dict, not in `**kwargs`
[transformers] Kwargs passed to `processor.__call__` have to be in `processor_kwargs` dict, not in `**kwargs`
[transformers] Kwargs passed to `processor.__call__` have to be in `processor_kwargs` dict, not in `**kwargs`
[transformers] Kwargs passed to `processor.__call__` have to be in `processor_kwargs` dict, not in `**kwargs`
[transformers] Kwargs passed to `processor.__call__` have to be in `processor_kwargs` dict, not in `**kwargs`
[transformers] Kwargs passed to `processor.__call__` have to be in `processor_kwargs` dict, not in `**kwargs`
[transformers] Kwargs passed to `processor.__call__` have to be in `processor_kwargs` dict, not in `**kwargs`
[transformers] Kwargs passed to `processor.__call__` have to be in `processor_kwargs` dict, not in `**kwargs`
[transformers] Kwargs passed to `processor.__call__` have to be in `processor_kwargs` dict, not in `**kwargs`
[transformers] Kwargs passed to `processor.__call__` have to be in `processor_kwargs` dict, not in `**kwargs`
  [23/40] x8F5xyUWy9e       timeout  min_d  5.08  calls  52  128s/ep
[transformers] Kwargs passed to `processor.__call__` have to be in `processor_kwargs` dict, not in `**kwargs`
[transformers] Kwargs passed to `processor.__call__` have to be in `processor_kwargs` dict, not in `**kwargs`
[transformers] Kwargs passed to `processor.__call__` have to be in `processor_kwargs` dict, not in `**kwargs`
[transformers] Kwargs passed to `processor.__call__` have to be in `processor_kwargs` dict, not in `**kwargs`
[transformers] Kwargs passed to `processor.__call__` have to be in `processor_kwargs` dict, not in `**kwargs`
[transformers] Kwargs passed to `processor.__call__` have to be in `processor_kwargs` dict, not in `**kwargs`
[transformers] Kwargs passed to `processor.__call__` have to be in `processor_kwargs` dict, not in `**kwargs`
[transformers] Kwargs passed to `processor.__call__` have to be in `processor_kwargs` dict, not in `**kwargs`
[transformers] Kwargs passed to `processor.__call__` have to be in `processor_kwargs` dict, not in `**kwargs`
[transformers] Kwargs passed to `processor.__call__` have to be in `processor_kwargs` dict, not in `**kwargs`
[transformers] Kwargs passed to `processor.__call__` have to be in `processor_kwargs` dict, not in `**kwargs`
[transformers] Kwargs passed to `processor.__call__` have to be in `processor_kwargs` dict, not in `**kwargs`
[transformers] Kwargs passed to `processor.__call__` have to be in `processor_kwargs` dict, not in `**kwargs`
[transformers] Kwargs passed to `processor.__call__` have to be in `processor_kwargs` dict, not in `**kwargs`
[transformers] Kwargs passed to `processor.__call__` have to be in `processor_kwargs` dict, not in `**kwargs`
[transformers] Kwargs passed to `processor.__call__` have to be in `processor_kwargs` dict, not in `**kwargs`
[transformers] Kwargs passed to `processor.__call__` have to be in `processor_kwargs` dict, not in `**kwargs`
[transformers] Kwargs passed to `processor.__call__` have to be in `processor_kwargs` dict, not in `**kwargs`
[transformers] Kwargs passed to `processor.__call__` have to be in `processor_kwargs` dict, not in `**kwargs`
[transformers] Kwargs passed to `processor.__call__` have to be in `processor_kwargs` dict, not in `**kwargs`
[transformers] Kwargs passed to `processor.__call__` have to be in `processor_kwargs` dict, not in `**kwargs`
[transformers] Kwargs passed to `processor.__call__` have to be in `processor_kwargs` dict, not in `**kwargs`
[transformers] Kwargs passed to `processor.__call__` have to be in `processor_kwargs` dict, not in `**kwargs`
[transformers] Kwargs passed to `processor.__call__` have to be in `processor_kwargs` dict, not in `**kwargs`
[transformers] Kwargs passed to `processor.__call__` have to be in `processor_kwargs` dict, not in `**kwargs`
[transformers] Kwargs passed to `processor.__call__` have to be in `processor_kwargs` dict, not in `**kwargs`
[transformers] Kwargs passed to `processor.__call__` have to be in `processor_kwargs` dict, not in `**kwargs`
[transformers] Kwargs passed to `processor.__call__` have to be in `processor_kwargs` dict, not in `**kwargs`
[transformers] Kwargs passed to `processor.__call__` have to be in `processor_kwargs` dict, not in `**kwargs`
[transformers] Kwargs passed to `processor.__call__` have to be in `processor_kwargs` dict, not in `**kwargs`
[transformers] Kwargs passed to `processor.__call__` have to be in `processor_kwargs` dict, not in `**kwargs`
[transformers] Kwargs passed to `processor.__call__` have to be in `processor_kwargs` dict, not in `**kwargs`
[transformers] Kwargs passed to `processor.__call__` have to be in `processor_kwargs` dict, not in `**kwargs`
[transformers] Kwargs passed to `processor.__call__` have to be in `processor_kwargs` dict, not in `**kwargs`
[transformers] Kwargs passed to `processor.__call__` have to be in `processor_kwargs` dict, not in `**kwargs`
[transformers] Kwargs passed to `processor.__call__` have to be in `processor_kwargs` dict, not in `**kwargs`
[transformers] Kwargs passed to `processor.__call__` have to be in `processor_kwargs` dict, not in `**kwargs`
[transformers] Kwargs passed to `processor.__call__` have to be in `processor_kwargs` dict, not in `**kwargs`
[transformers] Kwargs passed to `processor.__call__` have to be in `processor_kwargs` dict, not in `**kwargs`
[transformers] Kwargs passed to `processor.__call__` have to be in `processor_kwargs` dict, not in `**kwargs`
[transformers] Kwargs passed to `processor.__call__` have to be in `processor_kwargs` dict, not in `**kwargs`
[transformers] Kwargs passed to `processor.__call__` have to be in `processor_kwargs` dict, not in `**kwargs`
[transformers] Kwargs passed to `processor.__call__` have to be in `processor_kwargs` dict, not in `**kwargs`
[transformers] Kwargs passed to `processor.__call__` have to be in `processor_kwargs` dict, not in `**kwargs`
[transformers] Kwargs passed to `processor.__call__` have to be in `processor_kwargs` dict, not in `**kwargs`
[transformers] Kwargs passed to `processor.__call__` have to be in `processor_kwargs` dict, not in `**kwargs`
[transformers] Kwargs passed to `processor.__call__` have to be in `processor_kwargs` dict, not in `**kwargs`
[transformers] Kwargs passed to `processor.__call__` have to be in `processor_kwargs` dict, not in `**kwargs`
[transformers] Kwargs passed to `processor.__call__` have to be in `processor_kwargs` dict, not in `**kwargs`
[transformers] Kwargs passed to `processor.__call__` have to be in `processor_kwargs` dict, not in `**kwargs`
  [24/40] x8F5xyUWy9e       timeout  min_d  9.05  calls  50  130s/ep
[transformers] Kwargs passed to `processor.__call__` have to be in `processor_kwargs` dict, not in `**kwargs`
[transformers] Kwargs passed to `processor.__call__` have to be in `processor_kwargs` dict, not in `**kwargs`
[transformers] Kwargs passed to `processor.__call__` have to be in `processor_kwargs` dict, not in `**kwargs`
[transformers] Kwargs passed to `processor.__call__` have to be in `processor_kwargs` dict, not in `**kwargs`
[transformers] Kwargs passed to `processor.__call__` have to be in `processor_kwargs` dict, not in `**kwargs`
[transformers] Kwargs passed to `processor.__call__` have to be in `processor_kwargs` dict, not in `**kwargs`
[transformers] Kwargs passed to `processor.__call__` have to be in `processor_kwargs` dict, not in `**kwargs`
[transformers] Kwargs passed to `processor.__call__` have to be in `processor_kwargs` dict, not in `**kwargs`
[transformers] Kwargs passed to `processor.__call__` have to be in `processor_kwargs` dict, not in `**kwargs`
[transformers] Kwargs passed to `processor.__call__` have to be in `processor_kwargs` dict, not in `**kwargs`
[transformers] Kwargs passed to `processor.__call__` have to be in `processor_kwargs` dict, not in `**kwargs`
[transformers] Kwargs passed to `processor.__call__` have to be in `processor_kwargs` dict, not in `**kwargs`
[transformers] Kwargs passed to `processor.__call__` have to be in `processor_kwargs` dict, not in `**kwargs`
[transformers] Kwargs passed to `processor.__call__` have to be in `processor_kwargs` dict, not in `**kwargs`
[transformers] Kwargs passed to `processor.__call__` have to be in `processor_kwargs` dict, not in `**kwargs`
[transformers] Kwargs passed to `processor.__call__` have to be in `processor_kwargs` dict, not in `**kwargs`
[transformers] Kwargs passed to `processor.__call__` have to be in `processor_kwargs` dict, not in `**kwargs`
[transformers] Kwargs passed to `processor.__call__` have to be in `processor_kwargs` dict, not in `**kwargs`
[transformers] Kwargs passed to `processor.__call__` have to be in `processor_kwargs` dict, not in `**kwargs`
[transformers] Kwargs passed to `processor.__call__` have to be in `processor_kwargs` dict, not in `**kwargs`
[transformers] Kwargs passed to `processor.__call__` have to be in `processor_kwargs` dict, not in `**kwargs`
[transformers] Kwargs passed to `processor.__call__` have to be in `processor_kwargs` dict, not in `**kwargs`
[transformers] Kwargs passed to `processor.__call__` have to be in `processor_kwargs` dict, not in `**kwargs`
[transformers] Kwargs passed to `processor.__call__` have to be in `processor_kwargs` dict, not in `**kwargs`
[transformers] Kwargs passed to `processor.__call__` have to be in `processor_kwargs` dict, not in `**kwargs`
[transformers] Kwargs passed to `processor.__call__` have to be in `processor_kwargs` dict, not in `**kwargs`
[transformers] Kwargs passed to `processor.__call__` have to be in `processor_kwargs` dict, not in `**kwargs`
[transformers] Kwargs passed to `processor.__call__` have to be in `processor_kwargs` dict, not in `**kwargs`
[transformers] Kwargs passed to `processor.__call__` have to be in `processor_kwargs` dict, not in `**kwargs`
[transformers] Kwargs passed to `processor.__call__` have to be in `processor_kwargs` dict, not in `**kwargs`
[transformers] Kwargs passed to `processor.__call__` have to be in `processor_kwargs` dict, not in `**kwargs`
[transformers] Kwargs passed to `processor.__call__` have to be in `processor_kwargs` dict, not in `**kwargs`
[transformers] Kwargs passed to `processor.__call__` have to be in `processor_kwargs` dict, not in `**kwargs`
[transformers] Kwargs passed to `processor.__call__` have to be in `processor_kwargs` dict, not in `**kwargs`
  [25/40] x8F5xyUWy9e    model_stop  min_d  5.71  calls  34  129s/ep
[transformers] Kwargs passed to `processor.__call__` have to be in `processor_kwargs` dict, not in `**kwargs`
[transformers] Kwargs passed to `processor.__call__` have to be in `processor_kwargs` dict, not in `**kwargs`
[transformers] Kwargs passed to `processor.__call__` have to be in `processor_kwargs` dict, not in `**kwargs`
[transformers] Kwargs passed to `processor.__call__` have to be in `processor_kwargs` dict, not in `**kwargs`
[transformers] Kwargs passed to `processor.__call__` have to be in `processor_kwargs` dict, not in `**kwargs`
[transformers] Kwargs passed to `processor.__call__` have to be in `processor_kwargs` dict, not in `**kwargs`
[transformers] Kwargs passed to `processor.__call__` have to be in `processor_kwargs` dict, not in `**kwargs`
[transformers] Kwargs passed to `processor.__call__` have to be in `processor_kwargs` dict, not in `**kwargs`
[transformers] Kwargs passed to `processor.__call__` have to be in `processor_kwargs` dict, not in `**kwargs`
[transformers] Kwargs passed to `processor.__call__` have to be in `processor_kwargs` dict, not in `**kwargs`
[transformers] Kwargs passed to `processor.__call__` have to be in `processor_kwargs` dict, not in `**kwargs`
[transformers] Kwargs passed to `processor.__call__` have to be in `processor_kwargs` dict, not in `**kwargs`
[transformers] Kwargs passed to `processor.__call__` have to be in `processor_kwargs` dict, not in `**kwargs`
[transformers] Kwargs passed to `processor.__call__` have to be in `processor_kwargs` dict, not in `**kwargs`
[transformers] Kwargs passed to `processor.__call__` have to be in `processor_kwargs` dict, not in `**kwargs`
[transformers] Kwargs passed to `processor.__call__` have to be in `processor_kwargs` dict, not in `**kwargs`
[transformers] Kwargs passed to `processor.__call__` have to be in `processor_kwargs` dict, not in `**kwargs`
[transformers] Kwargs passed to `processor.__call__` have to be in `processor_kwargs` dict, not in `**kwargs`
[transformers] Kwargs passed to `processor.__call__` have to be in `processor_kwargs` dict, not in `**kwargs`
[transformers] Kwargs passed to `processor.__call__` have to be in `processor_kwargs` dict, not in `**kwargs`
[transformers] Kwargs passed to `processor.__call__` have to be in `processor_kwargs` dict, not in `**kwargs`
[transformers] Kwargs passed to `processor.__call__` have to be in `processor_kwargs` dict, not in `**kwargs`
[transformers] Kwargs passed to `processor.__call__` have to be in `processor_kwargs` dict, not in `**kwargs`
[transformers] Kwargs passed to `processor.__call__` have to be in `processor_kwargs` dict, not in `**kwargs`
[transformers] Kwargs passed to `processor.__call__` have to be in `processor_kwargs` dict, not in `**kwargs`
[transformers] Kwargs passed to `processor.__call__` have to be in `processor_kwargs` dict, not in `**kwargs`
[transformers] Kwargs passed to `processor.__call__` have to be in `processor_kwargs` dict, not in `**kwargs`
[transformers] Kwargs passed to `processor.__call__` have to be in `processor_kwargs` dict, not in `**kwargs`
[transformers] Kwargs passed to `processor.__call__` have to be in `processor_kwargs` dict, not in `**kwargs`
[transformers] Kwargs passed to `processor.__call__` have to be in `processor_kwargs` dict, not in `**kwargs`
[transformers] Kwargs passed to `processor.__call__` have to be in `processor_kwargs` dict, not in `**kwargs`
[transformers] Kwargs passed to `processor.__call__` have to be in `processor_kwargs` dict, not in `**kwargs`
[transformers] Kwargs passed to `processor.__call__` have to be in `processor_kwargs` dict, not in `**kwargs`
[transformers] Kwargs passed to `processor.__call__` have to be in `processor_kwargs` dict, not in `**kwargs`
[transformers] Kwargs passed to `processor.__call__` have to be in `processor_kwargs` dict, not in `**kwargs`
[transformers] Kwargs passed to `processor.__call__` have to be in `processor_kwargs` dict, not in `**kwargs`
[transformers] Kwargs passed to `processor.__call__` have to be in `processor_kwargs` dict, not in `**kwargs`
[transformers] Kwargs passed to `processor.__call__` have to be in `processor_kwargs` dict, not in `**kwargs`
[transformers] Kwargs passed to `processor.__call__` have to be in `processor_kwargs` dict, not in `**kwargs`
[transformers] Kwargs passed to `processor.__call__` have to be in `processor_kwargs` dict, not in `**kwargs`
[transformers] Kwargs passed to `processor.__call__` have to be in `processor_kwargs` dict, not in `**kwargs`
[transformers] Kwargs passed to `processor.__call__` have to be in `processor_kwargs` dict, not in `**kwargs`
[transformers] Kwargs passed to `processor.__call__` have to be in `processor_kwargs` dict, not in `**kwargs`
[transformers] Kwargs passed to `processor.__call__` have to be in `processor_kwargs` dict, not in `**kwargs`
[transformers] Kwargs passed to `processor.__call__` have to be in `processor_kwargs` dict, not in `**kwargs`
[transformers] Kwargs passed to `processor.__call__` have to be in `processor_kwargs` dict, not in `**kwargs`
[transformers] Kwargs passed to `processor.__call__` have to be in `processor_kwargs` dict, not in `**kwargs`
[transformers] Kwargs passed to `processor.__call__` have to be in `processor_kwargs` dict, not in `**kwargs`
[transformers] Kwargs passed to `processor.__call__` have to be in `processor_kwargs` dict, not in `**kwargs`
[transformers] Kwargs passed to `processor.__call__` have to be in `processor_kwargs` dict, not in `**kwargs`
  [26/40] x8F5xyUWy9e       timeout  min_d  4.24  calls  50  130s/ep
[transformers] Kwargs passed to `processor.__call__` have to be in `processor_kwargs` dict, not in `**kwargs`
[transformers] Kwargs passed to `processor.__call__` have to be in `processor_kwargs` dict, not in `**kwargs`
[transformers] Kwargs passed to `processor.__call__` have to be in `processor_kwargs` dict, not in `**kwargs`
[transformers] Kwargs passed to `processor.__call__` have to be in `processor_kwargs` dict, not in `**kwargs`
[transformers] Kwargs passed to `processor.__call__` have to be in `processor_kwargs` dict, not in `**kwargs`
[transformers] Kwargs passed to `processor.__call__` have to be in `processor_kwargs` dict, not in `**kwargs`
[transformers] Kwargs passed to `processor.__call__` have to be in `processor_kwargs` dict, not in `**kwargs`
[transformers] Kwargs passed to `processor.__call__` have to be in `processor_kwargs` dict, not in `**kwargs`
[transformers] Kwargs passed to `processor.__call__` have to be in `processor_kwargs` dict, not in `**kwargs`
[transformers] Kwargs passed to `processor.__call__` have to be in `processor_kwargs` dict, not in `**kwargs`
  [27/40] x8F5xyUWy9e    model_stop  min_d  6.16  calls  10  126s/ep
[transformers] Kwargs passed to `processor.__call__` have to be in `processor_kwargs` dict, not in `**kwargs`
[transformers] Kwargs passed to `processor.__call__` have to be in `processor_kwargs` dict, not in `**kwargs`
[transformers] Kwargs passed to `processor.__call__` have to be in `processor_kwargs` dict, not in `**kwargs`
[transformers] Kwargs passed to `processor.__call__` have to be in `processor_kwargs` dict, not in `**kwargs`
[transformers] Kwargs passed to `processor.__call__` have to be in `processor_kwargs` dict, not in `**kwargs`
[transformers] Kwargs passed to `processor.__call__` have to be in `processor_kwargs` dict, not in `**kwargs`
[transformers] Kwargs passed to `processor.__call__` have to be in `processor_kwargs` dict, not in `**kwargs`
[transformers] Kwargs passed to `processor.__call__` have to be in `processor_kwargs` dict, not in `**kwargs`
[transformers] Kwargs passed to `processor.__call__` have to be in `processor_kwargs` dict, not in `**kwargs`
[transformers] Kwargs passed to `processor.__call__` have to be in `processor_kwargs` dict, not in `**kwargs`
[transformers] Kwargs passed to `processor.__call__` have to be in `processor_kwargs` dict, not in `**kwargs`
[transformers] Kwargs passed to `processor.__call__` have to be in `processor_kwargs` dict, not in `**kwargs`
[transformers] Kwargs passed to `processor.__call__` have to be in `processor_kwargs` dict, not in `**kwargs`
[transformers] Kwargs passed to `processor.__call__` have to be in `processor_kwargs` dict, not in `**kwargs`
[transformers] Kwargs passed to `processor.__call__` have to be in `processor_kwargs` dict, not in `**kwargs`
[transformers] Kwargs passed to `processor.__call__` have to be in `processor_kwargs` dict, not in `**kwargs`
[transformers] Kwargs passed to `processor.__call__` have to be in `processor_kwargs` dict, not in `**kwargs`
[transformers] Kwargs passed to `processor.__call__` have to be in `processor_kwargs` dict, not in `**kwargs`
[transformers] Kwargs passed to `processor.__call__` have to be in `processor_kwargs` dict, not in `**kwargs`
[transformers] Kwargs passed to `processor.__call__` have to be in `processor_kwargs` dict, not in `**kwargs`
[transformers] Kwargs passed to `processor.__call__` have to be in `processor_kwargs` dict, not in `**kwargs`
[transformers] Kwargs passed to `processor.__call__` have to be in `processor_kwargs` dict, not in `**kwargs`
  [28/40] zsNo4HB9uLZ    model_stop  min_d  7.81  calls  22  126s/ep
[transformers] Kwargs passed to `processor.__call__` have to be in `processor_kwargs` dict, not in `**kwargs`
[transformers] Kwargs passed to `processor.__call__` have to be in `processor_kwargs` dict, not in `**kwargs`
[transformers] Kwargs passed to `processor.__call__` have to be in `processor_kwargs` dict, not in `**kwargs`
[transformers] Kwargs passed to `processor.__call__` have to be in `processor_kwargs` dict, not in `**kwargs`
[transformers] Kwargs passed to `processor.__call__` have to be in `processor_kwargs` dict, not in `**kwargs`
[transformers] Kwargs passed to `processor.__call__` have to be in `processor_kwargs` dict, not in `**kwargs`
[transformers] Kwargs passed to `processor.__call__` have to be in `processor_kwargs` dict, not in `**kwargs`
[transformers] Kwargs passed to `processor.__call__` have to be in `processor_kwargs` dict, not in `**kwargs`
[transformers] Kwargs passed to `processor.__call__` have to be in `processor_kwargs` dict, not in `**kwargs`
[transformers] Kwargs passed to `processor.__call__` have to be in `processor_kwargs` dict, not in `**kwargs`
[transformers] Kwargs passed to `processor.__call__` have to be in `processor_kwargs` dict, not in `**kwargs`
[transformers] Kwargs passed to `processor.__call__` have to be in `processor_kwargs` dict, not in `**kwargs`
[transformers] Kwargs passed to `processor.__call__` have to be in `processor_kwargs` dict, not in `**kwargs`
[transformers] Kwargs passed to `processor.__call__` have to be in `processor_kwargs` dict, not in `**kwargs`
[transformers] Kwargs passed to `processor.__call__` have to be in `processor_kwargs` dict, not in `**kwargs`
[transformers] Kwargs passed to `processor.__call__` have to be in `processor_kwargs` dict, not in `**kwargs`
[transformers] Kwargs passed to `processor.__call__` have to be in `processor_kwargs` dict, not in `**kwargs`
[transformers] Kwargs passed to `processor.__call__` have to be in `processor_kwargs` dict, not in `**kwargs`
[transformers] Kwargs passed to `processor.__call__` have to be in `processor_kwargs` dict, not in `**kwargs`
[transformers] Kwargs passed to `processor.__call__` have to be in `processor_kwargs` dict, not in `**kwargs`
[transformers] Kwargs passed to `processor.__call__` have to be in `processor_kwargs` dict, not in `**kwargs`
[transformers] Kwargs passed to `processor.__call__` have to be in `processor_kwargs` dict, not in `**kwargs`
[transformers] Kwargs passed to `processor.__call__` have to be in `processor_kwargs` dict, not in `**kwargs`
[transformers] Kwargs passed to `processor.__call__` have to be in `processor_kwargs` dict, not in `**kwargs`
[transformers] Kwargs passed to `processor.__call__` have to be in `processor_kwargs` dict, not in `**kwargs`
[transformers] Kwargs passed to `processor.__call__` have to be in `processor_kwargs` dict, not in `**kwargs`
[transformers] Kwargs passed to `processor.__call__` have to be in `processor_kwargs` dict, not in `**kwargs`
[transformers] Kwargs passed to `processor.__call__` have to be in `processor_kwargs` dict, not in `**kwargs`
[transformers] Kwargs passed to `processor.__call__` have to be in `processor_kwargs` dict, not in `**kwargs`
[transformers] Kwargs passed to `processor.__call__` have to be in `processor_kwargs` dict, not in `**kwargs`
[transformers] Kwargs passed to `processor.__call__` have to be in `processor_kwargs` dict, not in `**kwargs`
[transformers] Kwargs passed to `processor.__call__` have to be in `processor_kwargs` dict, not in `**kwargs`
[transformers] Kwargs passed to `processor.__call__` have to be in `processor_kwargs` dict, not in `**kwargs`
[transformers] Kwargs passed to `processor.__call__` have to be in `processor_kwargs` dict, not in `**kwargs`
[transformers] Kwargs passed to `processor.__call__` have to be in `processor_kwargs` dict, not in `**kwargs`
[transformers] Kwargs passed to `processor.__call__` have to be in `processor_kwargs` dict, not in `**kwargs`
[transformers] Kwargs passed to `processor.__call__` have to be in `processor_kwargs` dict, not in `**kwargs`
[transformers] Kwargs passed to `processor.__call__` have to be in `processor_kwargs` dict, not in `**kwargs`
[transformers] Kwargs passed to `processor.__call__` have to be in `processor_kwargs` dict, not in `**kwargs`
[transformers] Kwargs passed to `processor.__call__` have to be in `processor_kwargs` dict, not in `**kwargs`
[transformers] Kwargs passed to `processor.__call__` have to be in `processor_kwargs` dict, not in `**kwargs`
[transformers] Kwargs passed to `processor.__call__` have to be in `processor_kwargs` dict, not in `**kwargs`
[transformers] Kwargs passed to `processor.__call__` have to be in `processor_kwargs` dict, not in `**kwargs`
[transformers] Kwargs passed to `processor.__call__` have to be in `processor_kwargs` dict, not in `**kwargs`
[transformers] Kwargs passed to `processor.__call__` have to be in `processor_kwargs` dict, not in `**kwargs`
[transformers] Kwargs passed to `processor.__call__` have to be in `processor_kwargs` dict, not in `**kwargs`
[transformers] Kwargs passed to `processor.__call__` have to be in `processor_kwargs` dict, not in `**kwargs`
[transformers] Kwargs passed to `processor.__call__` have to be in `processor_kwargs` dict, not in `**kwargs`
[transformers] Kwargs passed to `processor.__call__` have to be in `processor_kwargs` dict, not in `**kwargs`
[transformers] Kwargs passed to `processor.__call__` have to be in `processor_kwargs` dict, not in `**kwargs`
[transformers] Kwargs passed to `processor.__call__` have to be in `processor_kwargs` dict, not in `**kwargs`
  [29/40] zsNo4HB9uLZ       timeout  min_d  7.81  calls  51  127s/ep
[transformers] Kwargs passed to `processor.__call__` have to be in `processor_kwargs` dict, not in `**kwargs`
[transformers] Kwargs passed to `processor.__call__` have to be in `processor_kwargs` dict, not in `**kwargs`
[transformers] Kwargs passed to `processor.__call__` have to be in `processor_kwargs` dict, not in `**kwargs`
[transformers] Kwargs passed to `processor.__call__` have to be in `processor_kwargs` dict, not in `**kwargs`
[transformers] Kwargs passed to `processor.__call__` have to be in `processor_kwargs` dict, not in `**kwargs`
[transformers] Kwargs passed to `processor.__call__` have to be in `processor_kwargs` dict, not in `**kwargs`
[transformers] Kwargs passed to `processor.__call__` have to be in `processor_kwargs` dict, not in `**kwargs`
[transformers] Kwargs passed to `processor.__call__` have to be in `processor_kwargs` dict, not in `**kwargs`
[transformers] Kwargs passed to `processor.__call__` have to be in `processor_kwargs` dict, not in `**kwargs`
[transformers] Kwargs passed to `processor.__call__` have to be in `processor_kwargs` dict, not in `**kwargs`
[transformers] Kwargs passed to `processor.__call__` have to be in `processor_kwargs` dict, not in `**kwargs`
[transformers] Kwargs passed to `processor.__call__` have to be in `processor_kwargs` dict, not in `**kwargs`
[transformers] Kwargs passed to `processor.__call__` have to be in `processor_kwargs` dict, not in `**kwargs`
[transformers] Kwargs passed to `processor.__call__` have to be in `processor_kwargs` dict, not in `**kwargs`
[transformers] Kwargs passed to `processor.__call__` have to be in `processor_kwargs` dict, not in `**kwargs`
[transformers] Kwargs passed to `processor.__call__` have to be in `processor_kwargs` dict, not in `**kwargs`
[transformers] Kwargs passed to `processor.__call__` have to be in `processor_kwargs` dict, not in `**kwargs`
[transformers] Kwargs passed to `processor.__call__` have to be in `processor_kwargs` dict, not in `**kwargs`
[transformers] Kwargs passed to `processor.__call__` have to be in `processor_kwargs` dict, not in `**kwargs`
[transformers] Kwargs passed to `processor.__call__` have to be in `processor_kwargs` dict, not in `**kwargs`
[transformers] Kwargs passed to `processor.__call__` have to be in `processor_kwargs` dict, not in `**kwargs`
[transformers] Kwargs passed to `processor.__call__` have to be in `processor_kwargs` dict, not in `**kwargs`
[transformers] Kwargs passed to `processor.__call__` have to be in `processor_kwargs` dict, not in `**kwargs`
[transformers] Kwargs passed to `processor.__call__` have to be in `processor_kwargs` dict, not in `**kwargs`
[transformers] Kwargs passed to `processor.__call__` have to be in `processor_kwargs` dict, not in `**kwargs`
[transformers] Kwargs passed to `processor.__call__` have to be in `processor_kwargs` dict, not in `**kwargs`
[transformers] Kwargs passed to `processor.__call__` have to be in `processor_kwargs` dict, not in `**kwargs`
[transformers] Kwargs passed to `processor.__call__` have to be in `processor_kwargs` dict, not in `**kwargs`
[transformers] Kwargs passed to `processor.__call__` have to be in `processor_kwargs` dict, not in `**kwargs`
[transformers] Kwargs passed to `processor.__call__` have to be in `processor_kwargs` dict, not in `**kwargs`
[transformers] Kwargs passed to `processor.__call__` have to be in `processor_kwargs` dict, not in `**kwargs`
[transformers] Kwargs passed to `processor.__call__` have to be in `processor_kwargs` dict, not in `**kwargs`
[transformers] Kwargs passed to `processor.__call__` have to be in `processor_kwargs` dict, not in `**kwargs`
[transformers] Kwargs passed to `processor.__call__` have to be in `processor_kwargs` dict, not in `**kwargs`
[transformers] Kwargs passed to `processor.__call__` have to be in `processor_kwargs` dict, not in `**kwargs`
[transformers] Kwargs passed to `processor.__call__` have to be in `processor_kwargs` dict, not in `**kwargs`
[transformers] Kwargs passed to `processor.__call__` have to be in `processor_kwargs` dict, not in `**kwargs`
[transformers] Kwargs passed to `processor.__call__` have to be in `processor_kwargs` dict, not in `**kwargs`
[transformers] Kwargs passed to `processor.__call__` have to be in `processor_kwargs` dict, not in `**kwargs`
[transformers] Kwargs passed to `processor.__call__` have to be in `processor_kwargs` dict, not in `**kwargs`
[transformers] Kwargs passed to `processor.__call__` have to be in `processor_kwargs` dict, not in `**kwargs`
[transformers] Kwargs passed to `processor.__call__` have to be in `processor_kwargs` dict, not in `**kwargs`
[transformers] Kwargs passed to `processor.__call__` have to be in `processor_kwargs` dict, not in `**kwargs`
[transformers] Kwargs passed to `processor.__call__` have to be in `processor_kwargs` dict, not in `**kwargs`
[transformers] Kwargs passed to `processor.__call__` have to be in `processor_kwargs` dict, not in `**kwargs`
[transformers] Kwargs passed to `processor.__call__` have to be in `processor_kwargs` dict, not in `**kwargs`
[transformers] Kwargs passed to `processor.__call__` have to be in `processor_kwargs` dict, not in `**kwargs`
[transformers] Kwargs passed to `processor.__call__` have to be in `processor_kwargs` dict, not in `**kwargs`
[transformers] Kwargs passed to `processor.__call__` have to be in `processor_kwargs` dict, not in `**kwargs`
[transformers] Kwargs passed to `processor.__call__` have to be in `processor_kwargs` dict, not in `**kwargs`
[transformers] Kwargs passed to `processor.__call__` have to be in `processor_kwargs` dict, not in `**kwargs`
[transformers] Kwargs passed to `processor.__call__` have to be in `processor_kwargs` dict, not in `**kwargs`
[transformers] Kwargs passed to `processor.__call__` have to be in `processor_kwargs` dict, not in `**kwargs`
  [30/40] zsNo4HB9uLZ       timeout  min_d  7.81  calls  53  130s/ep
[transformers] Kwargs passed to `processor.__call__` have to be in `processor_kwargs` dict, not in `**kwargs`
[transformers] Kwargs passed to `processor.__call__` have to be in `processor_kwargs` dict, not in `**kwargs`
[transformers] Kwargs passed to `processor.__call__` have to be in `processor_kwargs` dict, not in `**kwargs`
[transformers] Kwargs passed to `processor.__call__` have to be in `processor_kwargs` dict, not in `**kwargs`
[transformers] Kwargs passed to `processor.__call__` have to be in `processor_kwargs` dict, not in `**kwargs`
[transformers] Kwargs passed to `processor.__call__` have to be in `processor_kwargs` dict, not in `**kwargs`
  [31/40] zsNo4HB9uLZ    model_stop  min_d 12.04  calls   6  126s/ep
[transformers] Kwargs passed to `processor.__call__` have to be in `processor_kwargs` dict, not in `**kwargs`
[transformers] Kwargs passed to `processor.__call__` have to be in `processor_kwargs` dict, not in `**kwargs`
[transformers] Kwargs passed to `processor.__call__` have to be in `processor_kwargs` dict, not in `**kwargs`
[transformers] Kwargs passed to `processor.__call__` have to be in `processor_kwargs` dict, not in `**kwargs`
[transformers] Kwargs passed to `processor.__call__` have to be in `processor_kwargs` dict, not in `**kwargs`
[transformers] Kwargs passed to `processor.__call__` have to be in `processor_kwargs` dict, not in `**kwargs`
[transformers] Kwargs passed to `processor.__call__` have to be in `processor_kwargs` dict, not in `**kwargs`
[transformers] Kwargs passed to `processor.__call__` have to be in `processor_kwargs` dict, not in `**kwargs`
[transformers] Kwargs passed to `processor.__call__` have to be in `processor_kwargs` dict, not in `**kwargs`
[transformers] Kwargs passed to `processor.__call__` have to be in `processor_kwargs` dict, not in `**kwargs`
[transformers] Kwargs passed to `processor.__call__` have to be in `processor_kwargs` dict, not in `**kwargs`
[transformers] Kwargs passed to `processor.__call__` have to be in `processor_kwargs` dict, not in `**kwargs`
[transformers] Kwargs passed to `processor.__call__` have to be in `processor_kwargs` dict, not in `**kwargs`
[transformers] Kwargs passed to `processor.__call__` have to be in `processor_kwargs` dict, not in `**kwargs`
[transformers] Kwargs passed to `processor.__call__` have to be in `processor_kwargs` dict, not in `**kwargs`
[transformers] Kwargs passed to `processor.__call__` have to be in `processor_kwargs` dict, not in `**kwargs`
[transformers] Kwargs passed to `processor.__call__` have to be in `processor_kwargs` dict, not in `**kwargs`
[transformers] Kwargs passed to `processor.__call__` have to be in `processor_kwargs` dict, not in `**kwargs`
[transformers] Kwargs passed to `processor.__call__` have to be in `processor_kwargs` dict, not in `**kwargs`
[transformers] Kwargs passed to `processor.__call__` have to be in `processor_kwargs` dict, not in `**kwargs`
[transformers] Kwargs passed to `processor.__call__` have to be in `processor_kwargs` dict, not in `**kwargs`
[transformers] Kwargs passed to `processor.__call__` have to be in `processor_kwargs` dict, not in `**kwargs`
[transformers] Kwargs passed to `processor.__call__` have to be in `processor_kwargs` dict, not in `**kwargs`
[transformers] Kwargs passed to `processor.__call__` have to be in `processor_kwargs` dict, not in `**kwargs`
[transformers] Kwargs passed to `processor.__call__` have to be in `processor_kwargs` dict, not in `**kwargs`
[transformers] Kwargs passed to `processor.__call__` have to be in `processor_kwargs` dict, not in `**kwargs`
[transformers] Kwargs passed to `processor.__call__` have to be in `processor_kwargs` dict, not in `**kwargs`
[transformers] Kwargs passed to `processor.__call__` have to be in `processor_kwargs` dict, not in `**kwargs`
[transformers] Kwargs passed to `processor.__call__` have to be in `processor_kwargs` dict, not in `**kwargs`
[transformers] Kwargs passed to `processor.__call__` have to be in `processor_kwargs` dict, not in `**kwargs`
[transformers] Kwargs passed to `processor.__call__` have to be in `processor_kwargs` dict, not in `**kwargs`
[transformers] Kwargs passed to `processor.__call__` have to be in `processor_kwargs` dict, not in `**kwargs`
[transformers] Kwargs passed to `processor.__call__` have to be in `processor_kwargs` dict, not in `**kwargs`
[transformers] Kwargs passed to `processor.__call__` have to be in `processor_kwargs` dict, not in `**kwargs`
[transformers] Kwargs passed to `processor.__call__` have to be in `processor_kwargs` dict, not in `**kwargs`
[transformers] Kwargs passed to `processor.__call__` have to be in `processor_kwargs` dict, not in `**kwargs`
[transformers] Kwargs passed to `processor.__call__` have to be in `processor_kwargs` dict, not in `**kwargs`
[transformers] Kwargs passed to `processor.__call__` have to be in `processor_kwargs` dict, not in `**kwargs`
[transformers] Kwargs passed to `processor.__call__` have to be in `processor_kwargs` dict, not in `**kwargs`
[transformers] Kwargs passed to `processor.__call__` have to be in `processor_kwargs` dict, not in `**kwargs`
[transformers] Kwargs passed to `processor.__call__` have to be in `processor_kwargs` dict, not in `**kwargs`
[transformers] Kwargs passed to `processor.__call__` have to be in `processor_kwargs` dict, not in `**kwargs`
[transformers] Kwargs passed to `processor.__call__` have to be in `processor_kwargs` dict, not in `**kwargs`
[transformers] Kwargs passed to `processor.__call__` have to be in `processor_kwargs` dict, not in `**kwargs`
[transformers] Kwargs passed to `processor.__call__` have to be in `processor_kwargs` dict, not in `**kwargs`
[transformers] Kwargs passed to `processor.__call__` have to be in `processor_kwargs` dict, not in `**kwargs`
[transformers] Kwargs passed to `processor.__call__` have to be in `processor_kwargs` dict, not in `**kwargs`
[transformers] Kwargs passed to `processor.__call__` have to be in `processor_kwargs` dict, not in `**kwargs`
[transformers] Kwargs passed to `processor.__call__` have to be in `processor_kwargs` dict, not in `**kwargs`
[transformers] Kwargs passed to `processor.__call__` have to be in `processor_kwargs` dict, not in `**kwargs`
[transformers] Kwargs passed to `processor.__call__` have to be in `processor_kwargs` dict, not in `**kwargs`
  [32/40] zsNo4HB9uLZ       timeout  min_d 11.35  calls  51  127s/ep
[transformers] Kwargs passed to `processor.__call__` have to be in `processor_kwargs` dict, not in `**kwargs`
[transformers] Kwargs passed to `processor.__call__` have to be in `processor_kwargs` dict, not in `**kwargs`
[transformers] Kwargs passed to `processor.__call__` have to be in `processor_kwargs` dict, not in `**kwargs`
[transformers] Kwargs passed to `processor.__call__` have to be in `processor_kwargs` dict, not in `**kwargs`
[transformers] Kwargs passed to `processor.__call__` have to be in `processor_kwargs` dict, not in `**kwargs`
[transformers] Kwargs passed to `processor.__call__` have to be in `processor_kwargs` dict, not in `**kwargs`
[transformers] Kwargs passed to `processor.__call__` have to be in `processor_kwargs` dict, not in `**kwargs`
[transformers] Kwargs passed to `processor.__call__` have to be in `processor_kwargs` dict, not in `**kwargs`
[transformers] Kwargs passed to `processor.__call__` have to be in `processor_kwargs` dict, not in `**kwargs`
[transformers] Kwargs passed to `processor.__call__` have to be in `processor_kwargs` dict, not in `**kwargs`
[transformers] Kwargs passed to `processor.__call__` have to be in `processor_kwargs` dict, not in `**kwargs`
[transformers] Kwargs passed to `processor.__call__` have to be in `processor_kwargs` dict, not in `**kwargs`
[transformers] Kwargs passed to `processor.__call__` have to be in `processor_kwargs` dict, not in `**kwargs`
[transformers] Kwargs passed to `processor.__call__` have to be in `processor_kwargs` dict, not in `**kwargs`
[transformers] Kwargs passed to `processor.__call__` have to be in `processor_kwargs` dict, not in `**kwargs`
[transformers] Kwargs passed to `processor.__call__` have to be in `processor_kwargs` dict, not in `**kwargs`
[transformers] Kwargs passed to `processor.__call__` have to be in `processor_kwargs` dict, not in `**kwargs`
[transformers] Kwargs passed to `processor.__call__` have to be in `processor_kwargs` dict, not in `**kwargs`
[transformers] Kwargs passed to `processor.__call__` have to be in `processor_kwargs` dict, not in `**kwargs`
[transformers] Kwargs passed to `processor.__call__` have to be in `processor_kwargs` dict, not in `**kwargs`
[transformers] Kwargs passed to `processor.__call__` have to be in `processor_kwargs` dict, not in `**kwargs`
[transformers] Kwargs passed to `processor.__call__` have to be in `processor_kwargs` dict, not in `**kwargs`
[transformers] Kwargs passed to `processor.__call__` have to be in `processor_kwargs` dict, not in `**kwargs`
[transformers] Kwargs passed to `processor.__call__` have to be in `processor_kwargs` dict, not in `**kwargs`
[transformers] Kwargs passed to `processor.__call__` have to be in `processor_kwargs` dict, not in `**kwargs`
[transformers] Kwargs passed to `processor.__call__` have to be in `processor_kwargs` dict, not in `**kwargs`
[transformers] Kwargs passed to `processor.__call__` have to be in `processor_kwargs` dict, not in `**kwargs`
[transformers] Kwargs passed to `processor.__call__` have to be in `processor_kwargs` dict, not in `**kwargs`
[transformers] Kwargs passed to `processor.__call__` have to be in `processor_kwargs` dict, not in `**kwargs`
[transformers] Kwargs passed to `processor.__call__` have to be in `processor_kwargs` dict, not in `**kwargs`
[transformers] Kwargs passed to `processor.__call__` have to be in `processor_kwargs` dict, not in `**kwargs`
[transformers] Kwargs passed to `processor.__call__` have to be in `processor_kwargs` dict, not in `**kwargs`
[transformers] Kwargs passed to `processor.__call__` have to be in `processor_kwargs` dict, not in `**kwargs`
[transformers] Kwargs passed to `processor.__call__` have to be in `processor_kwargs` dict, not in `**kwargs`
[transformers] Kwargs passed to `processor.__call__` have to be in `processor_kwargs` dict, not in `**kwargs`
[transformers] Kwargs passed to `processor.__call__` have to be in `processor_kwargs` dict, not in `**kwargs`
[transformers] Kwargs passed to `processor.__call__` have to be in `processor_kwargs` dict, not in `**kwargs`
[transformers] Kwargs passed to `processor.__call__` have to be in `processor_kwargs` dict, not in `**kwargs`
[transformers] Kwargs passed to `processor.__call__` have to be in `processor_kwargs` dict, not in `**kwargs`
[transformers] Kwargs passed to `processor.__call__` have to be in `processor_kwargs` dict, not in `**kwargs`
[transformers] Kwargs passed to `processor.__call__` have to be in `processor_kwargs` dict, not in `**kwargs`
[transformers] Kwargs passed to `processor.__call__` have to be in `processor_kwargs` dict, not in `**kwargs`
[transformers] Kwargs passed to `processor.__call__` have to be in `processor_kwargs` dict, not in `**kwargs`
[transformers] Kwargs passed to `processor.__call__` have to be in `processor_kwargs` dict, not in `**kwargs`
[transformers] Kwargs passed to `processor.__call__` have to be in `processor_kwargs` dict, not in `**kwargs`
[transformers] Kwargs passed to `processor.__call__` have to be in `processor_kwargs` dict, not in `**kwargs`
[transformers] Kwargs passed to `processor.__call__` have to be in `processor_kwargs` dict, not in `**kwargs`
[transformers] Kwargs passed to `processor.__call__` have to be in `processor_kwargs` dict, not in `**kwargs`
[transformers] Kwargs passed to `processor.__call__` have to be in `processor_kwargs` dict, not in `**kwargs`
[transformers] Kwargs passed to `processor.__call__` have to be in `processor_kwargs` dict, not in `**kwargs`
[transformers] Kwargs passed to `processor.__call__` have to be in `processor_kwargs` dict, not in `**kwargs`
[transformers] Kwargs passed to `processor.__call__` have to be in `processor_kwargs` dict, not in `**kwargs`
[transformers] Kwargs passed to `processor.__call__` have to be in `processor_kwargs` dict, not in `**kwargs`
[transformers] Kwargs passed to `processor.__call__` have to be in `processor_kwargs` dict, not in `**kwargs`
  [33/40] zsNo4HB9uLZ       timeout  min_d  6.09  calls  54  128s/ep
[transformers] Kwargs passed to `processor.__call__` have to be in `processor_kwargs` dict, not in `**kwargs`
[transformers] Kwargs passed to `processor.__call__` have to be in `processor_kwargs` dict, not in `**kwargs`
[transformers] Kwargs passed to `processor.__call__` have to be in `processor_kwargs` dict, not in `**kwargs`
[transformers] Kwargs passed to `processor.__call__` have to be in `processor_kwargs` dict, not in `**kwargs`
[transformers] Kwargs passed to `processor.__call__` have to be in `processor_kwargs` dict, not in `**kwargs`
[transformers] Kwargs passed to `processor.__call__` have to be in `processor_kwargs` dict, not in `**kwargs`
[transformers] Kwargs passed to `processor.__call__` have to be in `processor_kwargs` dict, not in `**kwargs`
[transformers] Kwargs passed to `processor.__call__` have to be in `processor_kwargs` dict, not in `**kwargs`
[transformers] Kwargs passed to `processor.__call__` have to be in `processor_kwargs` dict, not in `**kwargs`
[transformers] Kwargs passed to `processor.__call__` have to be in `processor_kwargs` dict, not in `**kwargs`
[transformers] Kwargs passed to `processor.__call__` have to be in `processor_kwargs` dict, not in `**kwargs`
[transformers] Kwargs passed to `processor.__call__` have to be in `processor_kwargs` dict, not in `**kwargs`
[transformers] Kwargs passed to `processor.__call__` have to be in `processor_kwargs` dict, not in `**kwargs`
[transformers] Kwargs passed to `processor.__call__` have to be in `processor_kwargs` dict, not in `**kwargs`
[transformers] Kwargs passed to `processor.__call__` have to be in `processor_kwargs` dict, not in `**kwargs`
[transformers] Kwargs passed to `processor.__call__` have to be in `processor_kwargs` dict, not in `**kwargs`
[transformers] Kwargs passed to `processor.__call__` have to be in `processor_kwargs` dict, not in `**kwargs`
[transformers] Kwargs passed to `processor.__call__` have to be in `processor_kwargs` dict, not in `**kwargs`
[transformers] Kwargs passed to `processor.__call__` have to be in `processor_kwargs` dict, not in `**kwargs`
[transformers] Kwargs passed to `processor.__call__` have to be in `processor_kwargs` dict, not in `**kwargs`
[transformers] Kwargs passed to `processor.__call__` have to be in `processor_kwargs` dict, not in `**kwargs`
[transformers] Kwargs passed to `processor.__call__` have to be in `processor_kwargs` dict, not in `**kwargs`
[transformers] Kwargs passed to `processor.__call__` have to be in `processor_kwargs` dict, not in `**kwargs`
[transformers] Kwargs passed to `processor.__call__` have to be in `processor_kwargs` dict, not in `**kwargs`
[transformers] Kwargs passed to `processor.__call__` have to be in `processor_kwargs` dict, not in `**kwargs`
[transformers] Kwargs passed to `processor.__call__` have to be in `processor_kwargs` dict, not in `**kwargs`
[transformers] Kwargs passed to `processor.__call__` have to be in `processor_kwargs` dict, not in `**kwargs`
[transformers] Kwargs passed to `processor.__call__` have to be in `processor_kwargs` dict, not in `**kwargs`
[transformers] Kwargs passed to `processor.__call__` have to be in `processor_kwargs` dict, not in `**kwargs`
[transformers] Kwargs passed to `processor.__call__` have to be in `processor_kwargs` dict, not in `**kwargs`
[transformers] Kwargs passed to `processor.__call__` have to be in `processor_kwargs` dict, not in `**kwargs`
[transformers] Kwargs passed to `processor.__call__` have to be in `processor_kwargs` dict, not in `**kwargs`
[transformers] Kwargs passed to `processor.__call__` have to be in `processor_kwargs` dict, not in `**kwargs`
[transformers] Kwargs passed to `processor.__call__` have to be in `processor_kwargs` dict, not in `**kwargs`
[transformers] Kwargs passed to `processor.__call__` have to be in `processor_kwargs` dict, not in `**kwargs`
[transformers] Kwargs passed to `processor.__call__` have to be in `processor_kwargs` dict, not in `**kwargs`
[transformers] Kwargs passed to `processor.__call__` have to be in `processor_kwargs` dict, not in `**kwargs`
[transformers] Kwargs passed to `processor.__call__` have to be in `processor_kwargs` dict, not in `**kwargs`
[transformers] Kwargs passed to `processor.__call__` have to be in `processor_kwargs` dict, not in `**kwargs`
[transformers] Kwargs passed to `processor.__call__` have to be in `processor_kwargs` dict, not in `**kwargs`
[transformers] Kwargs passed to `processor.__call__` have to be in `processor_kwargs` dict, not in `**kwargs`
[transformers] Kwargs passed to `processor.__call__` have to be in `processor_kwargs` dict, not in `**kwargs`
[transformers] Kwargs passed to `processor.__call__` have to be in `processor_kwargs` dict, not in `**kwargs`
[transformers] Kwargs passed to `processor.__call__` have to be in `processor_kwargs` dict, not in `**kwargs`
[transformers] Kwargs passed to `processor.__call__` have to be in `processor_kwargs` dict, not in `**kwargs`
[transformers] Kwargs passed to `processor.__call__` have to be in `processor_kwargs` dict, not in `**kwargs`
[transformers] Kwargs passed to `processor.__call__` have to be in `processor_kwargs` dict, not in `**kwargs`
[transformers] Kwargs passed to `processor.__call__` have to be in `processor_kwargs` dict, not in `**kwargs`
[transformers] Kwargs passed to `processor.__call__` have to be in `processor_kwargs` dict, not in `**kwargs`
[transformers] Kwargs passed to `processor.__call__` have to be in `processor_kwargs` dict, not in `**kwargs`
[transformers] Kwargs passed to `processor.__call__` have to be in `processor_kwargs` dict, not in `**kwargs`
[transformers] Kwargs passed to `processor.__call__` have to be in `processor_kwargs` dict, not in `**kwargs`
[transformers] Kwargs passed to `processor.__call__` have to be in `processor_kwargs` dict, not in `**kwargs`
[transformers] Kwargs passed to `processor.__call__` have to be in `processor_kwargs` dict, not in `**kwargs`
[transformers] Kwargs passed to `processor.__call__` have to be in `processor_kwargs` dict, not in `**kwargs`
  [34/40] zsNo4HB9uLZ       timeout  min_d 12.71  calls  55  129s/ep
[transformers] Kwargs passed to `processor.__call__` have to be in `processor_kwargs` dict, not in `**kwargs`
[transformers] Kwargs passed to `processor.__call__` have to be in `processor_kwargs` dict, not in `**kwargs`
[transformers] Kwargs passed to `processor.__call__` have to be in `processor_kwargs` dict, not in `**kwargs`
[transformers] Kwargs passed to `processor.__call__` have to be in `processor_kwargs` dict, not in `**kwargs`
[transformers] Kwargs passed to `processor.__call__` have to be in `processor_kwargs` dict, not in `**kwargs`
[transformers] Kwargs passed to `processor.__call__` have to be in `processor_kwargs` dict, not in `**kwargs`
[transformers] Kwargs passed to `processor.__call__` have to be in `processor_kwargs` dict, not in `**kwargs`
[transformers] Kwargs passed to `processor.__call__` have to be in `processor_kwargs` dict, not in `**kwargs`
[transformers] Kwargs passed to `processor.__call__` have to be in `processor_kwargs` dict, not in `**kwargs`
[transformers] Kwargs passed to `processor.__call__` have to be in `processor_kwargs` dict, not in `**kwargs`
[transformers] Kwargs passed to `processor.__call__` have to be in `processor_kwargs` dict, not in `**kwargs`
[transformers] Kwargs passed to `processor.__call__` have to be in `processor_kwargs` dict, not in `**kwargs`
[transformers] Kwargs passed to `processor.__call__` have to be in `processor_kwargs` dict, not in `**kwargs`
[transformers] Kwargs passed to `processor.__call__` have to be in `processor_kwargs` dict, not in `**kwargs`
[transformers] Kwargs passed to `processor.__call__` have to be in `processor_kwargs` dict, not in `**kwargs`
