waiting for ablation + collection ...
######## GPU free Thu Sep  3 02:19:38 EDT 2026 ########
108 MiB, 16376 MiB
######## probed batch size: 4 ########
######## HISTORY train K=2 bs=4 steps=37800 started Thu Sep  3 02:19:45 EDT 2026 ########
split=train  episodes=10,819  steps=435,468
STOP fraction    = 0.0248  (pos_weight 39.3)
visible fraction = 0.6433
history frames   = 2 (stride 1, spans 2 steps)
epochs over 435,468 steps at batch 4: 0.35

LR cosine: warmup 200 -> peak 1.00e-04 -> 5.00e-06 at step 37800 (floor 5% of peak)
trainable: 6,434,822 (LoRA + 12,294 head)

step     50  L  0.5050  point 0.0744  disp 0.0880  theta 0.0000  stop 0.4181  act-agree 0.685  p(stop) 0.028  lr 2.55e-05  1.46 it/s
step    100  L  0.5768  point 0.0616  disp 0.0702  theta 0.0000  stop 0.6300  act-agree 0.720  p(stop) 0.013  lr 5.05e-05  1.47 it/s
step    150  L  0.4399  point 0.0611  disp 0.1356  theta 0.0000  stop 0.2290  act-agree 0.620  p(stop) 0.005  lr 7.55e-05  1.47 it/s
step    200  L  0.7902  point 0.0673  disp 0.1179  theta 0.0000  stop 0.9389  act-agree 0.595  p(stop) 0.014  lr 1.00e-04  1.47 it/s
step    250  L  0.5601  point 0.0680  disp 0.0794  theta 0.0000  stop 0.5586  act-agree 0.655  p(stop) 0.021  lr 1.00e-04  1.47 it/s
step    300  L  0.4878  point 0.0483  disp 0.0914  theta 0.0000  stop 0.4367  act-agree 0.650  p(stop) 0.007  lr 1.00e-04  1.47 it/s
step    350  L  0.7675  point 0.0480  disp 0.1239  theta 0.0000  stop 0.9168  act-agree 0.665  p(stop) 0.013  lr 1.00e-04  1.48 it/s
step    400  L  0.3351  point 0.0418  disp 0.1560  theta 0.0000  stop 0.0073  act-agree 0.590  p(stop) 0.004  lr 1.00e-04  1.48 it/s
step    450  L  0.7980  point 0.0688  disp 0.0963  theta 0.0000  stop 1.0099  act-agree 0.660  p(stop) 0.012  lr 1.00e-04  1.48 it/s
step    500  L  0.6038  point 0.0478  disp 0.1335  theta 0.0000  stop 0.5682  act-agree 0.635  p(stop) 0.007  lr 1.00e-04  1.48 it/s
step    550  L  0.6005  point 0.0535  disp 0.1294  theta 0.0000  stop 0.5755  act-agree 0.675  p(stop) 0.008  lr 1.00e-04  1.48 it/s
step    600  L  0.4957  point 0.0652  disp 0.1033  theta 0.0000  stop 0.3931  act-agree 0.685  p(stop) 0.010  lr 1.00e-04  1.48 it/s
step    650  L  0.6424  point 0.0563  disp 0.1519  theta 0.0000  stop 0.6122  act-agree 0.600  p(stop) 0.014  lr 1.00e-04  1.48 it/s
step    700  L  0.9595  point 0.0559  disp 0.1360  theta 0.0000  stop 1.2661  act-agree 0.700  p(stop) 0.024  lr 1.00e-04  1.48 it/s
step    750  L  0.6475  point 0.0489  disp 0.1246  theta 0.0000  stop 0.6928  act-agree 0.640  p(stop) 0.015  lr 9.99e-05  1.48 it/s
step    800  L  0.5084  point 0.0498  disp 0.1293  theta 0.0000  stop 0.4062  act-agree 0.660  p(stop) 0.011  lr 9.99e-05  1.48 it/s
step    850  L  0.8260  point 0.0535  disp 0.1607  theta 0.0000  stop 0.9756  act-agree 0.625  p(stop) 0.018  lr 9.99e-05  1.48 it/s
step    900  L  0.6038  point 0.0598  disp 0.1540  theta 0.0000  stop 0.5363  act-agree 0.645  p(stop) 0.012  lr 9.99e-05  1.48 it/s
step    950  L  0.9557  point 0.0405  disp 0.1006  theta 0.0000  stop 1.3679  act-agree 0.665  p(stop) 0.028  lr 9.99e-05  1.48 it/s
step   1000  L  0.2778  point 0.0586  disp 0.0911  theta 0.0000  stop 0.0082  act-agree 0.655  p(stop) 0.004  lr 9.99e-05  1.48 it/s
step   1050  L  0.8376  point 0.0455  disp 0.1140  theta 0.0000  stop 1.1021  act-agree 0.670  p(stop) 0.011  lr 9.99e-05  1.48 it/s
step   1100  L  0.9415  point 0.0457  disp 0.1433  theta 0.0000  stop 1.2443  act-agree 0.610  p(stop) 0.024  lr 9.99e-05  1.48 it/s
step   1150  L  0.6838  point 0.0502  disp 0.1445  theta 0.0000  stop 0.7186  act-agree 0.650  p(stop) 0.016  lr 9.99e-05  1.48 it/s
step   1200  L  0.7588  point 0.0434  disp 0.1081  theta 0.0000  stop 0.9529  act-agree 0.675  p(stop) 0.016  lr 9.98e-05  1.48 it/s
step   1250  L  0.5807  point 0.0489  disp 0.1402  theta 0.0000  stop 0.5411  act-agree 0.635  p(stop) 0.010  lr 9.98e-05  1.48 it/s
step   1300  L  0.8064  point 0.0485  disp 0.1350  theta 0.0000  stop 1.0087  act-agree 0.665  p(stop) 0.020  lr 9.98e-05  1.48 it/s
step   1350  L  0.7649  point 0.0404  disp 0.1839  theta 0.0000  stop 0.8353  act-agree 0.675  p(stop) 0.008  lr 9.98e-05  1.48 it/s
step   1400  L  0.6678  point 0.0370  disp 0.1479  theta 0.0000  stop 0.7432  act-agree 0.685  p(stop) 0.011  lr 9.98e-05  1.48 it/s
step   1450  L  0.8291  point 0.0549  disp 0.1252  theta 0.0000  stop 1.0377  act-agree 0.680  p(stop) 0.013  lr 9.97e-05  1.48 it/s
step   1500  L  0.6761  point 0.0480  disp 0.1218  theta 0.0000  stop 0.7400  act-agree 0.670  p(stop) 0.008  lr 9.97e-05  1.48 it/s
step   1550  L  0.9742  point 0.0525  disp 0.1430  theta 0.0000  stop 1.3114  act-agree 0.670  p(stop) 0.013  lr 9.97e-05  1.48 it/s
step   1600  L  0.6317  point 0.0518  disp 0.1745  theta 0.0000  stop 0.5437  act-agree 0.615  p(stop) 0.011  lr 9.97e-05  1.48 it/s
step   1650  L  0.5828  point 0.0583  disp 0.0904  theta 0.0000  stop 0.6238  act-agree 0.675  p(stop) 0.007  lr 9.97e-05  1.48 it/s
step   1700  L  0.6711  point 0.0484  disp 0.1088  theta 0.0000  stop 0.7708  act-agree 0.645  p(stop) 0.008  lr 9.96e-05  1.48 it/s
step   1750  L  0.4552  point 0.0466  disp 0.0962  theta 0.0000  stop 0.3740  act-agree 0.650  p(stop) 0.010  lr 9.96e-05  1.48 it/s
step   1800  L  0.7009  point 0.0415  disp 0.1365  theta 0.0000  stop 0.7902  act-agree 0.550  p(stop) 0.009  lr 9.96e-05  1.48 it/s
step   1850  L  0.3903  point 0.0569  disp 0.1090  theta 0.0000  stop 0.2031  act-agree 0.630  p(stop) 0.006  lr 9.95e-05  1.48 it/s
step   1900  L  0.5532  point 0.0433  disp 0.0911  theta 0.0000  stop 0.6185  act-agree 0.685  p(stop) 0.006  lr 9.95e-05  1.48 it/s
step   1950  L  0.5637  point 0.0485  disp 0.0793  theta 0.0000  stop 0.6115  act-agree 0.705  p(stop) 0.009  lr 9.95e-05  1.48 it/s
step   2000  L  0.8116  point 0.0411  disp 0.1090  theta 0.0000  stop 1.0758  act-agree 0.690  p(stop) 0.011  lr 9.95e-05  1.48 it/s
step   2050  L  0.5249  point 0.0444  disp 0.0965  theta 0.0000  stop 0.5317  act-agree 0.715  p(stop) 0.007  lr 9.94e-05  1.48 it/s
step   2100  L  0.8789  point 0.0603  disp 0.1572  theta 0.0000  stop 1.0588  act-agree 0.630  p(stop) 0.017  lr 9.94e-05  1.48 it/s
step   2150  L  0.4494  point 0.0414  disp 0.0992  theta 0.0000  stop 0.3822  act-agree 0.660  p(stop) 0.008  lr 9.94e-05  1.48 it/s
step   2200  L  0.7489  point 0.0387  disp 0.1216  theta 0.0000  stop 0.9338  act-agree 0.665  p(stop) 0.014  lr 9.93e-05  1.48 it/s
step   2250  L  0.7269  point 0.0431  disp 0.1325  theta 0.0000  stop 0.8425  act-agree 0.680  p(stop) 0.012  lr 9.93e-05  1.48 it/s
step   2300  L  0.8715  point 0.0522  disp 0.1566  theta 0.0000  stop 1.0697  act-agree 0.665  p(stop) 0.013  lr 9.93e-05  1.48 it/s
step   2350  L  0.7853  point 0.0420  disp 0.1447  theta 0.0000  stop 0.9508  act-agree 0.660  p(stop) 0.017  lr 9.92e-05  1.48 it/s
step   2400  L  0.5699  point 0.0467  disp 0.1227  theta 0.0000  stop 0.5603  act-agree 0.655  p(stop) 0.011  lr 9.92e-05  1.48 it/s
step   2450  L  0.7760  point 0.0446  disp 0.1250  theta 0.0000  stop 0.9604  act-agree 0.665  p(stop) 0.016  lr 9.92e-05  1.48 it/s
step   2500  L  0.4522  point 0.0320  disp 0.1199  theta 0.0000  stop 0.3476  act-agree 0.695  p(stop) 0.009  lr 9.91e-05  1.48 it/s
step   2550  L  0.5397  point 0.0466  disp 0.0982  theta 0.0000  stop 0.5527  act-agree 0.675  p(stop) 0.009  lr 9.91e-05  1.48 it/s
step   2600  L  0.9876  point 0.0432  disp 0.1426  theta 0.0000  stop 1.3562  act-agree 0.730  p(stop) 0.026  lr 9.90e-05  1.48 it/s
step   2650  L  0.4607  point 0.0451  disp 0.1104  theta 0.0000  stop 0.3764  act-agree 0.660  p(stop) 0.011  lr 9.90e-05  1.48 it/s
step   2700  L  0.5330  point 0.0400  disp 0.1077  theta 0.0000  stop 0.5396  act-agree 0.680  p(stop) 0.005  lr 9.90e-05  1.48 it/s
step   2750  L  1.0288  point 0.0381  disp 0.0874  theta 0.0000  stop 1.5826  act-agree 0.735  p(stop) 0.014  lr 9.89e-05  1.48 it/s
step   2800  L  0.5749  point 0.0448  disp 0.1559  theta 0.0000  stop 0.4863  act-agree 0.640  p(stop) 0.015  lr 9.89e-05  1.48 it/s
step   2850  L  0.6278  point 0.0437  disp 0.1348  theta 0.0000  stop 0.6732  act-agree 0.610  p(stop) 0.015  lr 9.88e-05  1.48 it/s
step   2900  L  0.6298  point 0.0324  disp 0.1434  theta 0.0000  stop 0.6730  act-agree 0.715  p(stop) 0.010  lr 9.88e-05  1.48 it/s
step   2950  L  0.5662  point 0.0324  disp 0.1031  theta 0.0000  stop 0.6322  act-agree 0.640  p(stop) 0.019  lr 9.88e-05  1.48 it/s
step   3000  L  0.7232  point 0.0372  disp 0.1099  theta 0.0000  stop 0.9083  act-agree 0.705  p(stop) 0.008  lr 9.87e-05  1.48 it/s
step   3050  L  0.5274  point 0.0302  disp 0.0957  theta 0.0000  stop 0.5711  act-agree 0.730  p(stop) 0.007  lr 9.87e-05  1.48 it/s
step   3100  L  0.7658  point 0.0424  disp 0.1221  theta 0.0000  stop 0.9723  act-agree 0.715  p(stop) 0.019  lr 9.86e-05  1.48 it/s
step   3150  L  0.5451  point 0.0345  disp 0.0849  theta 0.0000  stop 0.6143  act-agree 0.710  p(stop) 0.009  lr 9.86e-05  1.48 it/s
step   3200  L  0.6130  point 0.0403  disp 0.1017  theta 0.0000  stop 0.7057  act-agree 0.765  p(stop) 0.015  lr 9.85e-05  1.48 it/s
step   3250  L  0.7633  point 0.0337  disp 0.0978  theta 0.0000  stop 1.0285  act-agree 0.790  p(stop) 0.012  lr 9.85e-05  1.48 it/s
step   3300  L  0.6708  point 0.0470  disp 0.1124  theta 0.0000  stop 0.7963  act-agree 0.680  p(stop) 0.009  lr 9.84e-05  1.48 it/s
step   3350  L  0.5189  point 0.0377  disp 0.1043  theta 0.0000  stop 0.5331  act-agree 0.680  p(stop) 0.008  lr 9.84e-05  1.48 it/s
step   3400  L  0.7378  point 0.0400  disp 0.1159  theta 0.0000  stop 0.9318  act-agree 0.705  p(stop) 0.011  lr 9.83e-05  1.48 it/s
step   3450  L  1.0167  point 0.0376  disp 0.1301  theta 0.0000  stop 1.4704  act-agree 0.620  p(stop) 0.021  lr 9.83e-05  1.48 it/s
step   3500  L  0.7050  point 0.0386  disp 0.0823  theta 0.0000  stop 0.9232  act-agree 0.760  p(stop) 0.012  lr 9.82e-05  1.48 it/s
step   3550  L  0.9452  point 0.0302  disp 0.1361  theta 0.0000  stop 1.3391  act-agree 0.655  p(stop) 0.007  lr 9.82e-05  1.48 it/s
step   3600  L  0.9884  point 0.0399  disp 0.1095  theta 0.0000  stop 1.4150  act-agree 0.725  p(stop) 0.032  lr 9.81e-05  1.48 it/s
step   3650  L  0.5140  point 0.0335  disp 0.0866  theta 0.0000  stop 0.5540  act-agree 0.720  p(stop) 0.019  lr 9.80e-05  1.48 it/s
step   3700  L  0.7732  point 0.0328  disp 0.0967  theta 0.0000  stop 1.0582  act-agree 0.670  p(stop) 0.021  lr 9.80e-05  1.48 it/s
step   3750  L  0.7737  point 0.0413  disp 0.1072  theta 0.0000  stop 1.0127  act-agree 0.665  p(stop) 0.027  lr 9.79e-05  1.48 it/s
step   3800  L  0.4825  point 0.0366  disp 0.1018  theta 0.0000  stop 0.4671  act-agree 0.650  p(stop) 0.008  lr 9.79e-05  1.48 it/s
step   3850  L  0.6052  point 0.0500  disp 0.0883  theta 0.0000  stop 0.6928  act-agree 0.710  p(stop) 0.013  lr 9.78e-05  1.48 it/s
step   3900  L  0.9199  point 0.0352  disp 0.1147  theta 0.0000  stop 1.2987  act-agree 0.740  p(stop) 0.038  lr 9.77e-05  1.48 it/s
step   3950  L  0.6342  point 0.0364  disp 0.1153  theta 0.0000  stop 0.7239  act-agree 0.630  p(stop) 0.012  lr 9.77e-05  1.48 it/s
step   4000  L  0.4187  point 0.0340  disp 0.0803  theta 0.0000  stop 0.3727  act-agree 0.695  p(stop) 0.010  lr 9.76e-05  1.48 it/s
step   4050  L  0.4887  point 0.0346  disp 0.0763  theta 0.0000  stop 0.5533  act-agree 0.735  p(stop) 0.009  lr 9.76e-05  1.48 it/s
step   4100  L  0.6660  point 0.0368  disp 0.1137  theta 0.0000  stop 0.8071  act-agree 0.680  p(stop) 0.004  lr 9.75e-05  1.48 it/s
step   4150  L  0.8822  point 0.0428  disp 0.1014  theta 0.0000  stop 1.2403  act-agree 0.700  p(stop) 0.023  lr 9.74e-05  1.48 it/s
step   4200  L  0.7975  point 0.0343  disp 0.1358  theta 0.0000  stop 1.0176  act-agree 0.685  p(stop) 0.022  lr 9.74e-05  1.48 it/s
step   4250  L  0.8351  point 0.0351  disp 0.0966  theta 0.0000  stop 1.1642  act-agree 0.710  p(stop) 0.014  lr 9.73e-05  1.48 it/s
step   4300  L  0.8393  point 0.0445  disp 0.1236  theta 0.0000  stop 1.1098  act-agree 0.700  p(stop) 0.020  lr 9.72e-05  1.48 it/s
step   4350  L  0.8215  point 0.0406  disp 0.1516  theta 0.0000  stop 1.0203  act-agree 0.675  p(stop) 0.023  lr 9.72e-05  1.48 it/s
step   4400  L  0.4482  point 0.0395  disp 0.0935  theta 0.0000  stop 0.4101  act-agree 0.665  p(stop) 0.012  lr 9.71e-05  1.48 it/s
step   4450  L  0.5902  point 0.0321  disp 0.1202  theta 0.0000  stop 0.6364  act-agree 0.730  p(stop) 0.012  lr 9.70e-05  1.48 it/s
step   4500  L  0.7841  point 0.0327  disp 0.1145  theta 0.0000  stop 1.0497  act-agree 0.715  p(stop) 0.010  lr 9.70e-05  1.48 it/s
step   4550  L  0.7564  point 0.0332  disp 0.1059  theta 0.0000  stop 0.9828  act-agree 0.670  p(stop) 0.011  lr 9.69e-05  1.48 it/s
step   4600  L  0.9226  point 0.0352  disp 0.1311  theta 0.0000  stop 1.2832  act-agree 0.730  p(stop) 0.027  lr 9.68e-05  1.48 it/s
step   4650  L  0.9546  point 0.0342  disp 0.1433  theta 0.0000  stop 1.3234  act-agree 0.700  p(stop) 0.019  lr 9.68e-05  1.48 it/s
step   4700  L  0.3861  point 0.0315  disp 0.1215  theta 0.0000  stop 0.2542  act-agree 0.655  p(stop) 0.025  lr 9.67e-05  1.48 it/s
step   4750  L  0.6297  point 0.0392  disp 0.0970  theta 0.0000  stop 0.7402  act-agree 0.750  p(stop) 0.010  lr 9.66e-05  1.48 it/s
step   4800  L  0.9849  point 0.0297  disp 0.1243  theta 0.0000  stop 1.4192  act-agree 0.670  p(stop) 0.040  lr 9.65e-05  1.48 it/s
step   4850  L  0.7425  point 0.0395  disp 0.1065  theta 0.0000  stop 0.9830  act-agree 0.720  p(stop) 0.014  lr 9.65e-05  1.48 it/s
step   4900  L  0.5705  point 0.0365  disp 0.0729  theta 0.0000  stop 0.7262  act-agree 0.735  p(stop) 0.041  lr 9.64e-05  1.48 it/s
step   4950  L  0.7860  point 0.0233  disp 0.1498  theta 0.0000  stop 0.9962  act-agree 0.740  p(stop) 0.012  lr 9.63e-05  1.48 it/s
step   5000  L  0.4430  point 0.0384  disp 0.1214  theta 0.0000  stop 0.3134  act-agree 0.680  p(stop) 0.026  lr 9.62e-05  1.48 it/s
step   5050  L  0.6021  point 0.0406  disp 0.0847  theta 0.0000  stop 0.7615  act-agree 0.785  p(stop) 0.014  lr 9.62e-05  1.48 it/s
step   5100  L  0.4780  point 0.0361  disp 0.1110  theta 0.0000  stop 0.4314  act-agree 0.735  p(stop) 0.008  lr 9.61e-05  1.48 it/s
step   5150  L  0.4852  point 0.0329  disp 0.0589  theta 0.0000  stop 0.5599  act-agree 0.745  p(stop) 0.005  lr 9.60e-05  1.48 it/s
step   5200  L  0.6381  point 0.0347  disp 0.0884  theta 0.0000  stop 0.8222  act-agree 0.755  p(stop) 0.005  lr 9.59e-05  1.48 it/s
step   5250  L  0.3199  point 0.0375  disp 0.0894  theta 0.0000  stop 0.1689  act-agree 0.730  p(stop) 0.002  lr 9.58e-05  1.48 it/s
step   5300  L  1.1157  point 0.0360  disp 0.1228  theta 0.0000  stop 1.6746  act-agree 0.705  p(stop) 0.024  lr 9.58e-05  1.48 it/s
step   5350  L  0.4880  point 0.0313  disp 0.0792  theta 0.0000  stop 0.5634  act-agree 0.750  p(stop) 0.005  lr 9.57e-05  1.48 it/s
step   5400  L  0.8720  point 0.0320  disp 0.1475  theta 0.0000  stop 1.1408  act-agree 0.700  p(stop) 0.030  lr 9.56e-05  1.48 it/s
step   5450  L  0.9143  point 0.0368  disp 0.1347  theta 0.0000  stop 1.2667  act-agree 0.710  p(stop) 0.018  lr 9.55e-05  1.48 it/s
step   5500  L  0.7415  point 0.0341  disp 0.1081  theta 0.0000  stop 1.0078  act-agree 0.755  p(stop) 0.034  lr 9.54e-05  1.48 it/s
step   5550  L  0.6796  point 0.0326  disp 0.0888  theta 0.0000  stop 0.8814  act-agree 0.765  p(stop) 0.012  lr 9.53e-05  1.48 it/s
step   5600  L  0.6244  point 0.0270  disp 0.0990  theta 0.0000  stop 0.7332  act-agree 0.750  p(stop) 0.006  lr 9.52e-05  1.48 it/s
step   5650  L  0.7231  point 0.0370  disp 0.1293  theta 0.0000  stop 0.9035  act-agree 0.770  p(stop) 0.009  lr 9.52e-05  1.48 it/s
step   5700  L  1.0439  point 0.0408  disp 0.1042  theta 0.0000  stop 1.5778  act-agree 0.710  p(stop) 0.029  lr 9.51e-05  1.48 it/s
step   5750  L  0.4978  point 0.0332  disp 0.1151  theta 0.0000  stop 0.4885  act-agree 0.695  p(stop) 0.013  lr 9.50e-05  1.48 it/s
step   5800  L  0.3974  point 0.0305  disp 0.0893  theta 0.0000  stop 0.3404  act-agree 0.735  p(stop) 0.007  lr 9.49e-05  1.48 it/s
step   5850  L  0.8869  point 0.0384  disp 0.1019  theta 0.0000  stop 1.2543  act-agree 0.725  p(stop) 0.029  lr 9.48e-05  1.48 it/s
step   5900  L  0.6180  point 0.0327  disp 0.0684  theta 0.0000  stop 0.7915  act-agree 0.750  p(stop) 0.010  lr 9.47e-05  1.48 it/s
step   5950  L  0.7084  point 0.0324  disp 0.1316  theta 0.0000  stop 0.8636  act-agree 0.695  p(stop) 0.007  lr 9.46e-05  1.48 it/s
step   6000  L  0.7322  point 0.0338  disp 0.0785  theta 0.0000  stop 1.0407  act-agree 0.755  p(stop) 0.006  lr 9.45e-05  1.48 it/s
step   6050  L  0.2842  point 0.0437  disp 0.0650  theta 0.0000  stop 0.1412  act-agree 0.715  p(stop) 0.006  lr 9.44e-05  1.48 it/s
step   6100  L  0.5461  point 0.0337  disp 0.1331  theta 0.0000  stop 0.5478  act-agree 0.680  p(stop) 0.004  lr 9.43e-05  1.48 it/s
step   6150  L  0.8957  point 0.0433  disp 0.1486  theta 0.0000  stop 1.1881  act-agree 0.675  p(stop) 0.023  lr 9.43e-05  1.48 it/s
step   6200  L  0.9224  point 0.0331  disp 0.1064  theta 0.0000  stop 1.3486  act-agree 0.730  p(stop) 0.017  lr 9.42e-05  1.48 it/s
step   6250  L  0.3733  point 0.0351  disp 0.1021  theta 0.0000  stop 0.2435  act-agree 0.645  p(stop) 0.004  lr 9.41e-05  1.48 it/s
step   6300  L  0.5188  point 0.0510  disp 0.0989  theta 0.0000  stop 0.5211  act-agree 0.740  p(stop) 0.008  lr 9.40e-05  1.48 it/s
step   6350  L  0.6385  point 0.0378  disp 0.1190  theta 0.0000  stop 0.7504  act-agree 0.720  p(stop) 0.006  lr 9.39e-05  1.48 it/s
step   6400  L  0.6426  point 0.0285  disp 0.1006  theta 0.0000  stop 0.8366  act-agree 0.765  p(stop) 0.009  lr 9.38e-05  1.48 it/s
step   6450  L  0.5312  point 0.0386  disp 0.1124  theta 0.0000  stop 0.5159  act-agree 0.730  p(stop) 0.022  lr 9.37e-05  1.48 it/s
step   6500  L  0.9136  point 0.0383  disp 0.1084  theta 0.0000  stop 1.3127  act-agree 0.700  p(stop) 0.046  lr 9.36e-05  1.48 it/s
step   6550  L  0.5090  point 0.0320  disp 0.0959  theta 0.0000  stop 0.5463  act-agree 0.765  p(stop) 0.007  lr 9.35e-05  1.48 it/s
step   6600  L  0.7756  point 0.0323  disp 0.1096  theta 0.0000  stop 1.0644  act-agree 0.725  p(stop) 0.002  lr 9.34e-05  1.48 it/s
step   6650  L  0.7051  point 0.0349  disp 0.1252  theta 0.0000  stop 0.8586  act-agree 0.730  p(stop) 0.015  lr 9.33e-05  1.48 it/s
step   6700  L  0.6454  point 0.0387  disp 0.1069  theta 0.0000  stop 0.7720  act-agree 0.675  p(stop) 0.032  lr 9.32e-05  1.48 it/s
step   6750  L  0.5010  point 0.0435  disp 0.0720  theta 0.0000  stop 0.5441  act-agree 0.740  p(stop) 0.012  lr 9.31e-05  1.48 it/s
step   6800  L  0.5620  point 0.0299  disp 0.0515  theta 0.0000  stop 0.7525  act-agree 0.800  p(stop) 0.020  lr 9.30e-05  1.48 it/s
step   6850  L  0.7352  point 0.0266  disp 0.1058  theta 0.0000  stop 0.9971  act-agree 0.795  p(stop) 0.010  lr 9.29e-05  1.48 it/s
step   6900  L  0.4348  point 0.0399  disp 0.0957  theta 0.0000  stop 0.3783  act-agree 0.700  p(stop) 0.008  lr 9.27e-05  1.48 it/s
step   6950  L  0.8202  point 0.0310  disp 0.1100  theta 0.0000  stop 1.1503  act-agree 0.720  p(stop) 0.012  lr 9.26e-05  1.48 it/s
step   7000  L  0.7943  point 0.0389  disp 0.1083  theta 0.0000  stop 1.0881  act-agree 0.740  p(stop) 0.026  lr 9.25e-05  1.48 it/s
step   7050  L  0.7078  point 0.0292  disp 0.0950  theta 0.0000  stop 0.9716  act-agree 0.760  p(stop) 0.014  lr 9.24e-05  1.48 it/s
step   7100  L  0.5400  point 0.0407  disp 0.0789  theta 0.0000  stop 0.6174  act-agree 0.730  p(stop) 0.012  lr 9.23e-05  1.48 it/s
step   7150  L  0.5243  point 0.0413  disp 0.0815  theta 0.0000  stop 0.5853  act-agree 0.715  p(stop) 0.023  lr 9.22e-05  1.48 it/s
step   7200  L  0.7012  point 0.0258  disp 0.0938  theta 0.0000  stop 0.9466  act-agree 0.725  p(stop) 0.028  lr 9.21e-05  1.48 it/s
step   7250  L  0.6774  point 0.0302  disp 0.0919  theta 0.0000  stop 0.8907  act-agree 0.755  p(stop) 0.033  lr 9.20e-05  1.48 it/s
step   7300  L  0.5909  point 0.0362  disp 0.0876  theta 0.0000  stop 0.7081  act-agree 0.750  p(stop) 0.008  lr 9.19e-05  1.48 it/s
step   7350  L  0.3975  point 0.0344  disp 0.0584  theta 0.0000  stop 0.4002  act-agree 0.745  p(stop) 0.013  lr 9.18e-05  1.48 it/s
step   7400  L  0.9431  point 0.0337  disp 0.1177  theta 0.0000  stop 1.3464  act-agree 0.680  p(stop) 0.021  lr 9.17e-05  1.48 it/s
step   7450  L  0.6773  point 0.0369  disp 0.0898  theta 0.0000  stop 0.9110  act-agree 0.760  p(stop) 0.015  lr 9.15e-05  1.48 it/s
step   7500  L  0.3662  point 0.0313  disp 0.0835  theta 0.0000  stop 0.3139  act-agree 0.730  p(stop) 0.004  lr 9.14e-05  1.48 it/s
step   7550  L  0.6394  point 0.0358  disp 0.0800  theta 0.0000  stop 0.8140  act-agree 0.765  p(stop) 0.008  lr 9.13e-05  1.48 it/s
step   7600  L  0.3506  point 0.0213  disp 0.0922  theta 0.0000  stop 0.2658  act-agree 0.725  p(stop) 0.004  lr 9.12e-05  1.48 it/s
step   7650  L  0.6833  point 0.0348  disp 0.1031  theta 0.0000  stop 0.8921  act-agree 0.700  p(stop) 0.021  lr 9.11e-05  1.48 it/s
step   7700  L  0.5453  point 0.0366  disp 0.0722  theta 0.0000  stop 0.6784  act-agree 0.720  p(stop) 0.012  lr 9.10e-05  1.48 it/s
step   7750  L  0.4750  point 0.0388  disp 0.0811  theta 0.0000  stop 0.4936  act-agree 0.690  p(stop) 0.026  lr 9.09e-05  1.48 it/s
step   7800  L  0.3087  point 0.0298  disp 0.0604  theta 0.0000  stop 0.2320  act-agree 0.755  p(stop) 0.004  lr 9.07e-05  1.48 it/s
step   7850  L  0.5696  point 0.0297  disp 0.0674  theta 0.0000  stop 0.7429  act-agree 0.730  p(stop) 0.013  lr 9.06e-05  1.48 it/s
step   7900  L  0.5308  point 0.0319  disp 0.1234  theta 0.0000  stop 0.5479  act-agree 0.785  p(stop) 0.003  lr 9.05e-05  1.48 it/s
step   7950  L  0.4572  point 0.0363  disp 0.0858  theta 0.0000  stop 0.4691  act-agree 0.715  p(stop) 0.009  lr 9.04e-05  1.48 it/s
step   8000  L  0.7088  point 0.0264  disp 0.0804  theta 0.0000  stop 1.0016  act-agree 0.775  p(stop) 0.020  lr 9.03e-05  1.48 it/s
step   8050  L  0.9291  point 0.0275  disp 0.1316  theta 0.0000  stop 1.3397  act-agree 0.745  p(stop) 0.009  lr 9.01e-05  1.48 it/s
step   8100  L  0.6603  point 0.0319  disp 0.1027  theta 0.0000  stop 0.8344  act-agree 0.755  p(stop) 0.023  lr 9.00e-05  1.48 it/s
step   8150  L  0.7019  point 0.0273  disp 0.1005  theta 0.0000  stop 0.9355  act-agree 0.720  p(stop) 0.018  lr 8.99e-05  1.48 it/s
step   8200  L  0.6255  point 0.0292  disp 0.0947  theta 0.0000  stop 0.8222  act-agree 0.770  p(stop) 0.011  lr 8.98e-05  1.48 it/s
step   8250  L  0.6730  point 0.0333  disp 0.1046  theta 0.0000  stop 0.8564  act-agree 0.710  p(stop) 0.009  lr 8.97e-05  1.48 it/s
step   8300  L  0.6453  point 0.0314  disp 0.0920  theta 0.0000  stop 0.8450  act-agree 0.755  p(stop) 0.010  lr 8.95e-05  1.48 it/s
step   8350  L  0.6863  point 0.0394  disp 0.0992  theta 0.0000  stop 0.8878  act-agree 0.750  p(stop) 0.011  lr 8.94e-05  1.48 it/s
step   8400  L  0.5813  point 0.0303  disp 0.0926  theta 0.0000  stop 0.7047  act-agree 0.745  p(stop) 0.032  lr 8.93e-05  1.48 it/s
step   8450  L  0.6786  point 0.0323  disp 0.1102  theta 0.0000  stop 0.8638  act-agree 0.745  p(stop) 0.009  lr 8.92e-05  1.48 it/s
step   8500  L  0.3375  point 0.0321  disp 0.0872  theta 0.0000  stop 0.2497  act-agree 0.745  p(stop) 0.009  lr 8.90e-05  1.48 it/s
step   8550  L  0.6619  point 0.0294  disp 0.0916  theta 0.0000  stop 0.8840  act-agree 0.775  p(stop) 0.017  lr 8.89e-05  1.48 it/s
step   8600  L  0.6858  point 0.0316  disp 0.1139  theta 0.0000  stop 0.8767  act-agree 0.700  p(stop) 0.018  lr 8.88e-05  1.48 it/s
step   8650  L  0.5126  point 0.0327  disp 0.1255  theta 0.0000  stop 0.5065  act-agree 0.680  p(stop) 0.015  lr 8.86e-05  1.48 it/s
step   8700  L  0.5225  point 0.0312  disp 0.0916  theta 0.0000  stop 0.6162  act-agree 0.720  p(stop) 0.013  lr 8.85e-05  1.48 it/s
step   8750  L  0.4488  point 0.0268  disp 0.0809  theta 0.0000  stop 0.4860  act-agree 0.750  p(stop) 0.007  lr 8.84e-05  1.48 it/s
step   8800  L  1.1357  point 0.0329  disp 0.1437  theta 0.0000  stop 1.6979  act-agree 0.715  p(stop) 0.015  lr 8.83e-05  1.48 it/s
step   8850  L  0.3441  point 0.0345  disp 0.0449  theta 0.0000  stop 0.3051  act-agree 0.725  p(stop) 0.010  lr 8.81e-05  1.48 it/s
step   8900  L  0.8030  point 0.0225  disp 0.1111  theta 0.0000  stop 1.1443  act-agree 0.740  p(stop) 0.004  lr 8.80e-05  1.48 it/s
step   8950  L  0.7490  point 0.0366  disp 0.1151  theta 0.0000  stop 0.9923  act-agree 0.775  p(stop) 0.025  lr 8.79e-05  1.48 it/s
step   9000  L  0.4380  point 0.0271  disp 0.0859  theta 0.0000  stop 0.4310  act-agree 0.725  p(stop) 0.005  lr 8.77e-05  1.48 it/s
step   9050  L  0.8295  point 0.0513  disp 0.1329  theta 0.0000  stop 1.0937  act-agree 0.700  p(stop) 0.015  lr 8.76e-05  1.48 it/s
step   9100  L  0.5791  point 0.0283  disp 0.0692  theta 0.0000  stop 0.7465  act-agree 0.790  p(stop) 0.012  lr 8.75e-05  1.48 it/s
step   9150  L  0.4836  point 0.0402  disp 0.0874  theta 0.0000  stop 0.5121  act-agree 0.750  p(stop) 0.011  lr 8.73e-05  1.48 it/s
step   9200  L  0.9633  point 0.0325  disp 0.1295  theta 0.0000  stop 1.3947  act-agree 0.755  p(stop) 0.018  lr 8.72e-05  1.48 it/s
step   9250  L  1.0190  point 0.0380  disp 0.1068  theta 0.0000  stop 1.5051  act-agree 0.750  p(stop) 0.036  lr 8.71e-05  1.48 it/s
step   9300  L  0.4665  point 0.0410  disp 0.0982  theta 0.0000  stop 0.4351  act-agree 0.725  p(stop) 0.017  lr 8.69e-05  1.48 it/s
step   9350  L  0.4584  point 0.0302  disp 0.0709  theta 0.0000  stop 0.5323  act-agree 0.800  p(stop) 0.017  lr 8.68e-05  1.48 it/s
step   9400  L  0.6726  point 0.0357  disp 0.0884  theta 0.0000  stop 0.9023  act-agree 0.685  p(stop) 0.010  lr 8.66e-05  1.48 it/s
step   9450  L  0.5202  point 0.0336  disp 0.0954  theta 0.0000  stop 0.5936  act-agree 0.715  p(stop) 0.009  lr 8.65e-05  1.48 it/s
step   9500  L  0.8793  point 0.0356  disp 0.0904  theta 0.0000  stop 1.2935  act-agree 0.770  p(stop) 0.033  lr 8.64e-05  1.48 it/s
step   9550  L  0.6722  point 0.0367  disp 0.0813  theta 0.0000  stop 0.8917  act-agree 0.760  p(stop) 0.068  lr 8.62e-05  1.48 it/s
step   9600  L  0.5593  point 0.0327  disp 0.0722  theta 0.0000  stop 0.7047  act-agree 0.690  p(stop) 0.009  lr 8.61e-05  1.48 it/s
step   9650  L  0.6855  point 0.0280  disp 0.1032  theta 0.0000  stop 0.9207  act-agree 0.790  p(stop) 0.006  lr 8.59e-05  1.48 it/s
step   9700  L  0.6944  point 0.0291  disp 0.0874  theta 0.0000  stop 0.9648  act-agree 0.725  p(stop) 0.006  lr 8.58e-05  1.48 it/s
step   9750  L  0.5847  point 0.0223  disp 0.1091  theta 0.0000  stop 0.6955  act-agree 0.765  p(stop) 0.013  lr 8.57e-05  1.48 it/s
step   9800  L  0.9665  point 0.0348  disp 0.1226  theta 0.0000  stop 1.4297  act-agree 0.760  p(stop) 0.097  lr 8.55e-05  1.48 it/s
step   9850  L  0.6324  point 0.0310  disp 0.0852  theta 0.0000  stop 0.8151  act-agree 0.755  p(stop) 0.010  lr 8.54e-05  1.48 it/s
step   9900  L  0.4667  point 0.0239  disp 0.0674  theta 0.0000  stop 0.5620  act-agree 0.765  p(stop) 0.011  lr 8.52e-05  1.48 it/s
step   9950  L  0.4348  point 0.0290  disp 0.0660  theta 0.0000  stop 0.4757  act-agree 0.760  p(stop) 0.009  lr 8.51e-05  1.48 it/s
step  10000  L  0.8930  point 0.0323  disp 0.1149  theta 0.0000  stop 1.2658  act-agree 0.720  p(stop) 0.021  lr 8.49e-05  1.48 it/s
step  10050  L  0.4318  point 0.0334  disp 0.0638  theta 0.0000  stop 0.4942  act-agree 0.720  p(stop) 0.005  lr 8.48e-05  1.48 it/s
step  10100  L  0.3964  point 0.0297  disp 0.0656  theta 0.0000  stop 0.3768  act-agree 0.695  p(stop) 0.032  lr 8.47e-05  1.48 it/s
step  10150  L  0.7139  point 0.0273  disp 0.0968  theta 0.0000  stop 0.9595  act-agree 0.765  p(stop) 0.003  lr 8.45e-05  1.48 it/s
step  10200  L  0.4967  point 0.0400  disp 0.0731  theta 0.0000  stop 0.5877  act-agree 0.750  p(stop) 0.045  lr 8.44e-05  1.48 it/s
step  10250  L  0.5506  point 0.0338  disp 0.1003  theta 0.0000  stop 0.6221  act-agree 0.700  p(stop) 0.043  lr 8.42e-05  1.48 it/s
step  10300  L  0.5444  point 0.0241  disp 0.1067  theta 0.0000  stop 0.5987  act-agree 0.680  p(stop) 0.006  lr 8.41e-05  1.48 it/s
step  10350  L  0.5369  point 0.0226  disp 0.0596  theta 0.0000  stop 0.7300  act-agree 0.810  p(stop) 0.008  lr 8.39e-05  1.48 it/s
step  10400  L  0.6902  point 0.0312  disp 0.1002  theta 0.0000  stop 0.9358  act-agree 0.745  p(stop) 0.018  lr 8.38e-05  1.48 it/s
step  10450  L  0.5955  point 0.0276  disp 0.0846  theta 0.0000  stop 0.7836  act-agree 0.750  p(stop) 0.010  lr 8.36e-05  1.48 it/s
step  10500  L  0.7561  point 0.0290  disp 0.1080  theta 0.0000  stop 1.0425  act-agree 0.775  p(stop) 0.010  lr 8.35e-05  1.48 it/s
step  10550  L  0.3968  point 0.0314  disp 0.0746  theta 0.0000  stop 0.3598  act-agree 0.715  p(stop) 0.025  lr 8.33e-05  1.48 it/s
step  10600  L  0.7352  point 0.0279  disp 0.0974  theta 0.0000  stop 1.0180  act-agree 0.730  p(stop) 0.018  lr 8.32e-05  1.48 it/s
step  10650  L  0.6610  point 0.0280  disp 0.1156  theta 0.0000  stop 0.8407  act-agree 0.700  p(stop) 0.024  lr 8.30e-05  1.48 it/s
step  10700  L  0.5036  point 0.0345  disp 0.0830  theta 0.0000  stop 0.5731  act-agree 0.720  p(stop) 0.006  lr 8.29e-05  1.48 it/s
step  10750  L  0.5070  point 0.0277  disp 0.0632  theta 0.0000  stop 0.6420  act-agree 0.780  p(stop) 0.059  lr 8.27e-05  1.48 it/s
step  10800  L  0.4520  point 0.0299  disp 0.0806  theta 0.0000  stop 0.4719  act-agree 0.710  p(stop) 0.002  lr 8.26e-05  1.48 it/s
step  10850  L  0.5994  point 0.0338  disp 0.0880  theta 0.0000  stop 0.7315  act-agree 0.730  p(stop) 0.025  lr 8.24e-05  1.48 it/s
step  10900  L  0.5469  point 0.0371  disp 0.0900  theta 0.0000  stop 0.6429  act-agree 0.715  p(stop) 0.002  lr 8.22e-05  1.48 it/s
step  10950  L  0.4978  point 0.0161  disp 0.0751  theta 0.0000  stop 0.6129  act-agree 0.730  p(stop) 0.007  lr 8.21e-05  1.48 it/s
step  11000  L  0.5761  point 0.0304  disp 0.1167  theta 0.0000  stop 0.6681  act-agree 0.675  p(stop) 0.006  lr 8.19e-05  1.48 it/s
step  11050  L  0.7851  point 0.0248  disp 0.0804  theta 0.0000  stop 1.1476  act-agree 0.750  p(stop) 0.010  lr 8.18e-05  1.48 it/s
step  11100  L  0.3586  point 0.0296  disp 0.0696  theta 0.0000  stop 0.3310  act-agree 0.725  p(stop) 0.003  lr 8.16e-05  1.48 it/s
step  11150  L  0.4250  point 0.0276  disp 0.0853  theta 0.0000  stop 0.4280  act-agree 0.805  p(stop) 0.026  lr 8.15e-05  1.48 it/s
step  11200  L  0.4633  point 0.0298  disp 0.1065  theta 0.0000  stop 0.4632  act-agree 0.775  p(stop) 0.008  lr 8.13e-05  1.48 it/s
step  11250  L  0.6303  point 0.0269  disp 0.0917  theta 0.0000  stop 0.8409  act-agree 0.770  p(stop) 0.001  lr 8.12e-05  1.48 it/s
step  11300  L  0.6351  point 0.0294  disp 0.0756  theta 0.0000  stop 0.8419  act-agree 0.730  p(stop) 0.009  lr 8.10e-05  1.48 it/s
step  11350  L  0.6480  point 0.0243  disp 0.1042  theta 0.0000  stop 0.8419  act-agree 0.755  p(stop) 0.021  lr 8.08e-05  1.48 it/s
step  11400  L  0.2817  point 0.0323  disp 0.0462  theta 0.0000  stop 0.2325  act-agree 0.720  p(stop) 0.011  lr 8.07e-05  1.48 it/s
step  11450  L  0.7568  point 0.0298  disp 0.1123  theta 0.0000  stop 1.0123  act-agree 0.750  p(stop) 0.010  lr 8.05e-05  1.48 it/s
step  11500  L  0.7513  point 0.0295  disp 0.1119  theta 0.0000  stop 1.0259  act-agree 0.725  p(stop) 0.011  lr 8.04e-05  1.48 it/s
step  11550  L  0.4111  point 0.0344  disp 0.0940  theta 0.0000  stop 0.3604  act-agree 0.730  p(stop) 0.017  lr 8.02e-05  1.48 it/s
step  11600  L  0.7676  point 0.0329  disp 0.1009  theta 0.0000  stop 1.0986  act-agree 0.765  p(stop) 0.009  lr 8.00e-05  1.48 it/s
step  11650  L  0.9018  point 0.0256  disp 0.1219  theta 0.0000  stop 1.3059  act-agree 0.760  p(stop) 0.045  lr 7.99e-05  1.48 it/s
step  11700  L  0.3614  point 0.0279  disp 0.0736  theta 0.0000  stop 0.3160  act-agree 0.725  p(stop) 0.019  lr 7.97e-05  1.48 it/s
step  11750  L  0.7795  point 0.0373  disp 0.0825  theta 0.0000  stop 1.1013  act-agree 0.740  p(stop) 0.023  lr 7.95e-05  1.48 it/s
step  11800  L  0.5532  point 0.0291  disp 0.0702  theta 0.0000  stop 0.7226  act-agree 0.775  p(stop) 0.006  lr 7.94e-05  1.48 it/s
step  11850  L  0.6804  point 0.0305  disp 0.0880  theta 0.0000  stop 0.9110  act-agree 0.790  p(stop) 0.037  lr 7.92e-05  1.48 it/s
step  11900  L  0.3728  point 0.0281  disp 0.0721  theta 0.0000  stop 0.3576  act-agree 0.725  p(stop) 0.007  lr 7.91e-05  1.48 it/s
step  11950  L  0.5831  point 0.0251  disp 0.0702  theta 0.0000  stop 0.7666  act-agree 0.715  p(stop) 0.023  lr 7.89e-05  1.48 it/s
step  12000  L  0.4347  point 0.0335  disp 0.0801  theta 0.0000  stop 0.4529  act-agree 0.760  p(stop) 0.004  lr 7.87e-05  1.48 it/s
step  12050  L  0.7812  point 0.0228  disp 0.0929  theta 0.0000  stop 1.0828  act-agree 0.740  p(stop) 0.014  lr 7.86e-05  1.48 it/s
step  12100  L  0.4270  point 0.0432  disp 0.0807  theta 0.0000  stop 0.4017  act-agree 0.755  p(stop) 0.005  lr 7.84e-05  1.48 it/s
step  12150  L  0.6902  point 0.0254  disp 0.0758  theta 0.0000  stop 0.9839  act-agree 0.740  p(stop) 0.010  lr 7.82e-05  1.48 it/s
step  12200  L  0.7301  point 0.0273  disp 0.1015  theta 0.0000  stop 1.0190  act-agree 0.710  p(stop) 0.037  lr 7.81e-05  1.48 it/s
step  12250  L  0.5143  point 0.0309  disp 0.0663  theta 0.0000  stop 0.6168  act-agree 0.700  p(stop) 0.018  lr 7.79e-05  1.48 it/s
step  12300  L  0.5120  point 0.0289  disp 0.0664  theta 0.0000  stop 0.6234  act-agree 0.725  p(stop) 0.008  lr 7.77e-05  1.48 it/s
step  12350  L  0.4445  point 0.0284  disp 0.0864  theta 0.0000  stop 0.4355  act-agree 0.715  p(stop) 0.018  lr 7.76e-05  1.48 it/s
step  12400  L  0.5435  point 0.0243  disp 0.0850  theta 0.0000  stop 0.7025  act-agree 0.755  p(stop) 0.007  lr 7.74e-05  1.48 it/s
step  12450  L  0.9982  point 0.0316  disp 0.1137  theta 0.0000  stop 1.5244  act-agree 0.790  p(stop) 0.016  lr 7.72e-05  1.48 it/s
step  12500  L  0.6010  point 0.0236  disp 0.0825  theta 0.0000  stop 0.7638  act-agree 0.820  p(stop) 0.009  lr 7.70e-05  1.48 it/s
step  12550  L  0.7007  point 0.0266  disp 0.0835  theta 0.0000  stop 0.9797  act-agree 0.710  p(stop) 0.010  lr 7.69e-05  1.48 it/s
step  12600  L  0.3860  point 0.0299  disp 0.0881  theta 0.0000  stop 0.3410  act-agree 0.765  p(stop) 0.003  lr 7.67e-05  1.48 it/s
step  12650  L  0.3823  point 0.0311  disp 0.0675  theta 0.0000  stop 0.3719  act-agree 0.700  p(stop) 0.018  lr 7.65e-05  1.48 it/s
step  12700  L  0.6412  point 0.0336  disp 0.0953  theta 0.0000  stop 0.8237  act-agree 0.760  p(stop) 0.003  lr 7.64e-05  1.48 it/s
step  12750  L  0.2909  point 0.0272  disp 0.0914  theta 0.0000  stop 0.1331  act-agree 0.765  p(stop) 0.007  lr 7.62e-05  1.48 it/s
step  12800  L  0.8061  point 0.0307  disp 0.0856  theta 0.0000  stop 1.2240  act-agree 0.750  p(stop) 0.008  lr 7.60e-05  1.48 it/s
step  12850  L  0.7466  point 0.0267  disp 0.0784  theta 0.0000  stop 1.1072  act-agree 0.750  p(stop) 0.021  lr 7.58e-05  1.48 it/s
step  12900  L  0.4103  point 0.0272  disp 0.0641  theta 0.0000  stop 0.4365  act-agree 0.755  p(stop) 0.014  lr 7.57e-05  1.48 it/s
step  12950  L  0.3934  point 0.0303  disp 0.0694  theta 0.0000  stop 0.3881  act-agree 0.830  p(stop) 0.001  lr 7.55e-05  1.48 it/s
step  13000  L  0.4753  point 0.0308  disp 0.0726  theta 0.0000  stop 0.5271  act-agree 0.740  p(stop) 0.015  lr 7.53e-05  1.48 it/s
step  13050  L  0.3813  point 0.0295  disp 0.0698  theta 0.0000  stop 0.3476  act-agree 0.755  p(stop) 0.007  lr 7.52e-05  1.48 it/s
step  13100  L  0.5301  point 0.0276  disp 0.0915  theta 0.0000  stop 0.6409  act-agree 0.725  p(stop) 0.004  lr 7.50e-05  1.48 it/s
step  13150  L  0.4137  point 0.0244  disp 0.0441  theta 0.0000  stop 0.5010  act-agree 0.740  p(stop) 0.006  lr 7.48e-05  1.48 it/s
step  13200  L  0.4972  point 0.0284  disp 0.0698  theta 0.0000  stop 0.6144  act-agree 0.720  p(stop) 0.009  lr 7.46e-05  1.48 it/s
step  13250  L  0.5119  point 0.0282  disp 0.0915  theta 0.0000  stop 0.5946  act-agree 0.710  p(stop) 0.013  lr 7.45e-05  1.48 it/s
step  13300  L  0.4151  point 0.0212  disp 0.0622  theta 0.0000  stop 0.4449  act-agree 0.740  p(stop) 0.003  lr 7.43e-05  1.48 it/s
step  13350  L  0.8708  point 0.0288  disp 0.1085  theta 0.0000  stop 1.2744  act-agree 0.765  p(stop) 0.001  lr 7.41e-05  1.48 it/s
step  13400  L  0.2938  point 0.0281  disp 0.0747  theta 0.0000  stop 0.1821  act-agree 0.695  p(stop) 0.005  lr 7.39e-05  1.48 it/s
step  13450  L  0.7205  point 0.0364  disp 0.1067  theta 0.0000  stop 0.9492  act-agree 0.780  p(stop) 0.012  lr 7.37e-05  1.48 it/s
step  13500  L  0.8535  point 0.0323  disp 0.1244  theta 0.0000  stop 1.2082  act-agree 0.765  p(stop) 0.019  lr 7.36e-05  1.48 it/s
step  13550  L  0.5912  point 0.0267  disp 0.0774  theta 0.0000  stop 0.7800  act-agree 0.735  p(stop) 0.035  lr 7.34e-05  1.48 it/s
step  13600  L  0.5136  point 0.0238  disp 0.0735  theta 0.0000  stop 0.6426  act-agree 0.710  p(stop) 0.004  lr 7.32e-05  1.48 it/s
step  13650  L  0.3442  point 0.0344  disp 0.0924  theta 0.0000  stop 0.2550  act-agree 0.785  p(stop) 0.002  lr 7.30e-05  1.48 it/s
step  13700  L  0.4631  point 0.0222  disp 0.0843  theta 0.0000  stop 0.5433  act-agree 0.755  p(stop) 0.009  lr 7.29e-05  1.48 it/s
step  13750  L  0.6082  point 0.0262  disp 0.0693  theta 0.0000  stop 0.8218  act-agree 0.755  p(stop) 0.018  lr 7.27e-05  1.48 it/s
step  13800  L  0.5749  point 0.0349  disp 0.0758  theta 0.0000  stop 0.7323  act-agree 0.760  p(stop) 0.016  lr 7.25e-05  1.48 it/s
step  13850  L  0.6447  point 0.0311  disp 0.0843  theta 0.0000  stop 0.8548  act-agree 0.765  p(stop) 0.019  lr 7.23e-05  1.48 it/s
step  13900  L  0.3492  point 0.0285  disp 0.0624  theta 0.0000  stop 0.3477  act-agree 0.715  p(stop) 0.001  lr 7.21e-05  1.48 it/s
step  13950  L  0.6777  point 0.0211  disp 0.1120  theta 0.0000  stop 0.9007  act-agree 0.745  p(stop) 0.011  lr 7.20e-05  1.48 it/s
step  14000  L  0.7982  point 0.0272  disp 0.1010  theta 0.0000  stop 1.1464  act-agree 0.780  p(stop) 0.006  lr 7.18e-05  1.48 it/s
step  14050  L  0.4292  point 0.0260  disp 0.0487  theta 0.0000  stop 0.5206  act-agree 0.770  p(stop) 0.006  lr 7.16e-05  1.48 it/s
step  14100  L  0.7379  point 0.0254  disp 0.0725  theta 0.0000  stop 1.0970  act-agree 0.805  p(stop) 0.008  lr 7.14e-05  1.48 it/s
step  14150  L  0.6259  point 0.0297  disp 0.0636  theta 0.0000  stop 0.8594  act-agree 0.745  p(stop) 0.012  lr 7.12e-05  1.48 it/s
step  14200  L  0.7095  point 0.0308  disp 0.0933  theta 0.0000  stop 0.9992  act-agree 0.815  p(stop) 0.011  lr 7.10e-05  1.48 it/s
step  14250  L  0.6966  point 0.0359  disp 0.0908  theta 0.0000  stop 0.9379  act-agree 0.740  p(stop) 0.003  lr 7.09e-05  1.48 it/s
step  14300  L  0.5929  point 0.0277  disp 0.1438  theta 0.0000  stop 0.6375  act-agree 0.705  p(stop) 0.011  lr 7.07e-05  1.48 it/s
step  14350  L  0.6880  point 0.0267  disp 0.0840  theta 0.0000  stop 0.9602  act-agree 0.740  p(stop) 0.024  lr 7.05e-05  1.48 it/s
step  14400  L  0.5132  point 0.0301  disp 0.0543  theta 0.0000  stop 0.6892  act-agree 0.735  p(stop) 0.006  lr 7.03e-05  1.48 it/s
step  14450  L  0.5790  point 0.0259  disp 0.0771  theta 0.0000  stop 0.7800  act-agree 0.715  p(stop) 0.008  lr 7.01e-05  1.48 it/s
step  14500  L  1.1157  point 0.0238  disp 0.1056  theta 0.0000  stop 1.7581  act-agree 0.710  p(stop) 0.013  lr 6.99e-05  1.48 it/s
step  14550  L  0.5474  point 0.0239  disp 0.0877  theta 0.0000  stop 0.6729  act-agree 0.770  p(stop) 0.008  lr 6.98e-05  1.48 it/s
step  14600  L  0.2703  point 0.0259  disp 0.0863  theta 0.0000  stop 0.1164  act-agree 0.740  p(stop) 0.014  lr 6.96e-05  1.48 it/s
step  14650  L  0.5213  point 0.0257  disp 0.0768  theta 0.0000  stop 0.6575  act-agree 0.750  p(stop) 0.002  lr 6.94e-05  1.48 it/s
step  14700  L  0.3744  point 0.0294  disp 0.0655  theta 0.0000  stop 0.4024  act-agree 0.770  p(stop) 0.006  lr 6.92e-05  1.48 it/s
step  14750  L  0.4955  point 0.0227  disp 0.0819  theta 0.0000  stop 0.5651  act-agree 0.755  p(stop) 0.011  lr 6.90e-05  1.48 it/s
step  14800  L  0.6307  point 0.0361  disp 0.0715  theta 0.0000  stop 0.8487  act-agree 0.760  p(stop) 0.006  lr 6.88e-05  1.48 it/s
step  14850  L  0.6877  point 0.0269  disp 0.1096  theta 0.0000  stop 0.8970  act-agree 0.705  p(stop) 0.012  lr 6.86e-05  1.48 it/s
step  14900  L  0.6121  point 0.0297  disp 0.0806  theta 0.0000  stop 0.8212  act-agree 0.755  p(stop) 0.013  lr 6.85e-05  1.48 it/s
step  14950  L  0.4459  point 0.0387  disp 0.0615  theta 0.0000  stop 0.4852  act-agree 0.785  p(stop) 0.007  lr 6.83e-05  1.48 it/s
step  15000  L  0.5144  point 0.0318  disp 0.0805  theta 0.0000  stop 0.6076  act-agree 0.745  p(stop) 0.011  lr 6.81e-05  1.48 it/s
step  15050  L  0.5532  point 0.0318  disp 0.0777  theta 0.0000  stop 0.6986  act-agree 0.735  p(stop) 0.008  lr 6.79e-05  1.48 it/s
step  15100  L  0.6897  point 0.0262  disp 0.0956  theta 0.0000  stop 0.9045  act-agree 0.735  p(stop) 0.049  lr 6.77e-05  1.48 it/s
step  15150  L  0.5719  point 0.0274  disp 0.0717  theta 0.0000  stop 0.7548  act-agree 0.720  p(stop) 0.003  lr 6.75e-05  1.48 it/s
step  15200  L  0.7120  point 0.0266  disp 0.1123  theta 0.0000  stop 0.9492  act-agree 0.760  p(stop) 0.007  lr 6.73e-05  1.48 it/s
step  15250  L  0.5323  point 0.0325  disp 0.0907  theta 0.0000  stop 0.6219  act-agree 0.715  p(stop) 0.007  lr 6.71e-05  1.48 it/s
step  15300  L  0.8030  point 0.0365  disp 0.0942  theta 0.0000  stop 1.1434  act-agree 0.745  p(stop) 0.003  lr 6.70e-05  1.48 it/s
step  15350  L  0.6065  point 0.0310  disp 0.1059  theta 0.0000  stop 0.7591  act-agree 0.745  p(stop) 0.004  lr 6.68e-05  1.48 it/s
step  15400  L  0.7288  point 0.0227  disp 0.1045  theta 0.0000  stop 1.0464  act-agree 0.770  p(stop) 0.004  lr 6.66e-05  1.48 it/s
step  15450  L  0.4299  point 0.0299  disp 0.0872  theta 0.0000  stop 0.4536  act-agree 0.760  p(stop) 0.004  lr 6.64e-05  1.48 it/s
step  15500  L  0.7052  point 0.0223  disp 0.1066  theta 0.0000  stop 0.9347  act-agree 0.725  p(stop) 0.005  lr 6.62e-05  1.48 it/s
step  15550  L  0.4478  point 0.0222  disp 0.1070  theta 0.0000  stop 0.4450  act-agree 0.730  p(stop) 0.005  lr 6.60e-05  1.48 it/s
step  15600  L  0.6111  point 0.0311  disp 0.0734  theta 0.0000  stop 0.8402  act-agree 0.750  p(stop) 0.017  lr 6.58e-05  1.48 it/s
step  15650  L  0.7956  point 0.0283  disp 0.0862  theta 0.0000  stop 1.1869  act-agree 0.745  p(stop) 0.043  lr 6.56e-05  1.48 it/s
step  15700  L  0.7161  point 0.0218  disp 0.0987  theta 0.0000  stop 1.0253  act-agree 0.735  p(stop) 0.029  lr 6.54e-05  1.48 it/s
step  15750  L  0.4782  point 0.0270  disp 0.0961  theta 0.0000  stop 0.5157  act-agree 0.695  p(stop) 0.020  lr 6.52e-05  1.48 it/s
step  15800  L  1.0239  point 0.0290  disp 0.0978  theta 0.0000  stop 1.6012  act-agree 0.785  p(stop) 0.021  lr 6.50e-05  1.48 it/s
step  15850  L  0.6007  point 0.0213  disp 0.0920  theta 0.0000  stop 0.7793  act-agree 0.690  p(stop) 0.038  lr 6.49e-05  1.48 it/s
step  15900  L  0.4870  point 0.0353  disp 0.0710  theta 0.0000  stop 0.5735  act-agree 0.755  p(stop) 0.004  lr 6.47e-05  1.48 it/s
step  15950  L  0.5917  point 0.0234  disp 0.0678  theta 0.0000  stop 0.8123  act-agree 0.765  p(stop) 0.011  lr 6.45e-05  1.48 it/s
step  16000  L  0.8464  point 0.0328  disp 0.0975  theta 0.0000  stop 1.2419  act-agree 0.755  p(stop) 0.033  lr 6.43e-05  1.48 it/s
step  16050  L  0.7761  point 0.0248  disp 0.0961  theta 0.0000  stop 1.1428  act-agree 0.730  p(stop) 0.012  lr 6.41e-05  1.48 it/s
step  16100  L  0.5014  point 0.0164  disp 0.0814  theta 0.0000  stop 0.6094  act-agree 0.790  p(stop) 0.010  lr 6.39e-05  1.48 it/s
step  16150  L  0.3035  point 0.0227  disp 0.0625  theta 0.0000  stop 0.2467  act-agree 0.775  p(stop) 0.023  lr 6.37e-05  1.48 it/s
step  16200  L  0.5269  point 0.0359  disp 0.0779  theta 0.0000  stop 0.6317  act-agree 0.740  p(stop) 0.009  lr 6.35e-05  1.48 it/s
step  16250  L  0.5373  point 0.0251  disp 0.0827  theta 0.0000  stop 0.6725  act-agree 0.800  p(stop) 0.004  lr 6.33e-05  1.48 it/s
step  16300  L  0.5898  point 0.0224  disp 0.1040  theta 0.0000  stop 0.7217  act-agree 0.745  p(stop) 0.008  lr 6.31e-05  1.48 it/s
step  16350  L  0.5883  point 0.0300  disp 0.0688  theta 0.0000  stop 0.7974  act-agree 0.800  p(stop) 0.004  lr 6.29e-05  1.48 it/s
step  16400  L  0.6154  point 0.0319  disp 0.0808  theta 0.0000  stop 0.8316  act-agree 0.830  p(stop) 0.007  lr 6.27e-05  1.48 it/s
step  16450  L  0.7257  point 0.0197  disp 0.0936  theta 0.0000  stop 1.0061  act-agree 0.770  p(stop) 0.013  lr 6.25e-05  1.48 it/s
step  16500  L  0.3179  point 0.0255  disp 0.0760  theta 0.0000  stop 0.2393  act-agree 0.745  p(stop) 0.007  lr 6.23e-05  1.48 it/s
step  16550  L  0.7609  point 0.0291  disp 0.1186  theta 0.0000  stop 1.0505  act-agree 0.670  p(stop) 0.018  lr 6.22e-05  1.48 it/s
step  16600  L  0.2508  point 0.0279  disp 0.0638  theta 0.0000  stop 0.1272  act-agree 0.780  p(stop) 0.006  lr 6.20e-05  1.48 it/s
step  16650  L  0.4024  point 0.0227  disp 0.0411  theta 0.0000  stop 0.4581  act-agree 0.680  p(stop) 0.010  lr 6.18e-05  1.48 it/s
step  16700  L  0.6166  point 0.0263  disp 0.0958  theta 0.0000  stop 0.7921  act-agree 0.780  p(stop) 0.017  lr 6.16e-05  1.48 it/s
step  16750  L  0.4278  point 0.0251  disp 0.0855  theta 0.0000  stop 0.4440  act-agree 0.740  p(stop) 0.026  lr 6.14e-05  1.48 it/s
step  16800  L  0.6129  point 0.0291  disp 0.1086  theta 0.0000  stop 0.7754  act-agree 0.770  p(stop) 0.002  lr 6.12e-05  1.48 it/s
step  16850  L  0.5614  point 0.0267  disp 0.0700  theta 0.0000  stop 0.7300  act-agree 0.760  p(stop) 0.011  lr 6.10e-05  1.48 it/s
step  16900  L  0.6847  point 0.0172  disp 0.0831  theta 0.0000  stop 1.0032  act-agree 0.745  p(stop) 0.031  lr 6.08e-05  1.48 it/s
step  16950  L  0.5924  point 0.0321  disp 0.1077  theta 0.0000  stop 0.7171  act-agree 0.755  p(stop) 0.002  lr 6.06e-05  1.48 it/s
step  17000  L  0.6643  point 0.0290  disp 0.1114  theta 0.0000  stop 0.8684  act-agree 0.800  p(stop) 0.017  lr 6.04e-05  1.48 it/s
step  17050  L  0.6475  point 0.0305  disp 0.0714  theta 0.0000  stop 0.9212  act-agree 0.725  p(stop) 0.003  lr 6.02e-05  1.48 it/s
step  17100  L  0.3238  point 0.0264  disp 0.0879  theta 0.0000  stop 0.2221  act-agree 0.745  p(stop) 0.010  lr 6.00e-05  1.48 it/s
step  17150  L  0.5950  point 0.0318  disp 0.0930  theta 0.0000  stop 0.7671  act-agree 0.750  p(stop) 0.012  lr 5.98e-05  1.48 it/s
step  17200  L  0.5245  point 0.0291  disp 0.0814  theta 0.0000  stop 0.6144  act-agree 0.770  p(stop) 0.002  lr 5.96e-05  1.48 it/s
step  17250  L  0.6426  point 0.0302  disp 0.0701  theta 0.0000  stop 0.8740  act-agree 0.795  p(stop) 0.008  lr 5.94e-05  1.48 it/s
step  17300  L  0.1748  point 0.0218  disp 0.0653  theta 0.0000  stop 0.0098  act-agree 0.775  p(stop) 0.001  lr 5.92e-05  1.48 it/s
step  17350  L  0.6487  point 0.0330  disp 0.0610  theta 0.0000  stop 0.9514  act-agree 0.760  p(stop) 0.004  lr 5.90e-05  1.48 it/s
step  17400  L  1.0207  point 0.0277  disp 0.1097  theta 0.0000  stop 1.5656  act-agree 0.745  p(stop) 0.008  lr 5.88e-05  1.48 it/s
step  17450  L  0.6359  point 0.0307  disp 0.0690  theta 0.0000  stop 0.8783  act-agree 0.705  p(stop) 0.010  lr 5.86e-05  1.48 it/s
step  17500  L  0.6119  point 0.0268  disp 0.0736  theta 0.0000  stop 0.8497  act-agree 0.760  p(stop) 0.006  lr 5.84e-05  1.48 it/s
step  17550  L  0.6635  point 0.0268  disp 0.0823  theta 0.0000  stop 0.9085  act-agree 0.780  p(stop) 0.019  lr 5.82e-05  1.48 it/s
step  17600  L  0.3647  point 0.0222  disp 0.0567  theta 0.0000  stop 0.3719  act-agree 0.755  p(stop) 0.014  lr 5.80e-05  1.48 it/s
step  17650  L  0.3622  point 0.0270  disp 0.0510  theta 0.0000  stop 0.3853  act-agree 0.705  p(stop) 0.009  lr 5.78e-05  1.48 it/s
step  17700  L  0.4717  point 0.0292  disp 0.0675  theta 0.0000  stop 0.5836  act-agree 0.790  p(stop) 0.006  lr 5.76e-05  1.48 it/s
step  17750  L  0.4292  point 0.0350  disp 0.1321  theta 0.0000  stop 0.3432  act-agree 0.735  p(stop) 0.008  lr 5.75e-05  1.48 it/s
step  17800  L  0.2136  point 0.0287  disp 0.0344  theta 0.0000  stop 0.1511  act-agree 0.720  p(stop) 0.004  lr 5.73e-05  1.48 it/s
step  17850  L  0.6316  point 0.0244  disp 0.0910  theta 0.0000  stop 0.8497  act-agree 0.745  p(stop) 0.015  lr 5.71e-05  1.48 it/s
step  17900  L  0.8335  point 0.0200  disp 0.1104  theta 0.0000  stop 1.2341  act-agree 0.745  p(stop) 0.019  lr 5.69e-05  1.48 it/s
step  17950  L  0.2751  point 0.0246  disp 0.0773  theta 0.0000  stop 0.1542  act-agree 0.745  p(stop) 0.011  lr 5.67e-05  1.48 it/s
step  18000  L  0.4277  point 0.0299  disp 0.0614  theta 0.0000  stop 0.4580  act-agree 0.715  p(stop) 0.003  lr 5.65e-05  1.48 it/s
step  18050  L  0.5936  point 0.0248  disp 0.1027  theta 0.0000  stop 0.7562  act-agree 0.735  p(stop) 0.009  lr 5.63e-05  1.48 it/s
step  18100  L  0.4713  point 0.0211  disp 0.0883  theta 0.0000  stop 0.5391  act-agree 0.765  p(stop) 0.001  lr 5.61e-05  1.48 it/s
step  18150  L  0.2413  point 0.0213  disp 0.0361  theta 0.0000  stop 0.1912  act-agree 0.760  p(stop) 0.006  lr 5.59e-05  1.48 it/s
step  18200  L  0.3472  point 0.0294  disp 0.0492  theta 0.0000  stop 0.3504  act-agree 0.800  p(stop) 0.013  lr 5.57e-05  1.48 it/s
step  18250  L  0.8778  point 0.0436  disp 0.1021  theta 0.0000  stop 1.2833  act-agree 0.760  p(stop) 0.005  lr 5.55e-05  1.48 it/s
step  18300  L  0.6479  point 0.0244  disp 0.0840  theta 0.0000  stop 0.9388  act-agree 0.815  p(stop) 0.025  lr 5.53e-05  1.48 it/s
step  18350  L  0.7581  point 0.0317  disp 0.1115  theta 0.0000  stop 1.0539  act-agree 0.725  p(stop) 0.006  lr 5.51e-05  1.48 it/s
step  18400  L  0.5243  point 0.0340  disp 0.0592  theta 0.0000  stop 0.6293  act-agree 0.715  p(stop) 0.016  lr 5.49e-05  1.48 it/s
step  18450  L  0.4428  point 0.0212  disp 0.0558  theta 0.0000  stop 0.5394  act-agree 0.765  p(stop) 0.017  lr 5.47e-05  1.48 it/s
step  18500  L  0.7642  point 0.0333  disp 0.1008  theta 0.0000  stop 1.0883  act-agree 0.695  p(stop) 0.017  lr 5.45e-05  1.48 it/s
step  18550  L  0.6766  point 0.0227  disp 0.0752  theta 0.0000  stop 0.9671  act-agree 0.760  p(stop) 0.005  lr 5.43e-05  1.48 it/s
step  18600  L  0.5602  point 0.0239  disp 0.0693  theta 0.0000  stop 0.7606  act-agree 0.755  p(stop) 0.002  lr 5.41e-05  1.48 it/s
step  18650  L  0.5012  point 0.0240  disp 0.0895  theta 0.0000  stop 0.5755  act-agree 0.730  p(stop) 0.001  lr 5.39e-05  1.48 it/s
step  18700  L  0.5807  point 0.0304  disp 0.0907  theta 0.0000  stop 0.7350  act-agree 0.735  p(stop) 0.024  lr 5.37e-05  1.48 it/s
step  18750  L  0.6136  point 0.0208  disp 0.0756  theta 0.0000  stop 0.8787  act-agree 0.810  p(stop) 0.021  lr 5.35e-05  1.48 it/s
step  18800  L  0.4004  point 0.0235  disp 0.0669  theta 0.0000  stop 0.4127  act-agree 0.695  p(stop) 0.003  lr 5.33e-05  1.48 it/s
step  18850  L  0.5956  point 0.0208  disp 0.0859  theta 0.0000  stop 0.7947  act-agree 0.765  p(stop) 0.032  lr 5.31e-05  1.48 it/s
step  18900  L  0.2800  point 0.0184  disp 0.0675  theta 0.0000  stop 0.2363  act-agree 0.785  p(stop) 0.029  lr 5.29e-05  1.48 it/s
step  18950  L  0.2584  point 0.0259  disp 0.0638  theta 0.0000  stop 0.1573  act-agree 0.760  p(stop) 0.031  lr 5.27e-05  1.48 it/s
step  19000  L  0.3867  point 0.0281  disp 0.0761  theta 0.0000  stop 0.3943  act-agree 0.790  p(stop) 0.013  lr 5.25e-05  1.48 it/s
step  19050  L  0.5018  point 0.0250  disp 0.0850  theta 0.0000  stop 0.6067  act-agree 0.775  p(stop) 0.001  lr 5.23e-05  1.48 it/s
step  19100  L  0.7511  point 0.0301  disp 0.0688  theta 0.0000  stop 1.1253  act-agree 0.770  p(stop) 0.006  lr 5.21e-05  1.48 it/s
step  19150  L  0.6429  point 0.0251  disp 0.0713  theta 0.0000  stop 0.9115  act-agree 0.765  p(stop) 0.010  lr 5.19e-05  1.48 it/s
step  19200  L  0.6420  point 0.0269  disp 0.1086  theta 0.0000  stop 0.8726  act-agree 0.785  p(stop) 0.023  lr 5.17e-05  1.48 it/s
step  19250  L  0.5918  point 0.0248  disp 0.0658  theta 0.0000  stop 0.8456  act-agree 0.825  p(stop) 0.037  lr 5.15e-05  1.48 it/s
step  19300  L  0.6074  point 0.0298  disp 0.0763  theta 0.0000  stop 0.8170  act-agree 0.765  p(stop) 0.009  lr 5.13e-05  1.48 it/s
step  19350  L  0.5000  point 0.0274  disp 0.0772  theta 0.0000  stop 0.6282  act-agree 0.755  p(stop) 0.028  lr 5.11e-05  1.48 it/s
step  19400  L  0.3429  point 0.0225  disp 0.0422  theta 0.0000  stop 0.3643  act-agree 0.835  p(stop) 0.011  lr 5.09e-05  1.48 it/s
step  19450  L  0.5882  point 0.0247  disp 0.0947  theta 0.0000  stop 0.7610  act-agree 0.765  p(stop) 0.005  lr 5.07e-05  1.48 it/s
step  19500  L  0.7843  point 0.0246  disp 0.0950  theta 0.0000  stop 1.1516  act-agree 0.760  p(stop) 0.010  lr 5.05e-05  1.48 it/s
step  19550  L  0.5564  point 0.0294  disp 0.0996  theta 0.0000  stop 0.6767  act-agree 0.750  p(stop) 0.049  lr 5.03e-05  1.48 it/s
step  19600  L  0.7929  point 0.0210  disp 0.1138  theta 0.0000  stop 1.0820  act-agree 0.770  p(stop) 0.007  lr 5.01e-05  1.48 it/s
step  19650  L  0.3138  point 0.0168  disp 0.0706  theta 0.0000  stop 0.2591  act-agree 0.750  p(stop) 0.014  lr 4.99e-05  1.48 it/s
step  19700  L  0.4655  point 0.0237  disp 0.0710  theta 0.0000  stop 0.5554  act-agree 0.750  p(stop) 0.036  lr 4.97e-05  1.48 it/s
step  19750  L  0.3870  point 0.0300  disp 0.0557  theta 0.0000  stop 0.3863  act-agree 0.715  p(stop) 0.013  lr 4.95e-05  1.48 it/s
step  19800  L  0.6527  point 0.0281  disp 0.0624  theta 0.0000  stop 0.9156  act-agree 0.780  p(stop) 0.037  lr 4.93e-05  1.48 it/s
step  19850  L  0.5496  point 0.0247  disp 0.0826  theta 0.0000  stop 0.6992  act-agree 0.745  p(stop) 0.009  lr 4.91e-05  1.48 it/s
step  19900  L  0.4960  point 0.0233  disp 0.0622  theta 0.0000  stop 0.6364  act-agree 0.800  p(stop) 0.003  lr 4.89e-05  1.48 it/s
step  19950  L  0.5498  point 0.0286  disp 0.0667  theta 0.0000  stop 0.7093  act-agree 0.810  p(stop) 0.011  lr 4.87e-05  1.48 it/s
step  20000  L  0.9338  point 0.0221  disp 0.1084  theta 0.0000  stop 1.4644  act-agree 0.750  p(stop) 0.005  lr 4.85e-05  1.48 it/s
step  20050  L  0.6988  point 0.0379  disp 0.0844  theta 0.0000  stop 0.9841  act-agree 0.780  p(stop) 0.018  lr 4.83e-05  1.48 it/s
step  20100  L  0.3701  point 0.0327  disp 0.0515  theta 0.0000  stop 0.3834  act-agree 0.720  p(stop) 0.014  lr 4.81e-05  1.48 it/s
step  20150  L  0.7281  point 0.0210  disp 0.0911  theta 0.0000  stop 1.0626  act-agree 0.745  p(stop) 0.006  lr 4.79e-05  1.48 it/s
step  20200  L  0.3840  point 0.0220  disp 0.0736  theta 0.0000  stop 0.4203  act-agree 0.745  p(stop) 0.012  lr 4.77e-05  1.48 it/s
step  20250  L  0.6559  point 0.0256  disp 0.0832  theta 0.0000  stop 0.9128  act-agree 0.770  p(stop) 0.005  lr 4.75e-05  1.48 it/s
step  20300  L  0.5562  point 0.0200  disp 0.0688  theta 0.0000  stop 0.7615  act-agree 0.770  p(stop) 0.005  lr 4.74e-05  1.48 it/s
step  20350  L  0.2844  point 0.0181  disp 0.0565  theta 0.0000  stop 0.2291  act-agree 0.735  p(stop) 0.013  lr 4.72e-05  1.48 it/s
step  20400  L  0.4063  point 0.0251  disp 0.0611  theta 0.0000  stop 0.4506  act-agree 0.775  p(stop) 0.004  lr 4.70e-05  1.48 it/s
step  20450  L  0.5256  point 0.0311  disp 0.0666  theta 0.0000  stop 0.6906  act-agree 0.760  p(stop) 0.010  lr 4.68e-05  1.48 it/s
step  20500  L  0.5308  point 0.0195  disp 0.0632  theta 0.0000  stop 0.7494  act-agree 0.745  p(stop) 0.029  lr 4.66e-05  1.48 it/s
step  20550  L  0.5199  point 0.0220  disp 0.0653  theta 0.0000  stop 0.6921  act-agree 0.725  p(stop) 0.023  lr 4.64e-05  1.48 it/s
step  20600  L  0.3237  point 0.0212  disp 0.0576  theta 0.0000  stop 0.3192  act-agree 0.830  p(stop) 0.010  lr 4.62e-05  1.48 it/s
step  20650  L  0.5705  point 0.0213  disp 0.0806  theta 0.0000  stop 0.7706  act-agree 0.755  p(stop) 0.006  lr 4.60e-05  1.48 it/s
step  20700  L  0.6917  point 0.0283  disp 0.1092  theta 0.0000  stop 0.9348  act-agree 0.765  p(stop) 0.019  lr 4.58e-05  1.48 it/s
step  20750  L  0.3530  point 0.0230  disp 0.0579  theta 0.0000  stop 0.3741  act-agree 0.780  p(stop) 0.005  lr 4.56e-05  1.48 it/s
step  20800  L  0.5458  point 0.0232  disp 0.0600  theta 0.0000  stop 0.7428  act-agree 0.820  p(stop) 0.001  lr 4.54e-05  1.48 it/s
step  20850  L  0.4752  point 0.0250  disp 0.0629  theta 0.0000  stop 0.6257  act-agree 0.810  p(stop) 0.025  lr 4.52e-05  1.48 it/s
step  20900  L  0.4736  point 0.0238  disp 0.0665  theta 0.0000  stop 0.5981  act-agree 0.785  p(stop) 0.007  lr 4.50e-05  1.48 it/s
step  20950  L  0.7817  point 0.0246  disp 0.0879  theta 0.0000  stop 1.1829  act-agree 0.735  p(stop) 0.007  lr 4.48e-05  1.48 it/s
step  21000  L  0.5971  point 0.0298  disp 0.1142  theta 0.0000  stop 0.7575  act-agree 0.775  p(stop) 0.007  lr 4.46e-05  1.48 it/s
step  21050  L  0.3686  point 0.0199  disp 0.0723  theta 0.0000  stop 0.3891  act-agree 0.720  p(stop) 0.014  lr 4.44e-05  1.48 it/s
step  21100  L  0.5461  point 0.0333  disp 0.1040  theta 0.0000  stop 0.6381  act-agree 0.795  p(stop) 0.004  lr 4.42e-05  1.48 it/s
step  21150  L  0.9191  point 0.0229  disp 0.0851  theta 0.0000  stop 1.3978  act-agree 0.765  p(stop) 0.050  lr 4.40e-05  1.48 it/s
step  21200  L  0.5651  point 0.0184  disp 0.0724  theta 0.0000  stop 0.7622  act-agree 0.750  p(stop) 0.016  lr 4.38e-05  1.48 it/s
step  21250  L  0.3533  point 0.0324  disp 0.0667  theta 0.0000  stop 0.3508  act-agree 0.830  p(stop) 0.002  lr 4.36e-05  1.48 it/s
step  21300  L  0.7020  point 0.0249  disp 0.0717  theta 0.0000  stop 1.0359  act-agree 0.810  p(stop) 0.019  lr 4.34e-05  1.48 it/s
step  21350  L  0.6754  point 0.0218  disp 0.0762  theta 0.0000  stop 1.0042  act-agree 0.790  p(stop) 0.014  lr 4.32e-05  1.48 it/s
step  21400  L  0.7619  point 0.0210  disp 0.0963  theta 0.0000  stop 1.1213  act-agree 0.790  p(stop) 0.017  lr 4.30e-05  1.48 it/s
step  21450  L  0.3148  point 0.0216  disp 0.0788  theta 0.0000  stop 0.2270  act-agree 0.755  p(stop) 0.022  lr 4.28e-05  1.48 it/s
step  21500  L  0.4196  point 0.0323  disp 0.0525  theta 0.0000  stop 0.5036  act-agree 0.775  p(stop) 0.020  lr 4.27e-05  1.48 it/s
step  21550  L  0.4595  point 0.0259  disp 0.0749  theta 0.0000  stop 0.5669  act-agree 0.765  p(stop) 0.015  lr 4.25e-05  1.48 it/s
step  21600  L  0.4818  point 0.0269  disp 0.0657  theta 0.0000  stop 0.5894  act-agree 0.745  p(stop) 0.009  lr 4.23e-05  1.48 it/s
step  21650  L  0.5058  point 0.0285  disp 0.0606  theta 0.0000  stop 0.6803  act-agree 0.820  p(stop) 0.001  lr 4.21e-05  1.48 it/s
step  21700  L  0.3400  point 0.0253  disp 0.0993  theta 0.0000  stop 0.2451  act-agree 0.720  p(stop) 0.003  lr 4.19e-05  1.48 it/s
step  21750  L  0.5905  point 0.0315  disp 0.0823  theta 0.0000  stop 0.7750  act-agree 0.755  p(stop) 0.006  lr 4.17e-05  1.48 it/s
step  21800  L  0.7724  point 0.0324  disp 0.0928  theta 0.0000  stop 1.1043  act-agree 0.715  p(stop) 0.029  lr 4.15e-05  1.48 it/s
step  21850  L  0.2305  point 0.0195  disp 0.0515  theta 0.0000  stop 0.1519  act-agree 0.790  p(stop) 0.002  lr 4.13e-05  1.48 it/s
step  21900  L  0.5596  point 0.0225  disp 0.0686  theta 0.0000  stop 0.7695  act-agree 0.790  p(stop) 0.019  lr 4.11e-05  1.48 it/s
step  21950  L  0.7923  point 0.0231  disp 0.1120  theta 0.0000  stop 1.1344  act-agree 0.745  p(stop) 0.011  lr 4.09e-05  1.48 it/s
step  22000  L  0.9402  point 0.0291  disp 0.0785  theta 0.0000  stop 1.4701  act-agree 0.780  p(stop) 0.013  lr 4.07e-05  1.48 it/s
step  22050  L  0.2866  point 0.0258  disp 0.0541  theta 0.0000  stop 0.2479  act-agree 0.815  p(stop) 0.004  lr 4.05e-05  1.48 it/s
step  22100  L  0.5059  point 0.0321  disp 0.0813  theta 0.0000  stop 0.5858  act-agree 0.710  p(stop) 0.003  lr 4.03e-05  1.48 it/s
step  22150  L  0.4795  point 0.0257  disp 0.0693  theta 0.0000  stop 0.5690  act-agree 0.755  p(stop) 0.007  lr 4.01e-05  1.48 it/s
step  22200  L  0.6116  point 0.0278  disp 0.0626  theta 0.0000  stop 0.8585  act-agree 0.795  p(stop) 0.005  lr 4.00e-05  1.48 it/s
step  22250  L  0.7243  point 0.0339  disp 0.0725  theta 0.0000  stop 1.0608  act-agree 0.775  p(stop) 0.005  lr 3.98e-05  1.48 it/s
step  22300  L  0.6605  point 0.0240  disp 0.0857  theta 0.0000  stop 0.9287  act-agree 0.810  p(stop) 0.014  lr 3.96e-05  1.48 it/s
step  22350  L  0.4912  point 0.0229  disp 0.0981  theta 0.0000  stop 0.5537  act-agree 0.735  p(stop) 0.019  lr 3.94e-05  1.48 it/s
step  22400  L  0.3692  point 0.0239  disp 0.0511  theta 0.0000  stop 0.4097  act-agree 0.765  p(stop) 0.029  lr 3.92e-05  1.48 it/s
step  22450  L  0.9436  point 0.0250  disp 0.1128  theta 0.0000  stop 1.4316  act-agree 0.775  p(stop) 0.011  lr 3.90e-05  1.48 it/s
step  22500  L  0.3937  point 0.0261  disp 0.0660  theta 0.0000  stop 0.4349  act-agree 0.805  p(stop) 0.008  lr 3.88e-05  1.48 it/s
step  22550  L  0.6634  point 0.0300  disp 0.0843  theta 0.0000  stop 0.9270  act-agree 0.805  p(stop) 0.010  lr 3.86e-05  1.48 it/s
step  22600  L  0.6462  point 0.0203  disp 0.0893  theta 0.0000  stop 0.8955  act-agree 0.745  p(stop) 0.047  lr 3.84e-05  1.48 it/s
step  22650  L  0.3790  point 0.0190  disp 0.0817  theta 0.0000  stop 0.4001  act-agree 0.740  p(stop) 0.014  lr 3.82e-05  1.48 it/s
step  22700  L  0.2419  point 0.0243  disp 0.0417  theta 0.0000  stop 0.2078  act-agree 0.780  p(stop) 0.001  lr 3.80e-05  1.48 it/s
step  22750  L  0.9065  point 0.0247  disp 0.0888  theta 0.0000  stop 1.4069  act-agree 0.745  p(stop) 0.011  lr 3.79e-05  1.48 it/s
step  22800  L  0.5611  point 0.0223  disp 0.0850  theta 0.0000  stop 0.7483  act-agree 0.765  p(stop) 0.012  lr 3.77e-05  1.48 it/s
step  22850  L  0.4952  point 0.0308  disp 0.0645  theta 0.0000  stop 0.6199  act-agree 0.800  p(stop) 0.029  lr 3.75e-05  1.48 it/s
step  22900  L  0.6760  point 0.0223  disp 0.0896  theta 0.0000  stop 0.9504  act-agree 0.730  p(stop) 0.008  lr 3.73e-05  1.48 it/s
step  22950  L  0.3592  point 0.0229  disp 0.0605  theta 0.0000  stop 0.3849  act-agree 0.790  p(stop) 0.004  lr 3.71e-05  1.48 it/s
step  23000  L  0.4733  point 0.0199  disp 0.0851  theta 0.0000  stop 0.5666  act-agree 0.760  p(stop) 0.029  lr 3.69e-05  1.48 it/s
step  23050  L  0.6358  point 0.0227  disp 0.0673  theta 0.0000  stop 0.8934  act-agree 0.790  p(stop) 0.009  lr 3.67e-05  1.48 it/s
step  23100  L  0.3471  point 0.0285  disp 0.0504  theta 0.0000  stop 0.3756  act-agree 0.755  p(stop) 0.000  lr 3.65e-05  1.48 it/s
step  23150  L  0.7403  point 0.0225  disp 0.0667  theta 0.0000  stop 1.1271  act-agree 0.780  p(stop) 0.007  lr 3.64e-05  1.48 it/s
step  23200  L  0.2678  point 0.0277  disp 0.0782  theta 0.0000  stop 0.1464  act-agree 0.755  p(stop) 0.015  lr 3.62e-05  1.48 it/s
step  23250  L  0.7153  point 0.0206  disp 0.0769  theta 0.0000  stop 1.0722  act-agree 0.725  p(stop) 0.003  lr 3.60e-05  1.48 it/s
step  23300  L  0.5899  point 0.0190  disp 0.0754  theta 0.0000  stop 0.8148  act-agree 0.790  p(stop) 0.009  lr 3.58e-05  1.48 it/s
step  23350  L  0.6416  point 0.0211  disp 0.0887  theta 0.0000  stop 0.8905  act-agree 0.755  p(stop) 0.011  lr 3.56e-05  1.48 it/s
step  23400  L  0.5771  point 0.0251  disp 0.0745  theta 0.0000  stop 0.8138  act-agree 0.780  p(stop) 0.010  lr 3.54e-05  1.48 it/s
step  23450  L  0.5404  point 0.0247  disp 0.0779  theta 0.0000  stop 0.7006  act-agree 0.775  p(stop) 0.002  lr 3.52e-05  1.48 it/s
step  23500  L  0.2794  point 0.0280  disp 0.0565  theta 0.0000  stop 0.2198  act-agree 0.795  p(stop) 0.036  lr 3.51e-05  1.48 it/s
step  23550  L  0.4682  point 0.0298  disp 0.0476  theta 0.0000  stop 0.5989  act-agree 0.790  p(stop) 0.012  lr 3.49e-05  1.48 it/s
step  23600  L  0.7180  point 0.0187  disp 0.0774  theta 0.0000  stop 1.0591  act-agree 0.765  p(stop) 0.002  lr 3.47e-05  1.48 it/s
step  23650  L  0.5863  point 0.0242  disp 0.0714  theta 0.0000  stop 0.8017  act-agree 0.795  p(stop) 0.007  lr 3.45e-05  1.48 it/s
step  23700  L  0.6476  point 0.0229  disp 0.0699  theta 0.0000  stop 0.9489  act-agree 0.780  p(stop) 0.002  lr 3.43e-05  1.48 it/s
step  23750  L  0.6109  point 0.0202  disp 0.0855  theta 0.0000  stop 0.8701  act-agree 0.795  p(stop) 0.016  lr 3.41e-05  1.48 it/s
step  23800  L  0.2393  point 0.0218  disp 0.0417  theta 0.0000  stop 0.2295  act-agree 0.740  p(stop) 0.020  lr 3.40e-05  1.48 it/s
step  23850  L  0.6323  point 0.0206  disp 0.0683  theta 0.0000  stop 0.8951  act-agree 0.780  p(stop) 0.030  lr 3.38e-05  1.48 it/s
step  23900  L  0.3671  point 0.0216  disp 0.0694  theta 0.0000  stop 0.3783  act-agree 0.785  p(stop) 0.002  lr 3.36e-05  1.48 it/s
step  23950  L  0.7340  point 0.0231  disp 0.0786  theta 0.0000  stop 1.1187  act-agree 0.800  p(stop) 0.001  lr 3.34e-05  1.48 it/s
step  24000  L  0.2210  point 0.0232  disp 0.0505  theta 0.0000  stop 0.1437  act-agree 0.740  p(stop) 0.007  lr 3.32e-05  1.48 it/s
step  24050  L  0.4525  point 0.0252  disp 0.0697  theta 0.0000  stop 0.5011  act-agree 0.760  p(stop) 0.005  lr 3.30e-05  1.48 it/s
step  24100  L  0.3067  point 0.0246  disp 0.0485  theta 0.0000  stop 0.2982  act-agree 0.795  p(stop) 0.002  lr 3.29e-05  1.48 it/s
step  24150  L  0.4462  point 0.0196  disp 0.0577  theta 0.0000  stop 0.5792  act-agree 0.750  p(stop) 0.013  lr 3.27e-05  1.48 it/s
step  24200  L  0.9297  point 0.0258  disp 0.1169  theta 0.0000  stop 1.3344  act-agree 0.780  p(stop) 0.016  lr 3.25e-05  1.48 it/s
step  24250  L  0.4689  point 0.0223  disp 0.0732  theta 0.0000  stop 0.5727  act-agree 0.750  p(stop) 0.003  lr 3.23e-05  1.48 it/s
step  24300  L  0.5562  point 0.0258  disp 0.0556  theta 0.0000  stop 0.7675  act-agree 0.695  p(stop) 0.029  lr 3.21e-05  1.48 it/s
step  24350  L  0.7586  point 0.0198  disp 0.0837  theta 0.0000  stop 1.1758  act-agree 0.765  p(stop) 0.005  lr 3.20e-05  1.48 it/s
step  24400  L  0.6599  point 0.0187  disp 0.0630  theta 0.0000  stop 1.0228  act-agree 0.805  p(stop) 0.035  lr 3.18e-05  1.48 it/s
step  24450  L  0.4904  point 0.0182  disp 0.0749  theta 0.0000  stop 0.6603  act-agree 0.775  p(stop) 0.022  lr 3.16e-05  1.48 it/s
step  24500  L  0.5448  point 0.0222  disp 0.0886  theta 0.0000  stop 0.6822  act-agree 0.755  p(stop) 0.002  lr 3.14e-05  1.48 it/s
step  24550  L  0.4385  point 0.0236  disp 0.0719  theta 0.0000  stop 0.5121  act-agree 0.790  p(stop) 0.007  lr 3.13e-05  1.48 it/s
step  24600  L  0.6399  point 0.0184  disp 0.1063  theta 0.0000  stop 0.8606  act-agree 0.780  p(stop) 0.007  lr 3.11e-05  1.48 it/s
step  24650  L  0.6096  point 0.0268  disp 0.0725  theta 0.0000  stop 0.8658  act-agree 0.770  p(stop) 0.019  lr 3.09e-05  1.48 it/s
step  24700  L  0.4925  point 0.0229  disp 0.0742  theta 0.0000  stop 0.6596  act-agree 0.765  p(stop) 0.063  lr 3.07e-05  1.48 it/s
step  24750  L  0.5743  point 0.0219  disp 0.0590  theta 0.0000  stop 0.7641  act-agree 0.810  p(stop) 0.009  lr 3.05e-05  1.48 it/s
step  24800  L  0.5913  point 0.0372  disp 0.0696  theta 0.0000  stop 0.8162  act-agree 0.795  p(stop) 0.010  lr 3.04e-05  1.48 it/s
step  24850  L  0.7159  point 0.0202  disp 0.0659  theta 0.0000  stop 1.1032  act-agree 0.825  p(stop) 0.008  lr 3.02e-05  1.48 it/s
step  24900  L  0.4120  point 0.0172  disp 0.0437  theta 0.0000  stop 0.5572  act-agree 0.770  p(stop) 0.006  lr 3.00e-05  1.48 it/s
step  24950  L  0.3259  point 0.0236  disp 0.0796  theta 0.0000  stop 0.2527  act-agree 0.785  p(stop) 0.001  lr 2.98e-05  1.48 it/s
step  25000  L  0.6785  point 0.0217  disp 0.1113  theta 0.0000  stop 0.9324  act-agree 0.750  p(stop) 0.006  lr 2.97e-05  1.48 it/s
step  25050  L  0.6106  point 0.0193  disp 0.0743  theta 0.0000  stop 0.8286  act-agree 0.730  p(stop) 0.006  lr 2.95e-05  1.48 it/s
step  25100  L  0.3336  point 0.0262  disp 0.0562  theta 0.0000  stop 0.3740  act-agree 0.750  p(stop) 0.003  lr 2.93e-05  1.48 it/s
step  25150  L  0.4036  point 0.0196  disp 0.0488  theta 0.0000  stop 0.5142  act-agree 0.775  p(stop) 0.031  lr 2.92e-05  1.48 it/s
step  25200  L  0.6970  point 0.0232  disp 0.0687  theta 0.0000  stop 1.0639  act-agree 0.735  p(stop) 0.009  lr 2.90e-05  1.48 it/s
step  25250  L  0.4825  point 0.0299  disp 0.0649  theta 0.0000  stop 0.6018  act-agree 0.775  p(stop) 0.004  lr 2.88e-05  1.48 it/s
step  25300  L  0.5916  point 0.0198  disp 0.1079  theta 0.0000  stop 0.8021  act-agree 0.740  p(stop) 0.025  lr 2.86e-05  1.48 it/s
step  25350  L  0.4423  point 0.0190  disp 0.0747  theta 0.0000  stop 0.5319  act-agree 0.795  p(stop) 0.002  lr 2.85e-05  1.48 it/s
step  25400  L  0.6089  point 0.0185  disp 0.0797  theta 0.0000  stop 0.7895  act-agree 0.700  p(stop) 0.011  lr 2.83e-05  1.48 it/s
step  25450  L  0.7532  point 0.0346  disp 0.0776  theta 0.0000  stop 1.0868  act-agree 0.795  p(stop) 0.004  lr 2.81e-05  1.48 it/s
step  25500  L  0.4811  point 0.0221  disp 0.0647  theta 0.0000  stop 0.6066  act-agree 0.780  p(stop) 0.008  lr 2.80e-05  1.48 it/s
step  25550  L  0.3569  point 0.0152  disp 0.0564  theta 0.0000  stop 0.3954  act-agree 0.745  p(stop) 0.004  lr 2.78e-05  1.48 it/s
step  25600  L  0.6949  point 0.0244  disp 0.0824  theta 0.0000  stop 1.0159  act-agree 0.750  p(stop) 0.004  lr 2.76e-05  1.48 it/s
step  25650  L  0.3405  point 0.0225  disp 0.0659  theta 0.0000  stop 0.2944  act-agree 0.750  p(stop) 0.003  lr 2.74e-05  1.48 it/s
step  25700  L  0.2745  point 0.0265  disp 0.0636  theta 0.0000  stop 0.2067  act-agree 0.775  p(stop) 0.014  lr 2.73e-05  1.48 it/s
step  25750  L  0.3668  point 0.0216  disp 0.0682  theta 0.0000  stop 0.3870  act-agree 0.760  p(stop) 0.026  lr 2.71e-05  1.48 it/s
step  25800  L  0.6497  point 0.0178  disp 0.0858  theta 0.0000  stop 0.9398  act-agree 0.780  p(stop) 0.012  lr 2.69e-05  1.48 it/s
step  25850  L  0.5135  point 0.0191  disp 0.0552  theta 0.0000  stop 0.6925  act-agree 0.770  p(stop) 0.010  lr 2.68e-05  1.48 it/s
step  25900  L  0.7003  point 0.0261  disp 0.0906  theta 0.0000  stop 1.0159  act-agree 0.820  p(stop) 0.008  lr 2.66e-05  1.48 it/s
step  25950  L  0.7776  point 0.0170  disp 0.0831  theta 0.0000  stop 1.1849  act-agree 0.840  p(stop) 0.010  lr 2.64e-05  1.48 it/s
step  26000  L  0.4421  point 0.0280  disp 0.0761  theta 0.0000  stop 0.5132  act-agree 0.790  p(stop) 0.002  lr 2.63e-05  1.48 it/s
step  26050  L  0.6520  point 0.0269  disp 0.0790  theta 0.0000  stop 0.9395  act-agree 0.800  p(stop) 0.002  lr 2.61e-05  1.48 it/s
step  26100  L  0.4558  point 0.0231  disp 0.0559  theta 0.0000  stop 0.5539  act-agree 0.780  p(stop) 0.064  lr 2.59e-05  1.48 it/s
step  26150  L  0.4611  point 0.0243  disp 0.0639  theta 0.0000  stop 0.5872  act-agree 0.790  p(stop) 0.002  lr 2.58e-05  1.48 it/s
step  26200  L  0.7736  point 0.0212  disp 0.0752  theta 0.0000  stop 1.2019  act-agree 0.770  p(stop) 0.002  lr 2.56e-05  1.48 it/s
step  26250  L  0.4950  point 0.0248  disp 0.0633  theta 0.0000  stop 0.6789  act-agree 0.785  p(stop) 0.005  lr 2.55e-05  1.48 it/s
step  26300  L  0.8179  point 0.0205  disp 0.0988  theta 0.0000  stop 1.2462  act-agree 0.775  p(stop) 0.003  lr 2.53e-05  1.48 it/s
step  26350  L  0.5714  point 0.0226  disp 0.0969  theta 0.0000  stop 0.7301  act-agree 0.795  p(stop) 0.029  lr 2.51e-05  1.48 it/s
step  26400  L  0.2806  point 0.0191  disp 0.0442  theta 0.0000  stop 0.2611  act-agree 0.800  p(stop) 0.014  lr 2.50e-05  1.48 it/s
step  26450  L  0.3899  point 0.0235  disp 0.0529  theta 0.0000  stop 0.4647  act-agree 0.830  p(stop) 0.029  lr 2.48e-05  1.48 it/s
step  26500  L  0.5459  point 0.0295  disp 0.0827  theta 0.0000  stop 0.7279  act-agree 0.780  p(stop) 0.033  lr 2.46e-05  1.48 it/s
step  26550  L  0.6431  point 0.0219  disp 0.0920  theta 0.0000  stop 0.8695  act-agree 0.745  p(stop) 0.005  lr 2.45e-05  1.48 it/s
step  26600  L  0.5812  point 0.0176  disp 0.0758  theta 0.0000  stop 0.8076  act-agree 0.800  p(stop) 0.010  lr 2.43e-05  1.48 it/s
step  26650  L  0.7686  point 0.0237  disp 0.0742  theta 0.0000  stop 1.1848  act-agree 0.795  p(stop) 0.005  lr 2.42e-05  1.48 it/s
step  26700  L  0.5729  point 0.0207  disp 0.0686  theta 0.0000  stop 0.7852  act-agree 0.795  p(stop) 0.003  lr 2.40e-05  1.48 it/s
step  26750  L  0.6768  point 0.0202  disp 0.0746  theta 0.0000  stop 1.0306  act-agree 0.795  p(stop) 0.004  lr 2.38e-05  1.48 it/s
step  26800  L  0.6963  point 0.0247  disp 0.0983  theta 0.0000  stop 0.9857  act-agree 0.785  p(stop) 0.033  lr 2.37e-05  1.48 it/s
step  26850  L  0.3815  point 0.0238  disp 0.0806  theta 0.0000  stop 0.3614  act-agree 0.765  p(stop) 0.001  lr 2.35e-05  1.48 it/s
step  26900  L  0.6177  point 0.0213  disp 0.0736  theta 0.0000  stop 0.8465  act-agree 0.805  p(stop) 0.067  lr 2.34e-05  1.48 it/s
step  26950  L  0.5441  point 0.0204  disp 0.0644  theta 0.0000  stop 0.7599  act-agree 0.785  p(stop) 0.010  lr 2.32e-05  1.48 it/s
step  27000  L  0.5150  point 0.0239  disp 0.0944  theta 0.0000  stop 0.6271  act-agree 0.755  p(stop) 0.001  lr 2.31e-05  1.48 it/s
step  27050  L  0.5385  point 0.0185  disp 0.0956  theta 0.0000  stop 0.6778  act-agree 0.790  p(stop) 0.004  lr 2.29e-05  1.48 it/s
step  27100  L  0.4978  point 0.0216  disp 0.0688  theta 0.0000  stop 0.6348  act-agree 0.785  p(stop) 0.004  lr 2.28e-05  1.48 it/s
step  27150  L  0.4569  point 0.0262  disp 0.0582  theta 0.0000  stop 0.5505  act-agree 0.775  p(stop) 0.004  lr 2.26e-05  1.48 it/s
step  27200  L  0.7302  point 0.0259  disp 0.0733  theta 0.0000  stop 1.0913  act-agree 0.790  p(stop) 0.003  lr 2.24e-05  1.48 it/s
step  27250  L  0.6853  point 0.0312  disp 0.0795  theta 0.0000  stop 1.0180  act-agree 0.800  p(stop) 0.008  lr 2.23e-05  1.48 it/s
step  27300  L  0.4796  point 0.0173  disp 0.0754  theta 0.0000  stop 0.5990  act-agree 0.790  p(stop) 0.003  lr 2.21e-05  1.48 it/s
step  27350  L  0.4138  point 0.0274  disp 0.0675  theta 0.0000  stop 0.4763  act-agree 0.760  p(stop) 0.057  lr 2.20e-05  1.48 it/s
step  27400  L  0.4744  point 0.0234  disp 0.0472  theta 0.0000  stop 0.6217  act-agree 0.770  p(stop) 0.017  lr 2.18e-05  1.48 it/s
step  27450  L  0.6951  point 0.0256  disp 0.0954  theta 0.0000  stop 1.0037  act-agree 0.785  p(stop) 0.014  lr 2.17e-05  1.48 it/s
step  27500  L  0.7672  point 0.0196  disp 0.0811  theta 0.0000  stop 1.1639  act-agree 0.750  p(stop) 0.020  lr 2.15e-05  1.48 it/s
step  27550  L  0.5136  point 0.0264  disp 0.0809  theta 0.0000  stop 0.6548  act-agree 0.835  p(stop) 0.062  lr 2.14e-05  1.48 it/s
step  27600  L  0.5041  point 0.0210  disp 0.0602  theta 0.0000  stop 0.6849  act-agree 0.780  p(stop) 0.011  lr 2.12e-05  1.48 it/s
step  27650  L  0.9238  point 0.0288  disp 0.0854  theta 0.0000  stop 1.4329  act-agree 0.775  p(stop) 0.051  lr 2.11e-05  1.48 it/s
step  27700  L  0.8869  point 0.0237  disp 0.1029  theta 0.0000  stop 1.3265  act-agree 0.785  p(stop) 0.028  lr 2.09e-05  1.48 it/s
step  27750  L  0.2323  point 0.0265  disp 0.0406  theta 0.0000  stop 0.1426  act-agree 0.775  p(stop) 0.004  lr 2.08e-05  1.48 it/s
step  27800  L  0.5270  point 0.0240  disp 0.0881  theta 0.0000  stop 0.6657  act-agree 0.725  p(stop) 0.009  lr 2.06e-05  1.48 it/s
step  27850  L  0.4666  point 0.0241  disp 0.0646  theta 0.0000  stop 0.5946  act-agree 0.785  p(stop) 0.010  lr 2.05e-05  1.48 it/s
step  27900  L  0.4953  point 0.0246  disp 0.0716  theta 0.0000  stop 0.6297  act-agree 0.780  p(stop) 0.003  lr 2.03e-05  1.48 it/s
step  27950  L  0.3642  point 0.0191  disp 0.0694  theta 0.0000  stop 0.4084  act-agree 0.810  p(stop) 0.001  lr 2.02e-05  1.48 it/s
step  28000  L  0.8589  point 0.0224  disp 0.0984  theta 0.0000  stop 1.3163  act-agree 0.770  p(stop) 0.018  lr 2.01e-05  1.48 it/s
step  28050  L  0.5974  point 0.0267  disp 0.0655  theta 0.0000  stop 0.8116  act-agree 0.785  p(stop) 0.013  lr 1.99e-05  1.48 it/s
step  28100  L  0.5390  point 0.0221  disp 0.0716  theta 0.0000  stop 0.7325  act-agree 0.725  p(stop) 0.005  lr 1.98e-05  1.48 it/s
step  28150  L  0.3409  point 0.0199  disp 0.0783  theta 0.0000  stop 0.3383  act-agree 0.775  p(stop) 0.006  lr 1.96e-05  1.48 it/s
step  28200  L  0.4281  point 0.0199  disp 0.0672  theta 0.0000  stop 0.5441  act-agree 0.745  p(stop) 0.003  lr 1.95e-05  1.48 it/s
step  28250  L  0.3639  point 0.0221  disp 0.0695  theta 0.0000  stop 0.3684  act-agree 0.780  p(stop) 0.003  lr 1.93e-05  1.48 it/s
step  28300  L  0.3314  point 0.0193  disp 0.0508  theta 0.0000  stop 0.3944  act-agree 0.805  p(stop) 0.027  lr 1.92e-05  1.48 it/s
step  28350  L  0.6041  point 0.0206  disp 0.0609  theta 0.0000  stop 0.8836  act-agree 0.820  p(stop) 0.014  lr 1.91e-05  1.48 it/s
step  28400  L  0.5030  point 0.0242  disp 0.0571  theta 0.0000  stop 0.7026  act-agree 0.760  p(stop) 0.019  lr 1.89e-05  1.48 it/s
step  28450  L  0.6215  point 0.0231  disp 0.0720  theta 0.0000  stop 0.8807  act-agree 0.780  p(stop) 0.007  lr 1.88e-05  1.48 it/s
step  28500  L  0.6764  point 0.0239  disp 0.0988  theta 0.0000  stop 0.9597  act-agree 0.760  p(stop) 0.003  lr 1.86e-05  1.48 it/s
step  28550  L  0.4584  point 0.0177  disp 0.0631  theta 0.0000  stop 0.5899  act-agree 0.760  p(stop) 0.003  lr 1.85e-05  1.48 it/s
step  28600  L  0.5843  point 0.0258  disp 0.0729  theta 0.0000  stop 0.8188  act-agree 0.770  p(stop) 0.002  lr 1.84e-05  1.48 it/s
step  28650  L  0.6558  point 0.0246  disp 0.0676  theta 0.0000  stop 0.9710  act-agree 0.755  p(stop) 0.003  lr 1.82e-05  1.48 it/s
step  28700  L  0.7579  point 0.0186  disp 0.0866  theta 0.0000  stop 1.1208  act-agree 0.760  p(stop) 0.088  lr 1.81e-05  1.48 it/s
step  28750  L  0.5919  point 0.0239  disp 0.0693  theta 0.0000  stop 0.8560  act-agree 0.820  p(stop) 0.007  lr 1.79e-05  1.48 it/s
step  28800  L  0.4036  point 0.0179  disp 0.0549  theta 0.0000  stop 0.5215  act-agree 0.705  p(stop) 0.009  lr 1.78e-05  1.48 it/s
step  28850  L  0.5255  point 0.0150  disp 0.0507  theta 0.0000  stop 0.7390  act-agree 0.800  p(stop) 0.003  lr 1.77e-05  1.48 it/s
step  28900  L  0.7241  point 0.0206  disp 0.0873  theta 0.0000  stop 1.0591  act-agree 0.745  p(stop) 0.004  lr 1.75e-05  1.48 it/s
step  28950  L  0.8352  point 0.0156  disp 0.0798  theta 0.0000  stop 1.3146  act-agree 0.790  p(stop) 0.020  lr 1.74e-05  1.48 it/s
step  29000  L  0.2647  point 0.0210  disp 0.0523  theta 0.0000  stop 0.2314  act-agree 0.765  p(stop) 0.007  lr 1.73e-05  1.48 it/s
step  29050  L  0.4165  point 0.0248  disp 0.0578  theta 0.0000  stop 0.5312  act-agree 0.760  p(stop) 0.002  lr 1.71e-05  1.48 it/s
step  29100  L  0.5527  point 0.0230  disp 0.0564  theta 0.0000  stop 0.7964  act-agree 0.820  p(stop) 0.011  lr 1.70e-05  1.48 it/s
step  29150  L  0.6061  point 0.0208  disp 0.0767  theta 0.0000  stop 0.8815  act-agree 0.780  p(stop) 0.028  lr 1.69e-05  1.48 it/s
step  29200  L  0.3683  point 0.0186  disp 0.0522  theta 0.0000  stop 0.4010  act-agree 0.775  p(stop) 0.001  lr 1.67e-05  1.48 it/s
step  29250  L  0.6071  point 0.0175  disp 0.0841  theta 0.0000  stop 0.8666  act-agree 0.710  p(stop) 0.028  lr 1.66e-05  1.48 it/s
step  29300  L  0.5642  point 0.0204  disp 0.0700  theta 0.0000  stop 0.7778  act-agree 0.795  p(stop) 0.011  lr 1.65e-05  1.48 it/s
step  29350  L  0.2979  point 0.0257  disp 0.0416  theta 0.0000  stop 0.3029  act-agree 0.765  p(stop) 0.014  lr 1.64e-05  1.48 it/s
step  29400  L  0.6509  point 0.0228  disp 0.0629  theta 0.0000  stop 0.9977  act-agree 0.815  p(stop) 0.008  lr 1.62e-05  1.48 it/s
step  29450  L  0.4038  point 0.0228  disp 0.0663  theta 0.0000  stop 0.4478  act-agree 0.765  p(stop) 0.032  lr 1.61e-05  1.48 it/s
step  29500  L  0.6061  point 0.0221  disp 0.0643  theta 0.0000  stop 0.8761  act-agree 0.780  p(stop) 0.002  lr 1.60e-05  1.48 it/s
step  29550  L  0.3005  point 0.0189  disp 0.0521  theta 0.0000  stop 0.2673  act-agree 0.790  p(stop) 0.005  lr 1.58e-05  1.48 it/s
step  29600  L  0.2163  point 0.0333  disp 0.0427  theta 0.0000  stop 0.1281  act-agree 0.770  p(stop) 0.009  lr 1.57e-05  1.48 it/s
step  29650  L  0.5901  point 0.0198  disp 0.0625  theta 0.0000  stop 0.8463  act-agree 0.810  p(stop) 0.020  lr 1.56e-05  1.48 it/s
step  29700  L  0.7673  point 0.0255  disp 0.0834  theta 0.0000  stop 1.1665  act-agree 0.770  p(stop) 0.007  lr 1.55e-05  1.48 it/s
step  29750  L  0.3287  point 0.0226  disp 0.0428  theta 0.0000  stop 0.3925  act-agree 0.815  p(stop) 0.056  lr 1.53e-05  1.48 it/s
step  29800  L  0.8349  point 0.0257  disp 0.0759  theta 0.0000  stop 1.2872  act-agree 0.795  p(stop) 0.002  lr 1.52e-05  1.48 it/s
step  29850  L  0.4773  point 0.0205  disp 0.0838  theta 0.0000  stop 0.5729  act-agree 0.805  p(stop) 0.005  lr 1.51e-05  1.48 it/s
step  29900  L  0.1890  point 0.0232  disp 0.0642  theta 0.0000  stop 0.0728  act-agree 0.735  p(stop) 0.004  lr 1.50e-05  1.48 it/s
step  29950  L  0.5163  point 0.0313  disp 0.0969  theta 0.0000  stop 0.6053  act-agree 0.740  p(stop) 0.007  lr 1.49e-05  1.48 it/s
step  30000  L  0.5742  point 0.0253  disp 0.0717  theta 0.0000  stop 0.7881  act-agree 0.780  p(stop) 0.011  lr 1.47e-05  1.48 it/s
step  30050  L  0.4810  point 0.0221  disp 0.0627  theta 0.0000  stop 0.6676  act-agree 0.815  p(stop) 0.032  lr 1.46e-05  1.48 it/s
step  30100  L  0.3331  point 0.0241  disp 0.0417  theta 0.0000  stop 0.3824  act-agree 0.780  p(stop) 0.011  lr 1.45e-05  1.48 it/s
step  30150  L  0.6249  point 0.0154  disp 0.0745  theta 0.0000  stop 0.9025  act-agree 0.785  p(stop) 0.002  lr 1.44e-05  1.48 it/s
step  30200  L  0.5972  point 0.0348  disp 0.0772  theta 0.0000  stop 0.8120  act-agree 0.710  p(stop) 0.006  lr 1.43e-05  1.48 it/s
step  30250  L  0.4204  point 0.0215  disp 0.0472  theta 0.0000  stop 0.5793  act-agree 0.745  p(stop) 0.013  lr 1.41e-05  1.48 it/s
step  30300  L  0.5341  point 0.0204  disp 0.0735  theta 0.0000  stop 0.7394  act-agree 0.750  p(stop) 0.006  lr 1.40e-05  1.48 it/s
step  30350  L  0.3766  point 0.0181  disp 0.0467  theta 0.0000  stop 0.4541  act-agree 0.840  p(stop) 0.031  lr 1.39e-05  1.48 it/s
step  30400  L  0.3665  point 0.0244  disp 0.0733  theta 0.0000  stop 0.3429  act-agree 0.710  p(stop) 0.015  lr 1.38e-05  1.48 it/s
step  30450  L  0.3279  point 0.0170  disp 0.0451  theta 0.0000  stop 0.3797  act-agree 0.810  p(stop) 0.017  lr 1.37e-05  1.48 it/s
step  30500  L  0.7881  point 0.0299  disp 0.0779  theta 0.0000  stop 1.1913  act-agree 0.775  p(stop) 0.009  lr 1.36e-05  1.48 it/s
step  30550  L  0.7837  point 0.0164  disp 0.0664  theta 0.0000  stop 1.2184  act-agree 0.765  p(stop) 0.032  lr 1.35e-05  1.48 it/s
step  30600  L  0.4527  point 0.0239  disp 0.0664  theta 0.0000  stop 0.5624  act-agree 0.805  p(stop) 0.023  lr 1.33e-05  1.48 it/s
step  30650  L  0.6871  point 0.0221  disp 0.0750  theta 0.0000  stop 1.0046  act-agree 0.790  p(stop) 0.009  lr 1.32e-05  1.48 it/s
step  30700  L  0.7734  point 0.0209  disp 0.0901  theta 0.0000  stop 1.1928  act-agree 0.710  p(stop) 0.004  lr 1.31e-05  1.48 it/s
step  30750  L  0.2016  point 0.0189  disp 0.0349  theta 0.0000  stop 0.1681  act-agree 0.730  p(stop) 0.017  lr 1.30e-05  1.48 it/s
step  30800  L  0.6182  point 0.0217  disp 0.0782  theta 0.0000  stop 0.8715  act-agree 0.765  p(stop) 0.036  lr 1.29e-05  1.48 it/s
step  30850  L  0.4620  point 0.0144  disp 0.0717  theta 0.0000  stop 0.5742  act-agree 0.785  p(stop) 0.006  lr 1.28e-05  1.48 it/s
step  30900  L  0.3096  point 0.0200  disp 0.0503  theta 0.0000  stop 0.3505  act-agree 0.810  p(stop) 0.015  lr 1.27e-05  1.48 it/s
step  30950  L  0.4080  point 0.0192  disp 0.0616  theta 0.0000  stop 0.4869  act-agree 0.775  p(stop) 0.008  lr 1.26e-05  1.48 it/s
step  31000  L  0.4736  point 0.0198  disp 0.0727  theta 0.0000  stop 0.6164  act-agree 0.765  p(stop) 0.002  lr 1.25e-05  1.48 it/s
step  31050  L  0.7082  point 0.0214  disp 0.0682  theta 0.0000  stop 1.0489  act-agree 0.770  p(stop) 0.001  lr 1.24e-05  1.48 it/s
step  31100  L  0.6998  point 0.0167  disp 0.0732  theta 0.0000  stop 1.0812  act-agree 0.785  p(stop) 0.026  lr 1.23e-05  1.48 it/s
step  31150  L  0.2191  point 0.0230  disp 0.0432  theta 0.0000  stop 0.1903  act-agree 0.770  p(stop) 0.002  lr 1.21e-05  1.48 it/s
step  31200  L  0.2062  point 0.0243  disp 0.0575  theta 0.0000  stop 0.0992  act-agree 0.780  p(stop) 0.012  lr 1.20e-05  1.48 it/s
step  31250  L  0.4884  point 0.0213  disp 0.0653  theta 0.0000  stop 0.6444  act-agree 0.750  p(stop) 0.001  lr 1.19e-05  1.48 it/s
step  31300  L  0.5451  point 0.0184  disp 0.0725  theta 0.0000  stop 0.7698  act-agree 0.750  p(stop) 0.004  lr 1.18e-05  1.48 it/s
step  31350  L  0.5718  point 0.0181  disp 0.0761  theta 0.0000  stop 0.7608  act-agree 0.770  p(stop) 0.006  lr 1.17e-05  1.48 it/s
step  31400  L  0.2805  point 0.0180  disp 0.0486  theta 0.0000  stop 0.2804  act-agree 0.765  p(stop) 0.005  lr 1.16e-05  1.48 it/s
step  31450  L  0.3940  point 0.0275  disp 0.0589  theta 0.0000  stop 0.4343  act-agree 0.785  p(stop) 0.015  lr 1.15e-05  1.48 it/s
step  31500  L  0.3803  point 0.0300  disp 0.0761  theta 0.0000  stop 0.4308  act-agree 0.745  p(stop) 0.001  lr 1.14e-05  1.48 it/s
step  31550  L  0.3561  point 0.0220  disp 0.0724  theta 0.0000  stop 0.3403  act-agree 0.795  p(stop) 0.007  lr 1.13e-05  1.48 it/s
step  31600  L  0.6226  point 0.0224  disp 0.0746  theta 0.0000  stop 0.8796  act-agree 0.790  p(stop) 0.003  lr 1.12e-05  1.48 it/s
step  31650  L  0.7750  point 0.0257  disp 0.0764  theta 0.0000  stop 1.2028  act-agree 0.715  p(stop) 0.002  lr 1.11e-05  1.48 it/s
step  31700  L  0.4368  point 0.0178  disp 0.0662  theta 0.0000  stop 0.5241  act-agree 0.730  p(stop) 0.006  lr 1.10e-05  1.48 it/s
step  31750  L  0.4368  point 0.0172  disp 0.0577  theta 0.0000  stop 0.5655  act-agree 0.815  p(stop) 0.010  lr 1.09e-05  1.48 it/s
step  31800  L  0.5005  point 0.0234  disp 0.0670  theta 0.0000  stop 0.6957  act-agree 0.735  p(stop) 0.012  lr 1.08e-05  1.48 it/s
step  31850  L  0.4107  point 0.0179  disp 0.0595  theta 0.0000  stop 0.4573  act-agree 0.800  p(stop) 0.004  lr 1.07e-05  1.48 it/s
step  31900  L  0.3941  point 0.0172  disp 0.0688  theta 0.0000  stop 0.4581  act-agree 0.845  p(stop) 0.008  lr 1.07e-05  1.48 it/s
step  31950  L  0.6919  point 0.0257  disp 0.0866  theta 0.0000  stop 0.9921  act-agree 0.735  p(stop) 0.015  lr 1.06e-05  1.48 it/s
step  32000  L  0.8074  point 0.0215  disp 0.0949  theta 0.0000  stop 1.1997  act-agree 0.745  p(stop) 0.002  lr 1.05e-05  1.48 it/s
step  32050  L  0.5471  point 0.0191  disp 0.0838  theta 0.0000  stop 0.7345  act-agree 0.790  p(stop) 0.006  lr 1.04e-05  1.48 it/s
step  32100  L  0.2452  point 0.0181  disp 0.0420  theta 0.0000  stop 0.1979  act-agree 0.755  p(stop) 0.022  lr 1.03e-05  1.48 it/s
step  32150  L  0.2590  point 0.0166  disp 0.0664  theta 0.0000  stop 0.1853  act-agree 0.795  p(stop) 0.026  lr 1.02e-05  1.48 it/s
step  32200  L  0.3897  point 0.0213  disp 0.0581  theta 0.0000  stop 0.4689  act-agree 0.750  p(stop) 0.011  lr 1.01e-05  1.48 it/s
step  32250  L  0.3621  point 0.0307  disp 0.0433  theta 0.0000  stop 0.4344  act-agree 0.745  p(stop) 0.002  lr 1.00e-05  1.48 it/s
step  32300  L  0.4296  point 0.0265  disp 0.0782  theta 0.0000  stop 0.4785  act-agree 0.780  p(stop) 0.004  lr 9.93e-06  1.48 it/s
step  32350  L  0.6023  point 0.0178  disp 0.0777  theta 0.0000  stop 0.8593  act-agree 0.760  p(stop) 0.007  lr 9.84e-06  1.48 it/s
step  32400  L  0.7026  point 0.0235  disp 0.0579  theta 0.0000  stop 1.0798  act-agree 0.775  p(stop) 0.001  lr 9.75e-06  1.48 it/s
step  32450  L  0.4846  point 0.0197  disp 0.0627  theta 0.0000  stop 0.6490  act-agree 0.760  p(stop) 0.001  lr 9.67e-06  1.48 it/s
step  32500  L  0.3418  point 0.0231  disp 0.0659  theta 0.0000  stop 0.3372  act-agree 0.790  p(stop) 0.004  lr 9.58e-06  1.48 it/s
step  32550  L  0.3529  point 0.0205  disp 0.0469  theta 0.0000  stop 0.4246  act-agree 0.785  p(stop) 0.002  lr 9.50e-06  1.48 it/s
step  32600  L  0.2380  point 0.0229  disp 0.0383  theta 0.0000  stop 0.1928  act-agree 0.810  p(stop) 0.006  lr 9.41e-06  1.48 it/s
step  32650  L  0.6517  point 0.0256  disp 0.0790  theta 0.0000  stop 0.9450  act-agree 0.760  p(stop) 0.016  lr 9.33e-06  1.48 it/s
step  32700  L  0.5545  point 0.0167  disp 0.0717  theta 0.0000  stop 0.7835  act-agree 0.765  p(stop) 0.002  lr 9.25e-06  1.48 it/s
step  32750  L  0.6097  point 0.0158  disp 0.0699  theta 0.0000  stop 0.8886  act-agree 0.710  p(stop) 0.006  lr 9.17e-06  1.48 it/s
step  32800  L  0.4231  point 0.0225  disp 0.0571  theta 0.0000  stop 0.5332  act-agree 0.830  p(stop) 0.018  lr 9.09e-06  1.48 it/s
step  32850  L  0.7302  point 0.0191  disp 0.0858  theta 0.0000  stop 1.0704  act-agree 0.790  p(stop) 0.006  lr 9.00e-06  1.48 it/s
step  32900  L  0.6222  point 0.0235  disp 0.0740  theta 0.0000  stop 0.8492  act-agree 0.775  p(stop) 0.094  lr 8.93e-06  1.48 it/s
step  32950  L  0.7715  point 0.0189  disp 0.0907  theta 0.0000  stop 1.1737  act-agree 0.740  p(stop) 0.009  lr 8.85e-06  1.48 it/s
step  33000  L  0.3738  point 0.0298  disp 0.0344  theta 0.0000  stop 0.4374  act-agree 0.805  p(stop) 0.002  lr 8.77e-06  1.48 it/s
step  33050  L  0.6062  point 0.0198  disp 0.0568  theta 0.0000  stop 0.9167  act-agree 0.815  p(stop) 0.007  lr 8.69e-06  1.48 it/s
step  33100  L  0.5873  point 0.0335  disp 0.0873  theta 0.0000  stop 0.7669  act-agree 0.780  p(stop) 0.013  lr 8.62e-06  1.48 it/s
step  33150  L  0.5205  point 0.0225  disp 0.0691  theta 0.0000  stop 0.7162  act-agree 0.775  p(stop) 0.001  lr 8.54e-06  1.48 it/s
step  33200  L  0.5397  point 0.0183  disp 0.0487  theta 0.0000  stop 0.7601  act-agree 0.765  p(stop) 0.037  lr 8.47e-06  1.48 it/s
step  33250  L  0.6086  point 0.0239  disp 0.0709  theta 0.0000  stop 0.8681  act-agree 0.775  p(stop) 0.021  lr 8.39e-06  1.48 it/s
step  33300  L  0.4812  point 0.0193  disp 0.0554  theta 0.0000  stop 0.6347  act-agree 0.715  p(stop) 0.032  lr 8.32e-06  1.48 it/s
step  33350  L  0.4955  point 0.0220  disp 0.0631  theta 0.0000  stop 0.6775  act-agree 0.795  p(stop) 0.039  lr 8.25e-06  1.48 it/s
step  33400  L  0.3966  point 0.0248  disp 0.0700  theta 0.0000  stop 0.4627  act-agree 0.765  p(stop) 0.005  lr 8.17e-06  1.48 it/s
step  33450  L  0.4860  point 0.0214  disp 0.0675  theta 0.0000  stop 0.6601  act-agree 0.760  p(stop) 0.004  lr 8.10e-06  1.48 it/s
step  33500  L  0.4950  point 0.0183  disp 0.0792  theta 0.0000  stop 0.6327  act-agree 0.780  p(stop) 0.045  lr 8.03e-06  1.48 it/s
step  33550  L  0.4514  point 0.0181  disp 0.0602  theta 0.0000  stop 0.6419  act-agree 0.810  p(stop) 0.002  lr 7.96e-06  1.48 it/s
step  33600  L  0.6129  point 0.0233  disp 0.0597  theta 0.0000  stop 0.9165  act-agree 0.835  p(stop) 0.007  lr 7.89e-06  1.48 it/s
step  33650  L  0.6328  point 0.0241  disp 0.0736  theta 0.0000  stop 0.9346  act-agree 0.790  p(stop) 0.014  lr 7.83e-06  1.48 it/s
step  33700  L  0.6816  point 0.0198  disp 0.0712  theta 0.0000  stop 1.0113  act-agree 0.715  p(stop) 0.010  lr 7.76e-06  1.48 it/s
step  33750  L  0.4471  point 0.0189  disp 0.0522  theta 0.0000  stop 0.6385  act-agree 0.815  p(stop) 0.031  lr 7.69e-06  1.48 it/s
step  33800  L  0.5806  point 0.0184  disp 0.0828  theta 0.0000  stop 0.7864  act-agree 0.800  p(stop) 0.019  lr 7.63e-06  1.48 it/s
step  33850  L  0.6212  point 0.0197  disp 0.0955  theta 0.0000  stop 0.8700  act-agree 0.755  p(stop) 0.023  lr 7.56e-06  1.48 it/s
step  33900  L  0.7417  point 0.0214  disp 0.0960  theta 0.0000  stop 1.0692  act-agree 0.735  p(stop) 0.020  lr 7.50e-06  1.48 it/s
step  33950  L  0.5418  point 0.0196  disp 0.0686  theta 0.0000  stop 0.7683  act-agree 0.765  p(stop) 0.001  lr 7.44e-06  1.48 it/s
step  34000  L  0.4902  point 0.0189  disp 0.0677  theta 0.0000  stop 0.6356  act-agree 0.790  p(stop) 0.015  lr 7.37e-06  1.48 it/s
step  34050  L  0.9305  point 0.0267  disp 0.1001  theta 0.0000  stop 1.4461  act-agree 0.780  p(stop) 0.012  lr 7.31e-06  1.48 it/s
step  34100  L  0.3641  point 0.0271  disp 0.0458  theta 0.0000  stop 0.4576  act-agree 0.765  p(stop) 0.007  lr 7.25e-06  1.48 it/s
step  34150  L  0.5835  point 0.0246  disp 0.0743  theta 0.0000  stop 0.8089  act-agree 0.810  p(stop) 0.069  lr 7.19e-06  1.48 it/s
step  34200  L  0.4128  point 0.0199  disp 0.0581  theta 0.0000  stop 0.5344  act-agree 0.755  p(stop) 0.000  lr 7.13e-06  1.48 it/s
step  34250  L  0.6366  point 0.0280  disp 0.0540  theta 0.0000  stop 0.9340  act-agree 0.790  p(stop) 0.014  lr 7.07e-06  1.48 it/s
step  34300  L  0.6383  point 0.0358  disp 0.0896  theta 0.0000  stop 0.8460  act-agree 0.775  p(stop) 0.004  lr 7.02e-06  1.48 it/s
step  34350  L  0.3855  point 0.0199  disp 0.0702  theta 0.0000  stop 0.4614  act-agree 0.735  p(stop) 0.025  lr 6.96e-06  1.48 it/s
step  34400  L  0.3727  point 0.0181  disp 0.0549  theta 0.0000  stop 0.4158  act-agree 0.770  p(stop) 0.007  lr 6.90e-06  1.48 it/s
step  34450  L  0.6666  point 0.0211  disp 0.0590  theta 0.0000  stop 1.0098  act-agree 0.790  p(stop) 0.015  lr 6.85e-06  1.48 it/s
step  34500  L  0.6298  point 0.0255  disp 0.0604  theta 0.0000  stop 0.9378  act-agree 0.780  p(stop) 0.008  lr 6.79e-06  1.48 it/s
step  34550  L  0.6081  point 0.0152  disp 0.0781  theta 0.0000  stop 0.9108  act-agree 0.775  p(stop) 0.035  lr 6.74e-06  1.48 it/s
step  34600  L  0.3614  point 0.0169  disp 0.0570  theta 0.0000  stop 0.4829  act-agree 0.835  p(stop) 0.018  lr 6.69e-06  1.48 it/s
step  34650  L  0.3185  point 0.0201  disp 0.0459  theta 0.0000  stop 0.3632  act-agree 0.770  p(stop) 0.030  lr 6.64e-06  1.48 it/s
step  34700  L  0.4972  point 0.0217  disp 0.0660  theta 0.0000  stop 0.6778  act-agree 0.770  p(stop) 0.051  lr 6.58e-06  1.48 it/s
step  34750  L  0.6683  point 0.0187  disp 0.0621  theta 0.0000  stop 1.0390  act-agree 0.810  p(stop) 0.006  lr 6.53e-06  1.48 it/s
step  34800  L  0.3353  point 0.0208  disp 0.0715  theta 0.0000  stop 0.3469  act-agree 0.780  p(stop) 0.019  lr 6.48e-06  1.48 it/s
step  34850  L  0.7606  point 0.0178  disp 0.0750  theta 0.0000  stop 1.1799  act-agree 0.780  p(stop) 0.011  lr 6.44e-06  1.48 it/s
step  34900  L  0.5965  point 0.0193  disp 0.0581  theta 0.0000  stop 0.8451  act-agree 0.810  p(stop) 0.008  lr 6.39e-06  1.48 it/s
step  34950  L  0.2862  point 0.0197  disp 0.0601  theta 0.0000  stop 0.2516  act-agree 0.795  p(stop) 0.038  lr 6.34e-06  1.48 it/s
step  35000  L  0.6027  point 0.0149  disp 0.0743  theta 0.0000  stop 0.8839  act-agree 0.785  p(stop) 0.016  lr 6.29e-06  1.48 it/s
step  35050  L  0.3536  point 0.0214  disp 0.0492  theta 0.0000  stop 0.4573  act-agree 0.710  p(stop) 0.011  lr 6.25e-06  1.48 it/s
step  35100  L  0.3713  point 0.0267  disp 0.0653  theta 0.0000  stop 0.3849  act-agree 0.750  p(stop) 0.031  lr 6.20e-06  1.48 it/s
step  35150  L  0.3444  point 0.0197  disp 0.0713  theta 0.0000  stop 0.3623  act-agree 0.820  p(stop) 0.013  lr 6.16e-06  1.48 it/s
step  35200  L  0.6356  point 0.0189  disp 0.0567  theta 0.0000  stop 0.9317  act-agree 0.775  p(stop) 0.009  lr 6.12e-06  1.48 it/s
step  35250  L  0.5962  point 0.0217  disp 0.0641  theta 0.0000  stop 0.9072  act-agree 0.765  p(stop) 0.002  lr 6.07e-06  1.48 it/s
step  35300  L  0.5660  point 0.0192  disp 0.0732  theta 0.0000  stop 0.8035  act-agree 0.815  p(stop) 0.012  lr 6.03e-06  1.48 it/s
step  35350  L  0.6689  point 0.0269  disp 0.0665  theta 0.0000  stop 0.9847  act-agree 0.765  p(stop) 0.013  lr 5.99e-06  1.48 it/s
step  35400  L  0.6585  point 0.0234  disp 0.0886  theta 0.0000  stop 0.9516  act-agree 0.780  p(stop) 0.004  lr 5.95e-06  1.48 it/s
step  35450  L  0.4323  point 0.0188  disp 0.0722  theta 0.0000  stop 0.5327  act-agree 0.710  p(stop) 0.005  lr 5.91e-06  1.48 it/s
step  35500  L  0.5779  point 0.0176  disp 0.0681  theta 0.0000  stop 0.8349  act-agree 0.725  p(stop) 0.014  lr 5.87e-06  1.48 it/s
step  35550  L  0.4175  point 0.0237  disp 0.0603  theta 0.0000  stop 0.5268  act-agree 0.825  p(stop) 0.007  lr 5.84e-06  1.48 it/s
step  35600  L  0.3286  point 0.0309  disp 0.0536  theta 0.0000  stop 0.3189  act-agree 0.765  p(stop) 0.037  lr 5.80e-06  1.48 it/s
step  35650  L  0.8397  point 0.0188  disp 0.0802  theta 0.0000  stop 1.3390  act-agree 0.760  p(stop) 0.009  lr 5.76e-06  1.48 it/s
step  35700  L  0.3164  point 0.0174  disp 0.0504  theta 0.0000  stop 0.3577  act-agree 0.770  p(stop) 0.002  lr 5.73e-06  1.48 it/s
step  35750  L  0.6170  point 0.0173  disp 0.0708  theta 0.0000  stop 0.9074  act-agree 0.795  p(stop) 0.005  lr 5.70e-06  1.48 it/s
step  35800  L  0.5486  point 0.0301  disp 0.0645  theta 0.0000  stop 0.7699  act-agree 0.730  p(stop) 0.039  lr 5.66e-06  1.48 it/s
step  35850  L  0.4669  point 0.0259  disp 0.0688  theta 0.0000  stop 0.5708  act-agree 0.795  p(stop) 0.032  lr 5.63e-06  1.48 it/s
step  35900  L  0.7283  point 0.0166  disp 0.0711  theta 0.0000  stop 1.1355  act-agree 0.830  p(stop) 0.004  lr 5.60e-06  1.48 it/s
step  35950  L  0.4841  point 0.0165  disp 0.0612  theta 0.0000  stop 0.6860  act-agree 0.770  p(stop) 0.025  lr 5.57e-06  1.48 it/s
step  36000  L  0.5505  point 0.0214  disp 0.0727  theta 0.0000  stop 0.7863  act-agree 0.785  p(stop) 0.002  lr 5.54e-06  1.48 it/s
step  36050  L  0.6126  point 0.0201  disp 0.0725  theta 0.0000  stop 0.8986  act-agree 0.800  p(stop) 0.001  lr 5.51e-06  1.48 it/s
step  36100  L  0.3762  point 0.0212  disp 0.0825  theta 0.0000  stop 0.4000  act-agree 0.830  p(stop) 0.020  lr 5.48e-06  1.48 it/s
step  36150  L  0.3753  point 0.0211  disp 0.0641  theta 0.0000  stop 0.4442  act-agree 0.770  p(stop) 0.006  lr 5.45e-06  1.48 it/s
step  36200  L  0.6971  point 0.0196  disp 0.0787  theta 0.0000  stop 1.0369  act-agree 0.765  p(stop) 0.003  lr 5.42e-06  1.48 it/s
step  36250  L  0.4400  point 0.0237  disp 0.0853  theta 0.0000  stop 0.5075  act-agree 0.740  p(stop) 0.012  lr 5.40e-06  1.48 it/s
step  36300  L  0.4956  point 0.0233  disp 0.0827  theta 0.0000  stop 0.6268  act-agree 0.790  p(stop) 0.001  lr 5.37e-06  1.48 it/s
step  36350  L  0.9513  point 0.0253  disp 0.0963  theta 0.0000  stop 1.5055  act-agree 0.770  p(stop) 0.002  lr 5.35e-06  1.48 it/s
step  36400  L  0.4363  point 0.0195  disp 0.0741  theta 0.0000  stop 0.5544  act-agree 0.790  p(stop) 0.016  lr 5.32e-06  1.48 it/s
step  36450  L  0.2884  point 0.0207  disp 0.0484  theta 0.0000  stop 0.3112  act-agree 0.755  p(stop) 0.015  lr 5.30e-06  1.48 it/s
step  36500  L  0.8122  point 0.0157  disp 0.0751  theta 0.0000  stop 1.2745  act-agree 0.805  p(stop) 0.007  lr 5.28e-06  1.48 it/s
step  36550  L  0.4456  point 0.0274  disp 0.0594  theta 0.0000  stop 0.5804  act-agree 0.845  p(stop) 0.013  lr 5.26e-06  1.48 it/s
step  36600  L  0.3456  point 0.0215  disp 0.0863  theta 0.0000  stop 0.3155  act-agree 0.740  p(stop) 0.009  lr 5.24e-06  1.48 it/s
step  36650  L  0.4122  point 0.0201  disp 0.0491  theta 0.0000  stop 0.5537  act-agree 0.775  p(stop) 0.012  lr 5.22e-06  1.48 it/s
step  36700  L  0.4005  point 0.0173  disp 0.0479  theta 0.0000  stop 0.4982  act-agree 0.795  p(stop) 0.004  lr 5.20e-06  1.48 it/s
step  36750  L  0.6206  point 0.0218  disp 0.0683  theta 0.0000  stop 0.9004  act-agree 0.815  p(stop) 0.002  lr 5.18e-06  1.48 it/s
step  36800  L  0.4742  point 0.0230  disp 0.0472  theta 0.0000  stop 0.6080  act-agree 0.760  p(stop) 0.013  lr 5.17e-06  1.48 it/s
step  36850  L  0.3286  point 0.0219  disp 0.0524  theta 0.0000  stop 0.3391  act-agree 0.720  p(stop) 0.005  lr 5.15e-06  1.48 it/s
step  36900  L  0.3174  point 0.0179  disp 0.0500  theta 0.0000  stop 0.3514  act-agree 0.770  p(stop) 0.001  lr 5.13e-06  1.48 it/s
step  36950  L  0.8745  point 0.0203  disp 0.0857  theta 0.0000  stop 1.3882  act-agree 0.805  p(stop) 0.003  lr 5.12e-06  1.48 it/s
step  37000  L  0.3200  point 0.0202  disp 0.0570  theta 0.0000  stop 0.3442  act-agree 0.780  p(stop) 0.008  lr 5.11e-06  1.48 it/s
step  37050  L  0.5113  point 0.0179  disp 0.0506  theta 0.0000  stop 0.7216  act-agree 0.775  p(stop) 0.003  lr 5.09e-06  1.48 it/s
step  37100  L  0.6651  point 0.0216  disp 0.0923  theta 0.0000  stop 0.9391  act-agree 0.825  p(stop) 0.010  lr 5.08e-06  1.48 it/s
step  37150  L  0.4830  point 0.0218  disp 0.0410  theta 0.0000  stop 0.7042  act-agree 0.800  p(stop) 0.040  lr 5.07e-06  1.48 it/s
step  37200  L  0.3053  point 0.0254  disp 0.0481  theta 0.0000  stop 0.2966  act-agree 0.790  p(stop) 0.003  lr 5.06e-06  1.48 it/s
step  37250  L  0.6150  point 0.0352  disp 0.0657  theta 0.0000  stop 0.8871  act-agree 0.750  p(stop) 0.010  lr 5.05e-06  1.48 it/s
step  37300  L  0.3987  point 0.0197  disp 0.0523  theta 0.0000  stop 0.4906  act-agree 0.780  p(stop) 0.000  lr 5.04e-06  1.48 it/s
step  37350  L  0.4064  point 0.0158  disp 0.0625  theta 0.0000  stop 0.5312  act-agree 0.735  p(stop) 0.002  lr 5.03e-06  1.48 it/s
step  37400  L  0.6509  point 0.0176  disp 0.0694  theta 0.0000  stop 0.9718  act-agree 0.795  p(stop) 0.028  lr 5.03e-06  1.48 it/s
step  37450  L  0.4691  point 0.0189  disp 0.0566  theta 0.0000  stop 0.6549  act-agree 0.695  p(stop) 0.043  lr 5.02e-06  1.48 it/s
step  37500  L  0.3168  point 0.0136  disp 0.0521  theta 0.0000  stop 0.3833  act-agree 0.815  p(stop) 0.005  lr 5.01e-06  1.48 it/s
step  37550  L  0.7410  point 0.0338  disp 0.0756  theta 0.0000  stop 1.1134  act-agree 0.795  p(stop) 0.009  lr 5.01e-06  1.48 it/s
step  37600  L  0.4648  point 0.0165  disp 0.0593  theta 0.0000  stop 0.6286  act-agree 0.750  p(stop) 0.032  lr 5.01e-06  1.48 it/s
step  37650  L  0.6464  point 0.0224  disp 0.0690  theta 0.0000  stop 0.9918  act-agree 0.795  p(stop) 0.004  lr 5.00e-06  1.48 it/s
step  37700  L  0.5312  point 0.0238  disp 0.0548  theta 0.0000  stop 0.7609  act-agree 0.755  p(stop) 0.024  lr 5.00e-06  1.48 it/s
step  37750  L  0.3535  point 0.0218  disp 0.0683  theta 0.0000  stop 0.3960  act-agree 0.760  p(stop) 0.019  lr 5.00e-06  1.48 it/s
step  37800  L  0.5983  point 0.0333  disp 0.0768  theta 0.0000  stop 0.7851  act-agree 0.770  p(stop) 0.016  lr 5.00e-06  1.48 it/s

saved -> checkpoints/pointing_hist/final
######## HISTORY train finished Thu Sep  3 09:26:09 EDT 2026 ########
######## HISTORY eval n=150 --strict ########
######## HISTORY eval n=150 diagnostic ########
######## OVERNIGHT COMPLETE Thu Sep  3 09:26:28 EDT 2026 ########
