Renderer: NVIDIA GeForce RTX 4070 Ti SUPER/PCIe/SSE2 by NVIDIA Corporation
OpenGL version: 4.6.0 NVIDIA 580.173.02
Using optional features:
    GL_ARB_vertex_array_object
    GL_ARB_separate_shader_objects
    GL_ARB_robustness
    GL_ARB_texture_storage
    GL_ARB_texture_view
    GL_ARB_framebuffer_no_attachments
    GL_ARB_invalidate_subdata
    GL_ARB_texture_storage_multisample
    GL_ARB_multi_bind
    GL_ARB_direct_state_access
    GL_ARB_get_texture_sub_image
    GL_ARB_texture_filter_anisotropic
    GL_KHR_debug
    GL_KHR_parallel_shader_compile
    GL_NV_depth_buffer_float
Using driver workarounds:
    no-forward-compatible-core-context
    nv-egl-incorrect-gl11-function-pointers
    no-layout-qualifiers-on-old-glsl
    nv-zero-context-profile-mask
    nv-implementation-color-read-format-dsa-broken
    nv-cubemap-inconsistent-compressed-image-size
    nv-cubemap-broken-full-compressed-image-query
    nv-compressed-block-size-in-bits
[16:39:52:923045]:[Warning]:[Metadata] SceneDatasetAttributes.cpp(107)::addNewSceneInstanceToDataset : Dataset : 'default' : Lighting Layout Attributes 'no_lights' specified in Scene Attributes but does not exist in dataset, so creating default.
Multiple -pix_fmt options specified for stream 0, only the last option '-pix_fmt yuv420p' will be used.
  17DRP5sb8fy/10154: 33 steps -> 134 frames (8.9s)  653 KB  0.3s
Multiple -pix_fmt options specified for stream 0, only the last option '-pix_fmt yuv420p' will be used.
  17DRP5sb8fy/10355: 11 steps -> 42 frames (2.7s)  344 KB  0.2s
Multiple -pix_fmt options specified for stream 0, only the last option '-pix_fmt yuv420p' will be used.
  17DRP5sb8fy/10514: 18 steps -> 74 frames (4.9s)  425 KB  0.2s
Multiple -pix_fmt options specified for stream 0, only the last option '-pix_fmt yuv420p' will be used.
  17DRP5sb8fy/1074: 33 steps -> 138 frames (9.1s)  818 KB  0.3s
Multiple -pix_fmt options specified for stream 0, only the last option '-pix_fmt yuv420p' will be used.
  17DRP5sb8fy/1116: 34 steps -> 141 frames (9.3s)  933 KB  0.3s
Multiple -pix_fmt options specified for stream 0, only the last option '-pix_fmt yuv420p' will be used.
  17DRP5sb8fy/1802: 9 steps -> 34 frames (2.2s)  133 KB  0.1s
Multiple -pix_fmt options specified for stream 0, only the last option '-pix_fmt yuv420p' will be used.
  17DRP5sb8fy/2888: 12 steps -> 42 frames (2.7s)  208 KB  0.1s
Multiple -pix_fmt options specified for stream 0, only the last option '-pix_fmt yuv420p' will be used.
  17DRP5sb8fy/2942: 31 steps -> 132 frames (8.7s)  638 KB  0.3s
Multiple -pix_fmt options specified for stream 0, only the last option '-pix_fmt yuv420p' will be used.
  17DRP5sb8fy/3371: 14 steps -> 56 frames (3.7s)  286 KB  0.2s
Multiple -pix_fmt options specified for stream 0, only the last option '-pix_fmt yuv420p' will be used.
  17DRP5sb8fy/3605: 18 steps -> 71 frames (4.7s)  620 KB  0.2s
Multiple -pix_fmt options specified for stream 0, only the last option '-pix_fmt yuv420p' will be used.
  17DRP5sb8fy/3716: 13 steps -> 51 frames (3.3s)  500 KB  0.2s
Multiple -pix_fmt options specified for stream 0, only the last option '-pix_fmt yuv420p' will be used.
  17DRP5sb8fy/3773: 33 steps -> 131 frames (8.7s)  837 KB  0.3s
Multiple -pix_fmt options specified for stream 0, only the last option '-pix_fmt yuv420p' will be used.
  17DRP5sb8fy/3899: 16 steps -> 66 frames (4.3s)  287 KB  0.2s
Multiple -pix_fmt options specified for stream 0, only the last option '-pix_fmt yuv420p' will be used.
  17DRP5sb8fy/4538: 19 steps -> 76 frames (5.0s)  381 KB  0.2s
Multiple -pix_fmt options specified for stream 0, only the last option '-pix_fmt yuv420p' will be used.
  17DRP5sb8fy/515: 26 steps -> 107 frames (7.1s)  552 KB  0.2s
Multiple -pix_fmt options specified for stream 0, only the last option '-pix_fmt yuv420p' will be used.
  17DRP5sb8fy/5150: 23 steps -> 96 frames (6.3s)  551 KB  0.2s
Multiple -pix_fmt options specified for stream 0, only the last option '-pix_fmt yuv420p' will be used.
  17DRP5sb8fy/5573: 27 steps -> 113 frames (7.5s)  856 KB  0.2s
Multiple -pix_fmt options specified for stream 0, only the last option '-pix_fmt yuv420p' will be used.
  17DRP5sb8fy/575: 32 steps -> 133 frames (8.8s)  504 KB  0.3s
Multiple -pix_fmt options specified for stream 0, only the last option '-pix_fmt yuv420p' will be used.
  17DRP5sb8fy/5795: 22 steps -> 92 frames (6.1s)  396 KB  0.2s
Multiple -pix_fmt options specified for stream 0, only the last option '-pix_fmt yuv420p' will be used.
  17DRP5sb8fy/6092: 21 steps -> 82 frames (5.4s)  493 KB  0.2s
Multiple -pix_fmt options specified for stream 0, only the last option '-pix_fmt yuv420p' will be used.
  17DRP5sb8fy/6782: 19 steps -> 78 frames (5.1s)  328 KB  0.2s
Multiple -pix_fmt options specified for stream 0, only the last option '-pix_fmt yuv420p' will be used.
  17DRP5sb8fy/8504: 12 steps -> 44 frames (2.9s)  289 KB  0.2s
Multiple -pix_fmt options specified for stream 0, only the last option '-pix_fmt yuv420p' will be used.
  17DRP5sb8fy/8816: 23 steps -> 94 frames (6.2s)  743 KB  0.2s
Multiple -pix_fmt options specified for stream 0, only the last option '-pix_fmt yuv420p' will be used.
  17DRP5sb8fy/9071: 28 steps -> 116 frames (7.7s)  533 KB  0.3s
Multiple -pix_fmt options specified for stream 0, only the last option '-pix_fmt yuv420p' will be used.
  17DRP5sb8fy/9524: 23 steps -> 98 frames (6.5s)  637 KB  0.3s
Renderer: NVIDIA GeForce RTX 4070 Ti SUPER/PCIe/SSE2 by NVIDIA Corporation
OpenGL version: 4.6.0 NVIDIA 580.173.02
Using optional features:
    GL_ARB_vertex_array_object
    GL_ARB_separate_shader_objects
    GL_ARB_robustness
    GL_ARB_texture_storage
    GL_ARB_texture_view
    GL_ARB_framebuffer_no_attachments
    GL_ARB_invalidate_subdata
    GL_ARB_texture_storage_multisample
    GL_ARB_multi_bind
    GL_ARB_direct_state_access
    GL_ARB_get_texture_sub_image
    GL_ARB_texture_filter_anisotropic
    GL_KHR_debug
    GL_KHR_parallel_shader_compile
    GL_NV_depth_buffer_float
Using driver workarounds:
    no-forward-compatible-core-context
    nv-egl-incorrect-gl11-function-pointers
    no-layout-qualifiers-on-old-glsl
    nv-zero-context-profile-mask
    nv-implementation-color-read-format-dsa-broken
    nv-cubemap-inconsistent-compressed-image-size
    nv-cubemap-broken-full-compressed-image-query
    nv-compressed-block-size-in-bits
[16:39:59:940737]:[Warning]:[Metadata] SceneDatasetAttributes.cpp(107)::addNewSceneInstanceToDataset : Dataset : 'default' : Lighting Layout Attributes 'no_lights' specified in Scene Attributes but does not exist in dataset, so creating default.
Multiple -pix_fmt options specified for stream 0, only the last option '-pix_fmt yuv420p' will be used.
  1LXtFkjw3qL/10181: 22 steps -> 87 frames (5.7s)  434 KB  0.5s
Multiple -pix_fmt options specified for stream 0, only the last option '-pix_fmt yuv420p' will be used.
  1LXtFkjw3qL/10526: 28 steps -> 114 frames (7.5s)  833 KB  0.3s
Multiple -pix_fmt options specified for stream 0, only the last option '-pix_fmt yuv420p' will be used.
  1LXtFkjw3qL/10616: 52 steps -> 222 frames (14.7s)  741 KB  0.5s
Multiple -pix_fmt options specified for stream 0, only the last option '-pix_fmt yuv420p' will be used.
  1LXtFkjw3qL/10700: 71 steps -> 299 frames (19.9s)  2079 KB  0.6s
Multiple -pix_fmt options specified for stream 0, only the last option '-pix_fmt yuv420p' will be used.
  1LXtFkjw3qL/10763: 51 steps -> 218 frames (14.5s)  1828 KB  0.5s
Multiple -pix_fmt options specified for stream 0, only the last option '-pix_fmt yuv420p' will be used.
  1LXtFkjw3qL/127: 31 steps -> 124 frames (8.2s)  1244 KB  0.4s
Multiple -pix_fmt options specified for stream 0, only the last option '-pix_fmt yuv420p' will be used.
  1LXtFkjw3qL/1412: 40 steps -> 169 frames (11.2s)  637 KB  0.4s
Multiple -pix_fmt options specified for stream 0, only the last option '-pix_fmt yuv420p' will be used.
  1LXtFkjw3qL/1706: 37 steps -> 145 frames (9.6s)  504 KB  0.4s
Multiple -pix_fmt options specified for stream 0, only the last option '-pix_fmt yuv420p' will be used.
  1LXtFkjw3qL/1889: 41 steps -> 161 frames (10.7s)  638 KB  0.4s
Multiple -pix_fmt options specified for stream 0, only the last option '-pix_fmt yuv420p' will be used.
  1LXtFkjw3qL/1946: 46 steps -> 182 frames (12.1s)  1302 KB  0.5s
Multiple -pix_fmt options specified for stream 0, only the last option '-pix_fmt yuv420p' will be used.
  1LXtFkjw3qL/2003: 46 steps -> 185 frames (12.3s)  1312 KB  0.5s
Multiple -pix_fmt options specified for stream 0, only the last option '-pix_fmt yuv420p' will be used.
  1LXtFkjw3qL/2093: 40 steps -> 168 frames (11.1s)  635 KB  0.4s
Multiple -pix_fmt options specified for stream 0, only the last option '-pix_fmt yuv420p' will be used.
  1LXtFkjw3qL/2132: 27 steps -> 110 frames (7.3s)  383 KB  0.3s
Multiple -pix_fmt options specified for stream 0, only the last option '-pix_fmt yuv420p' will be used.
  1LXtFkjw3qL/2252: 10 steps -> 41 frames (2.7s)  309 KB  0.2s
Multiple -pix_fmt options specified for stream 0, only the last option '-pix_fmt yuv420p' will be used.
  1LXtFkjw3qL/2639: 62 steps -> 259 frames (17.2s)  897 KB  0.6s
Multiple -pix_fmt options specified for stream 0, only the last option '-pix_fmt yuv420p' will be used.
  1LXtFkjw3qL/2669: 40 steps -> 163 frames (10.8s)  576 KB  0.4s
Multiple -pix_fmt options specified for stream 0, only the last option '-pix_fmt yuv420p' will be used.
  1LXtFkjw3qL/3128: 41 steps -> 162 frames (10.7s)  1327 KB  0.4s
Multiple -pix_fmt options specified for stream 0, only the last option '-pix_fmt yuv420p' will be used.
  1LXtFkjw3qL/3272: 69 steps -> 283 frames (18.8s)  2177 KB  0.7s
Multiple -pix_fmt options specified for stream 0, only the last option '-pix_fmt yuv420p' will be used.
  1LXtFkjw3qL/3596: 32 steps -> 130 frames (8.6s)  503 KB  0.4s
Multiple -pix_fmt options specified for stream 0, only the last option '-pix_fmt yuv420p' will be used.
  1LXtFkjw3qL/3599: 40 steps -> 160 frames (10.6s)  1152 KB  0.4s
Multiple -pix_fmt options specified for stream 0, only the last option '-pix_fmt yuv420p' will be used.
  1LXtFkjw3qL/3986: 50 steps -> 207 frames (13.7s)  1450 KB  0.6s
Multiple -pix_fmt options specified for stream 0, only the last option '-pix_fmt yuv420p' will be used.
  1LXtFkjw3qL/4019: 36 steps -> 143 frames (9.5s)  544 KB  0.4s
Multiple -pix_fmt options specified for stream 0, only the last option '-pix_fmt yuv420p' will be used.
  1LXtFkjw3qL/4151: 29 steps -> 120 frames (7.9s)  462 KB  0.3s
Multiple -pix_fmt options specified for stream 0, only the last option '-pix_fmt yuv420p' will be used.
  1LXtFkjw3qL/4325: 24 steps -> 98 frames (6.5s)  398 KB  0.3s
Multiple -pix_fmt options specified for stream 0, only the last option '-pix_fmt yuv420p' will be used.
  1LXtFkjw3qL/4427: 23 steps -> 92 frames (6.1s)  356 KB  0.3s
Multiple -pix_fmt options specified for stream 0, only the last option '-pix_fmt yuv420p' will be used.
  1LXtFkjw3qL/4871: 38 steps -> 166 frames (11.0s)  965 KB  0.4s
Multiple -pix_fmt options specified for stream 0, only the last option '-pix_fmt yuv420p' will be used.
  1LXtFkjw3qL/4907: 43 steps -> 171 frames (11.3s)  682 KB  0.4s
Multiple -pix_fmt options specified for stream 0, only the last option '-pix_fmt yuv420p' will be used.
  1LXtFkjw3qL/4970: 25 steps -> 100 frames (6.6s)  322 KB  0.3s
Multiple -pix_fmt options specified for stream 0, only the last option '-pix_fmt yuv420p' will be used.
  1LXtFkjw3qL/5312: 48 steps -> 200 frames (13.3s)  1438 KB  0.5s
Multiple -pix_fmt options specified for stream 0, only the last option '-pix_fmt yuv420p' will be used.
  1LXtFkjw3qL/5351: 44 steps -> 180 frames (11.9s)  1150 KB  0.5s
Multiple -pix_fmt options specified for stream 0, only the last option '-pix_fmt yuv420p' will be used.
  1LXtFkjw3qL/5636: 26 steps -> 102 frames (6.7s)  401 KB  0.3s
Multiple -pix_fmt options specified for stream 0, only the last option '-pix_fmt yuv420p' will be used.
  1LXtFkjw3qL/5813: 40 steps -> 157 frames (10.4s)  623 KB  0.4s
Multiple -pix_fmt options specified for stream 0, only the last option '-pix_fmt yuv420p' will be used.
  1LXtFkjw3qL/5933: 40 steps -> 159 frames (10.5s)  1151 KB  0.5s
Multiple -pix_fmt options specified for stream 0, only the last option '-pix_fmt yuv420p' will be used.
  1LXtFkjw3qL/6047: 23 steps -> 91 frames (6.0s)  328 KB  0.3s
Multiple -pix_fmt options specified for stream 0, only the last option '-pix_fmt yuv420p' will be used.
  1LXtFkjw3qL/6458: 45 steps -> 184 frames (12.2s)  637 KB  0.4s
Multiple -pix_fmt options specified for stream 0, only the last option '-pix_fmt yuv420p' will be used.
  1LXtFkjw3qL/6833: 46 steps -> 194 frames (12.9s)  657 KB  0.5s
Multiple -pix_fmt options specified for stream 0, only the last option '-pix_fmt yuv420p' will be used.
  1LXtFkjw3qL/6914: 24 steps -> 92 frames (6.1s)  703 KB  0.3s
Multiple -pix_fmt options specified for stream 0, only the last option '-pix_fmt yuv420p' will be used.
  1LXtFkjw3qL/7079: 43 steps -> 176 frames (11.7s)  630 KB  0.4s
Multiple -pix_fmt options specified for stream 0, only the last option '-pix_fmt yuv420p' will be used.
  1LXtFkjw3qL/7109: 11 steps -> 47 frames (3.1s)  365 KB  0.2s
Multiple -pix_fmt options specified for stream 0, only the last option '-pix_fmt yuv420p' will be used.
  1LXtFkjw3qL/7241: 35 steps -> 132 frames (8.7s)  484 KB  0.3s
Multiple -pix_fmt options specified for stream 0, only the last option '-pix_fmt yuv420p' will be used.
  1LXtFkjw3qL/743: 17 steps -> 64 frames (4.2s)  736 KB  0.2s
Multiple -pix_fmt options specified for stream 0, only the last option '-pix_fmt yuv420p' will be used.
  1LXtFkjw3qL/8096: 39 steps -> 163 frames (10.8s)  589 KB  0.4s
Multiple -pix_fmt options specified for stream 0, only the last option '-pix_fmt yuv420p' will be used.
  1LXtFkjw3qL/818: 36 steps -> 142 frames (9.4s)  1260 KB  0.4s
Multiple -pix_fmt options specified for stream 0, only the last option '-pix_fmt yuv420p' will be used.
  1LXtFkjw3qL/8222: 42 steps -> 172 frames (11.4s)  1119 KB  0.4s
Multiple -pix_fmt options specified for stream 0, only the last option '-pix_fmt yuv420p' will be used.
  1LXtFkjw3qL/8288: 27 steps -> 108 frames (7.1s)  434 KB  0.3s
Multiple -pix_fmt options specified for stream 0, only the last option '-pix_fmt yuv420p' will be used.
  1LXtFkjw3qL/8363: 27 steps -> 112 frames (7.4s)  391 KB  0.3s
Multiple -pix_fmt options specified for stream 0, only the last option '-pix_fmt yuv420p' will be used.
  1LXtFkjw3qL/85: 37 steps -> 146 frames (9.7s)  1068 KB  0.4s
Multiple -pix_fmt options specified for stream 0, only the last option '-pix_fmt yuv420p' will be used.
  1LXtFkjw3qL/8603: 50 steps -> 199 frames (13.2s)  1462 KB  0.6s
Multiple -pix_fmt options specified for stream 0, only the last option '-pix_fmt yuv420p' will be used.
  1LXtFkjw3qL/8669: 38 steps -> 144 frames (9.5s)  1432 KB  0.4s
Multiple -pix_fmt options specified for stream 0, only the last option '-pix_fmt yuv420p' will be used.
  1LXtFkjw3qL/8741: 23 steps -> 100 frames (6.6s)  688 KB  0.3s
Multiple -pix_fmt options specified for stream 0, only the last option '-pix_fmt yuv420p' will be used.
  1LXtFkjw3qL/8876: 22 steps -> 92 frames (6.1s)  416 KB  0.3s
Multiple -pix_fmt options specified for stream 0, only the last option '-pix_fmt yuv420p' will be used.
  1LXtFkjw3qL/8996: 49 steps -> 199 frames (13.2s)  1445 KB  0.6s
Multiple -pix_fmt options specified for stream 0, only the last option '-pix_fmt yuv420p' will be used.
  1LXtFkjw3qL/9074: 69 steps -> 282 frames (18.7s)  2243 KB  0.7s
Multiple -pix_fmt options specified for stream 0, only the last option '-pix_fmt yuv420p' will be used.
  1LXtFkjw3qL/97: 20 steps -> 80 frames (5.3s)  248 KB  0.2s
Renderer: NVIDIA GeForce RTX 4070 Ti SUPER/PCIe/SSE2 by NVIDIA Corporation
OpenGL version: 4.6.0 NVIDIA 580.173.02
Using optional features:
    GL_ARB_vertex_array_object
    GL_ARB_separate_shader_objects
    GL_ARB_robustness
    GL_ARB_texture_storage
    GL_ARB_texture_view
    GL_ARB_framebuffer_no_attachments
    GL_ARB_invalidate_subdata
    GL_ARB_texture_storage_multisample
    GL_ARB_multi_bind
    GL_ARB_direct_state_access
    GL_ARB_get_texture_sub_image
    GL_ARB_texture_filter_anisotropic
    GL_KHR_debug
    GL_KHR_parallel_shader_compile
    GL_NV_depth_buffer_float
Using driver workarounds:
    no-forward-compatible-core-context
    nv-egl-incorrect-gl11-function-pointers
    no-layout-qualifiers-on-old-glsl
    nv-zero-context-profile-mask
    nv-implementation-color-read-format-dsa-broken
    nv-cubemap-inconsistent-compressed-image-size
    nv-cubemap-broken-full-compressed-image-query
    nv-compressed-block-size-in-bits
[16:40:26:215968]:[Warning]:[Metadata] SceneDatasetAttributes.cpp(107)::addNewSceneInstanceToDataset : Dataset : 'default' : Lighting Layout Attributes 'no_lights' specified in Scene Attributes but does not exist in dataset, so creating default.
Multiple -pix_fmt options specified for stream 0, only the last option '-pix_fmt yuv420p' will be used.
  1pXnuDYAj8r/10277: 68 steps -> 299 frames (19.9s)  2742 KB  0.9s
Multiple -pix_fmt options specified for stream 0, only the last option '-pix_fmt yuv420p' will be used.
  1pXnuDYAj8r/10340: 36 steps -> 148 frames (9.8s)  1211 KB  0.3s
Multiple -pix_fmt options specified for stream 0, only the last option '-pix_fmt yuv420p' will be used.
  1pXnuDYAj8r/10622: 90 steps -> 408 frames (27.1s)  3835 KB  0.9s
Multiple -pix_fmt options specified for stream 0, only the last option '-pix_fmt yuv420p' will be used.
  1pXnuDYAj8r/10721: 27 steps -> 109 frames (7.2s)  1125 KB  0.3s
Multiple -pix_fmt options specified for stream 0, only the last option '-pix_fmt yuv420p' will be used.
  1pXnuDYAj8r/10784: 37 steps -> 152 frames (10.1s)  967 KB  0.4s
Multiple -pix_fmt options specified for stream 0, only the last option '-pix_fmt yuv420p' will be used.
  1pXnuDYAj8r/1104: 30 steps -> 119 frames (7.9s)  850 KB  0.3s
Multiple -pix_fmt options specified for stream 0, only the last option '-pix_fmt yuv420p' will be used.
  1pXnuDYAj8r/1113: 50 steps -> 199 frames (13.2s)  1723 KB  0.5s
Multiple -pix_fmt options specified for stream 0, only the last option '-pix_fmt yuv420p' will be used.
  1pXnuDYAj8r/1122: 46 steps -> 200 frames (13.3s)  1342 KB  0.5s
Multiple -pix_fmt options specified for stream 0, only the last option '-pix_fmt yuv420p' will be used.
  1pXnuDYAj8r/1125: 64 steps -> 278 frames (18.5s)  2354 KB  0.7s
Multiple -pix_fmt options specified for stream 0, only the last option '-pix_fmt yuv420p' will be used.
  1pXnuDYAj8r/1153: 20 steps -> 84 frames (5.5s)  588 KB  0.3s
Multiple -pix_fmt options specified for stream 0, only the last option '-pix_fmt yuv420p' will be used.
  1pXnuDYAj8r/1523: 22 steps -> 89 frames (5.9s)  622 KB  0.3s
Multiple -pix_fmt options specified for stream 0, only the last option '-pix_fmt yuv420p' will be used.
  1pXnuDYAj8r/1649: 36 steps -> 152 frames (10.1s)  1407 KB  0.4s
Multiple -pix_fmt options specified for stream 0, only the last option '-pix_fmt yuv420p' will be used.
  1pXnuDYAj8r/1664: 33 steps -> 130 frames (8.6s)  1228 KB  0.4s
Multiple -pix_fmt options specified for stream 0, only the last option '-pix_fmt yuv420p' will be used.
  1pXnuDYAj8r/1742: 39 steps -> 163 frames (10.8s)  1202 KB  0.4s
Multiple -pix_fmt options specified for stream 0, only the last option '-pix_fmt yuv420p' will be used.
  1pXnuDYAj8r/1748: 54 steps -> 240 frames (15.9s)  1632 KB  0.6s
Multiple -pix_fmt options specified for stream 0, only the last option '-pix_fmt yuv420p' will be used.
  1pXnuDYAj8r/1820: 43 steps -> 194 frames (12.9s)  2105 KB  0.5s
Multiple -pix_fmt options specified for stream 0, only the last option '-pix_fmt yuv420p' will be used.
  1pXnuDYAj8r/1835: 30 steps -> 126 frames (8.3s)  740 KB  0.4s
Multiple -pix_fmt options specified for stream 0, only the last option '-pix_fmt yuv420p' will be used.
  1pXnuDYAj8r/184: 57 steps -> 260 frames (17.3s)  2963 KB  0.6s
Multiple -pix_fmt options specified for stream 0, only the last option '-pix_fmt yuv420p' will be used.
  1pXnuDYAj8r/1841: 49 steps -> 190 frames (12.6s)  1746 KB  0.4s
Multiple -pix_fmt options specified for stream 0, only the last option '-pix_fmt yuv420p' will be used.
  1pXnuDYAj8r/1961: 49 steps -> 212 frames (14.1s)  1912 KB  0.6s
Multiple -pix_fmt options specified for stream 0, only the last option '-pix_fmt yuv420p' will be used.
  1pXnuDYAj8r/214: 38 steps -> 154 frames (10.2s)  1419 KB  0.4s
Multiple -pix_fmt options specified for stream 0, only the last option '-pix_fmt yuv420p' will be used.
  1pXnuDYAj8r/2168: 52 steps -> 214 frames (14.2s)  1767 KB  0.6s
Multiple -pix_fmt options specified for stream 0, only the last option '-pix_fmt yuv420p' will be used.
  1pXnuDYAj8r/2273: 49 steps -> 206 frames (13.7s)  1613 KB  0.5s
Multiple -pix_fmt options specified for stream 0, only the last option '-pix_fmt yuv420p' will be used.
  1pXnuDYAj8r/2453: 50 steps -> 211 frames (14.0s)  1886 KB  0.5s
Multiple -pix_fmt options specified for stream 0, only the last option '-pix_fmt yuv420p' will be used.
  1pXnuDYAj8r/2477: 39 steps -> 153 frames (10.1s)  1582 KB  0.4s
Multiple -pix_fmt options specified for stream 0, only the last option '-pix_fmt yuv420p' will be used.
  1pXnuDYAj8r/2525: 45 steps -> 196 frames (13.0s)  2219 KB  0.5s
Multiple -pix_fmt options specified for stream 0, only the last option '-pix_fmt yuv420p' will be used.
  1pXnuDYAj8r/2609: 63 steps -> 259 frames (17.2s)  2532 KB  0.6s
Multiple -pix_fmt options specified for stream 0, only the last option '-pix_fmt yuv420p' will be used.
  1pXnuDYAj8r/2624: 71 steps -> 327 frames (21.7s)  3341 KB  0.8s
Multiple -pix_fmt options specified for stream 0, only the last option '-pix_fmt yuv420p' will be used.
  1pXnuDYAj8r/268: 37 steps -> 154 frames (10.2s)  1010 KB  0.4s
Multiple -pix_fmt options specified for stream 0, only the last option '-pix_fmt yuv420p' will be used.
  1pXnuDYAj8r/2684: 49 steps -> 207 frames (13.7s)  1902 KB  0.6s
Multiple -pix_fmt options specified for stream 0, only the last option '-pix_fmt yuv420p' will be used.
  1pXnuDYAj8r/2867: 43 steps -> 172 frames (11.4s)  1671 KB  0.5s
Multiple -pix_fmt options specified for stream 0, only the last option '-pix_fmt yuv420p' will be used.
  1pXnuDYAj8r/3011: 59 steps -> 257 frames (17.1s)  2323 KB  0.6s
Multiple -pix_fmt options specified for stream 0, only the last option '-pix_fmt yuv420p' will be used.
  1pXnuDYAj8r/3086: 64 steps -> 289 frames (19.2s)  2533 KB  0.7s
Multiple -pix_fmt options specified for stream 0, only the last option '-pix_fmt yuv420p' will be used.
  1pXnuDYAj8r/3131: 47 steps -> 191 frames (12.7s)  1576 KB  0.5s
Multiple -pix_fmt options specified for stream 0, only the last option '-pix_fmt yuv420p' will be used.
  1pXnuDYAj8r/3353: 73 steps -> 312 frames (20.7s)  2886 KB  0.8s
Multiple -pix_fmt options specified for stream 0, only the last option '-pix_fmt yuv420p' will be used.
  1pXnuDYAj8r/3368: 38 steps -> 169 frames (11.2s)  1688 KB  0.5s
Multiple -pix_fmt options specified for stream 0, only the last option '-pix_fmt yuv420p' will be used.
  1pXnuDYAj8r/360: 56 steps -> 251 frames (16.7s)  2182 KB  0.6s
Multiple -pix_fmt options specified for stream 0, only the last option '-pix_fmt yuv420p' will be used.
  1pXnuDYAj8r/3755: 50 steps -> 207 frames (13.7s)  1758 KB  0.5s
Multiple -pix_fmt options specified for stream 0, only the last option '-pix_fmt yuv420p' will be used.
  1pXnuDYAj8r/3800: 27 steps -> 103 frames (6.8s)  872 KB  0.3s
Multiple -pix_fmt options specified for stream 0, only the last option '-pix_fmt yuv420p' will be used.
  1pXnuDYAj8r/3833: 21 steps -> 93 frames (6.1s)  507 KB  0.3s
Multiple -pix_fmt options specified for stream 0, only the last option '-pix_fmt yuv420p' will be used.
  1pXnuDYAj8r/3926: 20 steps -> 82 frames (5.4s)  728 KB  0.3s
Multiple -pix_fmt options specified for stream 0, only the last option '-pix_fmt yuv420p' will be used.
  1pXnuDYAj8r/3938: 36 steps -> 152 frames (10.1s)  1019 KB  0.4s
Multiple -pix_fmt options specified for stream 0, only the last option '-pix_fmt yuv420p' will be used.
  1pXnuDYAj8r/4145: 52 steps -> 212 frames (14.1s)  2118 KB  0.6s
Multiple -pix_fmt options specified for stream 0, only the last option '-pix_fmt yuv420p' will be used.
  1pXnuDYAj8r/4673: 27 steps -> 108 frames (7.1s)  1006 KB  0.3s
Multiple -pix_fmt options specified for stream 0, only the last option '-pix_fmt yuv420p' will be used.
  1pXnuDYAj8r/4841: 89 steps -> 404 frames (26.9s)  3644 KB  1.0s
Multiple -pix_fmt options specified for stream 0, only the last option '-pix_fmt yuv420p' will be used.
  1pXnuDYAj8r/4883: 44 steps -> 185 frames (12.3s)  1439 KB  0.5s
Multiple -pix_fmt options specified for stream 0, only the last option '-pix_fmt yuv420p' will be used.
  1pXnuDYAj8r/493: 54 steps -> 209 frames (13.9s)  1860 KB  0.6s
Multiple -pix_fmt options specified for stream 0, only the last option '-pix_fmt yuv420p' will be used.
  1pXnuDYAj8r/5003: 42 steps -> 188 frames (12.5s)  1321 KB  0.5s
Multiple -pix_fmt options specified for stream 0, only the last option '-pix_fmt yuv420p' will be used.
  1pXnuDYAj8r/5141: 33 steps -> 138 frames (9.1s)  985 KB  0.4s
Multiple -pix_fmt options specified for stream 0, only the last option '-pix_fmt yuv420p' will be used.
  1pXnuDYAj8r/5420: 54 steps -> 224 frames (14.9s)  1721 KB  0.6s
Multiple -pix_fmt options specified for stream 0, only the last option '-pix_fmt yuv420p' will be used.
  1pXnuDYAj8r/5426: 39 steps -> 152 frames (10.1s)  1330 KB  0.4s
Multiple -pix_fmt options specified for stream 0, only the last option '-pix_fmt yuv420p' will be used.
  1pXnuDYAj8r/5465: 40 steps -> 164 frames (10.9s)  1235 KB  0.4s
Multiple -pix_fmt options specified for stream 0, only the last option '-pix_fmt yuv420p' will be used.
  1pXnuDYAj8r/5474: 33 steps -> 133 frames (8.8s)  1076 KB  0.4s
Multiple -pix_fmt options specified for stream 0, only the last option '-pix_fmt yuv420p' will be used.
  1pXnuDYAj8r/5606: 82 steps -> 336 frames (22.3s)  3692 KB  0.9s
Multiple -pix_fmt options specified for stream 0, only the last option '-pix_fmt yuv420p' will be used.
  1pXnuDYAj8r/5792: 98 steps -> 409 frames (27.2s)  3929 KB  1.0s
Multiple -pix_fmt options specified for stream 0, only the last option '-pix_fmt yuv420p' will be used.
  1pXnuDYAj8r/5855: 55 steps -> 242 frames (16.1s)  2465 KB  0.7s
Multiple -pix_fmt options specified for stream 0, only the last option '-pix_fmt yuv420p' will be used.
  1pXnuDYAj8r/6305: 38 steps -> 162 frames (10.7s)  1151 KB  0.5s
Multiple -pix_fmt options specified for stream 0, only the last option '-pix_fmt yuv420p' will be used.
  1pXnuDYAj8r/6344: 55 steps -> 230 frames (15.3s)  1851 KB  0.6s
Multiple -pix_fmt options specified for stream 0, only the last option '-pix_fmt yuv420p' will be used.
  1pXnuDYAj8r/6734: 37 steps -> 151 frames (10.0s)  1153 KB  0.4s
Multiple -pix_fmt options specified for stream 0, only the last option '-pix_fmt yuv420p' will be used.
  1pXnuDYAj8r/6752: 42 steps -> 181 frames (12.0s)  1315 KB  0.4s
Multiple -pix_fmt options specified for stream 0, only the last option '-pix_fmt yuv420p' will be used.
  1pXnuDYAj8r/6797: 47 steps -> 197 frames (13.1s)  1959 KB  0.6s
Multiple -pix_fmt options specified for stream 0, only the last option '-pix_fmt yuv420p' will be used.
  1pXnuDYAj8r/6824: 55 steps -> 221 frames (14.7s)  2240 KB  0.6s
Multiple -pix_fmt options specified for stream 0, only the last option '-pix_fmt yuv420p' will be used.
  1pXnuDYAj8r/6884: 31 steps -> 136 frames (9.0s)  799 KB  0.4s
Multiple -pix_fmt options specified for stream 0, only the last option '-pix_fmt yuv420p' will be used.
  1pXnuDYAj8r/7256: 60 steps -> 253 frames (16.8s)  2039 KB  0.6s
Multiple -pix_fmt options specified for stream 0, only the last option '-pix_fmt yuv420p' will be used.
  1pXnuDYAj8r/7295: 16 steps -> 70 frames (4.6s)  445 KB  0.3s
Multiple -pix_fmt options specified for stream 0, only the last option '-pix_fmt yuv420p' will be used.
  1pXnuDYAj8r/7373: 33 steps -> 130 frames (8.6s)  1364 KB  0.4s
Multiple -pix_fmt options specified for stream 0, only the last option '-pix_fmt yuv420p' will be used.
  1pXnuDYAj8r/7412: 53 steps -> 226 frames (15.0s)  2268 KB  0.6s
Multiple -pix_fmt options specified for stream 0, only the last option '-pix_fmt yuv420p' will be used.
  1pXnuDYAj8r/7508: 43 steps -> 180 frames (11.9s)  1489 KB  0.5s
Multiple -pix_fmt options specified for stream 0, only the last option '-pix_fmt yuv420p' will be used.
  1pXnuDYAj8r/7559: 35 steps -> 150 frames (9.9s)  1224 KB  0.4s
Multiple -pix_fmt options specified for stream 0, only the last option '-pix_fmt yuv420p' will be used.
  1pXnuDYAj8r/7619: 25 steps -> 99 frames (6.5s)  751 KB  0.3s
Multiple -pix_fmt options specified for stream 0, only the last option '-pix_fmt yuv420p' will be used.
  1pXnuDYAj8r/7634: 35 steps -> 146 frames (9.7s)  1374 KB  0.4s
Multiple -pix_fmt options specified for stream 0, only the last option '-pix_fmt yuv420p' will be used.
  1pXnuDYAj8r/788: 27 steps -> 106 frames (7.0s)  1004 KB  0.3s
Multiple -pix_fmt options specified for stream 0, only the last option '-pix_fmt yuv420p' will be used.
  1pXnuDYAj8r/7964: 56 steps -> 232 frames (15.4s)  2371 KB  0.6s
Multiple -pix_fmt options specified for stream 0, only the last option '-pix_fmt yuv420p' will be used.
  1pXnuDYAj8r/8063: 45 steps -> 183 frames (12.1s)  1818 KB  0.5s
Multiple -pix_fmt options specified for stream 0, only the last option '-pix_fmt yuv420p' will be used.
  1pXnuDYAj8r/812: 39 steps -> 167 frames (11.1s)  1107 KB  0.5s
Multiple -pix_fmt options specified for stream 0, only the last option '-pix_fmt yuv420p' will be used.
  1pXnuDYAj8r/824: 66 steps -> 276 frames (18.3s)  2445 KB  0.7s
Multiple -pix_fmt options specified for stream 0, only the last option '-pix_fmt yuv420p' will be used.
  1pXnuDYAj8r/8243: 40 steps -> 170 frames (11.3s)  1144 KB  0.4s
Multiple -pix_fmt options specified for stream 0, only the last option '-pix_fmt yuv420p' will be used.
  1pXnuDYAj8r/8276: 37 steps -> 152 frames (10.1s)  1501 KB  0.4s
Multiple -pix_fmt options specified for stream 0, only the last option '-pix_fmt yuv420p' will be used.
  1pXnuDYAj8r/8390: 61 steps -> 275 frames (18.3s)  2650 KB  0.7s
Multiple -pix_fmt options specified for stream 0, only the last option '-pix_fmt yuv420p' will be used.
  1pXnuDYAj8r/9035: 28 steps -> 111 frames (7.3s)  1034 KB  0.3s
Multiple -pix_fmt options specified for stream 0, only the last option '-pix_fmt yuv420p' will be used.
  1pXnuDYAj8r/9062: 61 steps -> 263 frames (17.5s)  1643 KB  0.6s
Multiple -pix_fmt options specified for stream 0, only the last option '-pix_fmt yuv420p' will be used.
  1pXnuDYAj8r/9491: 53 steps -> 235 frames (15.6s)  2241 KB  0.6s
Multiple -pix_fmt options specified for stream 0, only the last option '-pix_fmt yuv420p' will be used.
  1pXnuDYAj8r/9506: 10 steps -> 35 frames (2.3s)  232 KB  0.2s
Multiple -pix_fmt options specified for stream 0, only the last option '-pix_fmt yuv420p' will be used.
  1pXnuDYAj8r/9689: 32 steps -> 130 frames (8.6s)  975 KB  0.4s
Multiple -pix_fmt options specified for stream 0, only the last option '-pix_fmt yuv420p' will be used.
  1pXnuDYAj8r/9977: 35 steps -> 129 frames (8.5s)  1206 KB  0.4s
Renderer: NVIDIA GeForce RTX 4070 Ti SUPER/PCIe/SSE2 by NVIDIA Corporation
OpenGL version: 4.6.0 NVIDIA 580.173.02
Using optional features:
    GL_ARB_vertex_array_object
    GL_ARB_separate_shader_objects
    GL_ARB_robustness
    GL_ARB_texture_storage
    GL_ARB_texture_view
    GL_ARB_framebuffer_no_attachments
    GL_ARB_invalidate_subdata
    GL_ARB_texture_storage_multisample
    GL_ARB_multi_bind
    GL_ARB_direct_state_access
    GL_ARB_get_texture_sub_image
    GL_ARB_texture_filter_anisotropic
    GL_KHR_debug
    GL_KHR_parallel_shader_compile
    GL_NV_depth_buffer_float
Using driver workarounds:
    no-forward-compatible-core-context
    nv-egl-incorrect-gl11-function-pointers
    no-layout-qualifiers-on-old-glsl
    nv-zero-context-profile-mask
    nv-implementation-color-read-format-dsa-broken
    nv-cubemap-inconsistent-compressed-image-size
    nv-cubemap-broken-full-compressed-image-query
    nv-compressed-block-size-in-bits
[16:41:14:938741]:[Warning]:[Metadata] SceneDatasetAttributes.cpp(107)::addNewSceneInstanceToDataset : Dataset : 'default' : Lighting Layout Attributes 'no_lights' specified in Scene Attributes but does not exist in dataset, so creating default.
Multiple -pix_fmt options specified for stream 0, only the last option '-pix_fmt yuv420p' will be used.
  29hnd4uzFmX/1014: 12 steps -> 44 frames (2.9s)  284 KB  0.3s
Multiple -pix_fmt options specified for stream 0, only the last option '-pix_fmt yuv420p' will be used.
  29hnd4uzFmX/10244: 11 steps -> 39 frames (2.5s)  256 KB  0.2s
Multiple -pix_fmt options specified for stream 0, only the last option '-pix_fmt yuv420p' will be used.
  29hnd4uzFmX/10328: 20 steps -> 77 frames (5.1s)  484 KB  0.3s
Multiple -pix_fmt options specified for stream 0, only the last option '-pix_fmt yuv420p' will be used.
  29hnd4uzFmX/1041: 15 steps -> 56 frames (3.7s)  348 KB  0.2s
Multiple -pix_fmt options specified for stream 0, only the last option '-pix_fmt yuv420p' will be used.
  29hnd4uzFmX/10499: 10 steps -> 35 frames (2.3s)  208 KB  0.2s
Multiple -pix_fmt options specified for stream 0, only the last option '-pix_fmt yuv420p' will be used.
  29hnd4uzFmX/1150: 29 steps -> 129 frames (8.5s)  639 KB  0.4s
Multiple -pix_fmt options specified for stream 0, only the last option '-pix_fmt yuv420p' will be used.
  29hnd4uzFmX/1291: 21 steps -> 83 frames (5.5s)  618 KB  0.3s
Multiple -pix_fmt options specified for stream 0, only the last option '-pix_fmt yuv420p' will be used.
  29hnd4uzFmX/1424: 12 steps -> 44 frames (2.9s)  241 KB  0.2s
Multiple -pix_fmt options specified for stream 0, only the last option '-pix_fmt yuv420p' will be used.
  29hnd4uzFmX/160: 24 steps -> 91 frames (6.0s)  664 KB  0.3s
Multiple -pix_fmt options specified for stream 0, only the last option '-pix_fmt yuv420p' will be used.
  29hnd4uzFmX/1775: 19 steps -> 77 frames (5.1s)  498 KB  0.2s
Multiple -pix_fmt options specified for stream 0, only the last option '-pix_fmt yuv420p' will be used.
  29hnd4uzFmX/1784: 17 steps -> 68 frames (4.5s)  398 KB  0.2s
Multiple -pix_fmt options specified for stream 0, only the last option '-pix_fmt yuv420p' will be used.
  29hnd4uzFmX/1829: 16 steps -> 64 frames (4.2s)  538 KB  0.2s
Multiple -pix_fmt options specified for stream 0, only the last option '-pix_fmt yuv420p' will be used.
  29hnd4uzFmX/2012: 11 steps -> 42 frames (2.7s)  229 KB  0.2s
Multiple -pix_fmt options specified for stream 0, only the last option '-pix_fmt yuv420p' will be used.
  29hnd4uzFmX/208: 29 steps -> 122 frames (8.1s)  912 KB  0.4s
Multiple -pix_fmt options specified for stream 0, only the last option '-pix_fmt yuv420p' will be used.
  29hnd4uzFmX/2291: 22 steps -> 84 frames (5.5s)  594 KB  0.3s
Multiple -pix_fmt options specified for stream 0, only the last option '-pix_fmt yuv420p' will be used.
  29hnd4uzFmX/2432: 30 steps -> 125 frames (8.3s)  1014 KB  0.3s
Multiple -pix_fmt options specified for stream 0, only the last option '-pix_fmt yuv420p' will be used.
  29hnd4uzFmX/2462: 15 steps -> 60 frames (3.9s)  339 KB  0.2s
Multiple -pix_fmt options specified for stream 0, only the last option '-pix_fmt yuv420p' will be used.
  29hnd4uzFmX/2666: 37 steps -> 164 frames (10.9s)  773 KB  0.4s
Multiple -pix_fmt options specified for stream 0, only the last option '-pix_fmt yuv420p' will be used.
  29hnd4uzFmX/2864: 34 steps -> 139 frames (9.2s)  1090 KB  0.3s
Multiple -pix_fmt options specified for stream 0, only the last option '-pix_fmt yuv420p' will be used.
  29hnd4uzFmX/287: 24 steps -> 99 frames (6.5s)  582 KB  0.3s
Multiple -pix_fmt options specified for stream 0, only the last option '-pix_fmt yuv420p' will be used.
  29hnd4uzFmX/290: 27 steps -> 114 frames (7.5s)  874 KB  0.3s
Multiple -pix_fmt options specified for stream 0, only the last option '-pix_fmt yuv420p' will be used.
  29hnd4uzFmX/2903: 27 steps -> 104 frames (6.9s)  761 KB  0.3s
Multiple -pix_fmt options specified for stream 0, only the last option '-pix_fmt yuv420p' will be used.
  29hnd4uzFmX/3056: 11 steps -> 41 frames (2.7s)  241 KB  0.2s
Multiple -pix_fmt options specified for stream 0, only the last option '-pix_fmt yuv420p' will be used.
  29hnd4uzFmX/3083: 13 steps -> 51 frames (3.3s)  318 KB  0.2s
Multiple -pix_fmt options specified for stream 0, only the last option '-pix_fmt yuv420p' will be used.
  29hnd4uzFmX/314: 8 steps -> 27 frames (1.7s)  154 KB  0.1s
Multiple -pix_fmt options specified for stream 0, only the last option '-pix_fmt yuv420p' will be used.
  29hnd4uzFmX/3554: 25 steps -> 99 frames (6.5s)  895 KB  0.3s
Multiple -pix_fmt options specified for stream 0, only the last option '-pix_fmt yuv420p' will be used.
  29hnd4uzFmX/3992: 21 steps -> 96 frames (6.3s)  412 KB  0.3s
Multiple -pix_fmt options specified for stream 0, only the last option '-pix_fmt yuv420p' will be used.
  29hnd4uzFmX/4100: 16 steps -> 65 frames (4.3s)  355 KB  0.2s
Multiple -pix_fmt options specified for stream 0, only the last option '-pix_fmt yuv420p' will be used.
  29hnd4uzFmX/4352: 17 steps -> 64 frames (4.2s)  350 KB  0.2s
Multiple -pix_fmt options specified for stream 0, only the last option '-pix_fmt yuv420p' will be used.
  29hnd4uzFmX/4355: 27 steps -> 120 frames (7.9s)  752 KB  0.3s
Multiple -pix_fmt options specified for stream 0, only the last option '-pix_fmt yuv420p' will be used.
  29hnd4uzFmX/4457: 33 steps -> 136 frames (9.0s)  1065 KB  0.4s
Multiple -pix_fmt options specified for stream 0, only the last option '-pix_fmt yuv420p' will be used.
  29hnd4uzFmX/4469: 28 steps -> 109 frames (7.2s)  887 KB  0.3s
Multiple -pix_fmt options specified for stream 0, only the last option '-pix_fmt yuv420p' will be used.
  29hnd4uzFmX/466: 14 steps -> 53 frames (3.5s)  321 KB  0.2s
Multiple -pix_fmt options specified for stream 0, only the last option '-pix_fmt yuv420p' will be used.
  29hnd4uzFmX/4715: 28 steps -> 112 frames (7.4s)  912 KB  0.3s
Multiple -pix_fmt options specified for stream 0, only the last option '-pix_fmt yuv420p' will be used.
  29hnd4uzFmX/4793: 20 steps -> 77 frames (5.1s)  485 KB  0.3s
Multiple -pix_fmt options specified for stream 0, only the last option '-pix_fmt yuv420p' will be used.
  29hnd4uzFmX/4955: 33 steps -> 134 frames (8.9s)  986 KB  0.4s
Multiple -pix_fmt options specified for stream 0, only the last option '-pix_fmt yuv420p' will be used.
  29hnd4uzFmX/5021: 10 steps -> 37 frames (2.4s)  206 KB  0.2s
Multiple -pix_fmt options specified for stream 0, only the last option '-pix_fmt yuv420p' will be used.
  29hnd4uzFmX/5126: 19 steps -> 81 frames (5.3s)  451 KB  0.3s
Multiple -pix_fmt options specified for stream 0, only the last option '-pix_fmt yuv420p' will be used.
  29hnd4uzFmX/5198: 12 steps -> 43 frames (2.8s)  282 KB  0.2s
Multiple -pix_fmt options specified for stream 0, only the last option '-pix_fmt yuv420p' will be used.
  29hnd4uzFmX/5390: 20 steps -> 86 frames (5.7s)  695 KB  0.3s
Multiple -pix_fmt options specified for stream 0, only the last option '-pix_fmt yuv420p' will be used.
  29hnd4uzFmX/5459: 25 steps -> 98 frames (6.5s)  722 KB  0.3s
Multiple -pix_fmt options specified for stream 0, only the last option '-pix_fmt yuv420p' will be used.
  29hnd4uzFmX/5471: 10 steps -> 35 frames (2.3s)  331 KB  0.2s
Multiple -pix_fmt options specified for stream 0, only the last option '-pix_fmt yuv420p' will be used.
  29hnd4uzFmX/5678: 17 steps -> 60 frames (3.9s)  392 KB  0.2s
Multiple -pix_fmt options specified for stream 0, only the last option '-pix_fmt yuv420p' will be used.
  29hnd4uzFmX/5798: 25 steps -> 103 frames (6.8s)  584 KB  0.3s
Multiple -pix_fmt options specified for stream 0, only the last option '-pix_fmt yuv420p' will be used.
  29hnd4uzFmX/5867: 29 steps -> 129 frames (8.5s)  956 KB  0.4s
Multiple -pix_fmt options specified for stream 0, only the last option '-pix_fmt yuv420p' will be used.
  29hnd4uzFmX/611: 21 steps -> 78 frames (5.1s)  589 KB  0.3s
Multiple -pix_fmt options specified for stream 0, only the last option '-pix_fmt yuv420p' will be used.
  29hnd4uzFmX/6329: 17 steps -> 69 frames (4.5s)  502 KB  0.2s
Multiple -pix_fmt options specified for stream 0, only the last option '-pix_fmt yuv420p' will be used.
  29hnd4uzFmX/6593: 18 steps -> 72 frames (4.7s)  379 KB  0.2s
Multiple -pix_fmt options specified for stream 0, only the last option '-pix_fmt yuv420p' will be used.
  29hnd4uzFmX/6695: 22 steps -> 99 frames (6.5s)  402 KB  0.3s
Multiple -pix_fmt options specified for stream 0, only the last option '-pix_fmt yuv420p' will be used.
  29hnd4uzFmX/674: 27 steps -> 108 frames (7.1s)  865 KB  0.3s
Multiple -pix_fmt options specified for stream 0, only the last option '-pix_fmt yuv420p' will be used.
  29hnd4uzFmX/6995: 13 steps -> 47 frames (3.1s)  393 KB  0.2s
Multiple -pix_fmt options specified for stream 0, only the last option '-pix_fmt yuv420p' will be used.
  29hnd4uzFmX/6998: 30 steps -> 118 frames (7.8s)  716 KB  0.3s
Multiple -pix_fmt options specified for stream 0, only the last option '-pix_fmt yuv420p' will be used.
  29hnd4uzFmX/7592: 23 steps -> 93 frames (6.1s)  511 KB  0.3s
Multiple -pix_fmt options specified for stream 0, only the last option '-pix_fmt yuv420p' will be used.
  29hnd4uzFmX/7802: 28 steps -> 113 frames (7.5s)  904 KB  0.4s
Multiple -pix_fmt options specified for stream 0, only the last option '-pix_fmt yuv420p' will be used.
  29hnd4uzFmX/8258: 30 steps -> 133 frames (8.8s)  610 KB  0.4s
Multiple -pix_fmt options specified for stream 0, only the last option '-pix_fmt yuv420p' will be used.
  29hnd4uzFmX/836: 21 steps -> 90 frames (5.9s)  515 KB  0.3s
Multiple -pix_fmt options specified for stream 0, only the last option '-pix_fmt yuv420p' will be used.
  29hnd4uzFmX/8501: 16 steps -> 63 frames (4.1s)  437 KB  0.2s
Multiple -pix_fmt options specified for stream 0, only the last option '-pix_fmt yuv420p' will be used.
  29hnd4uzFmX/8666: 27 steps -> 107 frames (7.1s)  891 KB  0.3s
Multiple -pix_fmt options specified for stream 0, only the last option '-pix_fmt yuv420p' will be used.
  29hnd4uzFmX/8888: 28 steps -> 111 frames (7.3s)  935 KB  0.3s
Multiple -pix_fmt options specified for stream 0, only the last option '-pix_fmt yuv420p' will be used.
  29hnd4uzFmX/9110: 18 steps -> 67 frames (4.4s)  451 KB  0.2s
Multiple -pix_fmt options specified for stream 0, only the last option '-pix_fmt yuv420p' will be used.
  29hnd4uzFmX/9113: 15 steps -> 57 frames (3.7s)  341 KB  0.2s
Multiple -pix_fmt options specified for stream 0, only the last option '-pix_fmt yuv420p' will be used.
  29hnd4uzFmX/9500: 25 steps -> 105 frames (6.9s)  826 KB  0.4s
Multiple -pix_fmt options specified for stream 0, only the last option '-pix_fmt yuv420p' will be used.
  29hnd4uzFmX/9530: 30 steps -> 120 frames (7.9s)  986 KB  0.4s
Multiple -pix_fmt options specified for stream 0, only the last option '-pix_fmt yuv420p' will be used.
  29hnd4uzFmX/9896: 11 steps -> 42 frames (2.7s)  286 KB  0.2s
Renderer: NVIDIA GeForce RTX 4070 Ti SUPER/PCIe/SSE2 by NVIDIA Corporation
OpenGL version: 4.6.0 NVIDIA 580.173.02
Using optional features:
    GL_ARB_vertex_array_object
    GL_ARB_separate_shader_objects
    GL_ARB_robustness
    GL_ARB_texture_storage
    GL_ARB_texture_view
    GL_ARB_framebuffer_no_attachments
    GL_ARB_invalidate_subdata
    GL_ARB_texture_storage_multisample
    GL_ARB_multi_bind
    GL_ARB_direct_state_access
    GL_ARB_get_texture_sub_image
    GL_ARB_texture_filter_anisotropic
    GL_KHR_debug
    GL_KHR_parallel_shader_compile
    GL_NV_depth_buffer_float
Using driver workarounds:
    no-forward-compatible-core-context
    nv-egl-incorrect-gl11-function-pointers
    no-layout-qualifiers-on-old-glsl
    nv-zero-context-profile-mask
    nv-implementation-color-read-format-dsa-broken
    nv-cubemap-inconsistent-compressed-image-size
    nv-cubemap-broken-full-compressed-image-query
    nv-compressed-block-size-in-bits
[16:41:34:935550]:[Warning]:[Metadata] SceneDatasetAttributes.cpp(107)::addNewSceneInstanceToDataset : Dataset : 'default' : Lighting Layout Attributes 'no_lights' specified in Scene Attributes but does not exist in dataset, so creating default.
Multiple -pix_fmt options specified for stream 0, only the last option '-pix_fmt yuv420p' will be used.
  2n8kARJN3HM/10196: 25 steps -> 106 frames (7.0s)  349 KB  0.5s
Multiple -pix_fmt options specified for stream 0, only the last option '-pix_fmt yuv420p' will be used.
  2n8kARJN3HM/1026: 32 steps -> 124 frames (8.2s)  937 KB  0.3s
Multiple -pix_fmt options specified for stream 0, only the last option '-pix_fmt yuv420p' will be used.
  2n8kARJN3HM/10289: 30 steps -> 123 frames (8.1s)  666 KB  0.3s
Multiple -pix_fmt options specified for stream 0, only the last option '-pix_fmt yuv420p' will be used.
  2n8kARJN3HM/10442: 23 steps -> 93 frames (6.1s)  587 KB  0.2s
Multiple -pix_fmt options specified for stream 0, only the last option '-pix_fmt yuv420p' will be used.
  2n8kARJN3HM/10547: 45 steps -> 178 frames (11.8s)  1298 KB  0.4s
Multiple -pix_fmt options specified for stream 0, only the last option '-pix_fmt yuv420p' will be used.
  2n8kARJN3HM/10679: 54 steps -> 224 frames (14.9s)  965 KB  0.5s
Multiple -pix_fmt options specified for stream 0, only the last option '-pix_fmt yuv420p' will be used.
  2n8kARJN3HM/10703: 54 steps -> 224 frames (14.9s)  1144 KB  0.5s
Multiple -pix_fmt options specified for stream 0, only the last option '-pix_fmt yuv420p' will be used.
  2n8kARJN3HM/1146: 63 steps -> 251 frames (16.7s)  1935 KB  0.5s
Multiple -pix_fmt options specified for stream 0, only the last option '-pix_fmt yuv420p' will be used.
  2n8kARJN3HM/121: 56 steps -> 234 frames (15.5s)  1872 KB  0.5s
Multiple -pix_fmt options specified for stream 0, only the last option '-pix_fmt yuv420p' will be used.
  2n8kARJN3HM/133: 32 steps -> 131 frames (8.7s)  870 KB  0.3s
Multiple -pix_fmt options specified for stream 0, only the last option '-pix_fmt yuv420p' will be used.
  2n8kARJN3HM/1358: 34 steps -> 127 frames (8.4s)  693 KB  0.3s
Multiple -pix_fmt options specified for stream 0, only the last option '-pix_fmt yuv420p' will be used.
  2n8kARJN3HM/1661: 6 steps -> 22 frames (1.4s)  110 KB  0.1s
Multiple -pix_fmt options specified for stream 0, only the last option '-pix_fmt yuv420p' will be used.
  2n8kARJN3HM/1682: 45 steps -> 178 frames (11.8s)  980 KB  0.4s
Multiple -pix_fmt options specified for stream 0, only the last option '-pix_fmt yuv420p' will be used.
  2n8kARJN3HM/1727: 57 steps -> 242 frames (16.1s)  1782 KB  0.6s
Multiple -pix_fmt options specified for stream 0, only the last option '-pix_fmt yuv420p' will be used.
  2n8kARJN3HM/1904: 10 steps -> 42 frames (2.7s)  171 KB  0.2s
Multiple -pix_fmt options specified for stream 0, only the last option '-pix_fmt yuv420p' will be used.
  2n8kARJN3HM/1919: 28 steps -> 108 frames (7.1s)  628 KB  0.3s
Multiple -pix_fmt options specified for stream 0, only the last option '-pix_fmt yuv420p' will be used.
  2n8kARJN3HM/2123: 32 steps -> 126 frames (8.3s)  823 KB  0.4s
Multiple -pix_fmt options specified for stream 0, only the last option '-pix_fmt yuv420p' will be used.
  2n8kARJN3HM/235: 43 steps -> 178 frames (11.8s)  1075 KB  0.5s
Multiple -pix_fmt options specified for stream 0, only the last option '-pix_fmt yuv420p' will be used.
  2n8kARJN3HM/2375: 35 steps -> 131 frames (8.7s)  707 KB  0.3s
Multiple -pix_fmt options specified for stream 0, only the last option '-pix_fmt yuv420p' will be used.
  2n8kARJN3HM/2570: 48 steps -> 216 frames (14.3s)  773 KB  0.5s
Multiple -pix_fmt options specified for stream 0, only the last option '-pix_fmt yuv420p' will be used.
  2n8kARJN3HM/2585: 53 steps -> 218 frames (14.5s)  1555 KB  0.6s
Multiple -pix_fmt options specified for stream 0, only the last option '-pix_fmt yuv420p' will be used.
  2n8kARJN3HM/3014: 41 steps -> 174 frames (11.5s)  918 KB  0.5s
Multiple -pix_fmt options specified for stream 0, only the last option '-pix_fmt yuv420p' will be used.
  2n8kARJN3HM/3038: 50 steps -> 199 frames (13.2s)  1135 KB  0.5s
Multiple -pix_fmt options specified for stream 0, only the last option '-pix_fmt yuv420p' will be used.
  2n8kARJN3HM/3119: 74 steps -> 297 frames (19.7s)  2099 KB  0.7s
Multiple -pix_fmt options specified for stream 0, only the last option '-pix_fmt yuv420p' will be used.
  2n8kARJN3HM/3305: 37 steps -> 148 frames (9.8s)  1171 KB  0.4s
Multiple -pix_fmt options specified for stream 0, only the last option '-pix_fmt yuv420p' will be used.
  2n8kARJN3HM/3440: 56 steps -> 232 frames (15.4s)  1600 KB  0.6s
Multiple -pix_fmt options specified for stream 0, only the last option '-pix_fmt yuv420p' will be used.
  2n8kARJN3HM/3497: 27 steps -> 119 frames (7.9s)  498 KB  0.3s
Multiple -pix_fmt options specified for stream 0, only the last option '-pix_fmt yuv420p' will be used.
  2n8kARJN3HM/3641: 28 steps -> 105 frames (6.9s)  661 KB  0.3s
Multiple -pix_fmt options specified for stream 0, only the last option '-pix_fmt yuv420p' will be used.
  2n8kARJN3HM/3749: 19 steps -> 88 frames (5.8s)  292 KB  0.3s
Multiple -pix_fmt options specified for stream 0, only the last option '-pix_fmt yuv420p' will be used.
  2n8kARJN3HM/3794: 33 steps -> 132 frames (8.7s)  874 KB  0.4s
Multiple -pix_fmt options specified for stream 0, only the last option '-pix_fmt yuv420p' will be used.
  2n8kARJN3HM/3842: 60 steps -> 241 frames (16.0s)  1716 KB  0.6s
Multiple -pix_fmt options specified for stream 0, only the last option '-pix_fmt yuv420p' will be used.
  2n8kARJN3HM/3995: 38 steps -> 157 frames (10.4s)  771 KB  0.4s
Multiple -pix_fmt options specified for stream 0, only the last option '-pix_fmt yuv420p' will be used.
  2n8kARJN3HM/4049: 76 steps -> 316 frames (21.0s)  1814 KB  0.7s
Multiple -pix_fmt options specified for stream 0, only the last option '-pix_fmt yuv420p' will be used.
  2n8kARJN3HM/4097: 57 steps -> 232 frames (15.4s)  1361 KB  0.6s
Multiple -pix_fmt options specified for stream 0, only the last option '-pix_fmt yuv420p' will be used.
  2n8kARJN3HM/4106: 18 steps -> 74 frames (4.9s)  327 KB  0.3s
Multiple -pix_fmt options specified for stream 0, only the last option '-pix_fmt yuv420p' will be used.
  2n8kARJN3HM/4109: 56 steps -> 234 frames (15.5s)  1654 KB  0.7s
Multiple -pix_fmt options specified for stream 0, only the last option '-pix_fmt yuv420p' will be used.
  2n8kARJN3HM/4172: 32 steps -> 132 frames (8.7s)  796 KB  0.4s
Multiple -pix_fmt options specified for stream 0, only the last option '-pix_fmt yuv420p' will be used.
  2n8kARJN3HM/4271: 63 steps -> 254 frames (16.9s)  1519 KB  0.6s
Multiple -pix_fmt options specified for stream 0, only the last option '-pix_fmt yuv420p' will be used.
  2n8kARJN3HM/436: 36 steps -> 148 frames (9.8s)  917 KB  0.4s
Multiple -pix_fmt options specified for stream 0, only the last option '-pix_fmt yuv420p' will be used.
  2n8kARJN3HM/4679: 63 steps -> 266 frames (17.7s)  1315 KB  0.6s
Multiple -pix_fmt options specified for stream 0, only the last option '-pix_fmt yuv420p' will be used.
  2n8kARJN3HM/4760: 46 steps -> 194 frames (12.9s)  1419 KB  0.5s
Multiple -pix_fmt options specified for stream 0, only the last option '-pix_fmt yuv420p' will be used.
  2n8kARJN3HM/4811: 48 steps -> 200 frames (13.3s)  1219 KB  0.5s
Multiple -pix_fmt options specified for stream 0, only the last option '-pix_fmt yuv420p' will be used.
  2n8kARJN3HM/4877: 30 steps -> 123 frames (8.1s)  803 KB  0.3s
Multiple -pix_fmt options specified for stream 0, only the last option '-pix_fmt yuv420p' will be used.
  2n8kARJN3HM/4916: 53 steps -> 218 frames (14.5s)  1478 KB  0.5s
Multiple -pix_fmt options specified for stream 0, only the last option '-pix_fmt yuv420p' will be used.
  2n8kARJN3HM/5048: 47 steps -> 199 frames (13.2s)  961 KB  0.5s
Multiple -pix_fmt options specified for stream 0, only the last option '-pix_fmt yuv420p' will be used.
  2n8kARJN3HM/5051: 44 steps -> 178 frames (11.8s)  998 KB  0.5s
Multiple -pix_fmt options specified for stream 0, only the last option '-pix_fmt yuv420p' will be used.
  2n8kARJN3HM/5090: 42 steps -> 169 frames (11.2s)  964 KB  0.4s
Multiple -pix_fmt options specified for stream 0, only the last option '-pix_fmt yuv420p' will be used.
  2n8kARJN3HM/512: 40 steps -> 170 frames (11.3s)  728 KB  0.4s
Multiple -pix_fmt options specified for stream 0, only the last option '-pix_fmt yuv420p' will be used.
  2n8kARJN3HM/5189: 25 steps -> 119 frames (7.9s)  568 KB  0.3s
Multiple -pix_fmt options specified for stream 0, only the last option '-pix_fmt yuv420p' will be used.
  2n8kARJN3HM/5435: 25 steps -> 111 frames (7.3s)  435 KB  0.3s
Multiple -pix_fmt options specified for stream 0, only the last option '-pix_fmt yuv420p' will be used.
  2n8kARJN3HM/5486: 31 steps -> 129 frames (8.5s)  842 KB  0.4s
Multiple -pix_fmt options specified for stream 0, only the last option '-pix_fmt yuv420p' will be used.
  2n8kARJN3HM/5549: 32 steps -> 149 frames (9.9s)  501 KB  0.4s
Multiple -pix_fmt options specified for stream 0, only the last option '-pix_fmt yuv420p' will be used.
  2n8kARJN3HM/5603: 57 steps -> 240 frames (15.9s)  1482 KB  0.6s
Multiple -pix_fmt options specified for stream 0, only the last option '-pix_fmt yuv420p' will be used.
  2n8kARJN3HM/5609: 28 steps -> 104 frames (6.9s)  784 KB  0.3s
Multiple -pix_fmt options specified for stream 0, only the last option '-pix_fmt yuv420p' will be used.
  2n8kARJN3HM/5615: 47 steps -> 198 frames (13.1s)  1386 KB  0.5s
Multiple -pix_fmt options specified for stream 0, only the last option '-pix_fmt yuv420p' will be used.
  2n8kARJN3HM/5660: 46 steps -> 187 frames (12.4s)  1296 KB  0.5s
Multiple -pix_fmt options specified for stream 0, only the last option '-pix_fmt yuv420p' will be used.
  2n8kARJN3HM/6209: 20 steps -> 92 frames (6.1s)  531 KB  0.3s
Multiple -pix_fmt options specified for stream 0, only the last option '-pix_fmt yuv420p' will be used.
  2n8kARJN3HM/6224: 57 steps -> 239 frames (15.9s)  1736 KB  0.6s
Multiple -pix_fmt options specified for stream 0, only the last option '-pix_fmt yuv420p' will be used.
  2n8kARJN3HM/6338: 29 steps -> 122 frames (8.1s)  441 KB  0.3s
Multiple -pix_fmt options specified for stream 0, only the last option '-pix_fmt yuv420p' will be used.
  2n8kARJN3HM/6437: 26 steps -> 116 frames (7.7s)  455 KB  0.3s
Multiple -pix_fmt options specified for stream 0, only the last option '-pix_fmt yuv420p' will be used.
  2n8kARJN3HM/6608: 18 steps -> 73 frames (4.8s)  373 KB  0.2s
Multiple -pix_fmt options specified for stream 0, only the last option '-pix_fmt yuv420p' will be used.
  2n8kARJN3HM/6719: 52 steps -> 238 frames (15.8s)  858 KB  0.6s
Multiple -pix_fmt options specified for stream 0, only the last option '-pix_fmt yuv420p' will be used.
  2n8kARJN3HM/7037: 31 steps -> 121 frames (8.0s)  769 KB  0.3s
Multiple -pix_fmt options specified for stream 0, only the last option '-pix_fmt yuv420p' will be used.
  2n8kARJN3HM/7082: 86 steps -> 354 frames (23.5s)  2212 KB  0.8s
Multiple -pix_fmt options specified for stream 0, only the last option '-pix_fmt yuv420p' will be used.
  2n8kARJN3HM/7097: 22 steps -> 91 frames (6.0s)  866 KB  0.3s
Multiple -pix_fmt options specified for stream 0, only the last option '-pix_fmt yuv420p' will be used.
  2n8kARJN3HM/7193: 53 steps -> 209 frames (13.9s)  1635 KB  0.5s
Multiple -pix_fmt options specified for stream 0, only the last option '-pix_fmt yuv420p' will be used.
  2n8kARJN3HM/764: 76 steps -> 304 frames (20.2s)  2583 KB  0.8s
Multiple -pix_fmt options specified for stream 0, only the last option '-pix_fmt yuv420p' will be used.
  2n8kARJN3HM/7700: 37 steps -> 149 frames (9.9s)  770 KB  0.4s
Multiple -pix_fmt options specified for stream 0, only the last option '-pix_fmt yuv420p' will be used.
  2n8kARJN3HM/7718: 28 steps -> 132 frames (8.7s)  603 KB  0.3s
Multiple -pix_fmt options specified for stream 0, only the last option '-pix_fmt yuv420p' will be used.
  2n8kARJN3HM/7787: 48 steps -> 193 frames (12.8s)  1095 KB  0.5s
Multiple -pix_fmt options specified for stream 0, only the last option '-pix_fmt yuv420p' will be used.
  2n8kARJN3HM/7832: 44 steps -> 179 frames (11.9s)  994 KB  0.4s
Multiple -pix_fmt options specified for stream 0, only the last option '-pix_fmt yuv420p' will be used.
  2n8kARJN3HM/7853: 45 steps -> 182 frames (12.1s)  1169 KB  0.5s
Multiple -pix_fmt options specified for stream 0, only the last option '-pix_fmt yuv420p' will be used.
  2n8kARJN3HM/8093: 52 steps -> 217 frames (14.4s)  1645 KB  0.5s
Multiple -pix_fmt options specified for stream 0, only the last option '-pix_fmt yuv420p' will be used.
  2n8kARJN3HM/8165: 49 steps -> 205 frames (13.6s)  1150 KB  0.5s
Multiple -pix_fmt options specified for stream 0, only the last option '-pix_fmt yuv420p' will be used.
  2n8kARJN3HM/8207: 22 steps -> 93 frames (6.1s)  303 KB  0.3s
Multiple -pix_fmt options specified for stream 0, only the last option '-pix_fmt yuv420p' will be used.
  2n8kARJN3HM/8216: 45 steps -> 182 frames (12.1s)  1537 KB  0.5s
Multiple -pix_fmt options specified for stream 0, only the last option '-pix_fmt yuv420p' will be used.
  2n8kARJN3HM/8702: 41 steps -> 178 frames (11.8s)  659 KB  0.5s
Multiple -pix_fmt options specified for stream 0, only the last option '-pix_fmt yuv420p' will be used.
  2n8kARJN3HM/8867: 37 steps -> 148 frames (9.8s)  934 KB  0.4s
Multiple -pix_fmt options specified for stream 0, only the last option '-pix_fmt yuv420p' will be used.
  2n8kARJN3HM/9149: 28 steps -> 129 frames (8.5s)  674 KB  0.4s
Multiple -pix_fmt options specified for stream 0, only the last option '-pix_fmt yuv420p' will be used.
  2n8kARJN3HM/9179: 19 steps -> 80 frames (5.3s)  258 KB  0.2s
Multiple -pix_fmt options specified for stream 0, only the last option '-pix_fmt yuv420p' will be used.
  2n8kARJN3HM/9227: 35 steps -> 146 frames (9.7s)  830 KB  0.4s
Multiple -pix_fmt options specified for stream 0, only the last option '-pix_fmt yuv420p' will be used.
  2n8kARJN3HM/9266: 31 steps -> 116 frames (7.7s)  633 KB  0.3s
Multiple -pix_fmt options specified for stream 0, only the last option '-pix_fmt yuv420p' will be used.
  2n8kARJN3HM/9479: 50 steps -> 207 frames (13.7s)  1439 KB  0.5s
Multiple -pix_fmt options specified for stream 0, only the last option '-pix_fmt yuv420p' will be used.
  2n8kARJN3HM/9497: 61 steps -> 263 frames (17.5s)  1277 KB  0.6s
Multiple -pix_fmt options specified for stream 0, only the last option '-pix_fmt yuv420p' will be used.
  2n8kARJN3HM/9593: 29 steps -> 126 frames (8.3s)  846 KB  0.3s
Multiple -pix_fmt options specified for stream 0, only the last option '-pix_fmt yuv420p' will be used.
  2n8kARJN3HM/9620: 62 steps -> 246 frames (16.3s)  1786 KB  0.6s
Multiple -pix_fmt options specified for stream 0, only the last option '-pix_fmt yuv420p' will be used.
  2n8kARJN3HM/9779: 33 steps -> 127 frames (8.4s)  969 KB  0.3s
Multiple -pix_fmt options specified for stream 0, only the last option '-pix_fmt yuv420p' will be used.
  2n8kARJN3HM/9857: 52 steps -> 203 frames (13.5s)  1327 KB  0.5s
Multiple -pix_fmt options specified for stream 0, only the last option '-pix_fmt yuv420p' will be used.
  2n8kARJN3HM/9872: 47 steps -> 181 frames (12.0s)  1229 KB  0.5s
Renderer: NVIDIA GeForce RTX 4070 Ti SUPER/PCIe/SSE2 by NVIDIA Corporation
OpenGL version: 4.6.0 NVIDIA 580.173.02
Using optional features:
    GL_ARB_vertex_array_object
    GL_ARB_separate_shader_objects
    GL_ARB_robustness
    GL_ARB_texture_storage
    GL_ARB_texture_view
    GL_ARB_framebuffer_no_attachments
    GL_ARB_invalidate_subdata
    GL_ARB_texture_storage_multisample
    GL_ARB_multi_bind
    GL_ARB_direct_state_access
    GL_ARB_get_texture_sub_image
    GL_ARB_texture_filter_anisotropic
    GL_KHR_debug
    GL_KHR_parallel_shader_compile
    GL_NV_depth_buffer_float
Using driver workarounds:
    no-forward-compatible-core-context
    nv-egl-incorrect-gl11-function-pointers
    no-layout-qualifiers-on-old-glsl
    nv-zero-context-profile-mask
    nv-implementation-color-read-format-dsa-broken
    nv-cubemap-inconsistent-compressed-image-size
    nv-cubemap-broken-full-compressed-image-query
    nv-compressed-block-size-in-bits
[16:42:19:506453]:[Warning]:[Metadata] SceneDatasetAttributes.cpp(107)::addNewSceneInstanceToDataset : Dataset : 'default' : Lighting Layout Attributes 'no_lights' specified in Scene Attributes but does not exist in dataset, so creating default.
Multiple -pix_fmt options specified for stream 0, only the last option '-pix_fmt yuv420p' will be used.
  5LpN3gDmAk7/10025: 52 steps -> 217 frames (14.4s)  920 KB  0.7s
Multiple -pix_fmt options specified for stream 0, only the last option '-pix_fmt yuv420p' will be used.
  5LpN3gDmAk7/10172: 26 steps -> 121 frames (8.0s)  597 KB  0.3s
Multiple -pix_fmt options specified for stream 0, only the last option '-pix_fmt yuv420p' will be used.
  5LpN3gDmAk7/10226: 73 steps -> 297 frames (19.7s)  1396 KB  0.5s
Multiple -pix_fmt options specified for stream 0, only the last option '-pix_fmt yuv420p' will be used.
  5LpN3gDmAk7/10235: 31 steps -> 124 frames (8.2s)  452 KB  0.3s
Multiple -pix_fmt options specified for stream 0, only the last option '-pix_fmt yuv420p' will be used.
  5LpN3gDmAk7/10307: 35 steps -> 141 frames (9.3s)  749 KB  0.3s
Multiple -pix_fmt options specified for stream 0, only the last option '-pix_fmt yuv420p' will be used.
  5LpN3gDmAk7/10391: 37 steps -> 152 frames (10.1s)  660 KB  0.3s
Multiple -pix_fmt options specified for stream 0, only the last option '-pix_fmt yuv420p' will be used.
  5LpN3gDmAk7/1053: 47 steps -> 185 frames (12.3s)  977 KB  0.4s
Multiple -pix_fmt options specified for stream 0, only the last option '-pix_fmt yuv420p' will be used.
  5LpN3gDmAk7/10673: 29 steps -> 126 frames (8.3s)  533 KB  0.3s
Multiple -pix_fmt options specified for stream 0, only the last option '-pix_fmt yuv420p' will be used.
  5LpN3gDmAk7/10676: 30 steps -> 132 frames (8.7s)  342 KB  0.3s
Multiple -pix_fmt options specified for stream 0, only the last option '-pix_fmt yuv420p' will be used.
  5LpN3gDmAk7/10733: 50 steps -> 213 frames (14.1s)  1158 KB  0.5s
Multiple -pix_fmt options specified for stream 0, only the last option '-pix_fmt yuv420p' will be used.
  5LpN3gDmAk7/1119: 24 steps -> 98 frames (6.5s)  471 KB  0.3s
Multiple -pix_fmt options specified for stream 0, only the last option '-pix_fmt yuv420p' will be used.
  5LpN3gDmAk7/1306: 37 steps -> 147 frames (9.7s)  672 KB  0.3s
Multiple -pix_fmt options specified for stream 0, only the last option '-pix_fmt yuv420p' will be used.
  5LpN3gDmAk7/1400: 61 steps -> 243 frames (16.1s)  1198 KB  0.5s
Multiple -pix_fmt options specified for stream 0, only the last option '-pix_fmt yuv420p' will be used.
  5LpN3gDmAk7/1466: 52 steps -> 208 frames (13.8s)  1163 KB  0.5s
Multiple -pix_fmt options specified for stream 0, only the last option '-pix_fmt yuv420p' will be used.
  5LpN3gDmAk7/1940: 48 steps -> 189 frames (12.5s)  1124 KB  0.5s
Multiple -pix_fmt options specified for stream 0, only the last option '-pix_fmt yuv420p' will be used.
  5LpN3gDmAk7/2000: 31 steps -> 130 frames (8.6s)  748 KB  0.3s
Multiple -pix_fmt options specified for stream 0, only the last option '-pix_fmt yuv420p' will be used.
  5LpN3gDmAk7/2054: 81 steps -> 332 frames (22.1s)  1243 KB  0.7s
Multiple -pix_fmt options specified for stream 0, only the last option '-pix_fmt yuv420p' will be used.
  5LpN3gDmAk7/2087: 28 steps -> 116 frames (7.7s)  526 KB  0.3s
Multiple -pix_fmt options specified for stream 0, only the last option '-pix_fmt yuv420p' will be used.
  5LpN3gDmAk7/2237: 18 steps -> 73 frames (4.8s)  320 KB  0.2s
Multiple -pix_fmt options specified for stream 0, only the last option '-pix_fmt yuv420p' will be used.
  5LpN3gDmAk7/2705: 56 steps -> 237 frames (15.7s)  1266 KB  0.5s
Multiple -pix_fmt options specified for stream 0, only the last option '-pix_fmt yuv420p' will be used.
  5LpN3gDmAk7/278: 69 steps -> 288 frames (19.1s)  1107 KB  0.6s
Multiple -pix_fmt options specified for stream 0, only the last option '-pix_fmt yuv420p' will be used.
  5LpN3gDmAk7/2819: 34 steps -> 138 frames (9.1s)  478 KB  0.3s
Multiple -pix_fmt options specified for stream 0, only the last option '-pix_fmt yuv420p' will be used.
  5LpN3gDmAk7/2843: 56 steps -> 239 frames (15.9s)  1329 KB  0.5s
Multiple -pix_fmt options specified for stream 0, only the last option '-pix_fmt yuv420p' will be used.
  5LpN3gDmAk7/2996: 67 steps -> 273 frames (18.1s)  988 KB  0.6s
Multiple -pix_fmt options specified for stream 0, only the last option '-pix_fmt yuv420p' will be used.
  5LpN3gDmAk7/3185: 20 steps -> 74 frames (4.9s)  337 KB  0.2s
Multiple -pix_fmt options specified for stream 0, only the last option '-pix_fmt yuv420p' will be used.
  5LpN3gDmAk7/3329: 38 steps -> 149 frames (9.9s)  451 KB  0.4s
Multiple -pix_fmt options specified for stream 0, only the last option '-pix_fmt yuv420p' will be used.
  5LpN3gDmAk7/3518: 66 steps -> 270 frames (17.9s)  1099 KB  0.6s
Multiple -pix_fmt options specified for stream 0, only the last option '-pix_fmt yuv420p' will be used.
  5LpN3gDmAk7/3551: 83 steps -> 340 frames (22.6s)  1276 KB  0.7s
Multiple -pix_fmt options specified for stream 0, only the last option '-pix_fmt yuv420p' will be used.
  5LpN3gDmAk7/3563: 29 steps -> 112 frames (7.4s)  314 KB  0.3s
Multiple -pix_fmt options specified for stream 0, only the last option '-pix_fmt yuv420p' will be used.
  5LpN3gDmAk7/3632: 43 steps -> 183 frames (12.1s)  803 KB  0.5s
Multiple -pix_fmt options specified for stream 0, only the last option '-pix_fmt yuv420p' will be used.
  5LpN3gDmAk7/3644: 12 steps -> 44 frames (2.9s)  126 KB  0.2s
Multiple -pix_fmt options specified for stream 0, only the last option '-pix_fmt yuv420p' will be used.
  5LpN3gDmAk7/3770: 28 steps -> 116 frames (7.7s)  511 KB  0.3s
Multiple -pix_fmt options specified for stream 0, only the last option '-pix_fmt yuv420p' will be used.
  5LpN3gDmAk7/3797: 33 steps -> 129 frames (8.5s)  557 KB  0.3s
Multiple -pix_fmt options specified for stream 0, only the last option '-pix_fmt yuv420p' will be used.
  5LpN3gDmAk7/4: 25 steps -> 108 frames (7.1s)  451 KB  0.3s
Multiple -pix_fmt options specified for stream 0, only the last option '-pix_fmt yuv420p' will be used.
  5LpN3gDmAk7/4061: 65 steps -> 272 frames (18.1s)  1444 KB  0.5s
Multiple -pix_fmt options specified for stream 0, only the last option '-pix_fmt yuv420p' will be used.
  5LpN3gDmAk7/4283: 46 steps -> 184 frames (12.2s)  616 KB  0.4s
Multiple -pix_fmt options specified for stream 0, only the last option '-pix_fmt yuv420p' will be used.
  5LpN3gDmAk7/4286: 61 steps -> 242 frames (16.1s)  888 KB  0.6s
Multiple -pix_fmt options specified for stream 0, only the last option '-pix_fmt yuv420p' will be used.
  5LpN3gDmAk7/430: 71 steps -> 290 frames (19.3s)  1563 KB  0.6s
Multiple -pix_fmt options specified for stream 0, only the last option '-pix_fmt yuv420p' will be used.
  5LpN3gDmAk7/4319: 20 steps -> 77 frames (5.1s)  223 KB  0.2s
Multiple -pix_fmt options specified for stream 0, only the last option '-pix_fmt yuv420p' will be used.
  5LpN3gDmAk7/445: 37 steps -> 155 frames (10.3s)  643 KB  0.4s
Multiple -pix_fmt options specified for stream 0, only the last option '-pix_fmt yuv420p' will be used.
  5LpN3gDmAk7/4508: 17 steps -> 71 frames (4.7s)  263 KB  0.2s
Multiple -pix_fmt options specified for stream 0, only the last option '-pix_fmt yuv420p' will be used.
  5LpN3gDmAk7/4706: 61 steps -> 258 frames (17.1s)  1377 KB  0.6s
Multiple -pix_fmt options specified for stream 0, only the last option '-pix_fmt yuv420p' will be used.
  5LpN3gDmAk7/5012: 51 steps -> 218 frames (14.5s)  1004 KB  0.5s
Multiple -pix_fmt options specified for stream 0, only the last option '-pix_fmt yuv420p' will be used.
  5LpN3gDmAk7/5159: 57 steps -> 227 frames (15.1s)  975 KB  0.5s
Multiple -pix_fmt options specified for stream 0, only the last option '-pix_fmt yuv420p' will be used.
  5LpN3gDmAk7/518: 31 steps -> 128 frames (8.5s)  566 KB  0.3s
Multiple -pix_fmt options specified for stream 0, only the last option '-pix_fmt yuv420p' will be used.
  5LpN3gDmAk7/5438: 61 steps -> 238 frames (15.8s)  1490 KB  0.5s
Multiple -pix_fmt options specified for stream 0, only the last option '-pix_fmt yuv420p' will be used.
  5LpN3gDmAk7/5504: 24 steps -> 93 frames (6.1s)  430 KB  0.3s
Multiple -pix_fmt options specified for stream 0, only the last option '-pix_fmt yuv420p' will be used.
  5LpN3gDmAk7/5738: 68 steps -> 279 frames (18.5s)  1536 KB  0.6s
Multiple -pix_fmt options specified for stream 0, only the last option '-pix_fmt yuv420p' will be used.
  5LpN3gDmAk7/5924: 65 steps -> 273 frames (18.1s)  928 KB  0.6s
Multiple -pix_fmt options specified for stream 0, only the last option '-pix_fmt yuv420p' will be used.
  5LpN3gDmAk7/5939: 55 steps -> 219 frames (14.5s)  974 KB  0.5s
Multiple -pix_fmt options specified for stream 0, only the last option '-pix_fmt yuv420p' will be used.
  5LpN3gDmAk7/6056: 21 steps -> 88 frames (5.8s)  376 KB  0.3s
Multiple -pix_fmt options specified for stream 0, only the last option '-pix_fmt yuv420p' will be used.
  5LpN3gDmAk7/6086: 25 steps -> 101 frames (6.7s)  396 KB  0.3s
Multiple -pix_fmt options specified for stream 0, only the last option '-pix_fmt yuv420p' will be used.
  5LpN3gDmAk7/6248: 19 steps -> 74 frames (4.9s)  357 KB  0.2s
Multiple -pix_fmt options specified for stream 0, only the last option '-pix_fmt yuv420p' will be used.
  5LpN3gDmAk7/6281: 39 steps -> 158 frames (10.5s)  560 KB  0.4s
Multiple -pix_fmt options specified for stream 0, only the last option '-pix_fmt yuv420p' will be used.
  5LpN3gDmAk7/6569: 44 steps -> 173 frames (11.5s)  753 KB  0.4s
Multiple -pix_fmt options specified for stream 0, only the last option '-pix_fmt yuv420p' will be used.
  5LpN3gDmAk7/6614: 54 steps -> 236 frames (15.7s)  1035 KB  0.5s
Multiple -pix_fmt options specified for stream 0, only the last option '-pix_fmt yuv420p' will be used.
  5LpN3gDmAk7/6626: 42 steps -> 175 frames (11.6s)  643 KB  0.4s
Multiple -pix_fmt options specified for stream 0, only the last option '-pix_fmt yuv420p' will be used.
  5LpN3gDmAk7/6701: 69 steps -> 294 frames (19.5s)  1559 KB  0.7s
Multiple -pix_fmt options specified for stream 0, only the last option '-pix_fmt yuv420p' will be used.
  5LpN3gDmAk7/6758: 52 steps -> 222 frames (14.7s)  1232 KB  0.5s
Multiple -pix_fmt options specified for stream 0, only the last option '-pix_fmt yuv420p' will be used.
  5LpN3gDmAk7/7112: 33 steps -> 134 frames (8.9s)  601 KB  0.4s
Multiple -pix_fmt options specified for stream 0, only the last option '-pix_fmt yuv420p' will be used.
  5LpN3gDmAk7/7202: 19 steps -> 75 frames (4.9s)  443 KB  0.2s
Multiple -pix_fmt options specified for stream 0, only the last option '-pix_fmt yuv420p' will be used.
  5LpN3gDmAk7/7484: 25 steps -> 97 frames (6.4s)  274 KB  0.3s
Multiple -pix_fmt options specified for stream 0, only the last option '-pix_fmt yuv420p' will be used.
  5LpN3gDmAk7/761: 31 steps -> 122 frames (8.1s)  681 KB  0.3s
Multiple -pix_fmt options specified for stream 0, only the last option '-pix_fmt yuv420p' will be used.
  5LpN3gDmAk7/7649: 42 steps -> 180 frames (11.9s)  612 KB  0.4s
Multiple -pix_fmt options specified for stream 0, only the last option '-pix_fmt yuv420p' will be used.
  5LpN3gDmAk7/7682: 16 steps -> 64 frames (4.2s)  296 KB  0.2s
Multiple -pix_fmt options specified for stream 0, only the last option '-pix_fmt yuv420p' will be used.
  5LpN3gDmAk7/7877: 71 steps -> 298 frames (19.8s)  1762 KB  0.7s
Multiple -pix_fmt options specified for stream 0, only the last option '-pix_fmt yuv420p' will be used.
  5LpN3gDmAk7/7982: 53 steps -> 219 frames (14.5s)  1240 KB  0.5s
Multiple -pix_fmt options specified for stream 0, only the last option '-pix_fmt yuv420p' will be used.
  5LpN3gDmAk7/8120: 57 steps -> 233 frames (15.5s)  762 KB  0.5s
Multiple -pix_fmt options specified for stream 0, only the last option '-pix_fmt yuv420p' will be used.
  5LpN3gDmAk7/8321: 23 steps -> 95 frames (6.3s)  277 KB  0.2s
Multiple -pix_fmt options specified for stream 0, only the last option '-pix_fmt yuv420p' will be used.
  5LpN3gDmAk7/8354: 28 steps -> 117 frames (7.7s)  529 KB  0.3s
Multiple -pix_fmt options specified for stream 0, only the last option '-pix_fmt yuv420p' will be used.
  5LpN3gDmAk7/8495: 35 steps -> 137 frames (9.1s)  934 KB  0.3s
Multiple -pix_fmt options specified for stream 0, only the last option '-pix_fmt yuv420p' will be used.
  5LpN3gDmAk7/8744: 24 steps -> 103 frames (6.8s)  401 KB  0.3s
Multiple -pix_fmt options specified for stream 0, only the last option '-pix_fmt yuv420p' will be used.
  5LpN3gDmAk7/88: 54 steps -> 222 frames (14.7s)  941 KB  0.5s
Multiple -pix_fmt options specified for stream 0, only the last option '-pix_fmt yuv420p' will be used.
  5LpN3gDmAk7/8903: 67 steps -> 279 frames (18.5s)  1399 KB  0.6s
Multiple -pix_fmt options specified for stream 0, only the last option '-pix_fmt yuv420p' will be used.
  5LpN3gDmAk7/8912: 18 steps -> 74 frames (4.9s)  265 KB  0.2s
Multiple -pix_fmt options specified for stream 0, only the last option '-pix_fmt yuv420p' will be used.
  5LpN3gDmAk7/9374: 43 steps -> 172 frames (11.4s)  620 KB  0.4s
Multiple -pix_fmt options specified for stream 0, only the last option '-pix_fmt yuv420p' will be used.
  5LpN3gDmAk7/9545: 19 steps -> 76 frames (5.0s)  350 KB  0.2s
Multiple -pix_fmt options specified for stream 0, only the last option '-pix_fmt yuv420p' will be used.
  5LpN3gDmAk7/9677: 58 steps -> 245 frames (16.3s)  1408 KB  0.5s
Multiple -pix_fmt options specified for stream 0, only the last option '-pix_fmt yuv420p' will be used.
  5LpN3gDmAk7/9686: 39 steps -> 158 frames (10.5s)  964 KB  0.4s
Multiple -pix_fmt options specified for stream 0, only the last option '-pix_fmt yuv420p' will be used.
  5LpN3gDmAk7/9749: 21 steps -> 84 frames (5.5s)  227 KB  0.2s
Multiple -pix_fmt options specified for stream 0, only the last option '-pix_fmt yuv420p' will be used.
  5LpN3gDmAk7/9785: 30 steps -> 124 frames (8.2s)  699 KB  0.3s
Renderer: NVIDIA GeForce RTX 4070 Ti SUPER/PCIe/SSE2 by NVIDIA Corporation
OpenGL version: 4.6.0 NVIDIA 580.173.02
Using optional features:
    GL_ARB_vertex_array_object
    GL_ARB_separate_shader_objects
    GL_ARB_robustness
    GL_ARB_texture_storage
    GL_ARB_texture_view
    GL_ARB_framebuffer_no_attachments
    GL_ARB_invalidate_subdata
    GL_ARB_texture_storage_multisample
    GL_ARB_multi_bind
    GL_ARB_direct_state_access
    GL_ARB_get_texture_sub_image
    GL_ARB_texture_filter_anisotropic
    GL_KHR_debug
    GL_KHR_parallel_shader_compile
    GL_NV_depth_buffer_float
Using driver workarounds:
    no-forward-compatible-core-context
    nv-egl-incorrect-gl11-function-pointers
    no-layout-qualifiers-on-old-glsl
    nv-zero-context-profile-mask
    nv-implementation-color-read-format-dsa-broken
    nv-cubemap-inconsistent-compressed-image-size
    nv-cubemap-broken-full-compressed-image-query
    nv-compressed-block-size-in-bits
[16:42:56:452106]:[Warning]:[Metadata] SceneDatasetAttributes.cpp(107)::addNewSceneInstanceToDataset : Dataset : 'default' : Lighting Layout Attributes 'no_lights' specified in Scene Attributes but does not exist in dataset, so creating default.
Multiple -pix_fmt options specified for stream 0, only the last option '-pix_fmt yuv420p' will be used.
  5q7pvUzZiYa/10100: 30 steps -> 127 frames (8.4s)  1025 KB  0.6s
Multiple -pix_fmt options specified for stream 0, only the last option '-pix_fmt yuv420p' will be used.
  5q7pvUzZiYa/10265: 42 steps -> 166 frames (11.0s)  951 KB  0.5s
Multiple -pix_fmt options specified for stream 0, only the last option '-pix_fmt yuv420p' will be used.
  5q7pvUzZiYa/10319: 45 steps -> 195 frames (12.9s)  1320 KB  0.5s
Multiple -pix_fmt options specified for stream 0, only the last option '-pix_fmt yuv420p' will be used.
  5q7pvUzZiYa/10631: 24 steps -> 92 frames (6.1s)  814 KB  0.3s
Multiple -pix_fmt options specified for stream 0, only the last option '-pix_fmt yuv420p' will be used.
  5q7pvUzZiYa/1278: 24 steps -> 100 frames (6.6s)  852 KB  0.3s
Multiple -pix_fmt options specified for stream 0, only the last option '-pix_fmt yuv420p' will be used.
  5q7pvUzZiYa/1433: 18 steps -> 71 frames (4.7s)  687 KB  0.3s
Multiple -pix_fmt options specified for stream 0, only the last option '-pix_fmt yuv420p' will be used.
  5q7pvUzZiYa/169: 30 steps -> 121 frames (8.0s)  1407 KB  0.5s
Multiple -pix_fmt options specified for stream 0, only the last option '-pix_fmt yuv420p' will be used.
  5q7pvUzZiYa/2312: 52 steps -> 211 frames (14.0s)  1329 KB  0.7s
Multiple -pix_fmt options specified for stream 0, only the last option '-pix_fmt yuv420p' will be used.
  5q7pvUzZiYa/2315: 39 steps -> 159 frames (10.5s)  1255 KB  0.5s
Multiple -pix_fmt options specified for stream 0, only the last option '-pix_fmt yuv420p' will be used.
  5q7pvUzZiYa/2318: 34 steps -> 141 frames (9.3s)  892 KB  0.4s
Multiple -pix_fmt options specified for stream 0, only the last option '-pix_fmt yuv420p' will be used.
  5q7pvUzZiYa/2465: 26 steps -> 101 frames (6.7s)  972 KB  0.4s
Multiple -pix_fmt options specified for stream 0, only the last option '-pix_fmt yuv420p' will be used.
  5q7pvUzZiYa/2600: 45 steps -> 182 frames (12.1s)  1102 KB  0.6s
Multiple -pix_fmt options specified for stream 0, only the last option '-pix_fmt yuv420p' will be used.
  5q7pvUzZiYa/2750: 27 steps -> 121 frames (8.0s)  607 KB  0.4s
Multiple -pix_fmt options specified for stream 0, only the last option '-pix_fmt yuv420p' will be used.
  5q7pvUzZiYa/2870: 54 steps -> 232 frames (15.4s)  1402 KB  0.6s
Multiple -pix_fmt options specified for stream 0, only the last option '-pix_fmt yuv420p' will be used.
  5q7pvUzZiYa/2915: 24 steps -> 89 frames (5.9s)  800 KB  0.3s
Multiple -pix_fmt options specified for stream 0, only the last option '-pix_fmt yuv420p' will be used.
  5q7pvUzZiYa/3026: 50 steps -> 220 frames (14.6s)  1540 KB  0.6s
Multiple -pix_fmt options specified for stream 0, only the last option '-pix_fmt yuv420p' will be used.
  5q7pvUzZiYa/3560: 26 steps -> 106 frames (7.0s)  747 KB  0.4s
Multiple -pix_fmt options specified for stream 0, only the last option '-pix_fmt yuv420p' will be used.
  5q7pvUzZiYa/3647: 18 steps -> 72 frames (4.7s)  462 KB  0.3s
Multiple -pix_fmt options specified for stream 0, only the last option '-pix_fmt yuv420p' will be used.
  5q7pvUzZiYa/3896: 28 steps -> 108 frames (7.1s)  622 KB  0.4s
Multiple -pix_fmt options specified for stream 0, only the last option '-pix_fmt yuv420p' will be used.
  5q7pvUzZiYa/4076: 27 steps -> 117 frames (7.7s)  689 KB  0.4s
Multiple -pix_fmt options specified for stream 0, only the last option '-pix_fmt yuv420p' will be used.
  5q7pvUzZiYa/4649: 32 steps -> 131 frames (8.7s)  1118 KB  0.4s
Multiple -pix_fmt options specified for stream 0, only the last option '-pix_fmt yuv420p' will be used.
  5q7pvUzZiYa/4703: 27 steps -> 112 frames (7.4s)  679 KB  0.4s
Multiple -pix_fmt options specified for stream 0, only the last option '-pix_fmt yuv420p' will be used.
  5q7pvUzZiYa/4784: 21 steps -> 91 frames (6.0s)  505 KB  0.3s
Multiple -pix_fmt options specified for stream 0, only the last option '-pix_fmt yuv420p' will be used.
  5q7pvUzZiYa/5222: 37 steps -> 168 frames (11.1s)  923 KB  0.5s
Multiple -pix_fmt options specified for stream 0, only the last option '-pix_fmt yuv420p' will be used.
  5q7pvUzZiYa/5321: 35 steps -> 152 frames (10.1s)  1170 KB  0.5s
Multiple -pix_fmt options specified for stream 0, only the last option '-pix_fmt yuv420p' will be used.
  5q7pvUzZiYa/5456: 18 steps -> 66 frames (4.3s)  445 KB  0.3s
Multiple -pix_fmt options specified for stream 0, only the last option '-pix_fmt yuv420p' will be used.
  5q7pvUzZiYa/5633: 44 steps -> 191 frames (12.7s)  1164 KB  0.5s
Multiple -pix_fmt options specified for stream 0, only the last option '-pix_fmt yuv420p' will be used.
  5q7pvUzZiYa/5657: 26 steps -> 106 frames (7.0s)  779 KB  0.4s
Multiple -pix_fmt options specified for stream 0, only the last option '-pix_fmt yuv420p' will be used.
  5q7pvUzZiYa/590: 25 steps -> 107 frames (7.1s)  698 KB  0.4s
Multiple -pix_fmt options specified for stream 0, only the last option '-pix_fmt yuv420p' will be used.
  5q7pvUzZiYa/5948: 22 steps -> 88 frames (5.8s)  783 KB  0.4s
Multiple -pix_fmt options specified for stream 0, only the last option '-pix_fmt yuv420p' will be used.
  5q7pvUzZiYa/6254: 47 steps -> 192 frames (12.7s)  1372 KB  0.7s
Multiple -pix_fmt options specified for stream 0, only the last option '-pix_fmt yuv420p' will be used.
  5q7pvUzZiYa/7070: 46 steps -> 203 frames (13.5s)  1127 KB  0.6s
Multiple -pix_fmt options specified for stream 0, only the last option '-pix_fmt yuv420p' will be used.
  5q7pvUzZiYa/728: 26 steps -> 107 frames (7.1s)  701 KB  0.4s
Multiple -pix_fmt options specified for stream 0, only the last option '-pix_fmt yuv420p' will be used.
  5q7pvUzZiYa/7340: 67 steps -> 272 frames (18.1s)  1983 KB  0.7s
Multiple -pix_fmt options specified for stream 0, only the last option '-pix_fmt yuv420p' will be used.
  5q7pvUzZiYa/740: 28 steps -> 113 frames (7.5s)  992 KB  0.4s
Multiple -pix_fmt options specified for stream 0, only the last option '-pix_fmt yuv420p' will be used.
  5q7pvUzZiYa/7868: 26 steps -> 109 frames (7.2s)  954 KB  0.4s
Multiple -pix_fmt options specified for stream 0, only the last option '-pix_fmt yuv420p' will be used.
  5q7pvUzZiYa/800: 32 steps -> 126 frames (8.3s)  713 KB  0.5s
Multiple -pix_fmt options specified for stream 0, only the last option '-pix_fmt yuv420p' will be used.
  5q7pvUzZiYa/8027: 41 steps -> 179 frames (11.9s)  1211 KB  0.5s
Multiple -pix_fmt options specified for stream 0, only the last option '-pix_fmt yuv420p' will be used.
  5q7pvUzZiYa/8282: 53 steps -> 220 frames (14.6s)  1816 KB  0.6s
Multiple -pix_fmt options specified for stream 0, only the last option '-pix_fmt yuv420p' will be used.
  5q7pvUzZiYa/8705: 56 steps -> 237 frames (15.7s)  1429 KB  0.7s
Multiple -pix_fmt options specified for stream 0, only the last option '-pix_fmt yuv420p' will be used.
  5q7pvUzZiYa/8828: 26 steps -> 100 frames (6.6s)  857 KB  0.4s
Multiple -pix_fmt options specified for stream 0, only the last option '-pix_fmt yuv420p' will be used.
  5q7pvUzZiYa/9086: 16 steps -> 59 frames (3.9s)  366 KB  0.2s
Multiple -pix_fmt options specified for stream 0, only the last option '-pix_fmt yuv420p' will be used.
  5q7pvUzZiYa/9089: 26 steps -> 102 frames (6.7s)  880 KB  0.4s
Multiple -pix_fmt options specified for stream 0, only the last option '-pix_fmt yuv420p' will be used.
  5q7pvUzZiYa/9122: 33 steps -> 137 frames (9.1s)  852 KB  0.5s
Multiple -pix_fmt options specified for stream 0, only the last option '-pix_fmt yuv420p' will be used.
  5q7pvUzZiYa/9194: 51 steps -> 211 frames (14.0s)  1415 KB  0.7s
Multiple -pix_fmt options specified for stream 0, only the last option '-pix_fmt yuv420p' will be used.
  5q7pvUzZiYa/9323: 32 steps -> 138 frames (9.1s)  775 KB  0.4s
Multiple -pix_fmt options specified for stream 0, only the last option '-pix_fmt yuv420p' will be used.
  5q7pvUzZiYa/9356: 28 steps -> 122 frames (8.1s)  885 KB  0.4s
Multiple -pix_fmt options specified for stream 0, only the last option '-pix_fmt yuv420p' will be used.
  5q7pvUzZiYa/9377: 24 steps -> 100 frames (6.6s)  874 KB  0.4s
Multiple -pix_fmt options specified for stream 0, only the last option '-pix_fmt yuv420p' will be used.
  5q7pvUzZiYa/9383: 21 steps -> 92 frames (6.1s)  503 KB  0.3s
Multiple -pix_fmt options specified for stream 0, only the last option '-pix_fmt yuv420p' will be used.
  5q7pvUzZiYa/9638: 22 steps -> 86 frames (5.7s)  1077 KB  0.4s
Renderer: NVIDIA GeForce RTX 4070 Ti SUPER/PCIe/SSE2 by NVIDIA Corporation
OpenGL version: 4.6.0 NVIDIA 580.173.02
Using optional features:
    GL_ARB_vertex_array_object
    GL_ARB_separate_shader_objects
    GL_ARB_robustness
    GL_ARB_texture_storage
    GL_ARB_texture_view
    GL_ARB_framebuffer_no_attachments
    GL_ARB_invalidate_subdata
    GL_ARB_texture_storage_multisample
    GL_ARB_multi_bind
    GL_ARB_direct_state_access
    GL_ARB_get_texture_sub_image
    GL_ARB_texture_filter_anisotropic
    GL_KHR_debug
    GL_KHR_parallel_shader_compile
    GL_NV_depth_buffer_float
Using driver workarounds:
    no-forward-compatible-core-context
    nv-egl-incorrect-gl11-function-pointers
    no-layout-qualifiers-on-old-glsl
    nv-zero-context-profile-mask
    nv-implementation-color-read-format-dsa-broken
    nv-cubemap-inconsistent-compressed-image-size
    nv-cubemap-broken-full-compressed-image-query
    nv-compressed-block-size-in-bits
[16:43:22:273171]:[Warning]:[Metadata] SceneDatasetAttributes.cpp(107)::addNewSceneInstanceToDataset : Dataset : 'default' : Lighting Layout Attributes 'no_lights' specified in Scene Attributes but does not exist in dataset, so creating default.
Multiple -pix_fmt options specified for stream 0, only the last option '-pix_fmt yuv420p' will be used.
  759xd9YjKW5/10010: 83 steps -> 350 frames (23.3s)  1637 KB  0.9s
Multiple -pix_fmt options specified for stream 0, only the last option '-pix_fmt yuv420p' will be used.
  759xd9YjKW5/1002: 60 steps -> 242 frames (16.1s)  1963 KB  0.5s
Multiple -pix_fmt options specified for stream 0, only the last option '-pix_fmt yuv420p' will be used.
  759xd9YjKW5/10052: 56 steps -> 231 frames (15.3s)  1868 KB  0.5s
Multiple -pix_fmt options specified for stream 0, only the last option '-pix_fmt yuv420p' will be used.
  759xd9YjKW5/10286: 94 steps -> 401 frames (26.7s)  3649 KB  0.7s
Multiple -pix_fmt options specified for stream 0, only the last option '-pix_fmt yuv420p' will be used.
  759xd9YjKW5/10400: 31 steps -> 138 frames (9.1s)  807 KB  0.3s
Multiple -pix_fmt options specified for stream 0, only the last option '-pix_fmt yuv420p' will be used.
  759xd9YjKW5/10613: 77 steps -> 315 frames (20.9s)  2756 KB  0.6s
Multiple -pix_fmt options specified for stream 0, only the last option '-pix_fmt yuv420p' will be used.
  759xd9YjKW5/10646: 58 steps -> 253 frames (16.8s)  1592 KB  0.5s
Multiple -pix_fmt options specified for stream 0, only the last option '-pix_fmt yuv420p' will be used.
  759xd9YjKW5/1312: 41 steps -> 178 frames (11.8s)  1071 KB  0.4s
Multiple -pix_fmt options specified for stream 0, only the last option '-pix_fmt yuv420p' will be used.
  759xd9YjKW5/139: 42 steps -> 164 frames (10.9s)  1847 KB  0.4s
Multiple -pix_fmt options specified for stream 0, only the last option '-pix_fmt yuv420p' will be used.
  759xd9YjKW5/1436: 24 steps -> 104 frames (6.9s)  807 KB  0.3s
Multiple -pix_fmt options specified for stream 0, only the last option '-pix_fmt yuv420p' will be used.
  759xd9YjKW5/1988: 34 steps -> 132 frames (8.7s)  1392 KB  0.4s
Multiple -pix_fmt options specified for stream 0, only the last option '-pix_fmt yuv420p' will be used.
  759xd9YjKW5/2102: 11 steps -> 46 frames (3.0s)  334 KB  0.2s
Multiple -pix_fmt options specified for stream 0, only the last option '-pix_fmt yuv420p' will be used.
  759xd9YjKW5/2264: 46 steps -> 186 frames (12.3s)  1522 KB  0.5s
Multiple -pix_fmt options specified for stream 0, only the last option '-pix_fmt yuv420p' will be used.
  759xd9YjKW5/2504: 68 steps -> 271 frames (18.0s)  2241 KB  0.7s
Multiple -pix_fmt options specified for stream 0, only the last option '-pix_fmt yuv420p' will be used.
  759xd9YjKW5/2603: 46 steps -> 197 frames (13.1s)  831 KB  0.4s
Multiple -pix_fmt options specified for stream 0, only the last option '-pix_fmt yuv420p' will be used.
  759xd9YjKW5/2777: 64 steps -> 265 frames (17.6s)  2043 KB  0.6s
Multiple -pix_fmt options specified for stream 0, only the last option '-pix_fmt yuv420p' will be used.
  759xd9YjKW5/2840: 60 steps -> 260 frames (17.3s)  1734 KB  0.6s
Multiple -pix_fmt options specified for stream 0, only the last option '-pix_fmt yuv420p' will be used.
  759xd9YjKW5/2873: 91 steps -> 391 frames (26.0s)  3446 KB  0.9s
Multiple -pix_fmt options specified for stream 0, only the last option '-pix_fmt yuv420p' will be used.
  759xd9YjKW5/2912: 73 steps -> 302 frames (20.1s)  2264 KB  0.7s
Multiple -pix_fmt options specified for stream 0, only the last option '-pix_fmt yuv420p' will be used.
  759xd9YjKW5/2993: 58 steps -> 233 frames (15.5s)  2010 KB  0.6s
Multiple -pix_fmt options specified for stream 0, only the last option '-pix_fmt yuv420p' will be used.
  759xd9YjKW5/3164: 72 steps -> 307 frames (20.4s)  2573 KB  0.7s
Multiple -pix_fmt options specified for stream 0, only the last option '-pix_fmt yuv420p' will be used.
  759xd9YjKW5/3323: 51 steps -> 210 frames (13.9s)  1021 KB  0.5s
Multiple -pix_fmt options specified for stream 0, only the last option '-pix_fmt yuv420p' will be used.
  759xd9YjKW5/3359: 51 steps -> 203 frames (13.5s)  1600 KB  0.5s
Multiple -pix_fmt options specified for stream 0, only the last option '-pix_fmt yuv420p' will be used.
  759xd9YjKW5/3455: 64 steps -> 252 frames (16.7s)  2105 KB  0.6s
Multiple -pix_fmt options specified for stream 0, only the last option '-pix_fmt yuv420p' will be used.
  759xd9YjKW5/3815: 41 steps -> 175 frames (11.6s)  1349 KB  0.4s
Multiple -pix_fmt options specified for stream 0, only the last option '-pix_fmt yuv420p' will be used.
  759xd9YjKW5/3827: 40 steps -> 175 frames (11.6s)  665 KB  0.4s
Multiple -pix_fmt options specified for stream 0, only the last option '-pix_fmt yuv420p' will be used.
  759xd9YjKW5/3887: 19 steps -> 81 frames (5.3s)  652 KB  0.3s
Multiple -pix_fmt options specified for stream 0, only the last option '-pix_fmt yuv420p' will be used.
  759xd9YjKW5/4046: 50 steps -> 216 frames (14.3s)  990 KB  0.5s
Multiple -pix_fmt options specified for stream 0, only the last option '-pix_fmt yuv420p' will be used.
  759xd9YjKW5/4217: 46 steps -> 188 frames (12.5s)  1559 KB  0.5s
Multiple -pix_fmt options specified for stream 0, only the last option '-pix_fmt yuv420p' will be used.
  759xd9YjKW5/4262: 67 steps -> 275 frames (18.3s)  1393 KB  0.6s
Multiple -pix_fmt options specified for stream 0, only the last option '-pix_fmt yuv420p' will be used.
  759xd9YjKW5/4340: 31 steps -> 131 frames (8.7s)  758 KB  0.3s
Multiple -pix_fmt options specified for stream 0, only the last option '-pix_fmt yuv420p' will be used.
  759xd9YjKW5/4622: 76 steps -> 324 frames (21.5s)  2343 KB  0.8s
Multiple -pix_fmt options specified for stream 0, only the last option '-pix_fmt yuv420p' will be used.
  759xd9YjKW5/481: 40 steps -> 173 frames (11.5s)  1300 KB  0.4s
Multiple -pix_fmt options specified for stream 0, only the last option '-pix_fmt yuv420p' will be used.
  759xd9YjKW5/4823: 73 steps -> 295 frames (19.6s)  2311 KB  0.7s
Multiple -pix_fmt options specified for stream 0, only the last option '-pix_fmt yuv420p' will be used.
  759xd9YjKW5/4838: 64 steps -> 256 frames (17.0s)  2303 KB  0.6s
Multiple -pix_fmt options specified for stream 0, only the last option '-pix_fmt yuv420p' will be used.
  759xd9YjKW5/5156: 68 steps -> 274 frames (18.2s)  2268 KB  0.6s
Multiple -pix_fmt options specified for stream 0, only the last option '-pix_fmt yuv420p' will be used.
  759xd9YjKW5/5255: 49 steps -> 206 frames (13.7s)  955 KB  0.5s
Multiple -pix_fmt options specified for stream 0, only the last option '-pix_fmt yuv420p' will be used.
  759xd9YjKW5/5324: 48 steps -> 197 frames (13.1s)  1900 KB  0.5s
Multiple -pix_fmt options specified for stream 0, only the last option '-pix_fmt yuv420p' will be used.
  759xd9YjKW5/5417: 33 steps -> 124 frames (8.2s)  1051 KB  0.3s
Multiple -pix_fmt options specified for stream 0, only the last option '-pix_fmt yuv420p' will be used.
  759xd9YjKW5/5495: 59 steps -> 237 frames (15.7s)  1909 KB  0.7s
Multiple -pix_fmt options specified for stream 0, only the last option '-pix_fmt yuv420p' will be used.
  759xd9YjKW5/5687: 50 steps -> 210 frames (13.9s)  1577 KB  0.5s
Multiple -pix_fmt options specified for stream 0, only the last option '-pix_fmt yuv420p' will be used.
  759xd9YjKW5/5912: 20 steps -> 88 frames (5.8s)  461 KB  0.2s
Multiple -pix_fmt options specified for stream 0, only the last option '-pix_fmt yuv420p' will be used.
  759xd9YjKW5/6068: 46 steps -> 189 frames (12.5s)  1197 KB  0.5s
Multiple -pix_fmt options specified for stream 0, only the last option '-pix_fmt yuv420p' will be used.
  759xd9YjKW5/6101: 50 steps -> 209 frames (13.9s)  1007 KB  0.5s
Multiple -pix_fmt options specified for stream 0, only the last option '-pix_fmt yuv420p' will be used.
  759xd9YjKW5/650: 65 steps -> 273 frames (18.1s)  2169 KB  0.6s
Multiple -pix_fmt options specified for stream 0, only the last option '-pix_fmt yuv420p' will be used.
  759xd9YjKW5/6722: 67 steps -> 275 frames (18.3s)  1257 KB  0.5s
Multiple -pix_fmt options specified for stream 0, only the last option '-pix_fmt yuv420p' will be used.
  759xd9YjKW5/6773: 49 steps -> 210 frames (13.9s)  1303 KB  0.5s
Multiple -pix_fmt options specified for stream 0, only the last option '-pix_fmt yuv420p' will be used.
  759xd9YjKW5/6974: 60 steps -> 251 frames (16.7s)  1904 KB  0.6s
Multiple -pix_fmt options specified for stream 0, only the last option '-pix_fmt yuv420p' will be used.
  759xd9YjKW5/7106: 84 steps -> 354 frames (23.5s)  1530 KB  0.8s
Multiple -pix_fmt options specified for stream 0, only the last option '-pix_fmt yuv420p' will be used.
  759xd9YjKW5/7169: 42 steps -> 156 frames (10.3s)  1334 KB  0.4s
Multiple -pix_fmt options specified for stream 0, only the last option '-pix_fmt yuv420p' will be used.
  759xd9YjKW5/7181: 49 steps -> 198 frames (13.1s)  1974 KB  0.5s
Multiple -pix_fmt options specified for stream 0, only the last option '-pix_fmt yuv420p' will be used.
  759xd9YjKW5/7184: 71 steps -> 289 frames (19.2s)  2643 KB  0.7s
Multiple -pix_fmt options specified for stream 0, only the last option '-pix_fmt yuv420p' will be used.
  759xd9YjKW5/7493: 70 steps -> 294 frames (19.5s)  2157 KB  0.7s
Multiple -pix_fmt options specified for stream 0, only the last option '-pix_fmt yuv420p' will be used.
  759xd9YjKW5/7640: 44 steps -> 169 frames (11.2s)  1824 KB  0.4s
Multiple -pix_fmt options specified for stream 0, only the last option '-pix_fmt yuv420p' will be used.
  759xd9YjKW5/7703: 41 steps -> 177 frames (11.7s)  861 KB  0.4s
Multiple -pix_fmt options specified for stream 0, only the last option '-pix_fmt yuv420p' will be used.
  759xd9YjKW5/7715: 70 steps -> 292 frames (19.4s)  1810 KB  0.6s
Multiple -pix_fmt options specified for stream 0, only the last option '-pix_fmt yuv420p' will be used.
  759xd9YjKW5/7955: 66 steps -> 283 frames (18.8s)  2091 KB  0.6s
Multiple -pix_fmt options specified for stream 0, only the last option '-pix_fmt yuv420p' will be used.
  759xd9YjKW5/8024: 56 steps -> 235 frames (15.6s)  1182 KB  0.5s
Multiple -pix_fmt options specified for stream 0, only the last option '-pix_fmt yuv420p' will be used.
  759xd9YjKW5/8039: 45 steps -> 174 frames (11.5s)  1420 KB  0.5s
Multiple -pix_fmt options specified for stream 0, only the last option '-pix_fmt yuv420p' will be used.
  759xd9YjKW5/8204: 67 steps -> 277 frames (18.4s)  1793 KB  0.6s
Multiple -pix_fmt options specified for stream 0, only the last option '-pix_fmt yuv420p' will be used.
  759xd9YjKW5/8474: 41 steps -> 177 frames (11.7s)  1544 KB  0.4s
Multiple -pix_fmt options specified for stream 0, only the last option '-pix_fmt yuv420p' will be used.
  759xd9YjKW5/8756: 70 steps -> 295 frames (19.6s)  2335 KB  0.6s
Multiple -pix_fmt options specified for stream 0, only the last option '-pix_fmt yuv420p' will be used.
  759xd9YjKW5/8804: 52 steps -> 223 frames (14.8s)  1316 KB  0.5s
Multiple -pix_fmt options specified for stream 0, only the last option '-pix_fmt yuv420p' will be used.
  759xd9YjKW5/8849: 61 steps -> 264 frames (17.5s)  1992 KB  0.6s
Multiple -pix_fmt options specified for stream 0, only the last option '-pix_fmt yuv420p' will be used.
  759xd9YjKW5/897: 54 steps -> 225 frames (14.9s)  926 KB  0.5s
Multiple -pix_fmt options specified for stream 0, only the last option '-pix_fmt yuv420p' will be used.
  759xd9YjKW5/9191: 60 steps -> 241 frames (16.0s)  1268 KB  0.5s
Multiple -pix_fmt options specified for stream 0, only the last option '-pix_fmt yuv420p' will be used.
  759xd9YjKW5/9296: 33 steps -> 144 frames (9.5s)  1107 KB  0.4s
Multiple -pix_fmt options specified for stream 0, only the last option '-pix_fmt yuv420p' will be used.
  759xd9YjKW5/939: 72 steps -> 295 frames (19.6s)  1463 KB  0.7s
Multiple -pix_fmt options specified for stream 0, only the last option '-pix_fmt yuv420p' will be used.
  759xd9YjKW5/9428: 23 steps -> 96 frames (6.3s)  546 KB  0.3s
Multiple -pix_fmt options specified for stream 0, only the last option '-pix_fmt yuv420p' will be used.
  759xd9YjKW5/9716: 42 steps -> 166 frames (11.0s)  1310 KB  0.4s
Renderer: NVIDIA GeForce RTX 4070 Ti SUPER/PCIe/SSE2 by NVIDIA Corporation
OpenGL version: 4.6.0 NVIDIA 580.173.02
Using optional features:
    GL_ARB_vertex_array_object
    GL_ARB_separate_shader_objects
    GL_ARB_robustness
    GL_ARB_texture_storage
    GL_ARB_texture_view
    GL_ARB_framebuffer_no_attachments
    GL_ARB_invalidate_subdata
    GL_ARB_texture_storage_multisample
    GL_ARB_multi_bind
    GL_ARB_direct_state_access
    GL_ARB_get_texture_sub_image
    GL_ARB_texture_filter_anisotropic
    GL_KHR_debug
    GL_KHR_parallel_shader_compile
    GL_NV_depth_buffer_float
Using driver workarounds:
    no-forward-compatible-core-context
    nv-egl-incorrect-gl11-function-pointers
    no-layout-qualifiers-on-old-glsl
    nv-zero-context-profile-mask
    nv-implementation-color-read-format-dsa-broken
    nv-cubemap-inconsistent-compressed-image-size
    nv-cubemap-broken-full-compressed-image-query
    nv-compressed-block-size-in-bits
[16:44:02:697136]:[Warning]:[Metadata] SceneDatasetAttributes.cpp(107)::addNewSceneInstanceToDataset : Dataset : 'default' : Lighting Layout Attributes 'no_lights' specified in Scene Attributes but does not exist in dataset, so creating default.
Multiple -pix_fmt options specified for stream 0, only the last option '-pix_fmt yuv420p' will be used.
  7y3sRwLe3Va/1: 30 steps -> 128 frames (8.5s)  515 KB  0.5s
Multiple -pix_fmt options specified for stream 0, only the last option '-pix_fmt yuv420p' will be used.
  7y3sRwLe3Va/10055: 38 steps -> 152 frames (10.1s)  566 KB  0.3s
Multiple -pix_fmt options specified for stream 0, only the last option '-pix_fmt yuv420p' will be used.
  7y3sRwLe3Va/10109: 60 steps -> 255 frames (16.9s)  1083 KB  0.5s
Multiple -pix_fmt options specified for stream 0, only the last option '-pix_fmt yuv420p' will be used.
  7y3sRwLe3Va/10223: 61 steps -> 244 frames (16.2s)  924 KB  0.5s
Multiple -pix_fmt options specified for stream 0, only the last option '-pix_fmt yuv420p' will be used.
  7y3sRwLe3Va/1035: 41 steps -> 169 frames (11.2s)  845 KB  0.4s
Multiple -pix_fmt options specified for stream 0, only the last option '-pix_fmt yuv420p' will be used.
  7y3sRwLe3Va/10388: 64 steps -> 265 frames (17.6s)  1021 KB  0.5s
Multiple -pix_fmt options specified for stream 0, only the last option '-pix_fmt yuv420p' will be used.
  7y3sRwLe3Va/10445: 58 steps -> 237 frames (15.7s)  1134 KB  0.4s
Multiple -pix_fmt options specified for stream 0, only the last option '-pix_fmt yuv420p' will be used.
  7y3sRwLe3Va/10502: 33 steps -> 123 frames (8.1s)  421 KB  0.3s
Multiple -pix_fmt options specified for stream 0, only the last option '-pix_fmt yuv420p' will be used.
  7y3sRwLe3Va/1156: 58 steps -> 236 frames (15.7s)  563 KB  0.5s
Multiple -pix_fmt options specified for stream 0, only the last option '-pix_fmt yuv420p' will be used.
  7y3sRwLe3Va/1225: 56 steps -> 221 frames (14.7s)  620 KB  0.5s
Multiple -pix_fmt options specified for stream 0, only the last option '-pix_fmt yuv420p' will be used.
  7y3sRwLe3Va/1499: 51 steps -> 213 frames (14.1s)  707 KB  0.5s
Multiple -pix_fmt options specified for stream 0, only the last option '-pix_fmt yuv420p' will be used.
  7y3sRwLe3Va/1553: 34 steps -> 134 frames (8.9s)  496 KB  0.3s
Multiple -pix_fmt options specified for stream 0, only the last option '-pix_fmt yuv420p' will be used.
  7y3sRwLe3Va/1778: 44 steps -> 180 frames (11.9s)  601 KB  0.4s
Multiple -pix_fmt options specified for stream 0, only the last option '-pix_fmt yuv420p' will be used.
  7y3sRwLe3Va/1964: 38 steps -> 152 frames (10.1s)  384 KB  0.3s
Multiple -pix_fmt options specified for stream 0, only the last option '-pix_fmt yuv420p' will be used.
  7y3sRwLe3Va/2027: 30 steps -> 117 frames (7.7s)  402 KB  0.3s
Multiple -pix_fmt options specified for stream 0, only the last option '-pix_fmt yuv420p' will be used.
  7y3sRwLe3Va/2075: 21 steps -> 84 frames (5.5s)  347 KB  0.2s
Multiple -pix_fmt options specified for stream 0, only the last option '-pix_fmt yuv420p' will be used.
  7y3sRwLe3Va/2327: 33 steps -> 138 frames (9.1s)  379 KB  0.3s
Multiple -pix_fmt options specified for stream 0, only the last option '-pix_fmt yuv420p' will be used.
  7y3sRwLe3Va/2390: 31 steps -> 123 frames (8.1s)  386 KB  0.3s
Multiple -pix_fmt options specified for stream 0, only the last option '-pix_fmt yuv420p' will be used.
  7y3sRwLe3Va/2408: 24 steps -> 98 frames (6.5s)  455 KB  0.3s
Multiple -pix_fmt options specified for stream 0, only the last option '-pix_fmt yuv420p' will be used.
  7y3sRwLe3Va/2594: 35 steps -> 138 frames (9.1s)  642 KB  0.4s
Multiple -pix_fmt options specified for stream 0, only the last option '-pix_fmt yuv420p' will be used.
  7y3sRwLe3Va/2618: 20 steps -> 82 frames (5.4s)  340 KB  0.2s
Multiple -pix_fmt options specified for stream 0, only the last option '-pix_fmt yuv420p' will be used.
  7y3sRwLe3Va/2633: 36 steps -> 160 frames (10.6s)  673 KB  0.4s
Multiple -pix_fmt options specified for stream 0, only the last option '-pix_fmt yuv420p' will be used.
  7y3sRwLe3Va/2921: 25 steps -> 96 frames (6.3s)  414 KB  0.3s
Multiple -pix_fmt options specified for stream 0, only the last option '-pix_fmt yuv420p' will be used.
  7y3sRwLe3Va/2990: 26 steps -> 109 frames (7.2s)  534 KB  0.3s
Multiple -pix_fmt options specified for stream 0, only the last option '-pix_fmt yuv420p' will be used.
  7y3sRwLe3Va/3149: 61 steps -> 251 frames (16.7s)  989 KB  0.6s
Multiple -pix_fmt options specified for stream 0, only the last option '-pix_fmt yuv420p' will be used.
  7y3sRwLe3Va/3338: 26 steps -> 108 frames (7.1s)  438 KB  0.3s
Multiple -pix_fmt options specified for stream 0, only the last option '-pix_fmt yuv420p' will be used.
  7y3sRwLe3Va/3575: 27 steps -> 106 frames (7.0s)  340 KB  0.3s
Multiple -pix_fmt options specified for stream 0, only the last option '-pix_fmt yuv420p' will be used.
  7y3sRwLe3Va/3590: 44 steps -> 181 frames (12.0s)  880 KB  0.4s
Multiple -pix_fmt options specified for stream 0, only the last option '-pix_fmt yuv420p' will be used.
  7y3sRwLe3Va/3620: 28 steps -> 114 frames (7.5s)  365 KB  0.3s
Multiple -pix_fmt options specified for stream 0, only the last option '-pix_fmt yuv420p' will be used.
  7y3sRwLe3Va/3848: 34 steps -> 138 frames (9.1s)  954 KB  0.4s
Multiple -pix_fmt options specified for stream 0, only the last option '-pix_fmt yuv420p' will be used.
  7y3sRwLe3Va/4025: 30 steps -> 129 frames (8.5s)  530 KB  0.4s
Multiple -pix_fmt options specified for stream 0, only the last option '-pix_fmt yuv420p' will be used.
  7y3sRwLe3Va/4313: 30 steps -> 121 frames (8.0s)  451 KB  0.3s
Multiple -pix_fmt options specified for stream 0, only the last option '-pix_fmt yuv420p' will be used.
  7y3sRwLe3Va/433: 35 steps -> 147 frames (9.7s)  677 KB  0.4s
Multiple -pix_fmt options specified for stream 0, only the last option '-pix_fmt yuv420p' will be used.
  7y3sRwLe3Va/4943: 23 steps -> 101 frames (6.7s)  392 KB  0.3s
Multiple -pix_fmt options specified for stream 0, only the last option '-pix_fmt yuv420p' will be used.
  7y3sRwLe3Va/5072: 34 steps -> 127 frames (8.4s)  426 KB  0.3s
Multiple -pix_fmt options specified for stream 0, only the last option '-pix_fmt yuv420p' will be used.
  7y3sRwLe3Va/5576: 31 steps -> 123 frames (8.1s)  428 KB  0.3s
Multiple -pix_fmt options specified for stream 0, only the last option '-pix_fmt yuv420p' will be used.
  7y3sRwLe3Va/5630: 43 steps -> 183 frames (12.1s)  668 KB  0.4s
Multiple -pix_fmt options specified for stream 0, only the last option '-pix_fmt yuv420p' will be used.
  7y3sRwLe3Va/5672: 43 steps -> 177 frames (11.7s)  405 KB  0.4s
Multiple -pix_fmt options specified for stream 0, only the last option '-pix_fmt yuv420p' will be used.
  7y3sRwLe3Va/6218: 28 steps -> 112 frames (7.4s)  331 KB  0.3s
Multiple -pix_fmt options specified for stream 0, only the last option '-pix_fmt yuv420p' will be used.
  7y3sRwLe3Va/6434: 33 steps -> 130 frames (8.6s)  920 KB  0.4s
Multiple -pix_fmt options specified for stream 0, only the last option '-pix_fmt yuv420p' will be used.
  7y3sRwLe3Va/6620: 25 steps -> 111 frames (7.3s)  370 KB  0.3s
Multiple -pix_fmt options specified for stream 0, only the last option '-pix_fmt yuv420p' will be used.
  7y3sRwLe3Va/6692: 43 steps -> 178 frames (11.8s)  484 KB  0.4s
Multiple -pix_fmt options specified for stream 0, only the last option '-pix_fmt yuv420p' will be used.
  7y3sRwLe3Va/7: 35 steps -> 141 frames (9.3s)  472 KB  0.4s
Multiple -pix_fmt options specified for stream 0, only the last option '-pix_fmt yuv420p' will be used.
  7y3sRwLe3Va/7016: 27 steps -> 116 frames (7.7s)  372 KB  0.3s
Multiple -pix_fmt options specified for stream 0, only the last option '-pix_fmt yuv420p' will be used.
  7y3sRwLe3Va/7157: 60 steps -> 248 frames (16.5s)  1005 KB  0.6s
Multiple -pix_fmt options specified for stream 0, only the last option '-pix_fmt yuv420p' will be used.
  7y3sRwLe3Va/7274: 38 steps -> 152 frames (10.1s)  621 KB  0.4s
Multiple -pix_fmt options specified for stream 0, only the last option '-pix_fmt yuv420p' will be used.
  7y3sRwLe3Va/7430: 37 steps -> 151 frames (10.0s)  485 KB  0.4s
Multiple -pix_fmt options specified for stream 0, only the last option '-pix_fmt yuv420p' will be used.
  7y3sRwLe3Va/7625: 29 steps -> 116 frames (7.7s)  398 KB  0.3s
Multiple -pix_fmt options specified for stream 0, only the last option '-pix_fmt yuv420p' will be used.
  7y3sRwLe3Va/7631: 38 steps -> 164 frames (10.9s)  706 KB  0.4s
Multiple -pix_fmt options specified for stream 0, only the last option '-pix_fmt yuv420p' will be used.
  7y3sRwLe3Va/7670: 20 steps -> 87 frames (5.7s)  366 KB  0.3s
Multiple -pix_fmt options specified for stream 0, only the last option '-pix_fmt yuv420p' will be used.
  7y3sRwLe3Va/7694: 43 steps -> 177 frames (11.7s)  493 KB  0.4s
Multiple -pix_fmt options specified for stream 0, only the last option '-pix_fmt yuv420p' will be used.
  7y3sRwLe3Va/8438: 84 steps -> 355 frames (23.6s)  1486 KB  0.8s
Multiple -pix_fmt options specified for stream 0, only the last option '-pix_fmt yuv420p' will be used.
  7y3sRwLe3Va/8618: 47 steps -> 192 frames (12.7s)  544 KB  0.4s
Multiple -pix_fmt options specified for stream 0, only the last option '-pix_fmt yuv420p' will be used.
  7y3sRwLe3Va/8786: 56 steps -> 226 frames (15.0s)  920 KB  0.5s
Multiple -pix_fmt options specified for stream 0, only the last option '-pix_fmt yuv420p' will be used.
  7y3sRwLe3Va/8798: 50 steps -> 212 frames (14.1s)  852 KB  0.5s
Multiple -pix_fmt options specified for stream 0, only the last option '-pix_fmt yuv420p' will be used.
  7y3sRwLe3Va/885: 27 steps -> 124 frames (8.2s)  536 KB  0.4s
Multiple -pix_fmt options specified for stream 0, only the last option '-pix_fmt yuv420p' will be used.
  7y3sRwLe3Va/9008: 45 steps -> 182 frames (12.1s)  429 KB  0.4s
Multiple -pix_fmt options specified for stream 0, only the last option '-pix_fmt yuv420p' will be used.
  7y3sRwLe3Va/9107: 25 steps -> 99 frames (6.5s)  384 KB  0.3s
Multiple -pix_fmt options specified for stream 0, only the last option '-pix_fmt yuv420p' will be used.
  7y3sRwLe3Va/9155: 39 steps -> 172 frames (11.4s)  695 KB  0.4s
Multiple -pix_fmt options specified for stream 0, only the last option '-pix_fmt yuv420p' will be used.
  7y3sRwLe3Va/924: 15 steps -> 60 frames (3.9s)  253 KB  0.2s
Multiple -pix_fmt options specified for stream 0, only the last option '-pix_fmt yuv420p' will be used.
  7y3sRwLe3Va/9404: 45 steps -> 186 frames (12.3s)  783 KB  0.5s
Multiple -pix_fmt options specified for stream 0, only the last option '-pix_fmt yuv420p' will be used.
  7y3sRwLe3Va/9590: 40 steps -> 164 frames (10.9s)  750 KB  0.4s
Multiple -pix_fmt options specified for stream 0, only the last option '-pix_fmt yuv420p' will be used.
  7y3sRwLe3Va/963: 29 steps -> 124 frames (8.2s)  497 KB  0.3s
Multiple -pix_fmt options specified for stream 0, only the last option '-pix_fmt yuv420p' will be used.
  7y3sRwLe3Va/9803: 41 steps -> 171 frames (11.3s)  669 KB  0.4s
Multiple -pix_fmt options specified for stream 0, only the last option '-pix_fmt yuv420p' will be used.
  7y3sRwLe3Va/9842: 29 steps -> 123 frames (8.1s)  403 KB  0.3s
Renderer: NVIDIA GeForce RTX 4070 Ti SUPER/PCIe/SSE2 by NVIDIA Corporation
OpenGL version: 4.6.0 NVIDIA 580.173.02
Using optional features:
    GL_ARB_vertex_array_object
    GL_ARB_separate_shader_objects
    GL_ARB_robustness
    GL_ARB_texture_storage
    GL_ARB_texture_view
    GL_ARB_framebuffer_no_attachments
    GL_ARB_invalidate_subdata
    GL_ARB_texture_storage_multisample
    GL_ARB_multi_bind
    GL_ARB_direct_state_access
    GL_ARB_get_texture_sub_image
    GL_ARB_texture_filter_anisotropic
    GL_KHR_debug
    GL_KHR_parallel_shader_compile
    GL_NV_depth_buffer_float
Using driver workarounds:
    no-forward-compatible-core-context
    nv-egl-incorrect-gl11-function-pointers
    no-layout-qualifiers-on-old-glsl
    nv-zero-context-profile-mask
    nv-implementation-color-read-format-dsa-broken
    nv-cubemap-inconsistent-compressed-image-size
    nv-cubemap-broken-full-compressed-image-query
    nv-compressed-block-size-in-bits
[16:44:32:301683]:[Warning]:[Metadata] SceneDatasetAttributes.cpp(107)::addNewSceneInstanceToDataset : Dataset : 'default' : Lighting Layout Attributes 'no_lights' specified in Scene Attributes but does not exist in dataset, so creating default.
Multiple -pix_fmt options specified for stream 0, only the last option '-pix_fmt yuv420p' will be used.
  82sE5b5pLXE/10013: 34 steps -> 141 frames (9.3s)  599 KB  0.5s
Multiple -pix_fmt options specified for stream 0, only the last option '-pix_fmt yuv420p' will be used.
  82sE5b5pLXE/10103: 36 steps -> 148 frames (9.8s)  896 KB  0.4s
Multiple -pix_fmt options specified for stream 0, only the last option '-pix_fmt yuv420p' will be used.
  82sE5b5pLXE/10349: 43 steps -> 176 frames (11.7s)  977 KB  0.4s
Multiple -pix_fmt options specified for stream 0, only the last option '-pix_fmt yuv420p' will be used.
  82sE5b5pLXE/10634: 29 steps -> 123 frames (8.1s)  639 KB  0.3s
Multiple -pix_fmt options specified for stream 0, only the last option '-pix_fmt yuv420p' will be used.
  82sE5b5pLXE/1213: 30 steps -> 122 frames (8.1s)  798 KB  0.3s
Multiple -pix_fmt options specified for stream 0, only the last option '-pix_fmt yuv420p' will be used.
  82sE5b5pLXE/1263: 45 steps -> 172 frames (11.4s)  1628 KB  0.4s
Multiple -pix_fmt options specified for stream 0, only the last option '-pix_fmt yuv420p' will be used.
  82sE5b5pLXE/1484: 45 steps -> 193 frames (12.8s)  1037 KB  0.5s
Multiple -pix_fmt options specified for stream 0, only the last option '-pix_fmt yuv420p' will be used.
  82sE5b5pLXE/1646: 29 steps -> 117 frames (7.7s)  662 KB  0.3s
Multiple -pix_fmt options specified for stream 0, only the last option '-pix_fmt yuv420p' will be used.
  82sE5b5pLXE/1766: 35 steps -> 142 frames (9.4s)  856 KB  0.3s
Multiple -pix_fmt options specified for stream 0, only the last option '-pix_fmt yuv420p' will be used.
  82sE5b5pLXE/1796: 29 steps -> 115 frames (7.6s)  765 KB  0.3s
Multiple -pix_fmt options specified for stream 0, only the last option '-pix_fmt yuv420p' will be used.
  82sE5b5pLXE/1916: 41 steps -> 164 frames (10.9s)  1204 KB  0.4s
Multiple -pix_fmt options specified for stream 0, only the last option '-pix_fmt yuv420p' will be used.
  82sE5b5pLXE/196: 49 steps -> 194 frames (12.9s)  1530 KB  0.5s
Multiple -pix_fmt options specified for stream 0, only the last option '-pix_fmt yuv420p' will be used.
  82sE5b5pLXE/2156: 48 steps -> 197 frames (13.1s)  977 KB  0.5s
Multiple -pix_fmt options specified for stream 0, only the last option '-pix_fmt yuv420p' will be used.
  82sE5b5pLXE/22: 16 steps -> 68 frames (4.5s)  327 KB  0.2s
Multiple -pix_fmt options specified for stream 0, only the last option '-pix_fmt yuv420p' will be used.
  82sE5b5pLXE/2339: 53 steps -> 216 frames (14.3s)  1611 KB  0.5s
Multiple -pix_fmt options specified for stream 0, only the last option '-pix_fmt yuv420p' will be used.
  82sE5b5pLXE/2342: 31 steps -> 130 frames (8.6s)  964 KB  0.3s
Multiple -pix_fmt options specified for stream 0, only the last option '-pix_fmt yuv420p' will be used.
  82sE5b5pLXE/2366: 23 steps -> 93 frames (6.1s)  731 KB  0.3s
Multiple -pix_fmt options specified for stream 0, only the last option '-pix_fmt yuv420p' will be used.
  82sE5b5pLXE/2399: 23 steps -> 90 frames (5.9s)  492 KB  0.3s
Multiple -pix_fmt options specified for stream 0, only the last option '-pix_fmt yuv420p' will be used.
  82sE5b5pLXE/2423: 46 steps -> 192 frames (12.7s)  1327 KB  0.5s
Multiple -pix_fmt options specified for stream 0, only the last option '-pix_fmt yuv420p' will be used.
  82sE5b5pLXE/2456: 35 steps -> 147 frames (9.7s)  848 KB  0.4s
Multiple -pix_fmt options specified for stream 0, only the last option '-pix_fmt yuv420p' will be used.
  82sE5b5pLXE/2636: 43 steps -> 181 frames (12.0s)  1273 KB  0.4s
Multiple -pix_fmt options specified for stream 0, only the last option '-pix_fmt yuv420p' will be used.
  82sE5b5pLXE/2708: 22 steps -> 88 frames (5.8s)  750 KB  0.3s
Multiple -pix_fmt options specified for stream 0, only the last option '-pix_fmt yuv420p' will be used.
  82sE5b5pLXE/2891: 29 steps -> 124 frames (8.2s)  898 KB  0.3s
Multiple -pix_fmt options specified for stream 0, only the last option '-pix_fmt yuv420p' will be used.
  82sE5b5pLXE/2960: 45 steps -> 182 frames (12.1s)  1334 KB  0.5s
Multiple -pix_fmt options specified for stream 0, only the last option '-pix_fmt yuv420p' will be used.
  82sE5b5pLXE/3425: 63 steps -> 273 frames (18.1s)  1704 KB  0.6s
Multiple -pix_fmt options specified for stream 0, only the last option '-pix_fmt yuv420p' will be used.
  82sE5b5pLXE/3695: 45 steps -> 190 frames (12.6s)  1113 KB  0.4s
Multiple -pix_fmt options specified for stream 0, only the last option '-pix_fmt yuv420p' will be used.
  82sE5b5pLXE/37: 17 steps -> 69 frames (4.5s)  371 KB  0.2s
Multiple -pix_fmt options specified for stream 0, only the last option '-pix_fmt yuv420p' will be used.
  82sE5b5pLXE/3752: 47 steps -> 188 frames (12.5s)  1189 KB  0.5s
Multiple -pix_fmt options specified for stream 0, only the last option '-pix_fmt yuv420p' will be used.
  82sE5b5pLXE/3782: 57 steps -> 247 frames (16.4s)  1908 KB  0.6s
Multiple -pix_fmt options specified for stream 0, only the last option '-pix_fmt yuv420p' will be used.
  82sE5b5pLXE/3785: 40 steps -> 171 frames (11.3s)  1214 KB  0.4s
Multiple -pix_fmt options specified for stream 0, only the last option '-pix_fmt yuv420p' will be used.
  82sE5b5pLXE/3812: 13 steps -> 52 frames (3.4s)  390 KB  0.2s
Multiple -pix_fmt options specified for stream 0, only the last option '-pix_fmt yuv420p' will be used.
  82sE5b5pLXE/3890: 43 steps -> 176 frames (11.7s)  1310 KB  0.4s
Multiple -pix_fmt options specified for stream 0, only the last option '-pix_fmt yuv420p' will be used.
  82sE5b5pLXE/3965: 41 steps -> 164 frames (10.9s)  967 KB  0.4s
Multiple -pix_fmt options specified for stream 0, only the last option '-pix_fmt yuv420p' will be used.
  82sE5b5pLXE/4130: 22 steps -> 84 frames (5.5s)  518 KB  0.2s
Multiple -pix_fmt options specified for stream 0, only the last option '-pix_fmt yuv420p' will be used.
  82sE5b5pLXE/4400: 28 steps -> 121 frames (8.0s)  487 KB  0.3s
Multiple -pix_fmt options specified for stream 0, only the last option '-pix_fmt yuv420p' will be used.
  82sE5b5pLXE/4451: 31 steps -> 124 frames (8.2s)  1081 KB  0.3s
Multiple -pix_fmt options specified for stream 0, only the last option '-pix_fmt yuv420p' will be used.
  82sE5b5pLXE/4658: 53 steps -> 203 frames (13.5s)  1891 KB  0.5s
Multiple -pix_fmt options specified for stream 0, only the last option '-pix_fmt yuv420p' will be used.
  82sE5b5pLXE/5075: 22 steps -> 92 frames (6.1s)  516 KB  0.3s
Multiple -pix_fmt options specified for stream 0, only the last option '-pix_fmt yuv420p' will be used.
  82sE5b5pLXE/5093: 13 steps -> 54 frames (3.5s)  312 KB  0.2s
Multiple -pix_fmt options specified for stream 0, only the last option '-pix_fmt yuv420p' will be used.
  82sE5b5pLXE/581: 46 steps -> 188 frames (12.5s)  842 KB  0.4s
Multiple -pix_fmt options specified for stream 0, only the last option '-pix_fmt yuv420p' will be used.
  82sE5b5pLXE/5837: 33 steps -> 141 frames (9.3s)  848 KB  0.4s
Multiple -pix_fmt options specified for stream 0, only the last option '-pix_fmt yuv420p' will be used.
  82sE5b5pLXE/5843: 33 steps -> 132 frames (8.7s)  834 KB  0.3s
Multiple -pix_fmt options specified for stream 0, only the last option '-pix_fmt yuv420p' will be used.
  82sE5b5pLXE/5969: 50 steps -> 203 frames (13.5s)  1191 KB  0.5s
Multiple -pix_fmt options specified for stream 0, only the last option '-pix_fmt yuv420p' will be used.
  82sE5b5pLXE/6488: 51 steps -> 223 frames (14.8s)  1641 KB  0.6s
Multiple -pix_fmt options specified for stream 0, only the last option '-pix_fmt yuv420p' will be used.
  82sE5b5pLXE/656: 43 steps -> 176 frames (11.7s)  887 KB  0.4s
Multiple -pix_fmt options specified for stream 0, only the last option '-pix_fmt yuv420p' will be used.
  82sE5b5pLXE/6584: 50 steps -> 220 frames (14.6s)  1597 KB  0.5s
Multiple -pix_fmt options specified for stream 0, only the last option '-pix_fmt yuv420p' will be used.
  82sE5b5pLXE/6638: 65 steps -> 264 frames (17.5s)  1890 KB  0.6s
Multiple -pix_fmt options specified for stream 0, only the last option '-pix_fmt yuv420p' will be used.
  82sE5b5pLXE/6653: 34 steps -> 137 frames (9.1s)  1182 KB  0.4s
Multiple -pix_fmt options specified for stream 0, only the last option '-pix_fmt yuv420p' will be used.
  82sE5b5pLXE/704: 20 steps -> 80 frames (5.3s)  590 KB  0.3s
Multiple -pix_fmt options specified for stream 0, only the last option '-pix_fmt yuv420p' will be used.
  82sE5b5pLXE/7046: 29 steps -> 118 frames (7.8s)  727 KB  0.4s
Multiple -pix_fmt options specified for stream 0, only the last option '-pix_fmt yuv420p' will be used.
  82sE5b5pLXE/7268: 33 steps -> 138 frames (9.1s)  970 KB  0.4s
Multiple -pix_fmt options specified for stream 0, only the last option '-pix_fmt yuv420p' will be used.
  82sE5b5pLXE/7463: 24 steps -> 99 frames (6.5s)  518 KB  0.3s
Multiple -pix_fmt options specified for stream 0, only the last option '-pix_fmt yuv420p' will be used.
  82sE5b5pLXE/7562: 25 steps -> 100 frames (6.6s)  834 KB  0.3s
Multiple -pix_fmt options specified for stream 0, only the last option '-pix_fmt yuv420p' will be used.
  82sE5b5pLXE/7613: 31 steps -> 127 frames (8.4s)  838 KB  0.3s
Multiple -pix_fmt options specified for stream 0, only the last option '-pix_fmt yuv420p' will be used.
  82sE5b5pLXE/7706: 44 steps -> 194 frames (12.9s)  1392 KB  0.5s
Multiple -pix_fmt options specified for stream 0, only the last option '-pix_fmt yuv420p' will be used.
  82sE5b5pLXE/7790: 41 steps -> 172 frames (11.4s)  1038 KB  0.4s
Multiple -pix_fmt options specified for stream 0, only the last option '-pix_fmt yuv420p' will be used.
  82sE5b5pLXE/7829: 19 steps -> 78 frames (5.1s)  628 KB  0.3s
Multiple -pix_fmt options specified for stream 0, only the last option '-pix_fmt yuv420p' will be used.
  82sE5b5pLXE/7979: 23 steps -> 101 frames (6.7s)  804 KB  0.3s
Multiple -pix_fmt options specified for stream 0, only the last option '-pix_fmt yuv420p' will be used.
  82sE5b5pLXE/7994: 38 steps -> 153 frames (10.1s)  1159 KB  0.4s
Multiple -pix_fmt options specified for stream 0, only the last option '-pix_fmt yuv420p' will be used.
  82sE5b5pLXE/8294: 34 steps -> 148 frames (9.8s)  1076 KB  0.4s
Multiple -pix_fmt options specified for stream 0, only the last option '-pix_fmt yuv420p' will be used.
  82sE5b5pLXE/8453: 28 steps -> 111 frames (7.3s)  632 KB  0.3s
Multiple -pix_fmt options specified for stream 0, only the last option '-pix_fmt yuv420p' will be used.
  82sE5b5pLXE/869: 23 steps -> 98 frames (6.5s)  395 KB  0.3s
Multiple -pix_fmt options specified for stream 0, only the last option '-pix_fmt yuv420p' will be used.
  82sE5b5pLXE/9059: 27 steps -> 117 frames (7.7s)  811 KB  0.3s
Multiple -pix_fmt options specified for stream 0, only the last option '-pix_fmt yuv420p' will be used.
  82sE5b5pLXE/9350: 48 steps -> 208 frames (13.8s)  1585 KB  0.5s
Multiple -pix_fmt options specified for stream 0, only the last option '-pix_fmt yuv420p' will be used.
  82sE5b5pLXE/9989: 72 steps -> 289 frames (19.2s)  2262 KB  0.7s
Renderer: NVIDIA GeForce RTX 4070 Ti SUPER/PCIe/SSE2 by NVIDIA Corporation
OpenGL version: 4.6.0 NVIDIA 580.173.02
Using optional features:
    GL_ARB_vertex_array_object
    GL_ARB_separate_shader_objects
    GL_ARB_robustness
    GL_ARB_texture_storage
    GL_ARB_texture_view
    GL_ARB_framebuffer_no_attachments
    GL_ARB_invalidate_subdata
    GL_ARB_texture_storage_multisample
    GL_ARB_multi_bind
    GL_ARB_direct_state_access
    GL_ARB_get_texture_sub_image
    GL_ARB_texture_filter_anisotropic
    GL_KHR_debug
    GL_KHR_parallel_shader_compile
    GL_NV_depth_buffer_float
Using driver workarounds:
    no-forward-compatible-core-context
    nv-egl-incorrect-gl11-function-pointers
    no-layout-qualifiers-on-old-glsl
    nv-zero-context-profile-mask
    nv-implementation-color-read-format-dsa-broken
    nv-cubemap-inconsistent-compressed-image-size
    nv-cubemap-broken-full-compressed-image-query
    nv-compressed-block-size-in-bits
[16:44:59:719482]:[Warning]:[Metadata] SceneDatasetAttributes.cpp(107)::addNewSceneInstanceToDataset : Dataset : 'default' : Lighting Layout Attributes 'no_lights' specified in Scene Attributes but does not exist in dataset, so creating default.
Multiple -pix_fmt options specified for stream 0, only the last option '-pix_fmt yuv420p' will be used.
  8WUmhLawc2A/10145: 45 steps -> 195 frames (12.9s)  1241 KB  0.9s
Multiple -pix_fmt options specified for stream 0, only the last option '-pix_fmt yuv420p' will be used.
  8WUmhLawc2A/10178: 40 steps -> 164 frames (10.9s)  1017 KB  0.7s
Multiple -pix_fmt options specified for stream 0, only the last option '-pix_fmt yuv420p' will be used.
  8WUmhLawc2A/10295: 31 steps -> 133 frames (8.8s)  860 KB  0.5s
Multiple -pix_fmt options specified for stream 0, only the last option '-pix_fmt yuv420p' will be used.
  8WUmhLawc2A/10331: 39 steps -> 162 frames (10.7s)  1402 KB  0.7s
Multiple -pix_fmt options specified for stream 0, only the last option '-pix_fmt yuv420p' will be used.
  8WUmhLawc2A/1038: 40 steps -> 173 frames (11.5s)  1792 KB  0.7s
Multiple -pix_fmt options specified for stream 0, only the last option '-pix_fmt yuv420p' will be used.
  8WUmhLawc2A/10544: 35 steps -> 150 frames (9.9s)  1000 KB  0.6s
Multiple -pix_fmt options specified for stream 0, only the last option '-pix_fmt yuv420p' will be used.
  8WUmhLawc2A/10793: 43 steps -> 178 frames (11.8s)  1139 KB  0.7s
Multiple -pix_fmt options specified for stream 0, only the last option '-pix_fmt yuv420p' will be used.
  8WUmhLawc2A/1080: 24 steps -> 102 frames (6.7s)  1328 KB  0.5s
Multiple -pix_fmt options specified for stream 0, only the last option '-pix_fmt yuv420p' will be used.
  8WUmhLawc2A/10802: 52 steps -> 213 frames (14.1s)  1313 KB  0.8s
Multiple -pix_fmt options specified for stream 0, only the last option '-pix_fmt yuv420p' will be used.
  8WUmhLawc2A/1086: 67 steps -> 272 frames (18.1s)  2356 KB  0.9s
Multiple -pix_fmt options specified for stream 0, only the last option '-pix_fmt yuv420p' will be used.
  8WUmhLawc2A/1095: 18 steps -> 72 frames (4.7s)  349 KB  0.3s
Multiple -pix_fmt options specified for stream 0, only the last option '-pix_fmt yuv420p' will be used.
  8WUmhLawc2A/1337: 56 steps -> 231 frames (15.3s)  2039 KB  0.9s
Multiple -pix_fmt options specified for stream 0, only the last option '-pix_fmt yuv420p' will be used.
  8WUmhLawc2A/1655: 29 steps -> 118 frames (7.8s)  739 KB  0.5s
Multiple -pix_fmt options specified for stream 0, only the last option '-pix_fmt yuv420p' will be used.
  8WUmhLawc2A/1733: 49 steps -> 193 frames (12.8s)  1381 KB  0.8s
Multiple -pix_fmt options specified for stream 0, only the last option '-pix_fmt yuv420p' will be used.
  8WUmhLawc2A/1997: 17 steps -> 65 frames (4.3s)  392 KB  0.3s
Multiple -pix_fmt options specified for stream 0, only the last option '-pix_fmt yuv420p' will be used.
  8WUmhLawc2A/2177: 36 steps -> 148 frames (9.8s)  948 KB  0.6s
Multiple -pix_fmt options specified for stream 0, only the last option '-pix_fmt yuv420p' will be used.
  8WUmhLawc2A/2225: 22 steps -> 94 frames (6.2s)  455 KB  0.4s
Multiple -pix_fmt options specified for stream 0, only the last option '-pix_fmt yuv420p' will be used.
  8WUmhLawc2A/2306: 65 steps -> 272 frames (18.1s)  2092 KB  1.1s
Multiple -pix_fmt options specified for stream 0, only the last option '-pix_fmt yuv420p' will be used.
  8WUmhLawc2A/244: 34 steps -> 128 frames (8.5s)  1005 KB  0.6s
Multiple -pix_fmt options specified for stream 0, only the last option '-pix_fmt yuv420p' will be used.
  8WUmhLawc2A/250: 54 steps -> 221 frames (14.7s)  1969 KB  0.9s
Multiple -pix_fmt options specified for stream 0, only the last option '-pix_fmt yuv420p' will be used.
  8WUmhLawc2A/2519: 45 steps -> 188 frames (12.5s)  1285 KB  0.8s
Multiple -pix_fmt options specified for stream 0, only the last option '-pix_fmt yuv420p' will be used.
  8WUmhLawc2A/2861: 41 steps -> 176 frames (11.7s)  811 KB  0.7s
Multiple -pix_fmt options specified for stream 0, only the last option '-pix_fmt yuv420p' will be used.
  8WUmhLawc2A/3029: 65 steps -> 273 frames (18.1s)  2596 KB  1.1s
Multiple -pix_fmt options specified for stream 0, only the last option '-pix_fmt yuv420p' will be used.
  8WUmhLawc2A/3143: 17 steps -> 68 frames (4.5s)  586 KB  0.4s
Multiple -pix_fmt options specified for stream 0, only the last option '-pix_fmt yuv420p' will be used.
  8WUmhLawc2A/3326: 36 steps -> 154 frames (10.2s)  1112 KB  0.6s
Multiple -pix_fmt options specified for stream 0, only the last option '-pix_fmt yuv420p' will be used.
  8WUmhLawc2A/3857: 56 steps -> 226 frames (15.0s)  1648 KB  0.9s
Multiple -pix_fmt options specified for stream 0, only the last option '-pix_fmt yuv420p' will be used.
  8WUmhLawc2A/4310: 36 steps -> 146 frames (9.7s)  974 KB  0.6s
Multiple -pix_fmt options specified for stream 0, only the last option '-pix_fmt yuv420p' will be used.
  8WUmhLawc2A/4394: 48 steps -> 188 frames (12.5s)  1764 KB  0.8s
Multiple -pix_fmt options specified for stream 0, only the last option '-pix_fmt yuv420p' will be used.
  8WUmhLawc2A/4436: 39 steps -> 164 frames (10.9s)  943 KB  0.7s
Multiple -pix_fmt options specified for stream 0, only the last option '-pix_fmt yuv420p' will be used.
  8WUmhLawc2A/4466: 30 steps -> 124 frames (8.2s)  1365 KB  0.6s
Multiple -pix_fmt options specified for stream 0, only the last option '-pix_fmt yuv420p' will be used.
  8WUmhLawc2A/4586: 47 steps -> 195 frames (12.9s)  1144 KB  0.8s
Multiple -pix_fmt options specified for stream 0, only the last option '-pix_fmt yuv420p' will be used.
  8WUmhLawc2A/4598: 22 steps -> 97 frames (6.4s)  556 KB  0.4s
Multiple -pix_fmt options specified for stream 0, only the last option '-pix_fmt yuv420p' will be used.
  8WUmhLawc2A/46: 51 steps -> 213 frames (14.1s)  1301 KB  0.7s
Multiple -pix_fmt options specified for stream 0, only the last option '-pix_fmt yuv420p' will be used.
  8WUmhLawc2A/4604: 14 steps -> 56 frames (3.7s)  678 KB  0.3s
Multiple -pix_fmt options specified for stream 0, only the last option '-pix_fmt yuv420p' will be used.
  8WUmhLawc2A/4688: 13 steps -> 49 frames (3.2s)  607 KB  0.3s
Multiple -pix_fmt options specified for stream 0, only the last option '-pix_fmt yuv420p' will be used.
  8WUmhLawc2A/4805: 39 steps -> 162 frames (10.7s)  842 KB  0.7s
Multiple -pix_fmt options specified for stream 0, only the last option '-pix_fmt yuv420p' will be used.
  8WUmhLawc2A/4859: 26 steps -> 112 frames (7.4s)  481 KB  0.5s
Multiple -pix_fmt options specified for stream 0, only the last option '-pix_fmt yuv420p' will be used.
  8WUmhLawc2A/4889: 51 steps -> 211 frames (14.0s)  1985 KB  0.9s
Multiple -pix_fmt options specified for stream 0, only the last option '-pix_fmt yuv420p' will be used.
  8WUmhLawc2A/4940: 16 steps -> 67 frames (4.4s)  636 KB  0.3s
Multiple -pix_fmt options specified for stream 0, only the last option '-pix_fmt yuv420p' will be used.
  8WUmhLawc2A/4949: 41 steps -> 171 frames (11.3s)  1572 KB  0.7s
Multiple -pix_fmt options specified for stream 0, only the last option '-pix_fmt yuv420p' will be used.
  8WUmhLawc2A/5123: 86 steps -> 351 frames (23.3s)  2941 KB  1.3s
Multiple -pix_fmt options specified for stream 0, only the last option '-pix_fmt yuv420p' will be used.
  8WUmhLawc2A/5219: 23 steps -> 101 frames (6.7s)  1272 KB  0.4s
Multiple -pix_fmt options specified for stream 0, only the last option '-pix_fmt yuv420p' will be used.
  8WUmhLawc2A/5240: 24 steps -> 108 frames (7.1s)  661 KB  0.5s
Multiple -pix_fmt options specified for stream 0, only the last option '-pix_fmt yuv420p' will be used.
  8WUmhLawc2A/5297: 12 steps -> 42 frames (2.7s)  341 KB  0.3s
Multiple -pix_fmt options specified for stream 0, only the last option '-pix_fmt yuv420p' will be used.
  8WUmhLawc2A/5462: 24 steps -> 99 frames (6.5s)  497 KB  0.4s
Multiple -pix_fmt options specified for stream 0, only the last option '-pix_fmt yuv420p' will be used.
  8WUmhLawc2A/5618: 40 steps -> 166 frames (11.0s)  1736 KB  0.7s
Multiple -pix_fmt options specified for stream 0, only the last option '-pix_fmt yuv420p' will be used.
  8WUmhLawc2A/578: 93 steps -> 387 frames (25.7s)  2800 KB  1.4s
Multiple -pix_fmt options specified for stream 0, only the last option '-pix_fmt yuv420p' will be used.
  8WUmhLawc2A/5780: 35 steps -> 146 frames (9.7s)  1535 KB  0.6s
Multiple -pix_fmt options specified for stream 0, only the last option '-pix_fmt yuv420p' will be used.
  8WUmhLawc2A/608: 12 steps -> 48 frames (3.1s)  351 KB  0.3s
Multiple -pix_fmt options specified for stream 0, only the last option '-pix_fmt yuv420p' will be used.
  8WUmhLawc2A/6128: 72 steps -> 298 frames (19.8s)  2536 KB  1.1s
Multiple -pix_fmt options specified for stream 0, only the last option '-pix_fmt yuv420p' will be used.
  8WUmhLawc2A/614: 36 steps -> 149 frames (9.9s)  1239 KB  0.6s
Multiple -pix_fmt options specified for stream 0, only the last option '-pix_fmt yuv420p' will be used.
  8WUmhLawc2A/6398: 43 steps -> 185 frames (12.3s)  1254 KB  0.7s
Multiple -pix_fmt options specified for stream 0, only the last option '-pix_fmt yuv420p' will be used.
  8WUmhLawc2A/6548: 47 steps -> 197 frames (13.1s)  1161 KB  0.8s
Multiple -pix_fmt options specified for stream 0, only the last option '-pix_fmt yuv420p' will be used.
  8WUmhLawc2A/6572: 44 steps -> 183 frames (12.1s)  1424 KB  0.7s
Multiple -pix_fmt options specified for stream 0, only the last option '-pix_fmt yuv420p' will be used.
  8WUmhLawc2A/6596: 38 steps -> 164 frames (10.9s)  1735 KB  0.7s
Multiple -pix_fmt options specified for stream 0, only the last option '-pix_fmt yuv420p' will be used.
  8WUmhLawc2A/6644: 89 steps -> 370 frames (24.6s)  3388 KB  1.3s
Multiple -pix_fmt options specified for stream 0, only the last option '-pix_fmt yuv420p' will be used.
  8WUmhLawc2A/67: 28 steps -> 112 frames (7.4s)  1116 KB  0.5s
Multiple -pix_fmt options specified for stream 0, only the last option '-pix_fmt yuv420p' will be used.
  8WUmhLawc2A/6875: 38 steps -> 166 frames (11.0s)  1423 KB  0.7s
Multiple -pix_fmt options specified for stream 0, only the last option '-pix_fmt yuv420p' will be used.
  8WUmhLawc2A/6947: 65 steps -> 273 frames (18.1s)  2197 KB  1.0s
Multiple -pix_fmt options specified for stream 0, only the last option '-pix_fmt yuv420p' will be used.
  8WUmhLawc2A/7094: 36 steps -> 150 frames (9.9s)  1512 KB  0.6s
Multiple -pix_fmt options specified for stream 0, only the last option '-pix_fmt yuv420p' will be used.
  8WUmhLawc2A/7142: 26 steps -> 104 frames (6.9s)  740 KB  0.4s
Multiple -pix_fmt options specified for stream 0, only the last option '-pix_fmt yuv420p' will be used.
  8WUmhLawc2A/7196: 14 steps -> 61 frames (4.0s)  381 KB  0.3s
Multiple -pix_fmt options specified for stream 0, only the last option '-pix_fmt yuv420p' will be used.
  8WUmhLawc2A/7322: 35 steps -> 142 frames (9.4s)  971 KB  0.6s
Multiple -pix_fmt options specified for stream 0, only the last option '-pix_fmt yuv420p' will be used.
  8WUmhLawc2A/7352: 28 steps -> 117 frames (7.7s)  1193 KB  0.5s
Multiple -pix_fmt options specified for stream 0, only the last option '-pix_fmt yuv420p' will be used.
  8WUmhLawc2A/7400: 13 steps -> 52 frames (3.4s)  470 KB  0.3s
Multiple -pix_fmt options specified for stream 0, only the last option '-pix_fmt yuv420p' will be used.
  8WUmhLawc2A/7433: 30 steps -> 114 frames (7.5s)  861 KB  0.5s
Multiple -pix_fmt options specified for stream 0, only the last option '-pix_fmt yuv420p' will be used.
  8WUmhLawc2A/7499: 22 steps -> 98 frames (6.5s)  519 KB  0.5s
Multiple -pix_fmt options specified for stream 0, only the last option '-pix_fmt yuv420p' will be used.
  8WUmhLawc2A/7502: 24 steps -> 102 frames (6.7s)  1068 KB  0.5s
Multiple -pix_fmt options specified for stream 0, only the last option '-pix_fmt yuv420p' will be used.
  8WUmhLawc2A/7523: 48 steps -> 207 frames (13.7s)  937 KB  0.9s
Multiple -pix_fmt options specified for stream 0, only the last option '-pix_fmt yuv420p' will be used.
  8WUmhLawc2A/7541: 48 steps -> 199 frames (13.2s)  1193 KB  0.8s
Multiple -pix_fmt options specified for stream 0, only the last option '-pix_fmt yuv420p' will be used.
  8WUmhLawc2A/7676: 69 steps -> 295 frames (19.6s)  2746 KB  1.1s
Multiple -pix_fmt options specified for stream 0, only the last option '-pix_fmt yuv420p' will be used.
  8WUmhLawc2A/8210: 52 steps -> 214 frames (14.2s)  1916 KB  0.8s
Multiple -pix_fmt options specified for stream 0, only the last option '-pix_fmt yuv420p' will be used.
  8WUmhLawc2A/8261: 41 steps -> 169 frames (11.2s)  1479 KB  0.7s
Multiple -pix_fmt options specified for stream 0, only the last option '-pix_fmt yuv420p' will be used.
  8WUmhLawc2A/839: 23 steps -> 96 frames (6.3s)  527 KB  0.4s
Multiple -pix_fmt options specified for stream 0, only the last option '-pix_fmt yuv420p' will be used.
  8WUmhLawc2A/8444: 55 steps -> 226 frames (15.0s)  1542 KB  0.9s
Multiple -pix_fmt options specified for stream 0, only the last option '-pix_fmt yuv420p' will be used.
  8WUmhLawc2A/8447: 27 steps -> 109 frames (7.2s)  887 KB  0.4s
Multiple -pix_fmt options specified for stream 0, only the last option '-pix_fmt yuv420p' will be used.
  8WUmhLawc2A/8558: 42 steps -> 173 frames (11.5s)  1035 KB  0.7s
Multiple -pix_fmt options specified for stream 0, only the last option '-pix_fmt yuv420p' will be used.
  8WUmhLawc2A/8567: 36 steps -> 145 frames (9.6s)  844 KB  0.6s
Multiple -pix_fmt options specified for stream 0, only the last option '-pix_fmt yuv420p' will be used.
  8WUmhLawc2A/8579: 39 steps -> 153 frames (10.1s)  1042 KB  0.6s
Multiple -pix_fmt options specified for stream 0, only the last option '-pix_fmt yuv420p' will be used.
  8WUmhLawc2A/8645: 47 steps -> 198 frames (13.1s)  1274 KB  0.8s
Multiple -pix_fmt options specified for stream 0, only the last option '-pix_fmt yuv420p' will be used.
  8WUmhLawc2A/8681: 81 steps -> 330 frames (21.9s)  2923 KB  1.3s
Multiple -pix_fmt options specified for stream 0, only the last option '-pix_fmt yuv420p' will be used.
  8WUmhLawc2A/8708: 32 steps -> 132 frames (8.7s)  855 KB  0.5s
Multiple -pix_fmt options specified for stream 0, only the last option '-pix_fmt yuv420p' will be used.
  8WUmhLawc2A/8726: 48 steps -> 197 frames (13.1s)  1742 KB  0.8s
Multiple -pix_fmt options specified for stream 0, only the last option '-pix_fmt yuv420p' will be used.
  8WUmhLawc2A/882: 33 steps -> 138 frames (9.1s)  732 KB  0.6s
Multiple -pix_fmt options specified for stream 0, only the last option '-pix_fmt yuv420p' will be used.
  8WUmhLawc2A/8834: 87 steps -> 357 frames (23.7s)  2899 KB  1.4s
Multiple -pix_fmt options specified for stream 0, only the last option '-pix_fmt yuv420p' will be used.
  8WUmhLawc2A/912: 65 steps -> 281 frames (18.7s)  1964 KB  1.1s
Multiple -pix_fmt options specified for stream 0, only the last option '-pix_fmt yuv420p' will be used.
  8WUmhLawc2A/9146: 60 steps -> 251 frames (16.7s)  1316 KB  1.0s
Multiple -pix_fmt options specified for stream 0, only the last option '-pix_fmt yuv420p' will be used.
  8WUmhLawc2A/9299: 39 steps -> 163 frames (10.8s)  1027 KB  0.7s
Multiple -pix_fmt options specified for stream 0, only the last option '-pix_fmt yuv420p' will be used.
  8WUmhLawc2A/951: 80 steps -> 334 frames (22.2s)  2906 KB  1.3s
Multiple -pix_fmt options specified for stream 0, only the last option '-pix_fmt yuv420p' will be used.
  8WUmhLawc2A/9599: 52 steps -> 220 frames (14.6s)  1153 KB  0.8s
Multiple -pix_fmt options specified for stream 0, only the last option '-pix_fmt yuv420p' will be used.
  8WUmhLawc2A/9755: 29 steps -> 112 frames (7.4s)  775 KB  0.5s
Multiple -pix_fmt options specified for stream 0, only the last option '-pix_fmt yuv420p' will be used.
  8WUmhLawc2A/9800: 26 steps -> 109 frames (7.2s)  588 KB  0.5s
Multiple -pix_fmt options specified for stream 0, only the last option '-pix_fmt yuv420p' will be used.
  8WUmhLawc2A/9953: 61 steps -> 254 frames (16.9s)  2491 KB  1.1s
Renderer: NVIDIA GeForce RTX 4070 Ti SUPER/PCIe/SSE2 by NVIDIA Corporation
OpenGL version: 4.6.0 NVIDIA 580.173.02
Using optional features:
    GL_ARB_vertex_array_object
    GL_ARB_separate_shader_objects
    GL_ARB_robustness
    GL_ARB_texture_storage
    GL_ARB_texture_view
    GL_ARB_framebuffer_no_attachments
    GL_ARB_invalidate_subdata
    GL_ARB_texture_storage_multisample
    GL_ARB_multi_bind
    GL_ARB_direct_state_access
    GL_ARB_get_texture_sub_image
    GL_ARB_texture_filter_anisotropic
    GL_KHR_debug
    GL_KHR_parallel_shader_compile
    GL_NV_depth_buffer_float
Using driver workarounds:
    no-forward-compatible-core-context
    nv-egl-incorrect-gl11-function-pointers
    no-layout-qualifiers-on-old-glsl
    nv-zero-context-profile-mask
    nv-implementation-color-read-format-dsa-broken
    nv-cubemap-inconsistent-compressed-image-size
    nv-cubemap-broken-full-compressed-image-query
    nv-compressed-block-size-in-bits
[16:46:09:506351]:[Warning]:[Metadata] SceneDatasetAttributes.cpp(107)::addNewSceneInstanceToDataset : Dataset : 'default' : Lighting Layout Attributes 'no_lights' specified in Scene Attributes but does not exist in dataset, so creating default.
Multiple -pix_fmt options specified for stream 0, only the last option '-pix_fmt yuv420p' will be used.
  B6ByNegPMKs/10007: 36 steps -> 149 frames (9.9s)  743 KB  0.8s
Multiple -pix_fmt options specified for stream 0, only the last option '-pix_fmt yuv420p' will be used.
  B6ByNegPMKs/10031: 24 steps -> 89 frames (5.9s)  602 KB  0.3s
Multiple -pix_fmt options specified for stream 0, only the last option '-pix_fmt yuv420p' will be used.
  B6ByNegPMKs/1059: 25 steps -> 94 frames (6.2s)  705 KB  0.3s
Multiple -pix_fmt options specified for stream 0, only the last option '-pix_fmt yuv420p' will be used.
  B6ByNegPMKs/10775: 45 steps -> 191 frames (12.7s)  1198 KB  0.5s
Multiple -pix_fmt options specified for stream 0, only the last option '-pix_fmt yuv420p' will be used.
  B6ByNegPMKs/1174: 25 steps -> 92 frames (6.1s)  720 KB  0.4s
Multiple -pix_fmt options specified for stream 0, only the last option '-pix_fmt yuv420p' will be used.
  B6ByNegPMKs/1177: 59 steps -> 231 frames (15.3s)  1424 KB  0.6s
Multiple -pix_fmt options specified for stream 0, only the last option '-pix_fmt yuv420p' will be used.
  B6ByNegPMKs/1355: 35 steps -> 129 frames (8.5s)  877 KB  0.4s
Multiple -pix_fmt options specified for stream 0, only the last option '-pix_fmt yuv420p' will be used.
  B6ByNegPMKs/1406: 24 steps -> 96 frames (6.3s)  617 KB  0.3s
Multiple -pix_fmt options specified for stream 0, only the last option '-pix_fmt yuv420p' will be used.
  B6ByNegPMKs/1457: 34 steps -> 135 frames (8.9s)  833 KB  0.4s
Multiple -pix_fmt options specified for stream 0, only the last option '-pix_fmt yuv420p' will be used.
  B6ByNegPMKs/1547: 53 steps -> 214 frames (14.2s)  1384 KB  0.6s
Multiple -pix_fmt options specified for stream 0, only the last option '-pix_fmt yuv420p' will be used.
  B6ByNegPMKs/1640: 25 steps -> 101 frames (6.7s)  523 KB  0.4s
Multiple -pix_fmt options specified for stream 0, only the last option '-pix_fmt yuv420p' will be used.
  B6ByNegPMKs/1859: 40 steps -> 157 frames (10.4s)  1066 KB  0.5s
Multiple -pix_fmt options specified for stream 0, only the last option '-pix_fmt yuv420p' will be used.
  B6ByNegPMKs/1892: 33 steps -> 131 frames (8.7s)  723 KB  0.4s
Multiple -pix_fmt options specified for stream 0, only the last option '-pix_fmt yuv420p' will be used.
  B6ByNegPMKs/190: 25 steps -> 108 frames (7.1s)  495 KB  0.3s
Multiple -pix_fmt options specified for stream 0, only the last option '-pix_fmt yuv420p' will be used.
  B6ByNegPMKs/1982: 17 steps -> 67 frames (4.4s)  378 KB  0.3s
Multiple -pix_fmt options specified for stream 0, only the last option '-pix_fmt yuv420p' will be used.
  B6ByNegPMKs/2498: 44 steps -> 172 frames (11.4s)  1187 KB  0.5s
Multiple -pix_fmt options specified for stream 0, only the last option '-pix_fmt yuv420p' will be used.
  B6ByNegPMKs/2522: 30 steps -> 116 frames (7.7s)  678 KB  0.4s
Multiple -pix_fmt options specified for stream 0, only the last option '-pix_fmt yuv420p' will be used.
  B6ByNegPMKs/2531: 44 steps -> 177 frames (11.7s)  1155 KB  0.5s
Multiple -pix_fmt options specified for stream 0, only the last option '-pix_fmt yuv420p' will be used.
  B6ByNegPMKs/2549: 39 steps -> 152 frames (10.1s)  1001 KB  0.5s
Multiple -pix_fmt options specified for stream 0, only the last option '-pix_fmt yuv420p' will be used.
  B6ByNegPMKs/2675: 48 steps -> 192 frames (12.7s)  744 KB  0.5s
Multiple -pix_fmt options specified for stream 0, only the last option '-pix_fmt yuv420p' will be used.
  B6ByNegPMKs/3005: 37 steps -> 147 frames (9.7s)  913 KB  0.5s
Multiple -pix_fmt options specified for stream 0, only the last option '-pix_fmt yuv420p' will be used.
  B6ByNegPMKs/327: 40 steps -> 148 frames (9.8s)  948 KB  0.4s
Multiple -pix_fmt options specified for stream 0, only the last option '-pix_fmt yuv420p' will be used.
  B6ByNegPMKs/3287: 36 steps -> 147 frames (9.7s)  899 KB  0.5s
Multiple -pix_fmt options specified for stream 0, only the last option '-pix_fmt yuv420p' will be used.
  B6ByNegPMKs/3302: 29 steps -> 113 frames (7.5s)  715 KB  0.4s
Multiple -pix_fmt options specified for stream 0, only the last option '-pix_fmt yuv420p' will be used.
  B6ByNegPMKs/3335: 40 steps -> 158 frames (10.5s)  955 KB  0.6s
Multiple -pix_fmt options specified for stream 0, only the last option '-pix_fmt yuv420p' will be used.
  B6ByNegPMKs/3392: 45 steps -> 175 frames (11.6s)  1292 KB  0.5s
Multiple -pix_fmt options specified for stream 0, only the last option '-pix_fmt yuv420p' will be used.
  B6ByNegPMKs/348: 23 steps -> 93 frames (6.1s)  583 KB  0.4s
Multiple -pix_fmt options specified for stream 0, only the last option '-pix_fmt yuv420p' will be used.
  B6ByNegPMKs/354: 48 steps -> 192 frames (12.7s)  1265 KB  0.6s
Multiple -pix_fmt options specified for stream 0, only the last option '-pix_fmt yuv420p' will be used.
  B6ByNegPMKs/3767: 44 steps -> 172 frames (11.4s)  631 KB  0.5s
Multiple -pix_fmt options specified for stream 0, only the last option '-pix_fmt yuv420p' will be used.
  B6ByNegPMKs/3941: 35 steps -> 152 frames (10.1s)  558 KB  0.4s
Multiple -pix_fmt options specified for stream 0, only the last option '-pix_fmt yuv420p' will be used.
  B6ByNegPMKs/403: 20 steps -> 82 frames (5.4s)  543 KB  0.3s
Multiple -pix_fmt options specified for stream 0, only the last option '-pix_fmt yuv420p' will be used.
  B6ByNegPMKs/4208: 57 steps -> 236 frames (15.7s)  870 KB  0.7s
Multiple -pix_fmt options specified for stream 0, only the last option '-pix_fmt yuv420p' will be used.
  B6ByNegPMKs/4292: 41 steps -> 167 frames (11.1s)  967 KB  0.5s
Multiple -pix_fmt options specified for stream 0, only the last option '-pix_fmt yuv420p' will be used.
  B6ByNegPMKs/4403: 36 steps -> 141 frames (9.3s)  881 KB  0.4s
Multiple -pix_fmt options specified for stream 0, only the last option '-pix_fmt yuv420p' will be used.
  B6ByNegPMKs/4487: 40 steps -> 154 frames (10.2s)  912 KB  0.5s
Multiple -pix_fmt options specified for stream 0, only the last option '-pix_fmt yuv420p' will be used.
  B6ByNegPMKs/4526: 40 steps -> 170 frames (11.3s)  1006 KB  0.5s
Multiple -pix_fmt options specified for stream 0, only the last option '-pix_fmt yuv420p' will be used.
  B6ByNegPMKs/4574: 52 steps -> 211 frames (14.0s)  1435 KB  0.6s
Multiple -pix_fmt options specified for stream 0, only the last option '-pix_fmt yuv420p' will be used.
  B6ByNegPMKs/4694: 44 steps -> 172 frames (11.4s)  1105 KB  0.5s
Multiple -pix_fmt options specified for stream 0, only the last option '-pix_fmt yuv420p' will be used.
  B6ByNegPMKs/4748: 48 steps -> 194 frames (12.9s)  1361 KB  0.6s
Multiple -pix_fmt options specified for stream 0, only the last option '-pix_fmt yuv420p' will be used.
  B6ByNegPMKs/4766: 35 steps -> 136 frames (9.0s)  863 KB  0.5s
Multiple -pix_fmt options specified for stream 0, only the last option '-pix_fmt yuv420p' will be used.
  B6ByNegPMKs/4919: 33 steps -> 134 frames (8.9s)  789 KB  0.4s
Multiple -pix_fmt options specified for stream 0, only the last option '-pix_fmt yuv420p' will be used.
  B6ByNegPMKs/4973: 60 steps -> 244 frames (16.2s)  1529 KB  0.7s
Multiple -pix_fmt options specified for stream 0, only the last option '-pix_fmt yuv420p' will be used.
  B6ByNegPMKs/5360: 22 steps -> 87 frames (5.7s)  510 KB  0.3s
Multiple -pix_fmt options specified for stream 0, only the last option '-pix_fmt yuv420p' will be used.
  B6ByNegPMKs/5423: 19 steps -> 76 frames (5.0s)  496 KB  0.3s
Multiple -pix_fmt options specified for stream 0, only the last option '-pix_fmt yuv420p' will be used.
  B6ByNegPMKs/5432: 57 steps -> 225 frames (14.9s)  1410 KB  0.7s
Multiple -pix_fmt options specified for stream 0, only the last option '-pix_fmt yuv420p' will be used.
  B6ByNegPMKs/548: 10 steps -> 38 frames (2.5s)  214 KB  0.2s
Multiple -pix_fmt options specified for stream 0, only the last option '-pix_fmt yuv420p' will be used.
  B6ByNegPMKs/5510: 37 steps -> 147 frames (9.7s)  922 KB  0.5s
Multiple -pix_fmt options specified for stream 0, only the last option '-pix_fmt yuv420p' will be used.
  B6ByNegPMKs/5762: 30 steps -> 112 frames (7.4s)  694 KB  0.4s
Multiple -pix_fmt options specified for stream 0, only the last option '-pix_fmt yuv420p' will be used.
  B6ByNegPMKs/6206: 43 steps -> 173 frames (11.5s)  992 KB  0.5s
Multiple -pix_fmt options specified for stream 0, only the last option '-pix_fmt yuv420p' will be used.
  B6ByNegPMKs/6278: 19 steps -> 76 frames (5.0s)  465 KB  0.3s
Multiple -pix_fmt options specified for stream 0, only the last option '-pix_fmt yuv420p' will be used.
  B6ByNegPMKs/6353: 26 steps -> 107 frames (7.1s)  671 KB  0.4s
Multiple -pix_fmt options specified for stream 0, only the last option '-pix_fmt yuv420p' will be used.
  B6ByNegPMKs/6416: 64 steps -> 257 frames (17.1s)  1675 KB  0.8s
Multiple -pix_fmt options specified for stream 0, only the last option '-pix_fmt yuv420p' will be used.
  B6ByNegPMKs/6485: 23 steps -> 91 frames (6.0s)  609 KB  0.3s
Multiple -pix_fmt options specified for stream 0, only the last option '-pix_fmt yuv420p' will be used.
  B6ByNegPMKs/6554: 29 steps -> 112 frames (7.4s)  659 KB  0.4s
Multiple -pix_fmt options specified for stream 0, only the last option '-pix_fmt yuv420p' will be used.
  B6ByNegPMKs/6698: 43 steps -> 179 frames (11.9s)  854 KB  0.6s
Multiple -pix_fmt options specified for stream 0, only the last option '-pix_fmt yuv420p' will be used.
  B6ByNegPMKs/6809: 32 steps -> 132 frames (8.7s)  879 KB  0.4s
Multiple -pix_fmt options specified for stream 0, only the last option '-pix_fmt yuv420p' will be used.
  B6ByNegPMKs/6863: 26 steps -> 104 frames (6.9s)  626 KB  0.4s
Multiple -pix_fmt options specified for stream 0, only the last option '-pix_fmt yuv420p' will be used.
  B6ByNegPMKs/6932: 33 steps -> 138 frames (9.1s)  413 KB  0.5s
Multiple -pix_fmt options specified for stream 0, only the last option '-pix_fmt yuv420p' will be used.
  B6ByNegPMKs/7061: 34 steps -> 134 frames (8.9s)  836 KB  0.5s
Multiple -pix_fmt options specified for stream 0, only the last option '-pix_fmt yuv420p' will be used.
  B6ByNegPMKs/7160: 38 steps -> 152 frames (10.1s)  1054 KB  0.5s
Multiple -pix_fmt options specified for stream 0, only the last option '-pix_fmt yuv420p' will be used.
  B6ByNegPMKs/7331: 32 steps -> 133 frames (8.8s)  618 KB  0.4s
Multiple -pix_fmt options specified for stream 0, only the last option '-pix_fmt yuv420p' will be used.
  B6ByNegPMKs/7388: 56 steps -> 235 frames (15.6s)  1322 KB  0.7s
Multiple -pix_fmt options specified for stream 0, only the last option '-pix_fmt yuv420p' will be used.
  B6ByNegPMKs/7697: 26 steps -> 96 frames (6.3s)  378 KB  0.4s
Multiple -pix_fmt options specified for stream 0, only the last option '-pix_fmt yuv420p' will be used.
  B6ByNegPMKs/770: 21 steps -> 87 frames (5.7s)  472 KB  0.3s
Multiple -pix_fmt options specified for stream 0, only the last option '-pix_fmt yuv420p' will be used.
  B6ByNegPMKs/8108: 26 steps -> 98 frames (6.5s)  543 KB  0.3s
Multiple -pix_fmt options specified for stream 0, only the last option '-pix_fmt yuv420p' will be used.
  B6ByNegPMKs/8249: 39 steps -> 144 frames (9.5s)  618 KB  0.5s
Multiple -pix_fmt options specified for stream 0, only the last option '-pix_fmt yuv420p' will be used.
  B6ByNegPMKs/8312: 30 steps -> 121 frames (8.0s)  750 KB  0.4s
Multiple -pix_fmt options specified for stream 0, only the last option '-pix_fmt yuv420p' will be used.
  B6ByNegPMKs/848: 14 steps -> 56 frames (3.7s)  388 KB  0.3s
Multiple -pix_fmt options specified for stream 0, only the last option '-pix_fmt yuv420p' will be used.
  B6ByNegPMKs/8657: 30 steps -> 120 frames (7.9s)  817 KB  0.5s
Multiple -pix_fmt options specified for stream 0, only the last option '-pix_fmt yuv420p' will be used.
  B6ByNegPMKs/8720: 35 steps -> 150 frames (9.9s)  508 KB  0.5s
Multiple -pix_fmt options specified for stream 0, only the last option '-pix_fmt yuv420p' will be used.
  B6ByNegPMKs/8747: 29 steps -> 118 frames (7.8s)  786 KB  0.5s
Multiple -pix_fmt options specified for stream 0, only the last option '-pix_fmt yuv420p' will be used.
  B6ByNegPMKs/8753: 28 steps -> 109 frames (7.2s)  759 KB  0.4s
Multiple -pix_fmt options specified for stream 0, only the last option '-pix_fmt yuv420p' will be used.
  B6ByNegPMKs/8759: 35 steps -> 138 frames (9.1s)  853 KB  0.5s
Multiple -pix_fmt options specified for stream 0, only the last option '-pix_fmt yuv420p' will be used.
  B6ByNegPMKs/8807: 12 steps -> 43 frames (2.8s)  283 KB  0.3s
Multiple -pix_fmt options specified for stream 0, only the last option '-pix_fmt yuv420p' will be used.
  B6ByNegPMKs/8906: 32 steps -> 134 frames (8.9s)  732 KB  0.5s
Multiple -pix_fmt options specified for stream 0, only the last option '-pix_fmt yuv420p' will be used.
  B6ByNegPMKs/8981: 32 steps -> 129 frames (8.5s)  812 KB  0.5s
Multiple -pix_fmt options specified for stream 0, only the last option '-pix_fmt yuv420p' will be used.
  B6ByNegPMKs/9119: 28 steps -> 114 frames (7.5s)  664 KB  0.4s
Multiple -pix_fmt options specified for stream 0, only the last option '-pix_fmt yuv420p' will be used.
  B6ByNegPMKs/9182: 22 steps -> 79 frames (5.2s)  413 KB  0.3s
Multiple -pix_fmt options specified for stream 0, only the last option '-pix_fmt yuv420p' will be used.
  B6ByNegPMKs/954: 43 steps -> 176 frames (11.7s)  1079 KB  0.6s
Multiple -pix_fmt options specified for stream 0, only the last option '-pix_fmt yuv420p' will be used.
  B6ByNegPMKs/9581: 28 steps -> 109 frames (7.2s)  608 KB  0.4s
Multiple -pix_fmt options specified for stream 0, only the last option '-pix_fmt yuv420p' will be used.
  B6ByNegPMKs/9707: 53 steps -> 207 frames (13.7s)  1329 KB  0.7s
Multiple -pix_fmt options specified for stream 0, only the last option '-pix_fmt yuv420p' will be used.
  B6ByNegPMKs/9743: 26 steps -> 94 frames (6.2s)  588 KB  0.4s
Multiple -pix_fmt options specified for stream 0, only the last option '-pix_fmt yuv420p' will be used.
  B6ByNegPMKs/9827: 33 steps -> 141 frames (9.3s)  835 KB  0.4s
Multiple -pix_fmt options specified for stream 0, only the last option '-pix_fmt yuv420p' will be used.
  B6ByNegPMKs/9941: 38 steps -> 149 frames (9.9s)  743 KB  0.5s
Renderer: NVIDIA GeForce RTX 4070 Ti SUPER/PCIe/SSE2 by NVIDIA Corporation
OpenGL version: 4.6.0 NVIDIA 580.173.02
Using optional features:
    GL_ARB_vertex_array_object
    GL_ARB_separate_shader_objects
    GL_ARB_robustness
    GL_ARB_texture_storage
    GL_ARB_texture_view
    GL_ARB_framebuffer_no_attachments
    GL_ARB_invalidate_subdata
    GL_ARB_texture_storage_multisample
    GL_ARB_multi_bind
    GL_ARB_direct_state_access
    GL_ARB_get_texture_sub_image
    GL_ARB_texture_filter_anisotropic
    GL_KHR_debug
    GL_KHR_parallel_shader_compile
    GL_NV_depth_buffer_float
Using driver workarounds:
    no-forward-compatible-core-context
    nv-egl-incorrect-gl11-function-pointers
    no-layout-qualifiers-on-old-glsl
    nv-zero-context-profile-mask
    nv-implementation-color-read-format-dsa-broken
    nv-cubemap-inconsistent-compressed-image-size
    nv-cubemap-broken-full-compressed-image-query
    nv-compressed-block-size-in-bits
[16:47:03:415754]:[Warning]:[Metadata] SceneDatasetAttributes.cpp(107)::addNewSceneInstanceToDataset : Dataset : 'default' : Lighting Layout Attributes 'no_lights' specified in Scene Attributes but does not exist in dataset, so creating default.
Multiple -pix_fmt options specified for stream 0, only the last option '-pix_fmt yuv420p' will be used.
  D7G3Y4RVNrH/10043: 14 steps -> 54 frames (3.5s)  722 KB  0.3s
Multiple -pix_fmt options specified for stream 0, only the last option '-pix_fmt yuv420p' will be used.
  D7G3Y4RVNrH/2099: 23 steps -> 96 frames (6.3s)  1138 KB  0.3s
Multiple -pix_fmt options specified for stream 0, only the last option '-pix_fmt yuv420p' will be used.
  D7G3Y4RVNrH/2654: 29 steps -> 112 frames (7.4s)  1787 KB  0.3s
Multiple -pix_fmt options specified for stream 0, only the last option '-pix_fmt yuv420p' will be used.
  D7G3Y4RVNrH/320: 25 steps -> 107 frames (7.1s)  2006 KB  0.4s
Multiple -pix_fmt options specified for stream 0, only the last option '-pix_fmt yuv420p' will be used.
  D7G3Y4RVNrH/3470: 17 steps -> 66 frames (4.3s)  976 KB  0.3s
Multiple -pix_fmt options specified for stream 0, only the last option '-pix_fmt yuv420p' will be used.
  D7G3Y4RVNrH/496: 35 steps -> 145 frames (9.6s)  1794 KB  0.4s
Multiple -pix_fmt options specified for stream 0, only the last option '-pix_fmt yuv420p' will be used.
  D7G3Y4RVNrH/6002: 34 steps -> 143 frames (9.5s)  2484 KB  0.5s
Multiple -pix_fmt options specified for stream 0, only the last option '-pix_fmt yuv420p' will be used.
  D7G3Y4RVNrH/7049: 21 steps -> 89 frames (5.9s)  972 KB  0.3s
Multiple -pix_fmt options specified for stream 0, only the last option '-pix_fmt yuv420p' will be used.
  D7G3Y4RVNrH/8192: 40 steps -> 168 frames (11.1s)  3273 KB  0.5s
Multiple -pix_fmt options specified for stream 0, only the last option '-pix_fmt yuv420p' will be used.
  D7G3Y4RVNrH/8432: 38 steps -> 159 frames (10.5s)  2711 KB  0.5s
Multiple -pix_fmt options specified for stream 0, only the last option '-pix_fmt yuv420p' will be used.
  D7G3Y4RVNrH/9935: 23 steps -> 88 frames (5.8s)  1780 KB  0.3s
Renderer: NVIDIA GeForce RTX 4070 Ti SUPER/PCIe/SSE2 by NVIDIA Corporation
OpenGL version: 4.6.0 NVIDIA 580.173.02
Using optional features:
    GL_ARB_vertex_array_object
    GL_ARB_separate_shader_objects
    GL_ARB_robustness
    GL_ARB_texture_storage
    GL_ARB_texture_view
    GL_ARB_framebuffer_no_attachments
    GL_ARB_invalidate_subdata
    GL_ARB_texture_storage_multisample
    GL_ARB_multi_bind
    GL_ARB_direct_state_access
    GL_ARB_get_texture_sub_image
    GL_ARB_texture_filter_anisotropic
    GL_KHR_debug
    GL_KHR_parallel_shader_compile
    GL_NV_depth_buffer_float
Using driver workarounds:
    no-forward-compatible-core-context
    nv-egl-incorrect-gl11-function-pointers
    no-layout-qualifiers-on-old-glsl
    nv-zero-context-profile-mask
    nv-implementation-color-read-format-dsa-broken
    nv-cubemap-inconsistent-compressed-image-size
    nv-cubemap-broken-full-compressed-image-query
    nv-compressed-block-size-in-bits
[16:47:08:342202]:[Warning]:[Metadata] SceneDatasetAttributes.cpp(107)::addNewSceneInstanceToDataset : Dataset : 'default' : Lighting Layout Attributes 'no_lights' specified in Scene Attributes but does not exist in dataset, so creating default.
Multiple -pix_fmt options specified for stream 0, only the last option '-pix_fmt yuv420p' will be used.
  D7N2EKCX4Sj/10034: 49 steps -> 198 frames (13.1s)  2241 KB  0.8s
Multiple -pix_fmt options specified for stream 0, only the last option '-pix_fmt yuv420p' will be used.
  D7N2EKCX4Sj/10313: 37 steps -> 148 frames (9.8s)  2466 KB  0.4s
Multiple -pix_fmt options specified for stream 0, only the last option '-pix_fmt yuv420p' will be used.
  D7N2EKCX4Sj/10394: 54 steps -> 226 frames (15.0s)  3038 KB  0.5s
Multiple -pix_fmt options specified for stream 0, only the last option '-pix_fmt yuv420p' will be used.
  D7N2EKCX4Sj/10430: 45 steps -> 195 frames (12.9s)  2314 KB  0.5s
Multiple -pix_fmt options specified for stream 0, only the last option '-pix_fmt yuv420p' will be used.
  D7N2EKCX4Sj/10592: 32 steps -> 127 frames (8.4s)  1330 KB  0.4s
Multiple -pix_fmt options specified for stream 0, only the last option '-pix_fmt yuv420p' will be used.
  D7N2EKCX4Sj/10610: 36 steps -> 150 frames (9.9s)  2124 KB  0.4s
Multiple -pix_fmt options specified for stream 0, only the last option '-pix_fmt yuv420p' will be used.
  D7N2EKCX4Sj/10712: 39 steps -> 161 frames (10.7s)  1742 KB  0.4s
Multiple -pix_fmt options specified for stream 0, only the last option '-pix_fmt yuv420p' will be used.
  D7N2EKCX4Sj/10817: 27 steps -> 108 frames (7.1s)  1687 KB  0.4s
Multiple -pix_fmt options specified for stream 0, only the last option '-pix_fmt yuv420p' will be used.
  D7N2EKCX4Sj/1472: 24 steps -> 103 frames (6.8s)  1540 KB  0.4s
Multiple -pix_fmt options specified for stream 0, only the last option '-pix_fmt yuv420p' will be used.
  D7N2EKCX4Sj/1517: 54 steps -> 227 frames (15.1s)  2949 KB  0.7s
Multiple -pix_fmt options specified for stream 0, only the last option '-pix_fmt yuv420p' will be used.
  D7N2EKCX4Sj/1628: 29 steps -> 121 frames (8.0s)  1344 KB  0.4s
Multiple -pix_fmt options specified for stream 0, only the last option '-pix_fmt yuv420p' will be used.
  D7N2EKCX4Sj/1673: 30 steps -> 129 frames (8.5s)  1933 KB  0.4s
Multiple -pix_fmt options specified for stream 0, only the last option '-pix_fmt yuv420p' will be used.
  D7N2EKCX4Sj/1925: 83 steps -> 343 frames (22.8s)  4650 KB  0.9s
Multiple -pix_fmt options specified for stream 0, only the last option '-pix_fmt yuv420p' will be used.
  D7N2EKCX4Sj/1943: 23 steps -> 97 frames (6.4s)  1104 KB  0.3s
Multiple -pix_fmt options specified for stream 0, only the last option '-pix_fmt yuv420p' will be used.
  D7N2EKCX4Sj/2048: 22 steps -> 100 frames (6.6s)  1186 KB  0.4s
Multiple -pix_fmt options specified for stream 0, only the last option '-pix_fmt yuv420p' will be used.
  D7N2EKCX4Sj/205: 24 steps -> 103 frames (6.8s)  1059 KB  0.4s
Multiple -pix_fmt options specified for stream 0, only the last option '-pix_fmt yuv420p' will be used.
  D7N2EKCX4Sj/2249: 54 steps -> 218 frames (14.5s)  4218 KB  0.7s
Multiple -pix_fmt options specified for stream 0, only the last option '-pix_fmt yuv420p' will be used.
  D7N2EKCX4Sj/2378: 32 steps -> 146 frames (9.7s)  1150 KB  0.5s
Multiple -pix_fmt options specified for stream 0, only the last option '-pix_fmt yuv420p' will be used.
  D7N2EKCX4Sj/275: 16 steps -> 62 frames (4.1s)  1019 KB  0.3s
Multiple -pix_fmt options specified for stream 0, only the last option '-pix_fmt yuv420p' will be used.
  D7N2EKCX4Sj/2795: 43 steps -> 191 frames (12.7s)  2538 KB  0.6s
Multiple -pix_fmt options specified for stream 0, only the last option '-pix_fmt yuv420p' will be used.
  D7N2EKCX4Sj/2882: 25 steps -> 101 frames (6.7s)  1654 KB  0.4s
Multiple -pix_fmt options specified for stream 0, only the last option '-pix_fmt yuv420p' will be used.
  D7N2EKCX4Sj/3068: 28 steps -> 114 frames (7.5s)  1749 KB  0.4s
Multiple -pix_fmt options specified for stream 0, only the last option '-pix_fmt yuv420p' will be used.
  D7N2EKCX4Sj/3236: 39 steps -> 153 frames (10.1s)  2312 KB  0.5s
Multiple -pix_fmt options specified for stream 0, only the last option '-pix_fmt yuv420p' will be used.
  D7N2EKCX4Sj/3356: 47 steps -> 201 frames (13.3s)  1783 KB  0.6s
Multiple -pix_fmt options specified for stream 0, only the last option '-pix_fmt yuv420p' will be used.
  D7N2EKCX4Sj/3521: 51 steps -> 213 frames (14.1s)  2700 KB  0.6s
Multiple -pix_fmt options specified for stream 0, only the last option '-pix_fmt yuv420p' will be used.
  D7N2EKCX4Sj/3530: 65 steps -> 270 frames (17.9s)  4637 KB  0.8s
Multiple -pix_fmt options specified for stream 0, only the last option '-pix_fmt yuv420p' will be used.
  D7N2EKCX4Sj/3914: 55 steps -> 221 frames (14.7s)  2772 KB  0.7s
Multiple -pix_fmt options specified for stream 0, only the last option '-pix_fmt yuv420p' will be used.
  D7N2EKCX4Sj/3944: 17 steps -> 66 frames (4.3s)  605 KB  0.3s
Multiple -pix_fmt options specified for stream 0, only the last option '-pix_fmt yuv420p' will be used.
  D7N2EKCX4Sj/400: 40 steps -> 170 frames (11.3s)  1499 KB  0.5s
Multiple -pix_fmt options specified for stream 0, only the last option '-pix_fmt yuv420p' will be used.
  D7N2EKCX4Sj/4328: 36 steps -> 143 frames (9.5s)  1639 KB  0.5s
Multiple -pix_fmt options specified for stream 0, only the last option '-pix_fmt yuv420p' will be used.
  D7N2EKCX4Sj/4571: 55 steps -> 227 frames (15.1s)  3447 KB  0.7s
Multiple -pix_fmt options specified for stream 0, only the last option '-pix_fmt yuv420p' will be used.
  D7N2EKCX4Sj/4787: 49 steps -> 192 frames (12.7s)  3709 KB  0.7s
Multiple -pix_fmt options specified for stream 0, only the last option '-pix_fmt yuv420p' will be used.
  D7N2EKCX4Sj/4790: 61 steps -> 257 frames (17.1s)  2864 KB  0.7s
Multiple -pix_fmt options specified for stream 0, only the last option '-pix_fmt yuv420p' will be used.
  D7N2EKCX4Sj/4922: 38 steps -> 167 frames (11.1s)  1929 KB  0.5s
Multiple -pix_fmt options specified for stream 0, only the last option '-pix_fmt yuv420p' will be used.
  D7N2EKCX4Sj/5165: 48 steps -> 205 frames (13.6s)  1937 KB  0.6s
Multiple -pix_fmt options specified for stream 0, only the last option '-pix_fmt yuv420p' will be used.
  D7N2EKCX4Sj/5429: 27 steps -> 116 frames (7.7s)  1187 KB  0.4s
Multiple -pix_fmt options specified for stream 0, only the last option '-pix_fmt yuv420p' will be used.
  D7N2EKCX4Sj/5723: 48 steps -> 207 frames (13.7s)  2585 KB  0.7s
Multiple -pix_fmt options specified for stream 0, only the last option '-pix_fmt yuv420p' will be used.
  D7N2EKCX4Sj/5957: 34 steps -> 136 frames (9.0s)  2033 KB  0.5s
Multiple -pix_fmt options specified for stream 0, only the last option '-pix_fmt yuv420p' will be used.
  D7N2EKCX4Sj/6131: 35 steps -> 139 frames (9.2s)  1354 KB  0.5s
Multiple -pix_fmt options specified for stream 0, only the last option '-pix_fmt yuv420p' will be used.
  D7N2EKCX4Sj/6146: 55 steps -> 226 frames (15.0s)  3243 KB  0.7s
Multiple -pix_fmt options specified for stream 0, only the last option '-pix_fmt yuv420p' will be used.
  D7N2EKCX4Sj/6173: 25 steps -> 102 frames (6.7s)  951 KB  0.4s
Multiple -pix_fmt options specified for stream 0, only the last option '-pix_fmt yuv420p' will be used.
  D7N2EKCX4Sj/6413: 40 steps -> 163 frames (10.8s)  1832 KB  0.5s
Multiple -pix_fmt options specified for stream 0, only the last option '-pix_fmt yuv420p' will be used.
  D7N2EKCX4Sj/6476: 61 steps -> 251 frames (16.7s)  4411 KB  0.7s
Multiple -pix_fmt options specified for stream 0, only the last option '-pix_fmt yuv420p' will be used.
  D7N2EKCX4Sj/6509: 23 steps -> 96 frames (6.3s)  1183 KB  0.4s
Multiple -pix_fmt options specified for stream 0, only the last option '-pix_fmt yuv420p' will be used.
  D7N2EKCX4Sj/710: 45 steps -> 197 frames (13.1s)  2460 KB  0.6s
Multiple -pix_fmt options specified for stream 0, only the last option '-pix_fmt yuv420p' will be used.
  D7N2EKCX4Sj/719: 74 steps -> 304 frames (20.2s)  3951 KB  0.9s
Multiple -pix_fmt options specified for stream 0, only the last option '-pix_fmt yuv420p' will be used.
  D7N2EKCX4Sj/7337: 52 steps -> 221 frames (14.7s)  2698 KB  0.7s
Multiple -pix_fmt options specified for stream 0, only the last option '-pix_fmt yuv420p' will be used.
  D7N2EKCX4Sj/7661: 67 steps -> 278 frames (18.5s)  3233 KB  0.8s
Multiple -pix_fmt options specified for stream 0, only the last option '-pix_fmt yuv420p' will be used.
  D7N2EKCX4Sj/7757: 37 steps -> 156 frames (10.3s)  2833 KB  0.5s
Multiple -pix_fmt options specified for stream 0, only the last option '-pix_fmt yuv420p' will be used.
  D7N2EKCX4Sj/779: 59 steps -> 241 frames (16.0s)  4740 KB  0.7s
Multiple -pix_fmt options specified for stream 0, only the last option '-pix_fmt yuv420p' will be used.
  D7N2EKCX4Sj/7808: 61 steps -> 254 frames (16.9s)  3343 KB  0.8s
Multiple -pix_fmt options specified for stream 0, only the last option '-pix_fmt yuv420p' will be used.
  D7N2EKCX4Sj/7817: 51 steps -> 209 frames (13.9s)  2801 KB  0.6s
Multiple -pix_fmt options specified for stream 0, only the last option '-pix_fmt yuv420p' will be used.
  D7N2EKCX4Sj/7961: 35 steps -> 147 frames (9.7s)  1696 KB  0.5s
Multiple -pix_fmt options specified for stream 0, only the last option '-pix_fmt yuv420p' will be used.
  D7N2EKCX4Sj/8012: 23 steps -> 92 frames (6.1s)  1812 KB  0.4s
Multiple -pix_fmt options specified for stream 0, only the last option '-pix_fmt yuv420p' will be used.
  D7N2EKCX4Sj/8351: 24 steps -> 96 frames (6.3s)  848 KB  0.3s
Multiple -pix_fmt options specified for stream 0, only the last option '-pix_fmt yuv420p' will be used.
  D7N2EKCX4Sj/8468: 36 steps -> 156 frames (10.3s)  1367 KB  0.5s
Multiple -pix_fmt options specified for stream 0, only the last option '-pix_fmt yuv420p' will be used.
  D7N2EKCX4Sj/8663: 54 steps -> 219 frames (14.5s)  2800 KB  0.7s
Multiple -pix_fmt options specified for stream 0, only the last option '-pix_fmt yuv420p' will be used.
  D7N2EKCX4Sj/8714: 68 steps -> 277 frames (18.4s)  4948 KB  0.8s
Multiple -pix_fmt options specified for stream 0, only the last option '-pix_fmt yuv420p' will be used.
  D7N2EKCX4Sj/8822: 41 steps -> 170 frames (11.3s)  2301 KB  0.5s
Multiple -pix_fmt options specified for stream 0, only the last option '-pix_fmt yuv420p' will be used.
  D7N2EKCX4Sj/8852: 21 steps -> 83 frames (5.5s)  1364 KB  0.3s
Multiple -pix_fmt options specified for stream 0, only the last option '-pix_fmt yuv420p' will be used.
  D7N2EKCX4Sj/8963: 26 steps -> 107 frames (7.1s)  1646 KB  0.4s
Multiple -pix_fmt options specified for stream 0, only the last option '-pix_fmt yuv420p' will be used.
  D7N2EKCX4Sj/9137: 46 steps -> 189 frames (12.5s)  2550 KB  0.7s
Multiple -pix_fmt options specified for stream 0, only the last option '-pix_fmt yuv420p' will be used.
  D7N2EKCX4Sj/9242: 33 steps -> 128 frames (8.5s)  2661 KB  0.5s
Multiple -pix_fmt options specified for stream 0, only the last option '-pix_fmt yuv420p' will be used.
  D7N2EKCX4Sj/9521: 32 steps -> 129 frames (8.5s)  2132 KB  0.5s
Multiple -pix_fmt options specified for stream 0, only the last option '-pix_fmt yuv420p' will be used.
  D7N2EKCX4Sj/9548: 56 steps -> 222 frames (14.7s)  3235 KB  0.7s
Multiple -pix_fmt options specified for stream 0, only the last option '-pix_fmt yuv420p' will be used.
  D7N2EKCX4Sj/9740: 22 steps -> 87 frames (5.7s)  1008 KB  0.3s
Multiple -pix_fmt options specified for stream 0, only the last option '-pix_fmt yuv420p' will be used.
  D7N2EKCX4Sj/9824: 35 steps -> 153 frames (10.1s)  1809 KB  0.5s
Renderer: NVIDIA GeForce RTX 4070 Ti SUPER/PCIe/SSE2 by NVIDIA Corporation
OpenGL version: 4.6.0 NVIDIA 580.173.02
Using optional features:
    GL_ARB_vertex_array_object
    GL_ARB_separate_shader_objects
    GL_ARB_robustness
    GL_ARB_texture_storage
    GL_ARB_texture_view
    GL_ARB_framebuffer_no_attachments
    GL_ARB_invalidate_subdata
    GL_ARB_texture_storage_multisample
    GL_ARB_multi_bind
    GL_ARB_direct_state_access
    GL_ARB_get_texture_sub_image
    GL_ARB_texture_filter_anisotropic
    GL_KHR_debug
    GL_KHR_parallel_shader_compile
    GL_NV_depth_buffer_float
Using driver workarounds:
    no-forward-compatible-core-context
    nv-egl-incorrect-gl11-function-pointers
    no-layout-qualifiers-on-old-glsl
    nv-zero-context-profile-mask
    nv-implementation-color-read-format-dsa-broken
    nv-cubemap-inconsistent-compressed-image-size
    nv-cubemap-broken-full-compressed-image-query
    nv-compressed-block-size-in-bits
[16:47:52:990294]:[Warning]:[Metadata] SceneDatasetAttributes.cpp(107)::addNewSceneInstanceToDataset : Dataset : 'default' : Lighting Layout Attributes 'no_lights' specified in Scene Attributes but does not exist in dataset, so creating default.
Multiple -pix_fmt options specified for stream 0, only the last option '-pix_fmt yuv420p' will be used.
  E9uDoFAP3SH/10202: 32 steps -> 128 frames (8.5s)  850 KB  0.6s
Multiple -pix_fmt options specified for stream 0, only the last option '-pix_fmt yuv420p' will be used.
  E9uDoFAP3SH/10229: 57 steps -> 221 frames (14.7s)  2379 KB  0.7s
Multiple -pix_fmt options specified for stream 0, only the last option '-pix_fmt yuv420p' will be used.
  E9uDoFAP3SH/10358: 76 steps -> 309 frames (20.5s)  2373 KB  0.7s
Multiple -pix_fmt options specified for stream 0, only the last option '-pix_fmt yuv420p' will be used.
  E9uDoFAP3SH/1047: 81 steps -> 318 frames (21.1s)  3221 KB  0.8s
Multiple -pix_fmt options specified for stream 0, only the last option '-pix_fmt yuv420p' will be used.
  E9uDoFAP3SH/10496: 55 steps -> 231 frames (15.3s)  1956 KB  0.6s
Multiple -pix_fmt options specified for stream 0, only the last option '-pix_fmt yuv420p' will be used.
  E9uDoFAP3SH/10553: 39 steps -> 153 frames (10.1s)  1071 KB  0.4s
Multiple -pix_fmt options specified for stream 0, only the last option '-pix_fmt yuv420p' will be used.
  E9uDoFAP3SH/10724: 31 steps -> 115 frames (7.6s)  1319 KB  0.4s
Multiple -pix_fmt options specified for stream 0, only the last option '-pix_fmt yuv420p' will be used.
  E9uDoFAP3SH/10742: 39 steps -> 154 frames (10.2s)  1990 KB  0.4s
Multiple -pix_fmt options specified for stream 0, only the last option '-pix_fmt yuv420p' will be used.
  E9uDoFAP3SH/1198: 68 steps -> 279 frames (18.5s)  2207 KB  0.6s
Multiple -pix_fmt options specified for stream 0, only the last option '-pix_fmt yuv420p' will be used.
  E9uDoFAP3SH/1297: 81 steps -> 328 frames (21.8s)  3297 KB  0.7s
Multiple -pix_fmt options specified for stream 0, only the last option '-pix_fmt yuv420p' will be used.
  E9uDoFAP3SH/1315: 40 steps -> 162 frames (10.7s)  1795 KB  0.4s
Multiple -pix_fmt options specified for stream 0, only the last option '-pix_fmt yuv420p' will be used.
  E9uDoFAP3SH/1376: 57 steps -> 231 frames (15.3s)  2609 KB  0.6s
Multiple -pix_fmt options specified for stream 0, only the last option '-pix_fmt yuv420p' will be used.
  E9uDoFAP3SH/1430: 76 steps -> 308 frames (20.5s)  3076 KB  0.7s
Multiple -pix_fmt options specified for stream 0, only the last option '-pix_fmt yuv420p' will be used.
  E9uDoFAP3SH/1448: 68 steps -> 276 frames (18.3s)  2331 KB  0.7s
Multiple -pix_fmt options specified for stream 0, only the last option '-pix_fmt yuv420p' will be used.
  E9uDoFAP3SH/1715: 45 steps -> 188 frames (12.5s)  2139 KB  0.5s
Multiple -pix_fmt options specified for stream 0, only the last option '-pix_fmt yuv420p' will be used.
  E9uDoFAP3SH/1970: 67 steps -> 268 frames (17.8s)  2414 KB  0.6s
Multiple -pix_fmt options specified for stream 0, only the last option '-pix_fmt yuv420p' will be used.
  E9uDoFAP3SH/1973: 41 steps -> 168 frames (11.1s)  1883 KB  0.5s
Multiple -pix_fmt options specified for stream 0, only the last option '-pix_fmt yuv420p' will be used.
  E9uDoFAP3SH/2126: 70 steps -> 276 frames (18.3s)  2574 KB  0.8s
Multiple -pix_fmt options specified for stream 0, only the last option '-pix_fmt yuv420p' will be used.
  E9uDoFAP3SH/2285: 51 steps -> 198 frames (13.1s)  1779 KB  0.6s
Multiple -pix_fmt options specified for stream 0, only the last option '-pix_fmt yuv420p' will be used.
  E9uDoFAP3SH/2354: 30 steps -> 123 frames (8.1s)  1781 KB  0.4s
Multiple -pix_fmt options specified for stream 0, only the last option '-pix_fmt yuv420p' will be used.
  E9uDoFAP3SH/2357: 53 steps -> 215 frames (14.3s)  2282 KB  0.7s
Multiple -pix_fmt options specified for stream 0, only the last option '-pix_fmt yuv420p' will be used.
  E9uDoFAP3SH/238: 57 steps -> 223 frames (14.8s)  2412 KB  0.7s
Multiple -pix_fmt options specified for stream 0, only the last option '-pix_fmt yuv420p' will be used.
  E9uDoFAP3SH/253: 52 steps -> 207 frames (13.7s)  2135 KB  0.6s
Multiple -pix_fmt options specified for stream 0, only the last option '-pix_fmt yuv420p' will be used.
  E9uDoFAP3SH/2543: 57 steps -> 228 frames (15.1s)  2120 KB  0.6s
Multiple -pix_fmt options specified for stream 0, only the last option '-pix_fmt yuv420p' will be used.
  E9uDoFAP3SH/2723: 60 steps -> 244 frames (16.2s)  2269 KB  0.7s
Multiple -pix_fmt options specified for stream 0, only the last option '-pix_fmt yuv420p' will be used.
  E9uDoFAP3SH/2771: 51 steps -> 204 frames (13.5s)  2269 KB  0.6s
Multiple -pix_fmt options specified for stream 0, only the last option '-pix_fmt yuv420p' will be used.
  E9uDoFAP3SH/2855: 84 steps -> 347 frames (23.1s)  3224 KB  0.9s
Multiple -pix_fmt options specified for stream 0, only the last option '-pix_fmt yuv420p' will be used.
  E9uDoFAP3SH/2927: 75 steps -> 294 frames (19.5s)  2997 KB  0.8s
Multiple -pix_fmt options specified for stream 0, only the last option '-pix_fmt yuv420p' will be used.
  E9uDoFAP3SH/2966: 50 steps -> 193 frames (12.8s)  1837 KB  0.6s
Multiple -pix_fmt options specified for stream 0, only the last option '-pix_fmt yuv420p' will be used.
  E9uDoFAP3SH/3125: 78 steps -> 303 frames (20.1s)  3103 KB  0.8s
Multiple -pix_fmt options specified for stream 0, only the last option '-pix_fmt yuv420p' will be used.
  E9uDoFAP3SH/3152: 53 steps -> 213 frames (14.1s)  1932 KB  0.6s
Multiple -pix_fmt options specified for stream 0, only the last option '-pix_fmt yuv420p' will be used.
  E9uDoFAP3SH/3182: 78 steps -> 333 frames (22.1s)  3189 KB  0.8s
Multiple -pix_fmt options specified for stream 0, only the last option '-pix_fmt yuv420p' will be used.
  E9uDoFAP3SH/3311: 46 steps -> 179 frames (11.9s)  1732 KB  0.6s
Multiple -pix_fmt options specified for stream 0, only the last option '-pix_fmt yuv420p' will be used.
  E9uDoFAP3SH/3500: 33 steps -> 133 frames (8.8s)  1140 KB  0.4s
Multiple -pix_fmt options specified for stream 0, only the last option '-pix_fmt yuv420p' will be used.
  E9uDoFAP3SH/3542: 70 steps -> 286 frames (19.0s)  2846 KB  0.9s
Multiple -pix_fmt options specified for stream 0, only the last option '-pix_fmt yuv420p' will be used.
  E9uDoFAP3SH/3746: 64 steps -> 250 frames (16.6s)  2422 KB  0.7s
Multiple -pix_fmt options specified for stream 0, only the last option '-pix_fmt yuv420p' will be used.
  E9uDoFAP3SH/3821: 52 steps -> 205 frames (13.6s)  1911 KB  0.6s
Multiple -pix_fmt options specified for stream 0, only the last option '-pix_fmt yuv420p' will be used.
  E9uDoFAP3SH/3875: 73 steps -> 294 frames (19.5s)  3142 KB  0.9s
Multiple -pix_fmt options specified for stream 0, only the last option '-pix_fmt yuv420p' will be used.
  E9uDoFAP3SH/3881: 45 steps -> 188 frames (12.5s)  1577 KB  0.6s
Multiple -pix_fmt options specified for stream 0, only the last option '-pix_fmt yuv420p' will be used.
  E9uDoFAP3SH/3929: 58 steps -> 237 frames (15.7s)  2977 KB  0.7s
Multiple -pix_fmt options specified for stream 0, only the last option '-pix_fmt yuv420p' will be used.
  E9uDoFAP3SH/3935: 61 steps -> 241 frames (16.0s)  2688 KB  0.7s
Multiple -pix_fmt options specified for stream 0, only the last option '-pix_fmt yuv420p' will be used.
  E9uDoFAP3SH/4514: 86 steps -> 345 frames (22.9s)  3032 KB  1.0s
Multiple -pix_fmt options specified for stream 0, only the last option '-pix_fmt yuv420p' will be used.
  E9uDoFAP3SH/4517: 41 steps -> 158 frames (10.5s)  1791 KB  0.5s
Multiple -pix_fmt options specified for stream 0, only the last option '-pix_fmt yuv420p' will be used.
  E9uDoFAP3SH/4544: 67 steps -> 269 frames (17.9s)  2405 KB  0.8s
Multiple -pix_fmt options specified for stream 0, only the last option '-pix_fmt yuv420p' will be used.
  E9uDoFAP3SH/4547: 60 steps -> 239 frames (15.9s)  2152 KB  0.7s
Multiple -pix_fmt options specified for stream 0, only the last option '-pix_fmt yuv420p' will be used.
  E9uDoFAP3SH/475: 34 steps -> 127 frames (8.4s)  1388 KB  0.4s
Multiple -pix_fmt options specified for stream 0, only the last option '-pix_fmt yuv420p' will be used.
  E9uDoFAP3SH/4769: 51 steps -> 212 frames (14.1s)  2003 KB  0.7s
Multiple -pix_fmt options specified for stream 0, only the last option '-pix_fmt yuv420p' will be used.
  E9uDoFAP3SH/5225: 49 steps -> 197 frames (13.1s)  3125 KB  0.7s
Multiple -pix_fmt options specified for stream 0, only the last option '-pix_fmt yuv420p' will be used.
  E9uDoFAP3SH/5228: 56 steps -> 217 frames (14.4s)  1893 KB  0.6s
Multiple -pix_fmt options specified for stream 0, only the last option '-pix_fmt yuv420p' will be used.
  E9uDoFAP3SH/5303: 37 steps -> 156 frames (10.3s)  2186 KB  0.5s
Multiple -pix_fmt options specified for stream 0, only the last option '-pix_fmt yuv420p' will be used.
  E9uDoFAP3SH/5366: 93 steps -> 381 frames (25.3s)  3551 KB  1.0s
Multiple -pix_fmt options specified for stream 0, only the last option '-pix_fmt yuv420p' will be used.
  E9uDoFAP3SH/5381: 58 steps -> 228 frames (15.1s)  2385 KB  0.7s
Multiple -pix_fmt options specified for stream 0, only the last option '-pix_fmt yuv420p' will be used.
  E9uDoFAP3SH/5519: 57 steps -> 234 frames (15.5s)  2582 KB  0.8s
Multiple -pix_fmt options specified for stream 0, only the last option '-pix_fmt yuv420p' will be used.
  E9uDoFAP3SH/5822: 61 steps -> 243 frames (16.1s)  2844 KB  0.7s
Multiple -pix_fmt options specified for stream 0, only the last option '-pix_fmt yuv420p' will be used.
  E9uDoFAP3SH/5849: 62 steps -> 250 frames (16.6s)  2518 KB  0.7s
Multiple -pix_fmt options specified for stream 0, only the last option '-pix_fmt yuv420p' will be used.
  E9uDoFAP3SH/6110: 38 steps -> 142 frames (9.4s)  1473 KB  0.4s
Multiple -pix_fmt options specified for stream 0, only the last option '-pix_fmt yuv420p' will be used.
  E9uDoFAP3SH/6161: 77 steps -> 324 frames (21.5s)  3041 KB  0.9s
Multiple -pix_fmt options specified for stream 0, only the last option '-pix_fmt yuv420p' will be used.
  E9uDoFAP3SH/6197: 48 steps -> 182 frames (12.1s)  1217 KB  0.6s
Multiple -pix_fmt options specified for stream 0, only the last option '-pix_fmt yuv420p' will be used.
  E9uDoFAP3SH/6374: 54 steps -> 234 frames (15.5s)  1417 KB  0.6s
Multiple -pix_fmt options specified for stream 0, only the last option '-pix_fmt yuv420p' will be used.
  E9uDoFAP3SH/6383: 48 steps -> 196 frames (13.0s)  1332 KB  0.6s
Multiple -pix_fmt options specified for stream 0, only the last option '-pix_fmt yuv420p' will be used.
  E9uDoFAP3SH/64: 75 steps -> 306 frames (20.3s)  2699 KB  0.9s
Multiple -pix_fmt options specified for stream 0, only the last option '-pix_fmt yuv420p' will be used.
  E9uDoFAP3SH/6479: 66 steps -> 267 frames (17.7s)  2781 KB  0.7s
Multiple -pix_fmt options specified for stream 0, only the last option '-pix_fmt yuv420p' will be used.
  E9uDoFAP3SH/6728: 69 steps -> 268 frames (17.8s)  2259 KB  0.8s
Multiple -pix_fmt options specified for stream 0, only the last option '-pix_fmt yuv420p' will be used.
  E9uDoFAP3SH/6776: 50 steps -> 201 frames (13.3s)  2998 KB  0.6s
Multiple -pix_fmt options specified for stream 0, only the last option '-pix_fmt yuv420p' will be used.
  E9uDoFAP3SH/6917: 83 steps -> 336 frames (22.3s)  3010 KB  0.9s
Multiple -pix_fmt options specified for stream 0, only the last option '-pix_fmt yuv420p' will be used.
  E9uDoFAP3SH/6935: 37 steps -> 146 frames (9.7s)  1934 KB  0.5s
Multiple -pix_fmt options specified for stream 0, only the last option '-pix_fmt yuv420p' will be used.
  E9uDoFAP3SH/6977: 53 steps -> 218 frames (14.5s)  2078 KB  0.6s
Multiple -pix_fmt options specified for stream 0, only the last option '-pix_fmt yuv420p' will be used.
  E9uDoFAP3SH/7040: 76 steps -> 307 frames (20.4s)  2849 KB  0.8s
Multiple -pix_fmt options specified for stream 0, only the last option '-pix_fmt yuv420p' will be used.
  E9uDoFAP3SH/7355: 89 steps -> 357 frames (23.7s)  3203 KB  0.9s
Multiple -pix_fmt options specified for stream 0, only the last option '-pix_fmt yuv420p' will be used.
  E9uDoFAP3SH/7460: 49 steps -> 201 frames (13.3s)  1763 KB  0.6s
Multiple -pix_fmt options specified for stream 0, only the last option '-pix_fmt yuv420p' will be used.
  E9uDoFAP3SH/7745: 41 steps -> 163 frames (10.8s)  1652 KB  0.5s
Multiple -pix_fmt options specified for stream 0, only the last option '-pix_fmt yuv420p' will be used.
  E9uDoFAP3SH/7805: 48 steps -> 198 frames (13.1s)  1877 KB  0.6s
Multiple -pix_fmt options specified for stream 0, only the last option '-pix_fmt yuv420p' will be used.
  E9uDoFAP3SH/8045: 56 steps -> 224 frames (14.9s)  1734 KB  0.6s
Multiple -pix_fmt options specified for stream 0, only the last option '-pix_fmt yuv420p' will be used.
  E9uDoFAP3SH/8060: 70 steps -> 286 frames (19.0s)  3324 KB  0.8s
Multiple -pix_fmt options specified for stream 0, only the last option '-pix_fmt yuv420p' will be used.
  E9uDoFAP3SH/8213: 74 steps -> 286 frames (19.0s)  2718 KB  0.8s
Multiple -pix_fmt options specified for stream 0, only the last option '-pix_fmt yuv420p' will be used.
  E9uDoFAP3SH/8483: 28 steps -> 111 frames (7.3s)  1219 KB  0.4s
Multiple -pix_fmt options specified for stream 0, only the last option '-pix_fmt yuv420p' will be used.
  E9uDoFAP3SH/8528: 54 steps -> 212 frames (14.1s)  2182 KB  0.6s
Multiple -pix_fmt options specified for stream 0, only the last option '-pix_fmt yuv420p' will be used.
  E9uDoFAP3SH/8621: 87 steps -> 344 frames (22.9s)  3250 KB  0.8s
Multiple -pix_fmt options specified for stream 0, only the last option '-pix_fmt yuv420p' will be used.
  E9uDoFAP3SH/8687: 68 steps -> 295 frames (19.6s)  3607 KB  0.8s
Multiple -pix_fmt options specified for stream 0, only the last option '-pix_fmt yuv420p' will be used.
  E9uDoFAP3SH/8810: 96 steps -> 397 frames (26.4s)  4969 KB  1.1s
Multiple -pix_fmt options specified for stream 0, only the last option '-pix_fmt yuv420p' will be used.
  E9uDoFAP3SH/8846: 73 steps -> 274 frames (18.2s)  2990 KB  0.8s
Multiple -pix_fmt options specified for stream 0, only the last option '-pix_fmt yuv420p' will be used.
  E9uDoFAP3SH/9056: 59 steps -> 243 frames (16.1s)  2334 KB  0.7s
Multiple -pix_fmt options specified for stream 0, only the last option '-pix_fmt yuv420p' will be used.
  E9uDoFAP3SH/9173: 64 steps -> 269 frames (17.9s)  3070 KB  0.7s
Multiple -pix_fmt options specified for stream 0, only the last option '-pix_fmt yuv420p' will be used.
  E9uDoFAP3SH/9251: 66 steps -> 259 frames (17.2s)  2564 KB  0.8s
Multiple -pix_fmt options specified for stream 0, only the last option '-pix_fmt yuv420p' will be used.
  E9uDoFAP3SH/9494: 85 steps -> 363 frames (24.1s)  3531 KB  0.9s
Multiple -pix_fmt options specified for stream 0, only the last option '-pix_fmt yuv420p' will be used.
  E9uDoFAP3SH/9539: 91 steps -> 371 frames (24.7s)  3042 KB  1.0s
Multiple -pix_fmt options specified for stream 0, only the last option '-pix_fmt yuv420p' will be used.
  E9uDoFAP3SH/9722: 54 steps -> 217 frames (14.4s)  2715 KB  0.6s
Multiple -pix_fmt options specified for stream 0, only the last option '-pix_fmt yuv420p' will be used.
  E9uDoFAP3SH/9962: 73 steps -> 283 frames (18.8s)  2764 KB  0.8s
Renderer: NVIDIA GeForce RTX 4070 Ti SUPER/PCIe/SSE2 by NVIDIA Corporation
OpenGL version: 4.6.0 NVIDIA 580.173.02
Using optional features:
    GL_ARB_vertex_array_object
    GL_ARB_separate_shader_objects
    GL_ARB_robustness
    GL_ARB_texture_storage
    GL_ARB_texture_view
    GL_ARB_framebuffer_no_attachments
    GL_ARB_invalidate_subdata
    GL_ARB_texture_storage_multisample
    GL_ARB_multi_bind
    GL_ARB_direct_state_access
    GL_ARB_get_texture_sub_image
    GL_ARB_texture_filter_anisotropic
    GL_KHR_debug
    GL_KHR_parallel_shader_compile
    GL_NV_depth_buffer_float
Using driver workarounds:
    no-forward-compatible-core-context
    nv-egl-incorrect-gl11-function-pointers
    no-layout-qualifiers-on-old-glsl
    nv-zero-context-profile-mask
    nv-implementation-color-read-format-dsa-broken
    nv-cubemap-inconsistent-compressed-image-size
    nv-cubemap-broken-full-compressed-image-query
    nv-compressed-block-size-in-bits
[16:49:02:259197]:[Warning]:[Metadata] SceneDatasetAttributes.cpp(107)::addNewSceneInstanceToDataset : Dataset : 'default' : Lighting Layout Attributes 'no_lights' specified in Scene Attributes but does not exist in dataset, so creating default.
Multiple -pix_fmt options specified for stream 0, only the last option '-pix_fmt yuv420p' will be used.
  EDJbREhghzL/10022: 46 steps -> 187 frames (12.4s)  1803 KB  0.7s
Multiple -pix_fmt options specified for stream 0, only the last option '-pix_fmt yuv420p' will be used.
  EDJbREhghzL/10088: 38 steps -> 153 frames (10.1s)  1326 KB  0.4s
Multiple -pix_fmt options specified for stream 0, only the last option '-pix_fmt yuv420p' will be used.
  EDJbREhghzL/10208: 40 steps -> 166 frames (11.0s)  1309 KB  0.5s
Multiple -pix_fmt options specified for stream 0, only the last option '-pix_fmt yuv420p' will be used.
  EDJbREhghzL/10250: 28 steps -> 109 frames (7.2s)  897 KB  0.4s
Multiple -pix_fmt options specified for stream 0, only the last option '-pix_fmt yuv420p' will be used.
  EDJbREhghzL/10262: 48 steps -> 207 frames (13.7s)  1896 KB  0.6s
Multiple -pix_fmt options specified for stream 0, only the last option '-pix_fmt yuv420p' will be used.
  EDJbREhghzL/10373: 39 steps -> 161 frames (10.7s)  1208 KB  0.4s
Multiple -pix_fmt options specified for stream 0, only the last option '-pix_fmt yuv420p' will be used.
  EDJbREhghzL/10436: 24 steps -> 105 frames (6.9s)  1270 KB  0.4s
Multiple -pix_fmt options specified for stream 0, only the last option '-pix_fmt yuv420p' will be used.
  EDJbREhghzL/10472: 32 steps -> 126 frames (8.3s)  1593 KB  0.4s
Multiple -pix_fmt options specified for stream 0, only the last option '-pix_fmt yuv420p' will be used.
  EDJbREhghzL/1050: 43 steps -> 174 frames (11.5s)  1623 KB  0.5s
Multiple -pix_fmt options specified for stream 0, only the last option '-pix_fmt yuv420p' will be used.
  EDJbREhghzL/10652: 41 steps -> 163 frames (10.8s)  1298 KB  0.5s
Multiple -pix_fmt options specified for stream 0, only the last option '-pix_fmt yuv420p' will be used.
  EDJbREhghzL/10664: 32 steps -> 143 frames (9.5s)  1660 KB  0.4s
Multiple -pix_fmt options specified for stream 0, only the last option '-pix_fmt yuv420p' will be used.
  EDJbREhghzL/10787: 18 steps -> 72 frames (4.7s)  454 KB  0.3s
Multiple -pix_fmt options specified for stream 0, only the last option '-pix_fmt yuv420p' will be used.
  EDJbREhghzL/10823: 13 steps -> 57 frames (3.7s)  715 KB  0.3s
Multiple -pix_fmt options specified for stream 0, only the last option '-pix_fmt yuv420p' will be used.
  EDJbREhghzL/1239: 55 steps -> 231 frames (15.3s)  1774 KB  0.7s
Multiple -pix_fmt options specified for stream 0, only the last option '-pix_fmt yuv420p' will be used.
  EDJbREhghzL/1883: 20 steps -> 87 frames (5.7s)  1038 KB  0.3s
Multiple -pix_fmt options specified for stream 0, only the last option '-pix_fmt yuv420p' will be used.
  EDJbREhghzL/1958: 43 steps -> 173 frames (11.5s)  1645 KB  0.5s
Multiple -pix_fmt options specified for stream 0, only the last option '-pix_fmt yuv420p' will be used.
  EDJbREhghzL/2036: 32 steps -> 132 frames (8.7s)  1256 KB  0.4s
Multiple -pix_fmt options specified for stream 0, only the last option '-pix_fmt yuv420p' will be used.
  EDJbREhghzL/2216: 50 steps -> 202 frames (13.4s)  1647 KB  0.7s
Multiple -pix_fmt options specified for stream 0, only the last option '-pix_fmt yuv420p' will be used.
  EDJbREhghzL/2258: 32 steps -> 138 frames (9.1s)  1011 KB  0.4s
Multiple -pix_fmt options specified for stream 0, only the last option '-pix_fmt yuv420p' will be used.
  EDJbREhghzL/229: 38 steps -> 156 frames (10.3s)  1250 KB  0.5s
Multiple -pix_fmt options specified for stream 0, only the last option '-pix_fmt yuv420p' will be used.
  EDJbREhghzL/2441: 40 steps -> 164 frames (10.9s)  1520 KB  0.5s
Multiple -pix_fmt options specified for stream 0, only the last option '-pix_fmt yuv420p' will be used.
  EDJbREhghzL/247: 44 steps -> 173 frames (11.5s)  1411 KB  0.5s
Multiple -pix_fmt options specified for stream 0, only the last option '-pix_fmt yuv420p' will be used.
  EDJbREhghzL/2546: 32 steps -> 127 frames (8.4s)  1066 KB  0.4s
Multiple -pix_fmt options specified for stream 0, only the last option '-pix_fmt yuv420p' will be used.
  EDJbREhghzL/28: 31 steps -> 136 frames (9.0s)  1294 KB  0.4s
Multiple -pix_fmt options specified for stream 0, only the last option '-pix_fmt yuv420p' will be used.
  EDJbREhghzL/2828: 23 steps -> 94 frames (6.2s)  780 KB  0.3s
Multiple -pix_fmt options specified for stream 0, only the last option '-pix_fmt yuv420p' will be used.
  EDJbREhghzL/3020: 35 steps -> 142 frames (9.4s)  1158 KB  0.4s
Multiple -pix_fmt options specified for stream 0, only the last option '-pix_fmt yuv420p' will be used.
  EDJbREhghzL/3122: 33 steps -> 136 frames (9.0s)  1498 KB  0.4s
Multiple -pix_fmt options specified for stream 0, only the last option '-pix_fmt yuv420p' will be used.
  EDJbREhghzL/3212: 8 steps -> 31 frames (2.0s)  248 KB  0.2s
Multiple -pix_fmt options specified for stream 0, only the last option '-pix_fmt yuv420p' will be used.
  EDJbREhghzL/3290: 31 steps -> 132 frames (8.7s)  1420 KB  0.5s
Multiple -pix_fmt options specified for stream 0, only the last option '-pix_fmt yuv420p' will be used.
  EDJbREhghzL/3380: 14 steps -> 58 frames (3.8s)  513 KB  0.3s
Multiple -pix_fmt options specified for stream 0, only the last option '-pix_fmt yuv420p' will be used.
  EDJbREhghzL/3428: 20 steps -> 79 frames (5.2s)  937 KB  0.3s
Multiple -pix_fmt options specified for stream 0, only the last option '-pix_fmt yuv420p' will be used.
  EDJbREhghzL/3437: 24 steps -> 98 frames (6.5s)  770 KB  0.4s
Multiple -pix_fmt options specified for stream 0, only the last option '-pix_fmt yuv420p' will be used.
  EDJbREhghzL/3482: 38 steps -> 157 frames (10.4s)  1509 KB  0.5s
Multiple -pix_fmt options specified for stream 0, only the last option '-pix_fmt yuv420p' will be used.
  EDJbREhghzL/3572: 31 steps -> 124 frames (8.2s)  1009 KB  0.4s
Multiple -pix_fmt options specified for stream 0, only the last option '-pix_fmt yuv420p' will be used.
  EDJbREhghzL/3683: 36 steps -> 149 frames (9.9s)  1182 KB  0.5s
Multiple -pix_fmt options specified for stream 0, only the last option '-pix_fmt yuv420p' will be used.
  EDJbREhghzL/3740: 42 steps -> 172 frames (11.4s)  1505 KB  0.5s
Multiple -pix_fmt options specified for stream 0, only the last option '-pix_fmt yuv420p' will be used.
  EDJbREhghzL/3932: 32 steps -> 139 frames (9.2s)  1465 KB  0.4s
Multiple -pix_fmt options specified for stream 0, only the last option '-pix_fmt yuv420p' will be used.
  EDJbREhghzL/4028: 41 steps -> 166 frames (11.0s)  1394 KB  0.5s
Multiple -pix_fmt options specified for stream 0, only the last option '-pix_fmt yuv420p' will be used.
  EDJbREhghzL/421: 45 steps -> 183 frames (12.1s)  1527 KB  0.5s
Multiple -pix_fmt options specified for stream 0, only the last option '-pix_fmt yuv420p' will be used.
  EDJbREhghzL/4235: 33 steps -> 147 frames (9.7s)  1029 KB  0.4s
Multiple -pix_fmt options specified for stream 0, only the last option '-pix_fmt yuv420p' will be used.
  EDJbREhghzL/4307: 49 steps -> 208 frames (13.8s)  1508 KB  0.6s
Multiple -pix_fmt options specified for stream 0, only the last option '-pix_fmt yuv420p' will be used.
  EDJbREhghzL/4334: 24 steps -> 97 frames (6.4s)  737 KB  0.3s
Multiple -pix_fmt options specified for stream 0, only the last option '-pix_fmt yuv420p' will be used.
  EDJbREhghzL/4562: 21 steps -> 87 frames (5.7s)  717 KB  0.4s
Multiple -pix_fmt options specified for stream 0, only the last option '-pix_fmt yuv420p' will be used.
  EDJbREhghzL/4865: 22 steps -> 99 frames (6.5s)  1218 KB  0.4s
Multiple -pix_fmt options specified for stream 0, only the last option '-pix_fmt yuv420p' will be used.
  EDJbREhghzL/5054: 34 steps -> 133 frames (8.8s)  1513 KB  0.5s
Multiple -pix_fmt options specified for stream 0, only the last option '-pix_fmt yuv420p' will be used.
  EDJbREhghzL/5117: 19 steps -> 73 frames (4.8s)  632 KB  0.3s
Multiple -pix_fmt options specified for stream 0, only the last option '-pix_fmt yuv420p' will be used.
  EDJbREhghzL/5138: 27 steps -> 108 frames (7.1s)  866 KB  0.4s
Multiple -pix_fmt options specified for stream 0, only the last option '-pix_fmt yuv420p' will be used.
  EDJbREhghzL/5243: 25 steps -> 112 frames (7.4s)  1320 KB  0.4s
Multiple -pix_fmt options specified for stream 0, only the last option '-pix_fmt yuv420p' will be used.
  EDJbREhghzL/5348: 49 steps -> 191 frames (12.7s)  1930 KB  0.6s
Multiple -pix_fmt options specified for stream 0, only the last option '-pix_fmt yuv420p' will be used.
  EDJbREhghzL/5492: 26 steps -> 109 frames (7.2s)  749 KB  0.3s
Multiple -pix_fmt options specified for stream 0, only the last option '-pix_fmt yuv420p' will be used.
  EDJbREhghzL/5498: 39 steps -> 162 frames (10.7s)  1421 KB  0.5s
Multiple -pix_fmt options specified for stream 0, only the last option '-pix_fmt yuv420p' will be used.
  EDJbREhghzL/5561: 33 steps -> 139 frames (9.2s)  1172 KB  0.4s
Multiple -pix_fmt options specified for stream 0, only the last option '-pix_fmt yuv420p' will be used.
  EDJbREhghzL/5594: 44 steps -> 185 frames (12.3s)  1540 KB  0.5s
Multiple -pix_fmt options specified for stream 0, only the last option '-pix_fmt yuv420p' will be used.
  EDJbREhghzL/5675: 30 steps -> 122 frames (8.1s)  975 KB  0.4s
Multiple -pix_fmt options specified for stream 0, only the last option '-pix_fmt yuv420p' will be used.
  EDJbREhghzL/584: 40 steps -> 167 frames (11.1s)  1268 KB  0.5s
Multiple -pix_fmt options specified for stream 0, only the last option '-pix_fmt yuv420p' will be used.
  EDJbREhghzL/5921: 17 steps -> 68 frames (4.5s)  411 KB  0.3s
Multiple -pix_fmt options specified for stream 0, only the last option '-pix_fmt yuv420p' will be used.
  EDJbREhghzL/6122: 16 steps -> 70 frames (4.6s)  925 KB  0.3s
Multiple -pix_fmt options specified for stream 0, only the last option '-pix_fmt yuv420p' will be used.
  EDJbREhghzL/6272: 40 steps -> 172 frames (11.4s)  1848 KB  0.6s
Multiple -pix_fmt options specified for stream 0, only the last option '-pix_fmt yuv420p' will be used.
  EDJbREhghzL/6275: 27 steps -> 109 frames (7.2s)  888 KB  0.4s
Multiple -pix_fmt options specified for stream 0, only the last option '-pix_fmt yuv420p' will be used.
  EDJbREhghzL/641: 21 steps -> 81 frames (5.3s)  957 KB  0.3s
Multiple -pix_fmt options specified for stream 0, only the last option '-pix_fmt yuv420p' will be used.
  EDJbREhghzL/6473: 51 steps -> 209 frames (13.9s)  1641 KB  0.7s
Multiple -pix_fmt options specified for stream 0, only the last option '-pix_fmt yuv420p' will be used.
  EDJbREhghzL/6827: 7 steps -> 26 frames (1.7s)  213 KB  0.2s
Multiple -pix_fmt options specified for stream 0, only the last option '-pix_fmt yuv420p' will be used.
  EDJbREhghzL/6887: 16 steps -> 63 frames (4.1s)  434 KB  0.3s
Multiple -pix_fmt options specified for stream 0, only the last option '-pix_fmt yuv420p' will be used.
  EDJbREhghzL/7100: 23 steps -> 94 frames (6.2s)  716 KB  0.4s
Multiple -pix_fmt options specified for stream 0, only the last option '-pix_fmt yuv420p' will be used.
  EDJbREhghzL/7145: 59 steps -> 248 frames (16.5s)  2360 KB  0.7s
Multiple -pix_fmt options specified for stream 0, only the last option '-pix_fmt yuv420p' will be used.
  EDJbREhghzL/7442: 44 steps -> 181 frames (12.0s)  1309 KB  0.5s
Multiple -pix_fmt options specified for stream 0, only the last option '-pix_fmt yuv420p' will be used.
  EDJbREhghzL/7496: 35 steps -> 154 frames (10.2s)  1663 KB  0.5s
Multiple -pix_fmt options specified for stream 0, only the last option '-pix_fmt yuv420p' will be used.
  EDJbREhghzL/7589: 49 steps -> 203 frames (13.5s)  1815 KB  0.6s
Multiple -pix_fmt options specified for stream 0, only the last option '-pix_fmt yuv420p' will be used.
  EDJbREhghzL/7655: 36 steps -> 142 frames (9.4s)  1414 KB  0.4s
Multiple -pix_fmt options specified for stream 0, only the last option '-pix_fmt yuv420p' will be used.
  EDJbREhghzL/7865: 34 steps -> 146 frames (9.7s)  1190 KB  0.4s
Multiple -pix_fmt options specified for stream 0, only the last option '-pix_fmt yuv420p' will be used.
  EDJbREhghzL/7925: 19 steps -> 80 frames (5.3s)  637 KB  0.3s
Multiple -pix_fmt options specified for stream 0, only the last option '-pix_fmt yuv420p' will be used.
  EDJbREhghzL/7943: 36 steps -> 147 frames (9.7s)  1188 KB  0.4s
Multiple -pix_fmt options specified for stream 0, only the last option '-pix_fmt yuv420p' will be used.
  EDJbREhghzL/8072: 33 steps -> 137 frames (9.1s)  1058 KB  0.4s
Multiple -pix_fmt options specified for stream 0, only the last option '-pix_fmt yuv420p' will be used.
  EDJbREhghzL/8084: 20 steps -> 79 frames (5.2s)  841 KB  0.3s
Multiple -pix_fmt options specified for stream 0, only the last option '-pix_fmt yuv420p' will be used.
  EDJbREhghzL/8177: 30 steps -> 132 frames (8.7s)  1169 KB  0.5s
Multiple -pix_fmt options specified for stream 0, only the last option '-pix_fmt yuv420p' will be used.
  EDJbREhghzL/851: 34 steps -> 139 frames (9.2s)  1532 KB  0.5s
Multiple -pix_fmt options specified for stream 0, only the last option '-pix_fmt yuv420p' will be used.
  EDJbREhghzL/8561: 49 steps -> 209 frames (13.9s)  1594 KB  0.6s
Multiple -pix_fmt options specified for stream 0, only the last option '-pix_fmt yuv420p' will be used.
  EDJbREhghzL/8696: 34 steps -> 150 frames (9.9s)  1696 KB  0.5s
Multiple -pix_fmt options specified for stream 0, only the last option '-pix_fmt yuv420p' will be used.
  EDJbREhghzL/8984: 50 steps -> 206 frames (13.7s)  1484 KB  0.6s
Multiple -pix_fmt options specified for stream 0, only the last option '-pix_fmt yuv420p' will be used.
  EDJbREhghzL/9047: 40 steps -> 163 frames (10.8s)  1538 KB  0.5s
Multiple -pix_fmt options specified for stream 0, only the last option '-pix_fmt yuv420p' will be used.
  EDJbREhghzL/9278: 54 steps -> 224 frames (14.9s)  1980 KB  0.5s
Multiple -pix_fmt options specified for stream 0, only the last option '-pix_fmt yuv420p' will be used.
  EDJbREhghzL/9353: 38 steps -> 165 frames (10.9s)  1612 KB  0.5s
Multiple -pix_fmt options specified for stream 0, only the last option '-pix_fmt yuv420p' will be used.
  EDJbREhghzL/9551: 11 steps -> 45 frames (2.9s)  400 KB  0.3s
Renderer: NVIDIA GeForce RTX 4070 Ti SUPER/PCIe/SSE2 by NVIDIA Corporation
OpenGL version: 4.6.0 NVIDIA 580.173.02
Using optional features:
    GL_ARB_vertex_array_object
    GL_ARB_separate_shader_objects
    GL_ARB_robustness
    GL_ARB_texture_storage
    GL_ARB_texture_view
    GL_ARB_framebuffer_no_attachments
    GL_ARB_invalidate_subdata
    GL_ARB_texture_storage_multisample
    GL_ARB_multi_bind
    GL_ARB_direct_state_access
    GL_ARB_get_texture_sub_image
    GL_ARB_texture_filter_anisotropic
    GL_KHR_debug
    GL_KHR_parallel_shader_compile
    GL_NV_depth_buffer_float
Using driver workarounds:
    no-forward-compatible-core-context
    nv-egl-incorrect-gl11-function-pointers
    no-layout-qualifiers-on-old-glsl
    nv-zero-context-profile-mask
    nv-implementation-color-read-format-dsa-broken
    nv-cubemap-inconsistent-compressed-image-size
    nv-cubemap-broken-full-compressed-image-query
    nv-compressed-block-size-in-bits
[16:49:41:616516]:[Warning]:[Metadata] SceneDatasetAttributes.cpp(107)::addNewSceneInstanceToDataset : Dataset : 'default' : Lighting Layout Attributes 'no_lights' specified in Scene Attributes but does not exist in dataset, so creating default.
Multiple -pix_fmt options specified for stream 0, only the last option '-pix_fmt yuv420p' will be used.
  GdvgFV5R1Z5/1745: 36 steps -> 157 frames (10.4s)  1505 KB  0.5s
Multiple -pix_fmt options specified for stream 0, only the last option '-pix_fmt yuv420p' will be used.
  GdvgFV5R1Z5/4115: 13 steps -> 49 frames (3.2s)  702 KB  0.3s
Multiple -pix_fmt options specified for stream 0, only the last option '-pix_fmt yuv420p' will be used.
  GdvgFV5R1Z5/55: 26 steps -> 103 frames (6.8s)  1274 KB  0.4s
Multiple -pix_fmt options specified for stream 0, only the last option '-pix_fmt yuv420p' will be used.
  GdvgFV5R1Z5/6536: 12 steps -> 43 frames (2.8s)  573 KB  0.3s
Multiple -pix_fmt options specified for stream 0, only the last option '-pix_fmt yuv420p' will be used.
  GdvgFV5R1Z5/9431: 11 steps -> 43 frames (2.8s)  474 KB  0.3s
Multiple -pix_fmt options specified for stream 0, only the last option '-pix_fmt yuv420p' will be used.
  GdvgFV5R1Z5/9557: 29 steps -> 121 frames (8.0s)  1530 KB  0.4s
Multiple -pix_fmt options specified for stream 0, only the last option '-pix_fmt yuv420p' will be used.
  GdvgFV5R1Z5/9869: 16 steps -> 58 frames (3.8s)  742 KB  0.3s
Renderer: NVIDIA GeForce RTX 4070 Ti SUPER/PCIe/SSE2 by NVIDIA Corporation
OpenGL version: 4.6.0 NVIDIA 580.173.02
Using optional features:
    GL_ARB_vertex_array_object
    GL_ARB_separate_shader_objects
    GL_ARB_robustness
    GL_ARB_texture_storage
    GL_ARB_texture_view
    GL_ARB_framebuffer_no_attachments
    GL_ARB_invalidate_subdata
    GL_ARB_texture_storage_multisample
    GL_ARB_multi_bind
    GL_ARB_direct_state_access
    GL_ARB_get_texture_sub_image
    GL_ARB_texture_filter_anisotropic
    GL_KHR_debug
    GL_KHR_parallel_shader_compile
    GL_NV_depth_buffer_float
Using driver workarounds:
    no-forward-compatible-core-context
    nv-egl-incorrect-gl11-function-pointers
    no-layout-qualifiers-on-old-glsl
    nv-zero-context-profile-mask
    nv-implementation-color-read-format-dsa-broken
    nv-cubemap-inconsistent-compressed-image-size
    nv-cubemap-broken-full-compressed-image-query
    nv-compressed-block-size-in-bits
[16:49:44:860677]:[Warning]:[Metadata] SceneDatasetAttributes.cpp(107)::addNewSceneInstanceToDataset : Dataset : 'default' : Lighting Layout Attributes 'no_lights' specified in Scene Attributes but does not exist in dataset, so creating default.
Multiple -pix_fmt options specified for stream 0, only the last option '-pix_fmt yuv420p' will be used.
  HxpKQynjfin/2954: 15 steps -> 61 frames (4.0s)  628 KB  0.3s
Multiple -pix_fmt options specified for stream 0, only the last option '-pix_fmt yuv420p' will be used.
  HxpKQynjfin/4862: 11 steps -> 42 frames (2.7s)  320 KB  0.3s
Multiple -pix_fmt options specified for stream 0, only the last option '-pix_fmt yuv420p' will be used.
  HxpKQynjfin/5942: 14 steps -> 56 frames (3.7s)  409 KB  0.3s
Multiple -pix_fmt options specified for stream 0, only the last option '-pix_fmt yuv420p' will be used.
  HxpKQynjfin/7043: 27 steps -> 114 frames (7.5s)  777 KB  0.4s
Multiple -pix_fmt options specified for stream 0, only the last option '-pix_fmt yuv420p' will be used.
  HxpKQynjfin/8555: 15 steps -> 62 frames (4.1s)  540 KB  0.3s
Renderer: NVIDIA GeForce RTX 4070 Ti SUPER/PCIe/SSE2 by NVIDIA Corporation
OpenGL version: 4.6.0 NVIDIA 580.173.02
Using optional features:
    GL_ARB_vertex_array_object
    GL_ARB_separate_shader_objects
    GL_ARB_robustness
    GL_ARB_texture_storage
    GL_ARB_texture_view
    GL_ARB_framebuffer_no_attachments
    GL_ARB_invalidate_subdata
    GL_ARB_texture_storage_multisample
    GL_ARB_multi_bind
    GL_ARB_direct_state_access
    GL_ARB_get_texture_sub_image
    GL_ARB_texture_filter_anisotropic
    GL_KHR_debug
    GL_KHR_parallel_shader_compile
    GL_NV_depth_buffer_float
Using driver workarounds:
    no-forward-compatible-core-context
    nv-egl-incorrect-gl11-function-pointers
    no-layout-qualifiers-on-old-glsl
    nv-zero-context-profile-mask
    nv-implementation-color-read-format-dsa-broken
    nv-cubemap-inconsistent-compressed-image-size
    nv-cubemap-broken-full-compressed-image-query
    nv-compressed-block-size-in-bits
[16:49:47:409985]:[Warning]:[Metadata] SceneDatasetAttributes.cpp(107)::addNewSceneInstanceToDataset : Dataset : 'default' : Lighting Layout Attributes 'no_lights' specified in Scene Attributes but does not exist in dataset, so creating default.
Multiple -pix_fmt options specified for stream 0, only the last option '-pix_fmt yuv420p' will be used.
  JF19kD82Mey/1068: 35 steps -> 132 frames (8.7s)  908 KB  0.5s
Multiple -pix_fmt options specified for stream 0, only the last option '-pix_fmt yuv420p' will be used.
  JF19kD82Mey/10694: 35 steps -> 139 frames (9.2s)  954 KB  0.4s
Multiple -pix_fmt options specified for stream 0, only the last option '-pix_fmt yuv420p' will be used.
  JF19kD82Mey/10772: 76 steps -> 308 frames (20.5s)  1881 KB  0.7s
Multiple -pix_fmt options specified for stream 0, only the last option '-pix_fmt yuv420p' will be used.
  JF19kD82Mey/130: 62 steps -> 249 frames (16.5s)  1489 KB  0.6s
Multiple -pix_fmt options specified for stream 0, only the last option '-pix_fmt yuv420p' will be used.
  JF19kD82Mey/1868: 62 steps -> 251 frames (16.7s)  1766 KB  0.6s
Multiple -pix_fmt options specified for stream 0, only the last option '-pix_fmt yuv420p' will be used.
  JF19kD82Mey/2450: 30 steps -> 123 frames (8.1s)  562 KB  0.4s
Multiple -pix_fmt options specified for stream 0, only the last option '-pix_fmt yuv420p' will be used.
  JF19kD82Mey/3818: 78 steps -> 327 frames (21.7s)  2075 KB  0.7s
Multiple -pix_fmt options specified for stream 0, only the last option '-pix_fmt yuv420p' will be used.
  JF19kD82Mey/4163: 75 steps -> 301 frames (20.0s)  1821 KB  0.7s
Multiple -pix_fmt options specified for stream 0, only the last option '-pix_fmt yuv420p' will be used.
  JF19kD82Mey/4214: 73 steps -> 293 frames (19.5s)  1763 KB  0.7s
Multiple -pix_fmt options specified for stream 0, only the last option '-pix_fmt yuv420p' will be used.
  JF19kD82Mey/4265: 67 steps -> 263 frames (17.5s)  1972 KB  0.6s
Multiple -pix_fmt options specified for stream 0, only the last option '-pix_fmt yuv420p' will be used.
  JF19kD82Mey/4619: 32 steps -> 119 frames (7.9s)  821 KB  0.4s
Multiple -pix_fmt options specified for stream 0, only the last option '-pix_fmt yuv420p' will be used.
  JF19kD82Mey/587: 30 steps -> 126 frames (8.3s)  600 KB  0.4s
Multiple -pix_fmt options specified for stream 0, only the last option '-pix_fmt yuv420p' will be used.
  JF19kD82Mey/6032: 41 steps -> 161 frames (10.7s)  855 KB  0.4s
Multiple -pix_fmt options specified for stream 0, only the last option '-pix_fmt yuv420p' will be used.
  JF19kD82Mey/6191: 71 steps -> 300 frames (19.9s)  1613 KB  0.7s
Multiple -pix_fmt options specified for stream 0, only the last option '-pix_fmt yuv420p' will be used.
  JF19kD82Mey/6902: 38 steps -> 142 frames (9.4s)  961 KB  0.4s
Multiple -pix_fmt options specified for stream 0, only the last option '-pix_fmt yuv420p' will be used.
  JF19kD82Mey/7280: 17 steps -> 64 frames (4.2s)  373 KB  0.3s
Multiple -pix_fmt options specified for stream 0, only the last option '-pix_fmt yuv420p' will be used.
  JF19kD82Mey/7859: 29 steps -> 121 frames (8.0s)  634 KB  0.4s
Multiple -pix_fmt options specified for stream 0, only the last option '-pix_fmt yuv420p' will be used.
  JF19kD82Mey/8411: 48 steps -> 203 frames (13.5s)  1199 KB  0.6s
Multiple -pix_fmt options specified for stream 0, only the last option '-pix_fmt yuv420p' will be used.
  JF19kD82Mey/8627: 76 steps -> 307 frames (20.4s)  1895 KB  0.7s
Multiple -pix_fmt options specified for stream 0, only the last option '-pix_fmt yuv420p' will be used.
  JF19kD82Mey/8891: 91 steps -> 381 frames (25.3s)  2522 KB  0.8s
Multiple -pix_fmt options specified for stream 0, only the last option '-pix_fmt yuv420p' will be used.
  JF19kD82Mey/9512: 34 steps -> 141 frames (9.3s)  806 KB  0.4s
Renderer: NVIDIA GeForce RTX 4070 Ti SUPER/PCIe/SSE2 by NVIDIA Corporation
OpenGL version: 4.6.0 NVIDIA 580.173.02
Using optional features:
    GL_ARB_vertex_array_object
    GL_ARB_separate_shader_objects
    GL_ARB_robustness
    GL_ARB_texture_storage
    GL_ARB_texture_view
    GL_ARB_framebuffer_no_attachments
    GL_ARB_invalidate_subdata
    GL_ARB_texture_storage_multisample
    GL_ARB_multi_bind
    GL_ARB_direct_state_access
    GL_ARB_get_texture_sub_image
    GL_ARB_texture_filter_anisotropic
    GL_KHR_debug
    GL_KHR_parallel_shader_compile
    GL_NV_depth_buffer_float
Using driver workarounds:
    no-forward-compatible-core-context
    nv-egl-incorrect-gl11-function-pointers
    no-layout-qualifiers-on-old-glsl
    nv-zero-context-profile-mask
    nv-implementation-color-read-format-dsa-broken
    nv-cubemap-inconsistent-compressed-image-size
    nv-cubemap-broken-full-compressed-image-query
    nv-compressed-block-size-in-bits
[16:50:00:664216]:[Warning]:[Metadata] SceneDatasetAttributes.cpp(107)::addNewSceneInstanceToDataset : Dataset : 'default' : Lighting Layout Attributes 'no_lights' specified in Scene Attributes but does not exist in dataset, so creating default.
Multiple -pix_fmt options specified for stream 0, only the last option '-pix_fmt yuv420p' will be used.
  JeFG25nYj2p/10040: 16 steps -> 67 frames (4.4s)  280 KB  0.4s
Multiple -pix_fmt options specified for stream 0, only the last option '-pix_fmt yuv420p' will be used.
  JeFG25nYj2p/10058: 42 steps -> 179 frames (11.9s)  605 KB  0.5s
Multiple -pix_fmt options specified for stream 0, only the last option '-pix_fmt yuv420p' will be used.
  JeFG25nYj2p/10106: 41 steps -> 172 frames (11.4s)  943 KB  0.4s
Multiple -pix_fmt options specified for stream 0, only the last option '-pix_fmt yuv420p' will be used.
  JeFG25nYj2p/10169: 20 steps -> 78 frames (5.1s)  695 KB  0.3s
Multiple -pix_fmt options specified for stream 0, only the last option '-pix_fmt yuv420p' will be used.
  JeFG25nYj2p/10253: 34 steps -> 144 frames (9.5s)  721 KB  0.4s
Multiple -pix_fmt options specified for stream 0, only the last option '-pix_fmt yuv420p' will be used.
  JeFG25nYj2p/10379: 48 steps -> 198 frames (13.1s)  1116 KB  0.5s
Multiple -pix_fmt options specified for stream 0, only the last option '-pix_fmt yuv420p' will be used.
  JeFG25nYj2p/10403: 31 steps -> 127 frames (8.4s)  543 KB  0.4s
Multiple -pix_fmt options specified for stream 0, only the last option '-pix_fmt yuv420p' will be used.
  JeFG25nYj2p/10412: 47 steps -> 199 frames (13.2s)  895 KB  0.5s
Multiple -pix_fmt options specified for stream 0, only the last option '-pix_fmt yuv420p' will be used.
  JeFG25nYj2p/10448: 32 steps -> 124 frames (8.2s)  720 KB  0.4s
Multiple -pix_fmt options specified for stream 0, only the last option '-pix_fmt yuv420p' will be used.
  JeFG25nYj2p/10574: 23 steps -> 89 frames (5.9s)  726 KB  0.3s
Multiple -pix_fmt options specified for stream 0, only the last option '-pix_fmt yuv420p' will be used.
  JeFG25nYj2p/10655: 30 steps -> 127 frames (8.4s)  600 KB  0.3s
Multiple -pix_fmt options specified for stream 0, only the last option '-pix_fmt yuv420p' will be used.
  JeFG25nYj2p/10751: 28 steps -> 118 frames (7.8s)  494 KB  0.3s
Multiple -pix_fmt options specified for stream 0, only the last option '-pix_fmt yuv420p' will be used.
  JeFG25nYj2p/10760: 40 steps -> 174 frames (11.5s)  678 KB  0.4s
Multiple -pix_fmt options specified for stream 0, only the last option '-pix_fmt yuv420p' will be used.
  JeFG25nYj2p/10790: 50 steps -> 199 frames (13.2s)  961 KB  0.5s
Multiple -pix_fmt options specified for stream 0, only the last option '-pix_fmt yuv420p' will be used.
  JeFG25nYj2p/1089: 62 steps -> 245 frames (16.3s)  1456 KB  0.6s
Multiple -pix_fmt options specified for stream 0, only the last option '-pix_fmt yuv420p' will be used.
  JeFG25nYj2p/1134: 24 steps -> 104 frames (6.9s)  411 KB  0.3s
Multiple -pix_fmt options specified for stream 0, only the last option '-pix_fmt yuv420p' will be used.
  JeFG25nYj2p/1257: 24 steps -> 102 frames (6.7s)  575 KB  0.3s
Multiple -pix_fmt options specified for stream 0, only the last option '-pix_fmt yuv420p' will be used.
  JeFG25nYj2p/1334: 40 steps -> 168 frames (11.1s)  849 KB  0.4s
Multiple -pix_fmt options specified for stream 0, only the last option '-pix_fmt yuv420p' will be used.
  JeFG25nYj2p/1535: 47 steps -> 196 frames (13.0s)  1361 KB  0.5s
Multiple -pix_fmt options specified for stream 0, only the last option '-pix_fmt yuv420p' will be used.
  JeFG25nYj2p/1610: 24 steps -> 102 frames (6.7s)  314 KB  0.3s
Multiple -pix_fmt options specified for stream 0, only the last option '-pix_fmt yuv420p' will be used.
  JeFG25nYj2p/1811: 49 steps -> 206 frames (13.7s)  1154 KB  0.6s
Multiple -pix_fmt options specified for stream 0, only the last option '-pix_fmt yuv420p' will be used.
  JeFG25nYj2p/2171: 28 steps -> 115 frames (7.6s)  956 KB  0.4s
Multiple -pix_fmt options specified for stream 0, only the last option '-pix_fmt yuv420p' will be used.
  JeFG25nYj2p/2174: 15 steps -> 58 frames (3.8s)  497 KB  0.3s
Multiple -pix_fmt options specified for stream 0, only the last option '-pix_fmt yuv420p' will be used.
  JeFG25nYj2p/2486: 41 steps -> 161 frames (10.7s)  1050 KB  0.5s
Multiple -pix_fmt options specified for stream 0, only the last option '-pix_fmt yuv420p' will be used.
  JeFG25nYj2p/2681: 31 steps -> 123 frames (8.1s)  1112 KB  0.4s
Multiple -pix_fmt options specified for stream 0, only the last option '-pix_fmt yuv420p' will be used.
  JeFG25nYj2p/2957: 35 steps -> 149 frames (9.9s)  539 KB  0.4s
Multiple -pix_fmt options specified for stream 0, only the last option '-pix_fmt yuv420p' will be used.
  JeFG25nYj2p/2963: 30 steps -> 128 frames (8.5s)  393 KB  0.4s
Multiple -pix_fmt options specified for stream 0, only the last option '-pix_fmt yuv420p' will be used.
  JeFG25nYj2p/3002: 22 steps -> 82 frames (5.4s)  388 KB  0.3s
Multiple -pix_fmt options specified for stream 0, only the last option '-pix_fmt yuv420p' will be used.
  JeFG25nYj2p/3044: 37 steps -> 158 frames (10.5s)  811 KB  0.5s
Multiple -pix_fmt options specified for stream 0, only the last option '-pix_fmt yuv420p' will be used.
  JeFG25nYj2p/3170: 47 steps -> 196 frames (13.0s)  853 KB  0.5s
Multiple -pix_fmt options specified for stream 0, only the last option '-pix_fmt yuv420p' will be used.
  JeFG25nYj2p/3215: 21 steps -> 91 frames (6.0s)  399 KB  0.3s
Multiple -pix_fmt options specified for stream 0, only the last option '-pix_fmt yuv420p' will be used.
  JeFG25nYj2p/3254: 16 steps -> 64 frames (4.2s)  234 KB  0.3s
Multiple -pix_fmt options specified for stream 0, only the last option '-pix_fmt yuv420p' will be used.
  JeFG25nYj2p/3386: 37 steps -> 148 frames (9.8s)  894 KB  0.5s
Multiple -pix_fmt options specified for stream 0, only the last option '-pix_fmt yuv420p' will be used.
  JeFG25nYj2p/3395: 53 steps -> 221 frames (14.7s)  879 KB  0.5s
Multiple -pix_fmt options specified for stream 0, only the last option '-pix_fmt yuv420p' will be used.
  JeFG25nYj2p/3566: 35 steps -> 149 frames (9.9s)  639 KB  0.4s
Multiple -pix_fmt options specified for stream 0, only the last option '-pix_fmt yuv420p' will be used.
  JeFG25nYj2p/3869: 32 steps -> 123 frames (8.1s)  634 KB  0.3s
Multiple -pix_fmt options specified for stream 0, only the last option '-pix_fmt yuv420p' will be used.
  JeFG25nYj2p/3971: 28 steps -> 109 frames (7.2s)  702 KB  0.4s
Multiple -pix_fmt options specified for stream 0, only the last option '-pix_fmt yuv420p' will be used.
  JeFG25nYj2p/4004: 26 steps -> 102 frames (6.7s)  648 KB  0.3s
Multiple -pix_fmt options specified for stream 0, only the last option '-pix_fmt yuv420p' will be used.
  JeFG25nYj2p/409: 26 steps -> 103 frames (6.8s)  511 KB  0.3s
Multiple -pix_fmt options specified for stream 0, only the last option '-pix_fmt yuv420p' will be used.
  JeFG25nYj2p/4295: 61 steps -> 246 frames (16.3s)  1257 KB  0.6s
Multiple -pix_fmt options specified for stream 0, only the last option '-pix_fmt yuv420p' will be used.
  JeFG25nYj2p/4388: 30 steps -> 129 frames (8.5s)  385 KB  0.4s
Multiple -pix_fmt options specified for stream 0, only the last option '-pix_fmt yuv420p' will be used.
  JeFG25nYj2p/4454: 16 steps -> 59 frames (3.9s)  204 KB  0.3s
Multiple -pix_fmt options specified for stream 0, only the last option '-pix_fmt yuv420p' will be used.
  JeFG25nYj2p/448: 33 steps -> 131 frames (8.7s)  582 KB  0.5s
Multiple -pix_fmt options specified for stream 0, only the last option '-pix_fmt yuv420p' will be used.
  JeFG25nYj2p/4628: 25 steps -> 101 frames (6.7s)  663 KB  0.3s
Multiple -pix_fmt options specified for stream 0, only the last option '-pix_fmt yuv420p' will be used.
  JeFG25nYj2p/4739: 55 steps -> 221 frames (14.7s)  1248 KB  0.6s
Multiple -pix_fmt options specified for stream 0, only the last option '-pix_fmt yuv420p' will be used.
  JeFG25nYj2p/4817: 20 steps -> 86 frames (5.7s)  483 KB  0.3s
Multiple -pix_fmt options specified for stream 0, only the last option '-pix_fmt yuv420p' will be used.
  JeFG25nYj2p/4931: 24 steps -> 101 frames (6.7s)  544 KB  0.3s
Multiple -pix_fmt options specified for stream 0, only the last option '-pix_fmt yuv420p' will be used.
  JeFG25nYj2p/4958: 38 steps -> 153 frames (10.1s)  1386 KB  0.5s
Multiple -pix_fmt options specified for stream 0, only the last option '-pix_fmt yuv420p' will be used.
  JeFG25nYj2p/4967: 47 steps -> 195 frames (12.9s)  1356 KB  0.5s
Multiple -pix_fmt options specified for stream 0, only the last option '-pix_fmt yuv420p' will be used.
  JeFG25nYj2p/4991: 50 steps -> 212 frames (14.1s)  1283 KB  0.6s
Multiple -pix_fmt options specified for stream 0, only the last option '-pix_fmt yuv420p' will be used.
  JeFG25nYj2p/52: 37 steps -> 154 frames (10.2s)  757 KB  0.4s
Multiple -pix_fmt options specified for stream 0, only the last option '-pix_fmt yuv420p' will be used.
  JeFG25nYj2p/5624: 28 steps -> 122 frames (8.1s)  437 KB  0.3s
Multiple -pix_fmt options specified for stream 0, only the last option '-pix_fmt yuv420p' will be used.
  JeFG25nYj2p/5765: 54 steps -> 230 frames (15.3s)  883 KB  0.5s
Multiple -pix_fmt options specified for stream 0, only the last option '-pix_fmt yuv420p' will be used.
  JeFG25nYj2p/5801: 50 steps -> 202 frames (13.4s)  1110 KB  0.5s
Multiple -pix_fmt options specified for stream 0, only the last option '-pix_fmt yuv420p' will be used.
  JeFG25nYj2p/5840: 42 steps -> 164 frames (10.9s)  854 KB  0.5s
Multiple -pix_fmt options specified for stream 0, only the last option '-pix_fmt yuv420p' will be used.
  JeFG25nYj2p/5852: 22 steps -> 84 frames (5.5s)  296 KB  0.3s
Multiple -pix_fmt options specified for stream 0, only the last option '-pix_fmt yuv420p' will be used.
  JeFG25nYj2p/5954: 21 steps -> 88 frames (5.8s)  438 KB  0.3s
Multiple -pix_fmt options specified for stream 0, only the last option '-pix_fmt yuv420p' will be used.
  JeFG25nYj2p/5996: 46 steps -> 186 frames (12.3s)  1084 KB  0.5s
Multiple -pix_fmt options specified for stream 0, only the last option '-pix_fmt yuv420p' will be used.
  JeFG25nYj2p/6074: 22 steps -> 88 frames (5.8s)  348 KB  0.3s
Multiple -pix_fmt options specified for stream 0, only the last option '-pix_fmt yuv420p' will be used.
  JeFG25nYj2p/6239: 40 steps -> 170 frames (11.3s)  731 KB  0.5s
Multiple -pix_fmt options specified for stream 0, only the last option '-pix_fmt yuv420p' will be used.
  JeFG25nYj2p/6371: 18 steps -> 69 frames (4.5s)  381 KB  0.3s
Multiple -pix_fmt options specified for stream 0, only the last option '-pix_fmt yuv420p' will be used.
  JeFG25nYj2p/6431: 19 steps -> 76 frames (5.0s)  317 KB  0.3s
Multiple -pix_fmt options specified for stream 0, only the last option '-pix_fmt yuv420p' will be used.
  JeFG25nYj2p/665: 28 steps -> 123 frames (8.1s)  946 KB  0.4s
Multiple -pix_fmt options specified for stream 0, only the last option '-pix_fmt yuv420p' will be used.
  JeFG25nYj2p/6851: 41 steps -> 175 frames (11.6s)  835 KB  0.5s
Multiple -pix_fmt options specified for stream 0, only the last option '-pix_fmt yuv420p' will be used.
  JeFG25nYj2p/6896: 28 steps -> 114 frames (7.5s)  1194 KB  0.4s
Multiple -pix_fmt options specified for stream 0, only the last option '-pix_fmt yuv420p' will be used.
  JeFG25nYj2p/6926: 31 steps -> 128 frames (8.5s)  952 KB  0.4s
Multiple -pix_fmt options specified for stream 0, only the last option '-pix_fmt yuv420p' will be used.
  JeFG25nYj2p/6938: 40 steps -> 167 frames (11.1s)  712 KB  0.5s
Multiple -pix_fmt options specified for stream 0, only the last option '-pix_fmt yuv420p' will be used.
  JeFG25nYj2p/695: 54 steps -> 223 frames (14.8s)  1331 KB  0.6s
Multiple -pix_fmt options specified for stream 0, only the last option '-pix_fmt yuv420p' will be used.
  JeFG25nYj2p/7004: 18 steps -> 73 frames (4.8s)  525 KB  0.3s
Multiple -pix_fmt options specified for stream 0, only the last option '-pix_fmt yuv420p' will be used.
  JeFG25nYj2p/7064: 28 steps -> 112 frames (7.4s)  549 KB  0.3s
Multiple -pix_fmt options specified for stream 0, only the last option '-pix_fmt yuv420p' will be used.
  JeFG25nYj2p/7238: 56 steps -> 233 frames (15.5s)  1371 KB  0.6s
Multiple -pix_fmt options specified for stream 0, only the last option '-pix_fmt yuv420p' will be used.
  JeFG25nYj2p/7247: 12 steps -> 47 frames (3.1s)  187 KB  0.2s
Multiple -pix_fmt options specified for stream 0, only the last option '-pix_fmt yuv420p' will be used.
  JeFG25nYj2p/7520: 34 steps -> 143 frames (9.5s)  647 KB  0.4s
Multiple -pix_fmt options specified for stream 0, only the last option '-pix_fmt yuv420p' will be used.
  JeFG25nYj2p/7574: 45 steps -> 182 frames (12.1s)  1027 KB  0.5s
Multiple -pix_fmt options specified for stream 0, only the last option '-pix_fmt yuv420p' will be used.
  JeFG25nYj2p/7766: 25 steps -> 96 frames (6.3s)  595 KB  0.3s
Multiple -pix_fmt options specified for stream 0, only the last option '-pix_fmt yuv420p' will be used.
  JeFG25nYj2p/7838: 36 steps -> 158 frames (10.5s)  651 KB  0.4s
Multiple -pix_fmt options specified for stream 0, only the last option '-pix_fmt yuv420p' will be used.
  JeFG25nYj2p/7856: 19 steps -> 81 frames (5.3s)  282 KB  0.3s
Multiple -pix_fmt options specified for stream 0, only the last option '-pix_fmt yuv420p' will be used.
  JeFG25nYj2p/7880: 38 steps -> 152 frames (10.1s)  851 KB  0.5s
Multiple -pix_fmt options specified for stream 0, only the last option '-pix_fmt yuv420p' will be used.
  JeFG25nYj2p/806: 37 steps -> 150 frames (9.9s)  898 KB  0.4s
Multiple -pix_fmt options specified for stream 0, only the last option '-pix_fmt yuv420p' will be used.
  JeFG25nYj2p/8066: 26 steps -> 109 frames (7.2s)  509 KB  0.3s
Multiple -pix_fmt options specified for stream 0, only the last option '-pix_fmt yuv420p' will be used.
  JeFG25nYj2p/8156: 24 steps -> 104 frames (6.9s)  478 KB  0.3s
Multiple -pix_fmt options specified for stream 0, only the last option '-pix_fmt yuv420p' will be used.
  JeFG25nYj2p/8228: 19 steps -> 82 frames (5.4s)  275 KB  0.3s
Multiple -pix_fmt options specified for stream 0, only the last option '-pix_fmt yuv420p' will be used.
  JeFG25nYj2p/830: 32 steps -> 132 frames (8.7s)  574 KB  0.4s
Multiple -pix_fmt options specified for stream 0, only the last option '-pix_fmt yuv420p' will be used.
  JeFG25nYj2p/8327: 42 steps -> 178 frames (11.8s)  670 KB  0.5s
Multiple -pix_fmt options specified for stream 0, only the last option '-pix_fmt yuv420p' will be used.
  JeFG25nYj2p/8333: 31 steps -> 122 frames (8.1s)  844 KB  0.4s
Multiple -pix_fmt options specified for stream 0, only the last option '-pix_fmt yuv420p' will be used.
  JeFG25nYj2p/8480: 26 steps -> 101 frames (6.7s)  794 KB  0.4s
Multiple -pix_fmt options specified for stream 0, only the last option '-pix_fmt yuv420p' will be used.
  JeFG25nYj2p/8588: 65 steps -> 259 frames (17.2s)  1350 KB  0.7s
Multiple -pix_fmt options specified for stream 0, only the last option '-pix_fmt yuv420p' will be used.
  JeFG25nYj2p/8762: 53 steps -> 224 frames (14.9s)  1156 KB  0.6s
Multiple -pix_fmt options specified for stream 0, only the last option '-pix_fmt yuv420p' will be used.
  JeFG25nYj2p/8897: 34 steps -> 147 frames (9.7s)  590 KB  0.4s
Multiple -pix_fmt options specified for stream 0, only the last option '-pix_fmt yuv420p' will be used.
  JeFG25nYj2p/8933: 22 steps -> 87 frames (5.7s)  437 KB  0.3s
Multiple -pix_fmt options specified for stream 0, only the last option '-pix_fmt yuv420p' will be used.
  JeFG25nYj2p/9248: 31 steps -> 137 frames (9.1s)  492 KB  0.4s
Multiple -pix_fmt options specified for stream 0, only the last option '-pix_fmt yuv420p' will be used.
  JeFG25nYj2p/9335: 24 steps -> 104 frames (6.9s)  449 KB  0.4s
Multiple -pix_fmt options specified for stream 0, only the last option '-pix_fmt yuv420p' will be used.
  JeFG25nYj2p/9398: 47 steps -> 196 frames (13.0s)  873 KB  0.5s
Renderer: NVIDIA GeForce RTX 4070 Ti SUPER/PCIe/SSE2 by NVIDIA Corporation
OpenGL version: 4.6.0 NVIDIA 580.173.02
Using optional features:
    GL_ARB_vertex_array_object
    GL_ARB_separate_shader_objects
    GL_ARB_robustness
    GL_ARB_texture_storage
    GL_ARB_texture_view
    GL_ARB_framebuffer_no_attachments
    GL_ARB_invalidate_subdata
    GL_ARB_texture_storage_multisample
    GL_ARB_multi_bind
    GL_ARB_direct_state_access
    GL_ARB_get_texture_sub_image
    GL_ARB_texture_filter_anisotropic
    GL_KHR_debug
    GL_KHR_parallel_shader_compile
    GL_NV_depth_buffer_float
Using driver workarounds:
    no-forward-compatible-core-context
    nv-egl-incorrect-gl11-function-pointers
    no-layout-qualifiers-on-old-glsl
    nv-zero-context-profile-mask
    nv-implementation-color-read-format-dsa-broken
    nv-cubemap-inconsistent-compressed-image-size
    nv-cubemap-broken-full-compressed-image-query
    nv-compressed-block-size-in-bits
[16:50:41:950066]:[Warning]:[Metadata] SceneDatasetAttributes.cpp(107)::addNewSceneInstanceToDataset : Dataset : 'default' : Lighting Layout Attributes 'no_lights' specified in Scene Attributes but does not exist in dataset, so creating default.
Multiple -pix_fmt options specified for stream 0, only the last option '-pix_fmt yuv420p' will be used.
  JmbYfDe2QKZ/10091: 41 steps -> 168 frames (11.1s)  1721 KB  0.7s
Multiple -pix_fmt options specified for stream 0, only the last option '-pix_fmt yuv420p' will be used.
  JmbYfDe2QKZ/1023: 45 steps -> 197 frames (13.1s)  1694 KB  0.5s
Multiple -pix_fmt options specified for stream 0, only the last option '-pix_fmt yuv420p' will be used.
  JmbYfDe2QKZ/10247: 28 steps -> 117 frames (7.7s)  1168 KB  0.4s
Multiple -pix_fmt options specified for stream 0, only the last option '-pix_fmt yuv420p' will be used.
  JmbYfDe2QKZ/10427: 37 steps -> 157 frames (10.4s)  1565 KB  0.4s
Multiple -pix_fmt options specified for stream 0, only the last option '-pix_fmt yuv420p' will be used.
  JmbYfDe2QKZ/10550: 29 steps -> 121 frames (8.0s)  796 KB  0.4s
Multiple -pix_fmt options specified for stream 0, only the last option '-pix_fmt yuv420p' will be used.
  JmbYfDe2QKZ/1186: 43 steps -> 172 frames (11.4s)  1652 KB  0.5s
Multiple -pix_fmt options specified for stream 0, only the last option '-pix_fmt yuv420p' will be used.
  JmbYfDe2QKZ/1577: 35 steps -> 142 frames (9.4s)  1566 KB  0.4s
Multiple -pix_fmt options specified for stream 0, only the last option '-pix_fmt yuv420p' will be used.
  JmbYfDe2QKZ/1808: 38 steps -> 158 frames (10.5s)  1470 KB  0.4s
Multiple -pix_fmt options specified for stream 0, only the last option '-pix_fmt yuv420p' will be used.
  JmbYfDe2QKZ/2165: 34 steps -> 142 frames (9.4s)  1466 KB  0.4s
Multiple -pix_fmt options specified for stream 0, only the last option '-pix_fmt yuv420p' will be used.
  JmbYfDe2QKZ/2363: 35 steps -> 151 frames (10.0s)  931 KB  0.4s
Multiple -pix_fmt options specified for stream 0, only the last option '-pix_fmt yuv420p' will be used.
  JmbYfDe2QKZ/2630: 35 steps -> 147 frames (9.7s)  1104 KB  0.4s
Multiple -pix_fmt options specified for stream 0, only the last option '-pix_fmt yuv420p' will be used.
  JmbYfDe2QKZ/2939: 38 steps -> 158 frames (10.5s)  1557 KB  0.4s
Multiple -pix_fmt options specified for stream 0, only the last option '-pix_fmt yuv420p' will be used.
  JmbYfDe2QKZ/3158: 23 steps -> 97 frames (6.4s)  544 KB  0.3s
Multiple -pix_fmt options specified for stream 0, only the last option '-pix_fmt yuv420p' will be used.
  JmbYfDe2QKZ/3713: 30 steps -> 121 frames (8.0s)  827 KB  0.4s
Multiple -pix_fmt options specified for stream 0, only the last option '-pix_fmt yuv420p' will be used.
  JmbYfDe2QKZ/373: 28 steps -> 121 frames (8.0s)  1097 KB  0.4s
Multiple -pix_fmt options specified for stream 0, only the last option '-pix_fmt yuv420p' will be used.
  JmbYfDe2QKZ/3791: 43 steps -> 182 frames (12.1s)  1751 KB  0.6s
Multiple -pix_fmt options specified for stream 0, only the last option '-pix_fmt yuv420p' will be used.
  JmbYfDe2QKZ/382: 31 steps -> 131 frames (8.7s)  1094 KB  0.4s
Multiple -pix_fmt options specified for stream 0, only the last option '-pix_fmt yuv420p' will be used.
  JmbYfDe2QKZ/3950: 34 steps -> 142 frames (9.4s)  1266 KB  0.4s
Multiple -pix_fmt options specified for stream 0, only the last option '-pix_fmt yuv420p' will be used.
  JmbYfDe2QKZ/3977: 28 steps -> 112 frames (7.4s)  1099 KB  0.4s
Multiple -pix_fmt options specified for stream 0, only the last option '-pix_fmt yuv420p' will be used.
  JmbYfDe2QKZ/4103: 65 steps -> 274 frames (18.2s)  3249 KB  0.8s
Multiple -pix_fmt options specified for stream 0, only the last option '-pix_fmt yuv420p' will be used.
  JmbYfDe2QKZ/4127: 23 steps -> 98 frames (6.5s)  1060 KB  0.4s
Multiple -pix_fmt options specified for stream 0, only the last option '-pix_fmt yuv420p' will be used.
  JmbYfDe2QKZ/4238: 35 steps -> 149 frames (9.9s)  1622 KB  0.5s
Multiple -pix_fmt options specified for stream 0, only the last option '-pix_fmt yuv420p' will be used.
  JmbYfDe2QKZ/4241: 32 steps -> 133 frames (8.8s)  1352 KB  0.4s
Multiple -pix_fmt options specified for stream 0, only the last option '-pix_fmt yuv420p' will be used.
  JmbYfDe2QKZ/4268: 24 steps -> 98 frames (6.5s)  825 KB  0.3s
Multiple -pix_fmt options specified for stream 0, only the last option '-pix_fmt yuv420p' will be used.
  JmbYfDe2QKZ/4361: 33 steps -> 138 frames (9.1s)  1093 KB  0.5s
Multiple -pix_fmt options specified for stream 0, only the last option '-pix_fmt yuv420p' will be used.
  JmbYfDe2QKZ/4481: 30 steps -> 120 frames (7.9s)  1362 KB  0.4s
Multiple -pix_fmt options specified for stream 0, only the last option '-pix_fmt yuv420p' will be used.
  JmbYfDe2QKZ/4556: 21 steps -> 89 frames (5.9s)  495 KB  0.3s
Multiple -pix_fmt options specified for stream 0, only the last option '-pix_fmt yuv420p' will be used.
  JmbYfDe2QKZ/4652: 59 steps -> 244 frames (16.2s)  2022 KB  0.6s
Multiple -pix_fmt options specified for stream 0, only the last option '-pix_fmt yuv420p' will be used.
  JmbYfDe2QKZ/4946: 37 steps -> 148 frames (9.8s)  1527 KB  0.4s
Multiple -pix_fmt options specified for stream 0, only the last option '-pix_fmt yuv420p' will be used.
  JmbYfDe2QKZ/499: 28 steps -> 110 frames (7.3s)  1305 KB  0.4s
Multiple -pix_fmt options specified for stream 0, only the last option '-pix_fmt yuv420p' will be used.
  JmbYfDe2QKZ/5447: 31 steps -> 125 frames (8.3s)  1176 KB  0.4s
Multiple -pix_fmt options specified for stream 0, only the last option '-pix_fmt yuv420p' will be used.
  JmbYfDe2QKZ/5684: 61 steps -> 254 frames (16.9s)  2442 KB  0.6s
Multiple -pix_fmt options specified for stream 0, only the last option '-pix_fmt yuv420p' will be used.
  JmbYfDe2QKZ/5747: 46 steps -> 202 frames (13.4s)  1871 KB  0.6s
Multiple -pix_fmt options specified for stream 0, only the last option '-pix_fmt yuv420p' will be used.
  JmbYfDe2QKZ/6008: 26 steps -> 105 frames (6.9s)  617 KB  0.4s
Multiple -pix_fmt options specified for stream 0, only the last option '-pix_fmt yuv420p' will be used.
  JmbYfDe2QKZ/6380: 23 steps -> 99 frames (6.5s)  871 KB  0.3s
Multiple -pix_fmt options specified for stream 0, only the last option '-pix_fmt yuv420p' will be used.
  JmbYfDe2QKZ/6545: 34 steps -> 132 frames (8.7s)  1622 KB  0.5s
Multiple -pix_fmt options specified for stream 0, only the last option '-pix_fmt yuv420p' will be used.
  JmbYfDe2QKZ/6707: 70 steps -> 293 frames (19.5s)  2899 KB  0.8s
Multiple -pix_fmt options specified for stream 0, only the last option '-pix_fmt yuv420p' will be used.
  JmbYfDe2QKZ/6755: 33 steps -> 139 frames (9.2s)  1502 KB  0.4s
Multiple -pix_fmt options specified for stream 0, only the last option '-pix_fmt yuv420p' will be used.
  JmbYfDe2QKZ/6950: 35 steps -> 145 frames (9.6s)  1620 KB  0.4s
Multiple -pix_fmt options specified for stream 0, only the last option '-pix_fmt yuv420p' will be used.
  JmbYfDe2QKZ/6962: 51 steps -> 218 frames (14.5s)  2362 KB  0.6s
Multiple -pix_fmt options specified for stream 0, only the last option '-pix_fmt yuv420p' will be used.
  JmbYfDe2QKZ/707: 46 steps -> 187 frames (12.4s)  2199 KB  0.5s
Multiple -pix_fmt options specified for stream 0, only the last option '-pix_fmt yuv420p' will be used.
  JmbYfDe2QKZ/7088: 46 steps -> 189 frames (12.5s)  1862 KB  0.5s
Multiple -pix_fmt options specified for stream 0, only the last option '-pix_fmt yuv420p' will be used.
  JmbYfDe2QKZ/7367: 37 steps -> 154 frames (10.2s)  1816 KB  0.5s
Multiple -pix_fmt options specified for stream 0, only the last option '-pix_fmt yuv420p' will be used.
  JmbYfDe2QKZ/755: 39 steps -> 161 frames (10.7s)  1103 KB  0.5s
Multiple -pix_fmt options specified for stream 0, only the last option '-pix_fmt yuv420p' will be used.
  JmbYfDe2QKZ/8291: 38 steps -> 168 frames (11.1s)  1851 KB  0.5s
Multiple -pix_fmt options specified for stream 0, only the last option '-pix_fmt yuv420p' will be used.
  JmbYfDe2QKZ/8324: 33 steps -> 134 frames (8.9s)  1076 KB  0.4s
Multiple -pix_fmt options specified for stream 0, only the last option '-pix_fmt yuv420p' will be used.
  JmbYfDe2QKZ/8489: 32 steps -> 132 frames (8.7s)  1215 KB  0.4s
Multiple -pix_fmt options specified for stream 0, only the last option '-pix_fmt yuv420p' will be used.
  JmbYfDe2QKZ/8570: 21 steps -> 83 frames (5.5s)  769 KB  0.3s
Multiple -pix_fmt options specified for stream 0, only the last option '-pix_fmt yuv420p' will be used.
  JmbYfDe2QKZ/860: 36 steps -> 147 frames (9.7s)  1351 KB  0.4s
Multiple -pix_fmt options specified for stream 0, only the last option '-pix_fmt yuv420p' will be used.
  JmbYfDe2QKZ/8639: 64 steps -> 273 frames (18.1s)  3015 KB  0.7s
Multiple -pix_fmt options specified for stream 0, only the last option '-pix_fmt yuv420p' will be used.
  JmbYfDe2QKZ/8642: 33 steps -> 138 frames (9.1s)  904 KB  0.4s
Multiple -pix_fmt options specified for stream 0, only the last option '-pix_fmt yuv420p' will be used.
  JmbYfDe2QKZ/8771: 49 steps -> 202 frames (13.4s)  2380 KB  0.5s
Multiple -pix_fmt options specified for stream 0, only the last option '-pix_fmt yuv420p' will be used.
  JmbYfDe2QKZ/8789: 32 steps -> 126 frames (8.3s)  1583 KB  0.4s
Multiple -pix_fmt options specified for stream 0, only the last option '-pix_fmt yuv420p' will be used.
  JmbYfDe2QKZ/9014: 16 steps -> 68 frames (4.5s)  714 KB  0.3s
Multiple -pix_fmt options specified for stream 0, only the last option '-pix_fmt yuv420p' will be used.
  JmbYfDe2QKZ/903: 44 steps -> 182 frames (12.1s)  1221 KB  0.5s
Multiple -pix_fmt options specified for stream 0, only the last option '-pix_fmt yuv420p' will be used.
  JmbYfDe2QKZ/9032: 36 steps -> 142 frames (9.4s)  1367 KB  0.4s
Multiple -pix_fmt options specified for stream 0, only the last option '-pix_fmt yuv420p' will be used.
  JmbYfDe2QKZ/9185: 54 steps -> 232 frames (15.4s)  2189 KB  0.6s
Multiple -pix_fmt options specified for stream 0, only the last option '-pix_fmt yuv420p' will be used.
  JmbYfDe2QKZ/9272: 24 steps -> 101 frames (6.7s)  1011 KB  0.3s
Multiple -pix_fmt options specified for stream 0, only the last option '-pix_fmt yuv420p' will be used.
  JmbYfDe2QKZ/9287: 21 steps -> 91 frames (6.0s)  659 KB  0.4s
Multiple -pix_fmt options specified for stream 0, only the last option '-pix_fmt yuv420p' will be used.
  JmbYfDe2QKZ/9359: 37 steps -> 153 frames (10.1s)  1904 KB  0.6s
Multiple -pix_fmt options specified for stream 0, only the last option '-pix_fmt yuv420p' will be used.
  JmbYfDe2QKZ/9401: 40 steps -> 166 frames (11.0s)  1677 KB  0.5s
Multiple -pix_fmt options specified for stream 0, only the last option '-pix_fmt yuv420p' will be used.
  JmbYfDe2QKZ/9434: 28 steps -> 117 frames (7.7s)  1181 KB  0.4s
Multiple -pix_fmt options specified for stream 0, only the last option '-pix_fmt yuv420p' will be used.
  JmbYfDe2QKZ/945: 24 steps -> 104 frames (6.9s)  901 KB  0.4s
Multiple -pix_fmt options specified for stream 0, only the last option '-pix_fmt yuv420p' will be used.
  JmbYfDe2QKZ/9464: 26 steps -> 108 frames (7.1s)  917 KB  0.4s
Multiple -pix_fmt options specified for stream 0, only the last option '-pix_fmt yuv420p' will be used.
  JmbYfDe2QKZ/948: 23 steps -> 97 frames (6.4s)  821 KB  0.3s
Multiple -pix_fmt options specified for stream 0, only the last option '-pix_fmt yuv420p' will be used.
  JmbYfDe2QKZ/9605: 37 steps -> 161 frames (10.7s)  856 KB  0.5s
Multiple -pix_fmt options specified for stream 0, only the last option '-pix_fmt yuv420p' will be used.
  JmbYfDe2QKZ/9611: 57 steps -> 249 frames (16.5s)  2363 KB  0.7s
Multiple -pix_fmt options specified for stream 0, only the last option '-pix_fmt yuv420p' will be used.
  JmbYfDe2QKZ/9746: 46 steps -> 194 frames (12.9s)  1997 KB  0.5s
Multiple -pix_fmt options specified for stream 0, only the last option '-pix_fmt yuv420p' will be used.
  JmbYfDe2QKZ/9815: 47 steps -> 188 frames (12.5s)  1671 KB  0.5s
Renderer: NVIDIA GeForce RTX 4070 Ti SUPER/PCIe/SSE2 by NVIDIA Corporation
OpenGL version: 4.6.0 NVIDIA 580.173.02
Using optional features:
    GL_ARB_vertex_array_object
    GL_ARB_separate_shader_objects
    GL_ARB_robustness
    GL_ARB_texture_storage
    GL_ARB_texture_view
    GL_ARB_framebuffer_no_attachments
    GL_ARB_invalidate_subdata
    GL_ARB_texture_storage_multisample
    GL_ARB_multi_bind
    GL_ARB_direct_state_access
    GL_ARB_get_texture_sub_image
    GL_ARB_texture_filter_anisotropic
    GL_KHR_debug
    GL_KHR_parallel_shader_compile
    GL_NV_depth_buffer_float
Using driver workarounds:
    no-forward-compatible-core-context
    nv-egl-incorrect-gl11-function-pointers
    no-layout-qualifiers-on-old-glsl
    nv-zero-context-profile-mask
    nv-implementation-color-read-format-dsa-broken
    nv-cubemap-inconsistent-compressed-image-size
    nv-cubemap-broken-full-compressed-image-query
    nv-compressed-block-size-in-bits
[16:51:17:000591]:[Warning]:[Metadata] SceneDatasetAttributes.cpp(107)::addNewSceneInstanceToDataset : Dataset : 'default' : Lighting Layout Attributes 'no_lights' specified in Scene Attributes but does not exist in dataset, so creating default.
Multiple -pix_fmt options specified for stream 0, only the last option '-pix_fmt yuv420p' will be used.
  PX4nDJXEHrG/10232: 54 steps -> 227 frames (15.1s)  1033 KB  0.8s
Multiple -pix_fmt options specified for stream 0, only the last option '-pix_fmt yuv420p' will be used.
  PX4nDJXEHrG/103: 32 steps -> 139 frames (9.2s)  511 KB  0.3s
Multiple -pix_fmt options specified for stream 0, only the last option '-pix_fmt yuv420p' will be used.
  PX4nDJXEHrG/10649: 51 steps -> 206 frames (13.7s)  1177 KB  0.5s
Multiple -pix_fmt options specified for stream 0, only the last option '-pix_fmt yuv420p' will be used.
  PX4nDJXEHrG/10670: 30 steps -> 122 frames (8.1s)  406 KB  0.3s
Multiple -pix_fmt options specified for stream 0, only the last option '-pix_fmt yuv420p' will be used.
  PX4nDJXEHrG/10727: 41 steps -> 165 frames (10.9s)  755 KB  0.4s
Multiple -pix_fmt options specified for stream 0, only the last option '-pix_fmt yuv420p' will be used.
  PX4nDJXEHrG/1168: 49 steps -> 197 frames (13.1s)  1140 KB  0.5s
Multiple -pix_fmt options specified for stream 0, only the last option '-pix_fmt yuv420p' will be used.
  PX4nDJXEHrG/1210: 38 steps -> 162 frames (10.7s)  598 KB  0.4s
Multiple -pix_fmt options specified for stream 0, only the last option '-pix_fmt yuv420p' will be used.
  PX4nDJXEHrG/1379: 37 steps -> 152 frames (10.1s)  611 KB  0.4s
Multiple -pix_fmt options specified for stream 0, only the last option '-pix_fmt yuv420p' will be used.
  PX4nDJXEHrG/1508: 94 steps -> 396 frames (26.3s)  2455 KB  0.8s
Multiple -pix_fmt options specified for stream 0, only the last option '-pix_fmt yuv420p' will be used.
  PX4nDJXEHrG/1643: 30 steps -> 121 frames (8.0s)  463 KB  0.4s
Multiple -pix_fmt options specified for stream 0, only the last option '-pix_fmt yuv420p' will be used.
  PX4nDJXEHrG/1691: 41 steps -> 166 frames (11.0s)  888 KB  0.5s
Multiple -pix_fmt options specified for stream 0, only the last option '-pix_fmt yuv420p' will be used.
  PX4nDJXEHrG/1697: 62 steps -> 252 frames (16.7s)  1210 KB  0.6s
Multiple -pix_fmt options specified for stream 0, only the last option '-pix_fmt yuv420p' will be used.
  PX4nDJXEHrG/172: 48 steps -> 188 frames (12.5s)  1416 KB  0.5s
Multiple -pix_fmt options specified for stream 0, only the last option '-pix_fmt yuv420p' will be used.
  PX4nDJXEHrG/193: 23 steps -> 96 frames (6.3s)  322 KB  0.3s
Multiple -pix_fmt options specified for stream 0, only the last option '-pix_fmt yuv420p' will be used.
  PX4nDJXEHrG/2297: 13 steps -> 53 frames (3.5s)  263 KB  0.3s
Multiple -pix_fmt options specified for stream 0, only the last option '-pix_fmt yuv420p' will be used.
  PX4nDJXEHrG/2447: 57 steps -> 232 frames (15.4s)  1344 KB  0.6s
Multiple -pix_fmt options specified for stream 0, only the last option '-pix_fmt yuv420p' will be used.
  PX4nDJXEHrG/2480: 28 steps -> 120 frames (7.9s)  438 KB  0.4s
Multiple -pix_fmt options specified for stream 0, only the last option '-pix_fmt yuv420p' will be used.
  PX4nDJXEHrG/2894: 109 steps -> 441 frames (29.3s)  2640 KB  0.9s
Multiple -pix_fmt options specified for stream 0, only the last option '-pix_fmt yuv420p' will be used.
  PX4nDJXEHrG/3092: 129 steps -> 526 frames (35.0s)  3001 KB  1.0s
Multiple -pix_fmt options specified for stream 0, only the last option '-pix_fmt yuv420p' will be used.
  PX4nDJXEHrG/3242: 42 steps -> 171 frames (11.3s)  1171 KB  0.5s
Multiple -pix_fmt options specified for stream 0, only the last option '-pix_fmt yuv420p' will be used.
  PX4nDJXEHrG/3374: 21 steps -> 77 frames (5.1s)  572 KB  0.3s
Multiple -pix_fmt options specified for stream 0, only the last option '-pix_fmt yuv420p' will be used.
  PX4nDJXEHrG/3911: 36 steps -> 157 frames (10.4s)  776 KB  0.5s
Multiple -pix_fmt options specified for stream 0, only the last option '-pix_fmt yuv420p' will be used.
  PX4nDJXEHrG/3917: 51 steps -> 215 frames (14.3s)  981 KB  0.5s
Multiple -pix_fmt options specified for stream 0, only the last option '-pix_fmt yuv420p' will be used.
  PX4nDJXEHrG/3959: 66 steps -> 266 frames (17.7s)  1556 KB  0.6s
Multiple -pix_fmt options specified for stream 0, only the last option '-pix_fmt yuv420p' will be used.
  PX4nDJXEHrG/397: 69 steps -> 288 frames (19.1s)  1702 KB  0.7s
Multiple -pix_fmt options specified for stream 0, only the last option '-pix_fmt yuv420p' will be used.
  PX4nDJXEHrG/4316: 59 steps -> 262 frames (17.4s)  1135 KB  0.6s
Multiple -pix_fmt options specified for stream 0, only the last option '-pix_fmt yuv420p' will be used.
  PX4nDJXEHrG/439: 24 steps -> 106 frames (7.0s)  552 KB  0.3s
Multiple -pix_fmt options specified for stream 0, only the last option '-pix_fmt yuv420p' will be used.
  PX4nDJXEHrG/4478: 24 steps -> 103 frames (6.8s)  434 KB  0.3s
Multiple -pix_fmt options specified for stream 0, only the last option '-pix_fmt yuv420p' will be used.
  PX4nDJXEHrG/4502: 25 steps -> 104 frames (6.9s)  296 KB  0.3s
Multiple -pix_fmt options specified for stream 0, only the last option '-pix_fmt yuv420p' will be used.
  PX4nDJXEHrG/4646: 81 steps -> 336 frames (22.3s)  1589 KB  0.9s
Multiple -pix_fmt options specified for stream 0, only the last option '-pix_fmt yuv420p' will be used.
  PX4nDJXEHrG/4655: 59 steps -> 243 frames (16.1s)  1131 KB  0.6s
Multiple -pix_fmt options specified for stream 0, only the last option '-pix_fmt yuv420p' will be used.
  PX4nDJXEHrG/4661: 39 steps -> 153 frames (10.1s)  630 KB  0.5s
Multiple -pix_fmt options specified for stream 0, only the last option '-pix_fmt yuv420p' will be used.
  PX4nDJXEHrG/4895: 24 steps -> 97 frames (6.4s)  440 KB  0.3s
Multiple -pix_fmt options specified for stream 0, only the last option '-pix_fmt yuv420p' will be used.
  PX4nDJXEHrG/4934: 59 steps -> 238 frames (15.8s)  1100 KB  0.6s
Multiple -pix_fmt options specified for stream 0, only the last option '-pix_fmt yuv420p' will be used.
  PX4nDJXEHrG/5114: 47 steps -> 191 frames (12.7s)  882 KB  0.5s
Multiple -pix_fmt options specified for stream 0, only the last option '-pix_fmt yuv420p' will be used.
  PX4nDJXEHrG/5168: 38 steps -> 158 frames (10.5s)  515 KB  0.4s
Multiple -pix_fmt options specified for stream 0, only the last option '-pix_fmt yuv420p' will be used.
  PX4nDJXEHrG/5306: 37 steps -> 154 frames (10.2s)  1014 KB  0.5s
Multiple -pix_fmt options specified for stream 0, only the last option '-pix_fmt yuv420p' will be used.
  PX4nDJXEHrG/5414: 31 steps -> 132 frames (8.7s)  608 KB  0.4s
Multiple -pix_fmt options specified for stream 0, only the last option '-pix_fmt yuv420p' will be used.
  PX4nDJXEHrG/545: 96 steps -> 395 frames (26.3s)  2502 KB  0.9s
Multiple -pix_fmt options specified for stream 0, only the last option '-pix_fmt yuv420p' will be used.
  PX4nDJXEHrG/551: 25 steps -> 103 frames (6.8s)  476 KB  0.3s
Multiple -pix_fmt options specified for stream 0, only the last option '-pix_fmt yuv420p' will be used.
  PX4nDJXEHrG/5567: 41 steps -> 167 frames (11.1s)  948 KB  0.5s
Multiple -pix_fmt options specified for stream 0, only the last option '-pix_fmt yuv420p' will be used.
  PX4nDJXEHrG/5669: 49 steps -> 200 frames (13.3s)  1128 KB  0.5s
Multiple -pix_fmt options specified for stream 0, only the last option '-pix_fmt yuv420p' will be used.
  PX4nDJXEHrG/5777: 53 steps -> 221 frames (14.7s)  1141 KB  0.6s
Multiple -pix_fmt options specified for stream 0, only the last option '-pix_fmt yuv420p' will be used.
  PX4nDJXEHrG/5846: 32 steps -> 135 frames (8.9s)  809 KB  0.4s
Multiple -pix_fmt options specified for stream 0, only the last option '-pix_fmt yuv420p' will be used.
  PX4nDJXEHrG/5900: 23 steps -> 96 frames (6.3s)  554 KB  0.3s
Multiple -pix_fmt options specified for stream 0, only the last option '-pix_fmt yuv420p' will be used.
  PX4nDJXEHrG/6029: 24 steps -> 102 frames (6.7s)  400 KB  0.3s
Multiple -pix_fmt options specified for stream 0, only the last option '-pix_fmt yuv420p' will be used.
  PX4nDJXEHrG/6233: 101 steps -> 422 frames (28.1s)  2627 KB  1.0s
Multiple -pix_fmt options specified for stream 0, only the last option '-pix_fmt yuv420p' will be used.
  PX4nDJXEHrG/6251: 40 steps -> 164 frames (10.9s)  526 KB  0.5s
Multiple -pix_fmt options specified for stream 0, only the last option '-pix_fmt yuv420p' will be used.
  PX4nDJXEHrG/6389: 103 steps -> 445 frames (29.6s)  2986 KB  1.0s
Multiple -pix_fmt options specified for stream 0, only the last option '-pix_fmt yuv420p' will be used.
  PX4nDJXEHrG/6443: 39 steps -> 151 frames (10.0s)  867 KB  0.5s
Multiple -pix_fmt options specified for stream 0, only the last option '-pix_fmt yuv420p' will be used.
  PX4nDJXEHrG/6854: 50 steps -> 206 frames (13.7s)  1308 KB  0.6s
Multiple -pix_fmt options specified for stream 0, only the last option '-pix_fmt yuv420p' will be used.
  PX4nDJXEHrG/6893: 50 steps -> 216 frames (14.3s)  1351 KB  0.6s
Multiple -pix_fmt options specified for stream 0, only the last option '-pix_fmt yuv420p' will be used.
  PX4nDJXEHrG/6968: 13 steps -> 50 frames (3.3s)  224 KB  0.2s
Multiple -pix_fmt options specified for stream 0, only the last option '-pix_fmt yuv420p' will be used.
  PX4nDJXEHrG/7085: 47 steps -> 198 frames (13.1s)  672 KB  0.5s
Multiple -pix_fmt options specified for stream 0, only the last option '-pix_fmt yuv420p' will be used.
  PX4nDJXEHrG/7124: 27 steps -> 116 frames (7.7s)  594 KB  0.4s
Multiple -pix_fmt options specified for stream 0, only the last option '-pix_fmt yuv420p' will be used.
  PX4nDJXEHrG/7190: 56 steps -> 223 frames (14.8s)  947 KB  0.6s
Multiple -pix_fmt options specified for stream 0, only the last option '-pix_fmt yuv420p' will be used.
  PX4nDJXEHrG/7271: 51 steps -> 207 frames (13.7s)  1060 KB  0.6s
Multiple -pix_fmt options specified for stream 0, only the last option '-pix_fmt yuv420p' will be used.
  PX4nDJXEHrG/7286: 46 steps -> 186 frames (12.3s)  1068 KB  0.5s
Multiple -pix_fmt options specified for stream 0, only the last option '-pix_fmt yuv420p' will be used.
  PX4nDJXEHrG/7409: 59 steps -> 258 frames (17.1s)  1272 KB  0.6s
Multiple -pix_fmt options specified for stream 0, only the last option '-pix_fmt yuv420p' will be used.
  PX4nDJXEHrG/7601: 55 steps -> 223 frames (14.8s)  1201 KB  0.5s
Multiple -pix_fmt options specified for stream 0, only the last option '-pix_fmt yuv420p' will be used.
  PX4nDJXEHrG/7604: 21 steps -> 79 frames (5.2s)  334 KB  0.3s
Multiple -pix_fmt options specified for stream 0, only the last option '-pix_fmt yuv420p' will be used.
  PX4nDJXEHrG/7622: 32 steps -> 135 frames (8.9s)  437 KB  0.4s
Multiple -pix_fmt options specified for stream 0, only the last option '-pix_fmt yuv420p' will be used.
  PX4nDJXEHrG/7826: 27 steps -> 110 frames (7.3s)  626 KB  0.3s
Multiple -pix_fmt options specified for stream 0, only the last option '-pix_fmt yuv420p' will be used.
  PX4nDJXEHrG/7850: 37 steps -> 149 frames (9.9s)  796 KB  0.5s
Multiple -pix_fmt options specified for stream 0, only the last option '-pix_fmt yuv420p' will be used.
  PX4nDJXEHrG/79: 34 steps -> 128 frames (8.5s)  810 KB  0.4s
Multiple -pix_fmt options specified for stream 0, only the last option '-pix_fmt yuv420p' will be used.
  PX4nDJXEHrG/8003: 38 steps -> 151 frames (10.0s)  731 KB  0.4s
Multiple -pix_fmt options specified for stream 0, only the last option '-pix_fmt yuv420p' will be used.
  PX4nDJXEHrG/8078: 36 steps -> 149 frames (9.9s)  665 KB  0.4s
Multiple -pix_fmt options specified for stream 0, only the last option '-pix_fmt yuv420p' will be used.
  PX4nDJXEHrG/8201: 34 steps -> 129 frames (8.5s)  677 KB  0.4s
Multiple -pix_fmt options specified for stream 0, only the last option '-pix_fmt yuv420p' will be used.
  PX4nDJXEHrG/8264: 35 steps -> 149 frames (9.9s)  558 KB  0.4s
Multiple -pix_fmt options specified for stream 0, only the last option '-pix_fmt yuv420p' will be used.
  PX4nDJXEHrG/8273: 23 steps -> 92 frames (6.1s)  552 KB  0.3s
Multiple -pix_fmt options specified for stream 0, only the last option '-pix_fmt yuv420p' will be used.
  PX4nDJXEHrG/8309: 25 steps -> 104 frames (6.9s)  544 KB  0.3s
Multiple -pix_fmt options specified for stream 0, only the last option '-pix_fmt yuv420p' will be used.
  PX4nDJXEHrG/854: 27 steps -> 116 frames (7.7s)  516 KB  0.4s
Multiple -pix_fmt options specified for stream 0, only the last option '-pix_fmt yuv420p' will be used.
  PX4nDJXEHrG/8861: 27 steps -> 108 frames (7.1s)  600 KB  0.4s
Multiple -pix_fmt options specified for stream 0, only the last option '-pix_fmt yuv420p' will be used.
  PX4nDJXEHrG/9125: 52 steps -> 219 frames (14.5s)  1426 KB  0.6s
Multiple -pix_fmt options specified for stream 0, only the last option '-pix_fmt yuv420p' will be used.
  PX4nDJXEHrG/9839: 27 steps -> 108 frames (7.1s)  694 KB  0.3s
Multiple -pix_fmt options specified for stream 0, only the last option '-pix_fmt yuv420p' will be used.
  PX4nDJXEHrG/9848: 32 steps -> 132 frames (8.7s)  534 KB  0.4s
Multiple -pix_fmt options specified for stream 0, only the last option '-pix_fmt yuv420p' will be used.
  PX4nDJXEHrG/9875: 28 steps -> 108 frames (7.1s)  449 KB  0.3s
Multiple -pix_fmt options specified for stream 0, only the last option '-pix_fmt yuv420p' will be used.
  PX4nDJXEHrG/9890: 46 steps -> 189 frames (12.5s)  558 KB  0.5s
Multiple -pix_fmt options specified for stream 0, only the last option '-pix_fmt yuv420p' will be used.
  PX4nDJXEHrG/9923: 58 steps -> 232 frames (15.4s)  1421 KB  0.6s
Multiple -pix_fmt options specified for stream 0, only the last option '-pix_fmt yuv420p' will be used.
  PX4nDJXEHrG/9947: 16 steps -> 57 frames (3.7s)  435 KB  0.3s
Renderer: NVIDIA GeForce RTX 4070 Ti SUPER/PCIe/SSE2 by NVIDIA Corporation
OpenGL version: 4.6.0 NVIDIA 580.173.02
Using optional features:
    GL_ARB_vertex_array_object
    GL_ARB_separate_shader_objects
    GL_ARB_robustness
    GL_ARB_texture_storage
    GL_ARB_texture_view
    GL_ARB_framebuffer_no_attachments
    GL_ARB_invalidate_subdata
    GL_ARB_texture_storage_multisample
    GL_ARB_multi_bind
    GL_ARB_direct_state_access
    GL_ARB_get_texture_sub_image
    GL_ARB_texture_filter_anisotropic
    GL_KHR_debug
    GL_KHR_parallel_shader_compile
    GL_NV_depth_buffer_float
Using driver workarounds:
    no-forward-compatible-core-context
    nv-egl-incorrect-gl11-function-pointers
    no-layout-qualifiers-on-old-glsl
    nv-zero-context-profile-mask
    nv-implementation-color-read-format-dsa-broken
    nv-cubemap-inconsistent-compressed-image-size
    nv-cubemap-broken-full-compressed-image-query
    nv-compressed-block-size-in-bits
[16:52:03:731184]:[Warning]:[Metadata] SceneDatasetAttributes.cpp(107)::addNewSceneInstanceToDataset : Dataset : 'default' : Lighting Layout Attributes 'no_lights' specified in Scene Attributes but does not exist in dataset, so creating default.
Multiple -pix_fmt options specified for stream 0, only the last option '-pix_fmt yuv420p' will be used.
  Pm6F8kyY3z2/10565: 16 steps -> 65 frames (4.3s)  832 KB  0.4s
Multiple -pix_fmt options specified for stream 0, only the last option '-pix_fmt yuv420p' will be used.
  Pm6F8kyY3z2/10748: 23 steps -> 98 frames (6.5s)  1331 KB  0.4s
Multiple -pix_fmt options specified for stream 0, only the last option '-pix_fmt yuv420p' will be used.
  Pm6F8kyY3z2/1140: 18 steps -> 74 frames (4.9s)  793 KB  0.3s
Multiple -pix_fmt options specified for stream 0, only the last option '-pix_fmt yuv420p' will be used.
  Pm6F8kyY3z2/2813: 15 steps -> 59 frames (3.9s)  469 KB  0.3s
Multiple -pix_fmt options specified for stream 0, only the last option '-pix_fmt yuv420p' will be used.
  Pm6F8kyY3z2/4385: 31 steps -> 131 frames (8.7s)  1543 KB  0.5s
Multiple -pix_fmt options specified for stream 0, only the last option '-pix_fmt yuv420p' will be used.
  Pm6F8kyY3z2/6899: 20 steps -> 81 frames (5.3s)  1206 KB  0.3s
Multiple -pix_fmt options specified for stream 0, only the last option '-pix_fmt yuv420p' will be used.
  Pm6F8kyY3z2/888: 20 steps -> 86 frames (5.7s)  1120 KB  0.3s
Multiple -pix_fmt options specified for stream 0, only the last option '-pix_fmt yuv420p' will be used.
  Pm6F8kyY3z2/8915: 21 steps -> 77 frames (5.1s)  852 KB  0.3s
Renderer: NVIDIA GeForce RTX 4070 Ti SUPER/PCIe/SSE2 by NVIDIA Corporation
OpenGL version: 4.6.0 NVIDIA 580.173.02
Using optional features:
    GL_ARB_vertex_array_object
    GL_ARB_separate_shader_objects
    GL_ARB_robustness
    GL_ARB_texture_storage
    GL_ARB_texture_view
    GL_ARB_framebuffer_no_attachments
    GL_ARB_invalidate_subdata
    GL_ARB_texture_storage_multisample
    GL_ARB_multi_bind
    GL_ARB_direct_state_access
    GL_ARB_get_texture_sub_image
    GL_ARB_texture_filter_anisotropic
    GL_KHR_debug
    GL_KHR_parallel_shader_compile
    GL_NV_depth_buffer_float
Using driver workarounds:
    no-forward-compatible-core-context
    nv-egl-incorrect-gl11-function-pointers
    no-layout-qualifiers-on-old-glsl
    nv-zero-context-profile-mask
    nv-implementation-color-read-format-dsa-broken
    nv-cubemap-inconsistent-compressed-image-size
    nv-cubemap-broken-full-compressed-image-query
    nv-compressed-block-size-in-bits
[16:52:07:611565]:[Warning]:[Metadata] SceneDatasetAttributes.cpp(107)::addNewSceneInstanceToDataset : Dataset : 'default' : Lighting Layout Attributes 'no_lights' specified in Scene Attributes but does not exist in dataset, so creating default.
Multiple -pix_fmt options specified for stream 0, only the last option '-pix_fmt yuv420p' will be used.
  PuKPg4mmafe/10094: 49 steps -> 192 frames (12.7s)  2005 KB  0.7s
Multiple -pix_fmt options specified for stream 0, only the last option '-pix_fmt yuv420p' will be used.
  PuKPg4mmafe/10505: 115 steps -> 457 frames (30.4s)  5360 KB  0.9s
Multiple -pix_fmt options specified for stream 0, only the last option '-pix_fmt yuv420p' will be used.
  PuKPg4mmafe/109: 63 steps -> 266 frames (17.7s)  3523 KB  0.6s
Multiple -pix_fmt options specified for stream 0, only the last option '-pix_fmt yuv420p' will be used.
  PuKPg4mmafe/1550: 64 steps -> 261 frames (17.3s)  2562 KB  0.6s
Multiple -pix_fmt options specified for stream 0, only the last option '-pix_fmt yuv420p' will be used.
  PuKPg4mmafe/2561: 34 steps -> 127 frames (8.4s)  1267 KB  0.4s
Multiple -pix_fmt options specified for stream 0, only the last option '-pix_fmt yuv420p' will be used.
  PuKPg4mmafe/2969: 84 steps -> 363 frames (24.1s)  2746 KB  0.8s
Multiple -pix_fmt options specified for stream 0, only the last option '-pix_fmt yuv420p' will be used.
  PuKPg4mmafe/4376: 77 steps -> 306 frames (20.3s)  2035 KB  0.8s
Multiple -pix_fmt options specified for stream 0, only the last option '-pix_fmt yuv420p' will be used.
  PuKPg4mmafe/4568: 62 steps -> 249 frames (16.5s)  2235 KB  0.6s
Multiple -pix_fmt options specified for stream 0, only the last option '-pix_fmt yuv420p' will be used.
  PuKPg4mmafe/4994: 62 steps -> 236 frames (15.7s)  1543 KB  0.6s
Multiple -pix_fmt options specified for stream 0, only the last option '-pix_fmt yuv420p' will be used.
  PuKPg4mmafe/5246: 82 steps -> 335 frames (22.3s)  3710 KB  0.9s
Multiple -pix_fmt options specified for stream 0, only the last option '-pix_fmt yuv420p' will be used.
  PuKPg4mmafe/6011: 25 steps -> 95 frames (6.3s)  824 KB  0.3s
Multiple -pix_fmt options specified for stream 0, only the last option '-pix_fmt yuv420p' will be used.
  PuKPg4mmafe/6194: 70 steps -> 277 frames (18.4s)  1782 KB  0.7s
Multiple -pix_fmt options specified for stream 0, only the last option '-pix_fmt yuv420p' will be used.
  PuKPg4mmafe/635: 60 steps -> 227 frames (15.1s)  1811 KB  0.7s
Multiple -pix_fmt options specified for stream 0, only the last option '-pix_fmt yuv420p' will be used.
  PuKPg4mmafe/677: 41 steps -> 164 frames (10.9s)  1104 KB  0.5s
Multiple -pix_fmt options specified for stream 0, only the last option '-pix_fmt yuv420p' will be used.
  PuKPg4mmafe/6965: 137 steps -> 568 frames (37.8s)  6479 KB  1.4s
Multiple -pix_fmt options specified for stream 0, only the last option '-pix_fmt yuv420p' will be used.
  PuKPg4mmafe/7361: 69 steps -> 299 frames (19.9s)  2262 KB  0.7s
Multiple -pix_fmt options specified for stream 0, only the last option '-pix_fmt yuv420p' will be used.
  PuKPg4mmafe/7727: 109 steps -> 455 frames (30.3s)  4974 KB  1.2s
Multiple -pix_fmt options specified for stream 0, only the last option '-pix_fmt yuv420p' will be used.
  PuKPg4mmafe/9833: 31 steps -> 126 frames (8.3s)  938 KB  0.4s
Multiple -pix_fmt options specified for stream 0, only the last option '-pix_fmt yuv420p' will be used.
  PuKPg4mmafe/9845: 70 steps -> 269 frames (17.9s)  2946 KB  0.8s
Renderer: NVIDIA GeForce RTX 4070 Ti SUPER/PCIe/SSE2 by NVIDIA Corporation
OpenGL version: 4.6.0 NVIDIA 580.173.02
Using optional features:
    GL_ARB_vertex_array_object
    GL_ARB_separate_shader_objects
    GL_ARB_robustness
    GL_ARB_texture_storage
    GL_ARB_texture_view
    GL_ARB_framebuffer_no_attachments
    GL_ARB_invalidate_subdata
    GL_ARB_texture_storage_multisample
    GL_ARB_multi_bind
    GL_ARB_direct_state_access
    GL_ARB_get_texture_sub_image
    GL_ARB_texture_filter_anisotropic
    GL_KHR_debug
    GL_KHR_parallel_shader_compile
    GL_NV_depth_buffer_float
Using driver workarounds:
    no-forward-compatible-core-context
    nv-egl-incorrect-gl11-function-pointers
    no-layout-qualifiers-on-old-glsl
    nv-zero-context-profile-mask
    nv-implementation-color-read-format-dsa-broken
    nv-cubemap-inconsistent-compressed-image-size
    nv-cubemap-broken-full-compressed-image-query
    nv-compressed-block-size-in-bits
[16:52:23:960258]:[Warning]:[Metadata] SceneDatasetAttributes.cpp(107)::addNewSceneInstanceToDataset : Dataset : 'default' : Lighting Layout Attributes 'no_lights' specified in Scene Attributes but does not exist in dataset, so creating default.
Multiple -pix_fmt options specified for stream 0, only the last option '-pix_fmt yuv420p' will be used.
  S9hNv5qa7GM/10121: 47 steps -> 203 frames (13.5s)  1360 KB  0.7s
Multiple -pix_fmt options specified for stream 0, only the last option '-pix_fmt yuv420p' will be used.
  S9hNv5qa7GM/10256: 17 steps -> 77 frames (5.1s)  453 KB  0.3s
Multiple -pix_fmt options specified for stream 0, only the last option '-pix_fmt yuv420p' will be used.
  S9hNv5qa7GM/10556: 58 steps -> 243 frames (16.1s)  1502 KB  0.7s
Multiple -pix_fmt options specified for stream 0, only the last option '-pix_fmt yuv420p' will be used.
  S9hNv5qa7GM/10580: 38 steps -> 154 frames (10.2s)  1131 KB  0.4s
Multiple -pix_fmt options specified for stream 0, only the last option '-pix_fmt yuv420p' will be used.
  S9hNv5qa7GM/1062: 27 steps -> 109 frames (7.2s)  531 KB  0.4s
Multiple -pix_fmt options specified for stream 0, only the last option '-pix_fmt yuv420p' will be used.
  S9hNv5qa7GM/1171: 45 steps -> 196 frames (13.0s)  1383 KB  0.5s
Multiple -pix_fmt options specified for stream 0, only the last option '-pix_fmt yuv420p' will be used.
  S9hNv5qa7GM/1373: 49 steps -> 204 frames (13.5s)  1098 KB  0.5s
Multiple -pix_fmt options specified for stream 0, only the last option '-pix_fmt yuv420p' will be used.
  S9hNv5qa7GM/1562: 23 steps -> 89 frames (5.9s)  458 KB  0.3s
Multiple -pix_fmt options specified for stream 0, only the last option '-pix_fmt yuv420p' will be used.
  S9hNv5qa7GM/1592: 32 steps -> 136 frames (9.0s)  1043 KB  0.5s
Multiple -pix_fmt options specified for stream 0, only the last option '-pix_fmt yuv420p' will be used.
  S9hNv5qa7GM/1658: 45 steps -> 184 frames (12.2s)  870 KB  0.5s
Multiple -pix_fmt options specified for stream 0, only the last option '-pix_fmt yuv420p' will be used.
  S9hNv5qa7GM/1793: 35 steps -> 149 frames (9.9s)  997 KB  0.4s
Multiple -pix_fmt options specified for stream 0, only the last option '-pix_fmt yuv420p' will be used.
  S9hNv5qa7GM/1844: 46 steps -> 186 frames (12.3s)  1196 KB  0.5s
Multiple -pix_fmt options specified for stream 0, only the last option '-pix_fmt yuv420p' will be used.
  S9hNv5qa7GM/1922: 34 steps -> 138 frames (9.1s)  652 KB  0.4s
Multiple -pix_fmt options specified for stream 0, only the last option '-pix_fmt yuv420p' will be used.
  S9hNv5qa7GM/2009: 23 steps -> 99 frames (6.5s)  591 KB  0.3s
Multiple -pix_fmt options specified for stream 0, only the last option '-pix_fmt yuv420p' will be used.
  S9hNv5qa7GM/2033: 37 steps -> 156 frames (10.3s)  703 KB  0.4s
Multiple -pix_fmt options specified for stream 0, only the last option '-pix_fmt yuv420p' will be used.
  S9hNv5qa7GM/2159: 44 steps -> 182 frames (12.1s)  775 KB  0.5s
Multiple -pix_fmt options specified for stream 0, only the last option '-pix_fmt yuv420p' will be used.
  S9hNv5qa7GM/2195: 31 steps -> 128 frames (8.5s)  578 KB  0.4s
Multiple -pix_fmt options specified for stream 0, only the last option '-pix_fmt yuv420p' will be used.
  S9hNv5qa7GM/2198: 20 steps -> 83 frames (5.5s)  397 KB  0.3s
Multiple -pix_fmt options specified for stream 0, only the last option '-pix_fmt yuv420p' will be used.
  S9hNv5qa7GM/2381: 40 steps -> 165 frames (10.9s)  1131 KB  0.5s
Multiple -pix_fmt options specified for stream 0, only the last option '-pix_fmt yuv420p' will be used.
  S9hNv5qa7GM/2396: 44 steps -> 184 frames (12.2s)  1103 KB  0.5s
Multiple -pix_fmt options specified for stream 0, only the last option '-pix_fmt yuv420p' will be used.
  S9hNv5qa7GM/2540: 55 steps -> 237 frames (15.7s)  1057 KB  0.6s
Multiple -pix_fmt options specified for stream 0, only the last option '-pix_fmt yuv420p' will be used.
  S9hNv5qa7GM/2552: 17 steps -> 69 frames (4.5s)  242 KB  0.3s
Multiple -pix_fmt options specified for stream 0, only the last option '-pix_fmt yuv420p' will be used.
  S9hNv5qa7GM/2606: 44 steps -> 192 frames (12.7s)  1136 KB  0.6s
Multiple -pix_fmt options specified for stream 0, only the last option '-pix_fmt yuv420p' will be used.
  S9hNv5qa7GM/2900: 23 steps -> 92 frames (6.1s)  431 KB  0.3s
Multiple -pix_fmt options specified for stream 0, only the last option '-pix_fmt yuv420p' will be used.
  S9hNv5qa7GM/3179: 46 steps -> 187 frames (12.4s)  945 KB  0.6s
Multiple -pix_fmt options specified for stream 0, only the last option '-pix_fmt yuv420p' will be used.
  S9hNv5qa7GM/3221: 37 steps -> 153 frames (10.1s)  744 KB  0.4s
Multiple -pix_fmt options specified for stream 0, only the last option '-pix_fmt yuv420p' will be used.
  S9hNv5qa7GM/3275: 19 steps -> 79 frames (5.2s)  389 KB  0.3s
Multiple -pix_fmt options specified for stream 0, only the last option '-pix_fmt yuv420p' will be used.
  S9hNv5qa7GM/3296: 26 steps -> 121 frames (8.0s)  720 KB  0.4s
Multiple -pix_fmt options specified for stream 0, only the last option '-pix_fmt yuv420p' will be used.
  S9hNv5qa7GM/3389: 55 steps -> 227 frames (15.1s)  1349 KB  0.6s
Multiple -pix_fmt options specified for stream 0, only the last option '-pix_fmt yuv420p' will be used.
  S9hNv5qa7GM/3419: 60 steps -> 248 frames (16.5s)  1277 KB  0.6s
Multiple -pix_fmt options specified for stream 0, only the last option '-pix_fmt yuv420p' will be used.
  S9hNv5qa7GM/3698: 22 steps -> 92 frames (6.1s)  447 KB  0.3s
Multiple -pix_fmt options specified for stream 0, only the last option '-pix_fmt yuv420p' will be used.
  S9hNv5qa7GM/3851: 16 steps -> 62 frames (4.1s)  274 KB  0.3s
Multiple -pix_fmt options specified for stream 0, only the last option '-pix_fmt yuv420p' will be used.
  S9hNv5qa7GM/4022: 28 steps -> 117 frames (7.7s)  516 KB  0.4s
Multiple -pix_fmt options specified for stream 0, only the last option '-pix_fmt yuv420p' will be used.
  S9hNv5qa7GM/4118: 24 steps -> 104 frames (6.9s)  1006 KB  0.4s
Multiple -pix_fmt options specified for stream 0, only the last option '-pix_fmt yuv420p' will be used.
  S9hNv5qa7GM/4157: 21 steps -> 82 frames (5.4s)  373 KB  0.3s
Multiple -pix_fmt options specified for stream 0, only the last option '-pix_fmt yuv420p' will be used.
  S9hNv5qa7GM/4301: 51 steps -> 213 frames (14.1s)  1476 KB  0.7s
Multiple -pix_fmt options specified for stream 0, only the last option '-pix_fmt yuv420p' will be used.
  S9hNv5qa7GM/4424: 27 steps -> 116 frames (7.7s)  762 KB  0.4s
Multiple -pix_fmt options specified for stream 0, only the last option '-pix_fmt yuv420p' will be used.
  S9hNv5qa7GM/4583: 31 steps -> 129 frames (8.5s)  940 KB  0.5s
Multiple -pix_fmt options specified for stream 0, only the last option '-pix_fmt yuv420p' will be used.
  S9hNv5qa7GM/4721: 37 steps -> 153 frames (10.1s)  740 KB  0.5s
Multiple -pix_fmt options specified for stream 0, only the last option '-pix_fmt yuv420p' will be used.
  S9hNv5qa7GM/521: 19 steps -> 78 frames (5.1s)  376 KB  0.3s
Multiple -pix_fmt options specified for stream 0, only the last option '-pix_fmt yuv420p' will be used.
  S9hNv5qa7GM/5441: 33 steps -> 135 frames (8.9s)  922 KB  0.4s
Multiple -pix_fmt options specified for stream 0, only the last option '-pix_fmt yuv420p' will be used.
  S9hNv5qa7GM/5501: 30 steps -> 116 frames (7.7s)  554 KB  0.3s
Multiple -pix_fmt options specified for stream 0, only the last option '-pix_fmt yuv420p' will be used.
  S9hNv5qa7GM/5639: 38 steps -> 158 frames (10.5s)  639 KB  0.5s
Multiple -pix_fmt options specified for stream 0, only the last option '-pix_fmt yuv420p' will be used.
  S9hNv5qa7GM/5864: 33 steps -> 134 frames (8.9s)  587 KB  0.4s
Multiple -pix_fmt options specified for stream 0, only the last option '-pix_fmt yuv420p' will be used.
  S9hNv5qa7GM/5975: 34 steps -> 144 frames (9.5s)  940 KB  0.4s
Multiple -pix_fmt options specified for stream 0, only the last option '-pix_fmt yuv420p' will be used.
  S9hNv5qa7GM/6059: 24 steps -> 94 frames (6.2s)  506 KB  0.3s
Multiple -pix_fmt options specified for stream 0, only the last option '-pix_fmt yuv420p' will be used.
  S9hNv5qa7GM/6134: 18 steps -> 67 frames (4.4s)  526 KB  0.3s
Multiple -pix_fmt options specified for stream 0, only the last option '-pix_fmt yuv420p' will be used.
  S9hNv5qa7GM/6149: 46 steps -> 189 frames (12.5s)  1072 KB  0.6s
Multiple -pix_fmt options specified for stream 0, only the last option '-pix_fmt yuv420p' will be used.
  S9hNv5qa7GM/638: 17 steps -> 69 frames (4.5s)  242 KB  0.3s
Multiple -pix_fmt options specified for stream 0, only the last option '-pix_fmt yuv420p' will be used.
  S9hNv5qa7GM/647: 37 steps -> 149 frames (9.9s)  733 KB  0.4s
Multiple -pix_fmt options specified for stream 0, only the last option '-pix_fmt yuv420p' will be used.
  S9hNv5qa7GM/6500: 23 steps -> 92 frames (6.1s)  644 KB  0.3s
Multiple -pix_fmt options specified for stream 0, only the last option '-pix_fmt yuv420p' will be used.
  S9hNv5qa7GM/6842: 44 steps -> 191 frames (12.7s)  881 KB  0.5s
Multiple -pix_fmt options specified for stream 0, only the last option '-pix_fmt yuv420p' will be used.
  S9hNv5qa7GM/6920: 47 steps -> 198 frames (13.1s)  888 KB  0.5s
Multiple -pix_fmt options specified for stream 0, only the last option '-pix_fmt yuv420p' will be used.
  S9hNv5qa7GM/7058: 25 steps -> 99 frames (6.5s)  439 KB  0.3s
Multiple -pix_fmt options specified for stream 0, only the last option '-pix_fmt yuv420p' will be used.
  S9hNv5qa7GM/7067: 23 steps -> 92 frames (6.1s)  435 KB  0.3s
Multiple -pix_fmt options specified for stream 0, only the last option '-pix_fmt yuv420p' will be used.
  S9hNv5qa7GM/7403: 24 steps -> 99 frames (6.5s)  459 KB  0.3s
Multiple -pix_fmt options specified for stream 0, only the last option '-pix_fmt yuv420p' will be used.
  S9hNv5qa7GM/7664: 31 steps -> 137 frames (9.1s)  452 KB  0.4s
Multiple -pix_fmt options specified for stream 0, only the last option '-pix_fmt yuv420p' will be used.
  S9hNv5qa7GM/7913: 18 steps -> 70 frames (4.6s)  309 KB  0.3s
Multiple -pix_fmt options specified for stream 0, only the last option '-pix_fmt yuv420p' will be used.
  S9hNv5qa7GM/7916: 49 steps -> 204 frames (13.5s)  953 KB  0.6s
Multiple -pix_fmt options specified for stream 0, only the last option '-pix_fmt yuv420p' will be used.
  S9hNv5qa7GM/7958: 39 steps -> 159 frames (10.5s)  1183 KB  0.5s
Multiple -pix_fmt options specified for stream 0, only the last option '-pix_fmt yuv420p' will be used.
  S9hNv5qa7GM/803: 33 steps -> 136 frames (9.0s)  687 KB  0.4s
Multiple -pix_fmt options specified for stream 0, only the last option '-pix_fmt yuv420p' will be used.
  S9hNv5qa7GM/8042: 15 steps -> 61 frames (4.0s)  253 KB  0.3s
Multiple -pix_fmt options specified for stream 0, only the last option '-pix_fmt yuv420p' will be used.
  S9hNv5qa7GM/8306: 19 steps -> 78 frames (5.1s)  432 KB  0.3s
Multiple -pix_fmt options specified for stream 0, only the last option '-pix_fmt yuv420p' will be used.
  S9hNv5qa7GM/8330: 34 steps -> 148 frames (9.8s)  692 KB  0.5s
Multiple -pix_fmt options specified for stream 0, only the last option '-pix_fmt yuv420p' will be used.
  S9hNv5qa7GM/8345: 21 steps -> 97 frames (6.4s)  884 KB  0.4s
Multiple -pix_fmt options specified for stream 0, only the last option '-pix_fmt yuv420p' will be used.
  S9hNv5qa7GM/845: 27 steps -> 113 frames (7.5s)  569 KB  0.4s
Multiple -pix_fmt options specified for stream 0, only the last option '-pix_fmt yuv420p' will be used.
  S9hNv5qa7GM/8516: 27 steps -> 114 frames (7.5s)  879 KB  0.4s
Multiple -pix_fmt options specified for stream 0, only the last option '-pix_fmt yuv420p' will be used.
  S9hNv5qa7GM/8525: 20 steps -> 80 frames (5.3s)  448 KB  0.3s
Multiple -pix_fmt options specified for stream 0, only the last option '-pix_fmt yuv420p' will be used.
  S9hNv5qa7GM/8633: 35 steps -> 148 frames (9.8s)  841 KB  0.4s
Multiple -pix_fmt options specified for stream 0, only the last option '-pix_fmt yuv420p' will be used.
  S9hNv5qa7GM/8723: 28 steps -> 118 frames (7.8s)  601 KB  0.4s
Multiple -pix_fmt options specified for stream 0, only the last option '-pix_fmt yuv420p' will be used.
  S9hNv5qa7GM/8843: 18 steps -> 67 frames (4.4s)  286 KB  0.3s
Multiple -pix_fmt options specified for stream 0, only the last option '-pix_fmt yuv420p' will be used.
  S9hNv5qa7GM/8924: 36 steps -> 143 frames (9.5s)  725 KB  0.4s
Multiple -pix_fmt options specified for stream 0, only the last option '-pix_fmt yuv420p' will be used.
  S9hNv5qa7GM/8975: 22 steps -> 94 frames (6.2s)  339 KB  0.3s
Multiple -pix_fmt options specified for stream 0, only the last option '-pix_fmt yuv420p' will be used.
  S9hNv5qa7GM/9206: 12 steps -> 46 frames (3.0s)  221 KB  0.3s
Multiple -pix_fmt options specified for stream 0, only the last option '-pix_fmt yuv420p' will be used.
  S9hNv5qa7GM/9254: 33 steps -> 136 frames (9.0s)  636 KB  0.4s
Multiple -pix_fmt options specified for stream 0, only the last option '-pix_fmt yuv420p' will be used.
  S9hNv5qa7GM/9281: 32 steps -> 130 frames (8.6s)  520 KB  0.4s
Multiple -pix_fmt options specified for stream 0, only the last option '-pix_fmt yuv420p' will be used.
  S9hNv5qa7GM/9362: 27 steps -> 111 frames (7.3s)  746 KB  0.3s
Multiple -pix_fmt options specified for stream 0, only the last option '-pix_fmt yuv420p' will be used.
  S9hNv5qa7GM/94: 35 steps -> 151 frames (10.0s)  653 KB  0.4s
Multiple -pix_fmt options specified for stream 0, only the last option '-pix_fmt yuv420p' will be used.
  S9hNv5qa7GM/9461: 21 steps -> 91 frames (6.0s)  294 KB  0.3s
Multiple -pix_fmt options specified for stream 0, only the last option '-pix_fmt yuv420p' will be used.
  S9hNv5qa7GM/9659: 48 steps -> 194 frames (12.9s)  1258 KB  0.5s
Multiple -pix_fmt options specified for stream 0, only the last option '-pix_fmt yuv420p' will be used.
  S9hNv5qa7GM/9881: 41 steps -> 171 frames (11.3s)  766 KB  0.5s
Multiple -pix_fmt options specified for stream 0, only the last option '-pix_fmt yuv420p' will be used.
  S9hNv5qa7GM/9980: 41 steps -> 166 frames (11.0s)  1225 KB  0.5s
Renderer: NVIDIA GeForce RTX 4070 Ti SUPER/PCIe/SSE2 by NVIDIA Corporation
OpenGL version: 4.6.0 NVIDIA 580.173.02
Using optional features:
    GL_ARB_vertex_array_object
    GL_ARB_separate_shader_objects
    GL_ARB_robustness
    GL_ARB_texture_storage
    GL_ARB_texture_view
    GL_ARB_framebuffer_no_attachments
    GL_ARB_invalidate_subdata
    GL_ARB_texture_storage_multisample
    GL_ARB_multi_bind
    GL_ARB_direct_state_access
    GL_ARB_get_texture_sub_image
    GL_ARB_texture_filter_anisotropic
    GL_KHR_debug
    GL_KHR_parallel_shader_compile
    GL_NV_depth_buffer_float
Using driver workarounds:
    no-forward-compatible-core-context
    nv-egl-incorrect-gl11-function-pointers
    no-layout-qualifiers-on-old-glsl
    nv-zero-context-profile-mask
    nv-implementation-color-read-format-dsa-broken
    nv-cubemap-inconsistent-compressed-image-size
    nv-cubemap-broken-full-compressed-image-query
    nv-compressed-block-size-in-bits
[16:53:01:406008]:[Warning]:[Metadata] SceneDatasetAttributes.cpp(107)::addNewSceneInstanceToDataset : Dataset : 'default' : Lighting Layout Attributes 'no_lights' specified in Scene Attributes but does not exist in dataset, so creating default.
Multiple -pix_fmt options specified for stream 0, only the last option '-pix_fmt yuv420p' will be used.
  SN83YJsR3w2/10292: 53 steps -> 204 frames (13.5s)  1421 KB  0.8s
Multiple -pix_fmt options specified for stream 0, only the last option '-pix_fmt yuv420p' will be used.
  SN83YJsR3w2/10619: 53 steps -> 226 frames (15.0s)  1722 KB  0.6s
Multiple -pix_fmt options specified for stream 0, only the last option '-pix_fmt yuv420p' will be used.
  SN83YJsR3w2/10640: 19 steps -> 72 frames (4.7s)  495 KB  0.3s
Multiple -pix_fmt options specified for stream 0, only the last option '-pix_fmt yuv420p' will be used.
  SN83YJsR3w2/1065: 34 steps -> 139 frames (9.2s)  705 KB  0.5s
Multiple -pix_fmt options specified for stream 0, only the last option '-pix_fmt yuv420p' will be used.
  SN83YJsR3w2/10706: 38 steps -> 156 frames (10.3s)  1881 KB  0.5s
Multiple -pix_fmt options specified for stream 0, only the last option '-pix_fmt yuv420p' will be used.
  SN83YJsR3w2/1219: 66 steps -> 272 frames (18.1s)  2989 KB  0.8s
Multiple -pix_fmt options specified for stream 0, only the last option '-pix_fmt yuv420p' will be used.
  SN83YJsR3w2/1418: 41 steps -> 163 frames (10.8s)  1165 KB  0.5s
Multiple -pix_fmt options specified for stream 0, only the last option '-pix_fmt yuv420p' will be used.
  SN83YJsR3w2/1469: 45 steps -> 181 frames (12.0s)  1225 KB  0.6s
Multiple -pix_fmt options specified for stream 0, only the last option '-pix_fmt yuv420p' will be used.
  SN83YJsR3w2/1595: 21 steps -> 78 frames (5.1s)  764 KB  0.3s
Multiple -pix_fmt options specified for stream 0, only the last option '-pix_fmt yuv420p' will be used.
  SN83YJsR3w2/1637: 16 steps -> 65 frames (4.3s)  506 KB  0.3s
Multiple -pix_fmt options specified for stream 0, only the last option '-pix_fmt yuv420p' will be used.
  SN83YJsR3w2/1985: 36 steps -> 144 frames (9.5s)  1108 KB  0.6s
Multiple -pix_fmt options specified for stream 0, only the last option '-pix_fmt yuv420p' will be used.
  SN83YJsR3w2/2114: 27 steps -> 98 frames (6.5s)  1000 KB  0.4s
Multiple -pix_fmt options specified for stream 0, only the last option '-pix_fmt yuv420p' will be used.
  SN83YJsR3w2/2270: 28 steps -> 117 frames (7.7s)  720 KB  0.5s
Multiple -pix_fmt options specified for stream 0, only the last option '-pix_fmt yuv420p' will be used.
  SN83YJsR3w2/2417: 16 steps -> 69 frames (4.5s)  297 KB  0.3s
Multiple -pix_fmt options specified for stream 0, only the last option '-pix_fmt yuv420p' will be used.
  SN83YJsR3w2/2429: 53 steps -> 225 frames (14.9s)  2406 KB  0.8s
Multiple -pix_fmt options specified for stream 0, only the last option '-pix_fmt yuv420p' will be used.
  SN83YJsR3w2/2435: 36 steps -> 149 frames (9.9s)  1196 KB  0.6s
Multiple -pix_fmt options specified for stream 0, only the last option '-pix_fmt yuv420p' will be used.
  SN83YJsR3w2/272: 48 steps -> 196 frames (13.0s)  1273 KB  0.7s
Multiple -pix_fmt options specified for stream 0, only the last option '-pix_fmt yuv420p' will be used.
  SN83YJsR3w2/2789: 71 steps -> 281 frames (18.7s)  3129 KB  0.8s
Multiple -pix_fmt options specified for stream 0, only the last option '-pix_fmt yuv420p' will be used.
  SN83YJsR3w2/3041: 46 steps -> 195 frames (12.9s)  1910 KB  0.6s
Multiple -pix_fmt options specified for stream 0, only the last option '-pix_fmt yuv420p' will be used.
  SN83YJsR3w2/3062: 67 steps -> 275 frames (18.3s)  2465 KB  0.8s
Multiple -pix_fmt options specified for stream 0, only the last option '-pix_fmt yuv420p' will be used.
  SN83YJsR3w2/3113: 46 steps -> 182 frames (12.1s)  1829 KB  0.6s
Multiple -pix_fmt options specified for stream 0, only the last option '-pix_fmt yuv420p' will be used.
  SN83YJsR3w2/3137: 47 steps -> 207 frames (13.7s)  2720 KB  0.7s
Multiple -pix_fmt options specified for stream 0, only the last option '-pix_fmt yuv420p' will be used.
  SN83YJsR3w2/3194: 59 steps -> 238 frames (15.8s)  3133 KB  0.8s
Multiple -pix_fmt options specified for stream 0, only the last option '-pix_fmt yuv420p' will be used.
  SN83YJsR3w2/3314: 24 steps -> 102 frames (6.7s)  1242 KB  0.4s
Multiple -pix_fmt options specified for stream 0, only the last option '-pix_fmt yuv420p' will be used.
  SN83YJsR3w2/3527: 42 steps -> 171 frames (11.3s)  1113 KB  0.6s
Multiple -pix_fmt options specified for stream 0, only the last option '-pix_fmt yuv420p' will be used.
  SN83YJsR3w2/3611: 17 steps -> 64 frames (4.2s)  476 KB  0.3s
Multiple -pix_fmt options specified for stream 0, only the last option '-pix_fmt yuv420p' will be used.
  SN83YJsR3w2/3662: 57 steps -> 240 frames (15.9s)  1808 KB  0.8s
Multiple -pix_fmt options specified for stream 0, only the last option '-pix_fmt yuv420p' will be used.
  SN83YJsR3w2/3734: 29 steps -> 107 frames (7.1s)  1166 KB  0.4s
Multiple -pix_fmt options specified for stream 0, only the last option '-pix_fmt yuv420p' will be used.
  SN83YJsR3w2/3980: 47 steps -> 188 frames (12.5s)  2191 KB  0.6s
Multiple -pix_fmt options specified for stream 0, only the last option '-pix_fmt yuv420p' will be used.
  SN83YJsR3w2/4043: 65 steps -> 272 frames (18.1s)  2181 KB  0.9s
Multiple -pix_fmt options specified for stream 0, only the last option '-pix_fmt yuv420p' will be used.
  SN83YJsR3w2/4139: 34 steps -> 128 frames (8.5s)  950 KB  0.5s
Multiple -pix_fmt options specified for stream 0, only the last option '-pix_fmt yuv420p' will be used.
  SN83YJsR3w2/4259: 46 steps -> 199 frames (13.2s)  1118 KB  0.6s
Multiple -pix_fmt options specified for stream 0, only the last option '-pix_fmt yuv420p' will be used.
  SN83YJsR3w2/4409: 62 steps -> 255 frames (16.9s)  2721 KB  0.8s
Multiple -pix_fmt options specified for stream 0, only the last option '-pix_fmt yuv420p' will be used.
  SN83YJsR3w2/4541: 58 steps -> 241 frames (16.0s)  2004 KB  0.8s
Multiple -pix_fmt options specified for stream 0, only the last option '-pix_fmt yuv420p' will be used.
  SN83YJsR3w2/4553: 17 steps -> 69 frames (4.5s)  373 KB  0.3s
Multiple -pix_fmt options specified for stream 0, only the last option '-pix_fmt yuv420p' will be used.
  SN83YJsR3w2/4736: 53 steps -> 222 frames (14.7s)  2944 KB  0.8s
Multiple -pix_fmt options specified for stream 0, only the last option '-pix_fmt yuv420p' will be used.
  SN83YJsR3w2/4751: 38 steps -> 162 frames (10.7s)  1292 KB  0.6s
Multiple -pix_fmt options specified for stream 0, only the last option '-pix_fmt yuv420p' will be used.
  SN83YJsR3w2/4832: 31 steps -> 133 frames (8.8s)  753 KB  0.5s
Multiple -pix_fmt options specified for stream 0, only the last option '-pix_fmt yuv420p' will be used.
  SN83YJsR3w2/4898: 30 steps -> 118 frames (7.8s)  931 KB  0.5s
Multiple -pix_fmt options specified for stream 0, only the last option '-pix_fmt yuv420p' will be used.
  SN83YJsR3w2/5261: 38 steps -> 166 frames (11.0s)  1368 KB  0.6s
Multiple -pix_fmt options specified for stream 0, only the last option '-pix_fmt yuv420p' will be used.
  SN83YJsR3w2/5375: 39 steps -> 147 frames (9.7s)  972 KB  0.5s
Multiple -pix_fmt options specified for stream 0, only the last option '-pix_fmt yuv420p' will be used.
  SN83YJsR3w2/5906: 25 steps -> 91 frames (6.0s)  598 KB  0.4s
Multiple -pix_fmt options specified for stream 0, only the last option '-pix_fmt yuv420p' will be used.
  SN83YJsR3w2/5981: 35 steps -> 144 frames (9.5s)  1780 KB  0.6s
Multiple -pix_fmt options specified for stream 0, only the last option '-pix_fmt yuv420p' will be used.
  SN83YJsR3w2/6155: 39 steps -> 162 frames (10.7s)  1482 KB  0.6s
Multiple -pix_fmt options specified for stream 0, only the last option '-pix_fmt yuv420p' will be used.
  SN83YJsR3w2/6284: 43 steps -> 169 frames (11.2s)  1213 KB  0.6s
Multiple -pix_fmt options specified for stream 0, only the last option '-pix_fmt yuv420p' will be used.
  SN83YJsR3w2/6368: 21 steps -> 82 frames (5.4s)  593 KB  0.4s
Multiple -pix_fmt options specified for stream 0, only the last option '-pix_fmt yuv420p' will be used.
  SN83YJsR3w2/6527: 37 steps -> 158 frames (10.5s)  1154 KB  0.6s
Multiple -pix_fmt options specified for stream 0, only the last option '-pix_fmt yuv420p' will be used.
  SN83YJsR3w2/7001: 51 steps -> 214 frames (14.2s)  1748 KB  0.8s
Multiple -pix_fmt options specified for stream 0, only the last option '-pix_fmt yuv420p' will be used.
  SN83YJsR3w2/713: 33 steps -> 133 frames (8.8s)  795 KB  0.5s
Multiple -pix_fmt options specified for stream 0, only the last option '-pix_fmt yuv420p' will be used.
  SN83YJsR3w2/7136: 53 steps -> 222 frames (14.7s)  2647 KB  0.8s
Multiple -pix_fmt options specified for stream 0, only the last option '-pix_fmt yuv420p' will be used.
  SN83YJsR3w2/7163: 63 steps -> 259 frames (17.2s)  1979 KB  0.8s
Multiple -pix_fmt options specified for stream 0, only the last option '-pix_fmt yuv420p' will be used.
  SN83YJsR3w2/7208: 60 steps -> 242 frames (16.1s)  2059 KB  0.9s
Multiple -pix_fmt options specified for stream 0, only the last option '-pix_fmt yuv420p' will be used.
  SN83YJsR3w2/7226: 37 steps -> 148 frames (9.8s)  1249 KB  0.5s
Multiple -pix_fmt options specified for stream 0, only the last option '-pix_fmt yuv420p' will be used.
  SN83YJsR3w2/7841: 42 steps -> 164 frames (10.9s)  1233 KB  0.6s
Multiple -pix_fmt options specified for stream 0, only the last option '-pix_fmt yuv420p' will be used.
  SN83YJsR3w2/7970: 34 steps -> 142 frames (9.4s)  877 KB  0.5s
Multiple -pix_fmt options specified for stream 0, only the last option '-pix_fmt yuv420p' will be used.
  SN83YJsR3w2/8075: 46 steps -> 195 frames (12.9s)  849 KB  0.7s
Multiple -pix_fmt options specified for stream 0, only the last option '-pix_fmt yuv420p' will be used.
  SN83YJsR3w2/8159: 25 steps -> 98 frames (6.5s)  1049 KB  0.4s
Multiple -pix_fmt options specified for stream 0, only the last option '-pix_fmt yuv420p' will be used.
  SN83YJsR3w2/8195: 19 steps -> 79 frames (5.2s)  595 KB  0.4s
Multiple -pix_fmt options specified for stream 0, only the last option '-pix_fmt yuv420p' will be used.
  SN83YJsR3w2/8198: 80 steps -> 329 frames (21.9s)  3415 KB  1.1s
Multiple -pix_fmt options specified for stream 0, only the last option '-pix_fmt yuv420p' will be used.
  SN83YJsR3w2/8231: 62 steps -> 255 frames (16.9s)  2913 KB  0.8s
Multiple -pix_fmt options specified for stream 0, only the last option '-pix_fmt yuv420p' will be used.
  SN83YJsR3w2/8375: 59 steps -> 231 frames (15.3s)  1555 KB  0.7s
Multiple -pix_fmt options specified for stream 0, only the last option '-pix_fmt yuv420p' will be used.
  SN83YJsR3w2/842: 44 steps -> 174 frames (11.5s)  1340 KB  0.6s
Multiple -pix_fmt options specified for stream 0, only the last option '-pix_fmt yuv420p' will be used.
  SN83YJsR3w2/8597: 74 steps -> 306 frames (20.3s)  3469 KB  1.0s
Multiple -pix_fmt options specified for stream 0, only the last option '-pix_fmt yuv420p' will be used.
  SN83YJsR3w2/8675: 67 steps -> 277 frames (18.4s)  2760 KB  0.8s
Multiple -pix_fmt options specified for stream 0, only the last option '-pix_fmt yuv420p' will be used.
  SN83YJsR3w2/8717: 69 steps -> 290 frames (19.3s)  2567 KB  0.9s
Multiple -pix_fmt options specified for stream 0, only the last option '-pix_fmt yuv420p' will be used.
  SN83YJsR3w2/878: 31 steps -> 128 frames (8.5s)  1031 KB  0.4s
Multiple -pix_fmt options specified for stream 0, only the last option '-pix_fmt yuv420p' will be used.
  SN83YJsR3w2/8780: 32 steps -> 133 frames (8.8s)  802 KB  0.5s
Multiple -pix_fmt options specified for stream 0, only the last option '-pix_fmt yuv420p' will be used.
  SN83YJsR3w2/8879: 40 steps -> 164 frames (10.9s)  1241 KB  0.6s
Multiple -pix_fmt options specified for stream 0, only the last option '-pix_fmt yuv420p' will be used.
  SN83YJsR3w2/9044: 62 steps -> 259 frames (17.2s)  2944 KB  0.9s
Multiple -pix_fmt options specified for stream 0, only the last option '-pix_fmt yuv420p' will be used.
  SN83YJsR3w2/933: 51 steps -> 207 frames (13.7s)  2652 KB  0.7s
Multiple -pix_fmt options specified for stream 0, only the last option '-pix_fmt yuv420p' will be used.
  SN83YJsR3w2/9407: 52 steps -> 206 frames (13.7s)  2638 KB  0.7s
Multiple -pix_fmt options specified for stream 0, only the last option '-pix_fmt yuv420p' will be used.
  SN83YJsR3w2/9410: 36 steps -> 152 frames (10.1s)  1757 KB  0.6s
Multiple -pix_fmt options specified for stream 0, only the last option '-pix_fmt yuv420p' will be used.
  SN83YJsR3w2/9476: 19 steps -> 81 frames (5.3s)  633 KB  0.4s
Multiple -pix_fmt options specified for stream 0, only the last option '-pix_fmt yuv420p' will be used.
  SN83YJsR3w2/9503: 27 steps -> 120 frames (7.9s)  739 KB  0.5s
Multiple -pix_fmt options specified for stream 0, only the last option '-pix_fmt yuv420p' will be used.
  SN83YJsR3w2/975: 37 steps -> 153 frames (10.1s)  1430 KB  0.6s
Multiple -pix_fmt options specified for stream 0, only the last option '-pix_fmt yuv420p' will be used.
  SN83YJsR3w2/9836: 41 steps -> 165 frames (10.9s)  1737 KB  0.6s
Multiple -pix_fmt options specified for stream 0, only the last option '-pix_fmt yuv420p' will be used.
  SN83YJsR3w2/9908: 69 steps -> 277 frames (18.4s)  3065 KB  1.0s
Renderer: NVIDIA GeForce RTX 4070 Ti SUPER/PCIe/SSE2 by NVIDIA Corporation
OpenGL version: 4.6.0 NVIDIA 580.173.02
Using optional features:
    GL_ARB_vertex_array_object
    GL_ARB_separate_shader_objects
    GL_ARB_robustness
    GL_ARB_texture_storage
    GL_ARB_texture_view
    GL_ARB_framebuffer_no_attachments
    GL_ARB_invalidate_subdata
    GL_ARB_texture_storage_multisample
    GL_ARB_multi_bind
    GL_ARB_direct_state_access
    GL_ARB_get_texture_sub_image
    GL_ARB_texture_filter_anisotropic
    GL_KHR_debug
    GL_KHR_parallel_shader_compile
    GL_NV_depth_buffer_float
Using driver workarounds:
    no-forward-compatible-core-context
    nv-egl-incorrect-gl11-function-pointers
    no-layout-qualifiers-on-old-glsl
    nv-zero-context-profile-mask
    nv-implementation-color-read-format-dsa-broken
    nv-cubemap-inconsistent-compressed-image-size
    nv-cubemap-broken-full-compressed-image-query
    nv-compressed-block-size-in-bits
[16:53:59:544554]:[Warning]:[Metadata] SceneDatasetAttributes.cpp(107)::addNewSceneInstanceToDataset : Dataset : 'default' : Lighting Layout Attributes 'no_lights' specified in Scene Attributes but does not exist in dataset, so creating default.
Multiple -pix_fmt options specified for stream 0, only the last option '-pix_fmt yuv420p' will be used.
  ULsKaCPVFJR/10067: 37 steps -> 162 frames (10.7s)  1007 KB  0.6s
Multiple -pix_fmt options specified for stream 0, only the last option '-pix_fmt yuv420p' will be used.
  ULsKaCPVFJR/10112: 28 steps -> 116 frames (7.7s)  905 KB  0.4s
Multiple -pix_fmt options specified for stream 0, only the last option '-pix_fmt yuv420p' will be used.
  ULsKaCPVFJR/1020: 39 steps -> 166 frames (11.0s)  902 KB  0.4s
Multiple -pix_fmt options specified for stream 0, only the last option '-pix_fmt yuv420p' will be used.
  ULsKaCPVFJR/1029: 24 steps -> 100 frames (6.6s)  525 KB  0.3s
Multiple -pix_fmt options specified for stream 0, only the last option '-pix_fmt yuv420p' will be used.
  ULsKaCPVFJR/10382: 33 steps -> 137 frames (9.1s)  612 KB  0.4s
Multiple -pix_fmt options specified for stream 0, only the last option '-pix_fmt yuv420p' will be used.
  ULsKaCPVFJR/10415: 35 steps -> 143 frames (9.5s)  831 KB  0.4s
Multiple -pix_fmt options specified for stream 0, only the last option '-pix_fmt yuv420p' will be used.
  ULsKaCPVFJR/10439: 21 steps -> 79 frames (5.2s)  389 KB  0.3s
Multiple -pix_fmt options specified for stream 0, only the last option '-pix_fmt yuv420p' will be used.
  ULsKaCPVFJR/1044: 15 steps -> 63 frames (4.1s)  249 KB  0.2s
Multiple -pix_fmt options specified for stream 0, only the last option '-pix_fmt yuv420p' will be used.
  ULsKaCPVFJR/10451: 39 steps -> 169 frames (11.2s)  1043 KB  0.5s
Multiple -pix_fmt options specified for stream 0, only the last option '-pix_fmt yuv420p' will be used.
  ULsKaCPVFJR/10481: 23 steps -> 89 frames (5.9s)  486 KB  0.3s
Multiple -pix_fmt options specified for stream 0, only the last option '-pix_fmt yuv420p' will be used.
  ULsKaCPVFJR/1101: 41 steps -> 174 frames (11.5s)  724 KB  0.5s
Multiple -pix_fmt options specified for stream 0, only the last option '-pix_fmt yuv420p' will be used.
  ULsKaCPVFJR/1251: 15 steps -> 57 frames (3.7s)  294 KB  0.3s
Multiple -pix_fmt options specified for stream 0, only the last option '-pix_fmt yuv420p' will be used.
  ULsKaCPVFJR/1427: 25 steps -> 98 frames (6.5s)  523 KB  0.4s
Multiple -pix_fmt options specified for stream 0, only the last option '-pix_fmt yuv420p' will be used.
  ULsKaCPVFJR/1487: 30 steps -> 128 frames (8.5s)  669 KB  0.4s
Multiple -pix_fmt options specified for stream 0, only the last option '-pix_fmt yuv420p' will be used.
  ULsKaCPVFJR/1556: 29 steps -> 127 frames (8.4s)  543 KB  0.4s
Multiple -pix_fmt options specified for stream 0, only the last option '-pix_fmt yuv420p' will be used.
  ULsKaCPVFJR/1619: 40 steps -> 174 frames (11.5s)  681 KB  0.4s
Multiple -pix_fmt options specified for stream 0, only the last option '-pix_fmt yuv420p' will be used.
  ULsKaCPVFJR/1703: 19 steps -> 76 frames (5.0s)  355 KB  0.3s
Multiple -pix_fmt options specified for stream 0, only the last option '-pix_fmt yuv420p' will be used.
  ULsKaCPVFJR/175: 31 steps -> 122 frames (8.1s)  560 KB  0.4s
Multiple -pix_fmt options specified for stream 0, only the last option '-pix_fmt yuv420p' will be used.
  ULsKaCPVFJR/1931: 14 steps -> 61 frames (4.0s)  174 KB  0.2s
Multiple -pix_fmt options specified for stream 0, only the last option '-pix_fmt yuv420p' will be used.
  ULsKaCPVFJR/2045: 29 steps -> 123 frames (8.1s)  596 KB  0.4s
Multiple -pix_fmt options specified for stream 0, only the last option '-pix_fmt yuv420p' will be used.
  ULsKaCPVFJR/2282: 38 steps -> 157 frames (10.4s)  680 KB  0.5s
Multiple -pix_fmt options specified for stream 0, only the last option '-pix_fmt yuv420p' will be used.
  ULsKaCPVFJR/2300: 27 steps -> 113 frames (7.5s)  709 KB  0.4s
Multiple -pix_fmt options specified for stream 0, only the last option '-pix_fmt yuv420p' will be used.
  ULsKaCPVFJR/2411: 14 steps -> 54 frames (3.5s)  328 KB  0.3s
Multiple -pix_fmt options specified for stream 0, only the last option '-pix_fmt yuv420p' will be used.
  ULsKaCPVFJR/2444: 18 steps -> 77 frames (5.1s)  466 KB  0.3s
Multiple -pix_fmt options specified for stream 0, only the last option '-pix_fmt yuv420p' will be used.
  ULsKaCPVFJR/2573: 34 steps -> 140 frames (9.3s)  664 KB  0.4s
Multiple -pix_fmt options specified for stream 0, only the last option '-pix_fmt yuv420p' will be used.
  ULsKaCPVFJR/2582: 24 steps -> 103 frames (6.8s)  423 KB  0.3s
Multiple -pix_fmt options specified for stream 0, only the last option '-pix_fmt yuv420p' will be used.
  ULsKaCPVFJR/2588: 33 steps -> 134 frames (8.9s)  756 KB  0.4s
Multiple -pix_fmt options specified for stream 0, only the last option '-pix_fmt yuv420p' will be used.
  ULsKaCPVFJR/2621: 19 steps -> 74 frames (4.9s)  454 KB  0.3s
Multiple -pix_fmt options specified for stream 0, only the last option '-pix_fmt yuv420p' will be used.
  ULsKaCPVFJR/2822: 30 steps -> 124 frames (8.2s)  639 KB  0.4s
Multiple -pix_fmt options specified for stream 0, only the last option '-pix_fmt yuv420p' will be used.
  ULsKaCPVFJR/3077: 30 steps -> 113 frames (7.5s)  522 KB  0.3s
Multiple -pix_fmt options specified for stream 0, only the last option '-pix_fmt yuv420p' will be used.
  ULsKaCPVFJR/3116: 29 steps -> 113 frames (7.5s)  565 KB  0.4s
Multiple -pix_fmt options specified for stream 0, only the last option '-pix_fmt yuv420p' will be used.
  ULsKaCPVFJR/3479: 28 steps -> 123 frames (8.1s)  774 KB  0.4s
Multiple -pix_fmt options specified for stream 0, only the last option '-pix_fmt yuv420p' will be used.
  ULsKaCPVFJR/3680: 35 steps -> 142 frames (9.4s)  682 KB  0.4s
Multiple -pix_fmt options specified for stream 0, only the last option '-pix_fmt yuv420p' will be used.
  ULsKaCPVFJR/3737: 35 steps -> 151 frames (10.0s)  719 KB  0.4s
Multiple -pix_fmt options specified for stream 0, only the last option '-pix_fmt yuv420p' will be used.
  ULsKaCPVFJR/385: 24 steps -> 97 frames (6.4s)  584 KB  0.3s
Multiple -pix_fmt options specified for stream 0, only the last option '-pix_fmt yuv420p' will be used.
  ULsKaCPVFJR/3956: 39 steps -> 161 frames (10.7s)  935 KB  0.4s
Multiple -pix_fmt options specified for stream 0, only the last option '-pix_fmt yuv420p' will be used.
  ULsKaCPVFJR/4124: 24 steps -> 107 frames (7.1s)  347 KB  0.3s
Multiple -pix_fmt options specified for stream 0, only the last option '-pix_fmt yuv420p' will be used.
  ULsKaCPVFJR/4196: 20 steps -> 81 frames (5.3s)  676 KB  0.3s
Multiple -pix_fmt options specified for stream 0, only the last option '-pix_fmt yuv420p' will be used.
  ULsKaCPVFJR/4892: 21 steps -> 91 frames (6.0s)  316 KB  0.3s
Multiple -pix_fmt options specified for stream 0, only the last option '-pix_fmt yuv420p' will be used.
  ULsKaCPVFJR/5078: 40 steps -> 174 frames (11.5s)  835 KB  0.5s
Multiple -pix_fmt options specified for stream 0, only the last option '-pix_fmt yuv420p' will be used.
  ULsKaCPVFJR/533: 24 steps -> 103 frames (6.8s)  527 KB  0.3s
Multiple -pix_fmt options specified for stream 0, only the last option '-pix_fmt yuv420p' will be used.
  ULsKaCPVFJR/5339: 61 steps -> 263 frames (17.5s)  1441 KB  0.6s
Multiple -pix_fmt options specified for stream 0, only the last option '-pix_fmt yuv420p' will be used.
  ULsKaCPVFJR/5357: 24 steps -> 93 frames (6.1s)  392 KB  0.3s
Multiple -pix_fmt options specified for stream 0, only the last option '-pix_fmt yuv420p' will be used.
  ULsKaCPVFJR/5642: 63 steps -> 265 frames (17.6s)  1395 KB  0.7s
Multiple -pix_fmt options specified for stream 0, only the last option '-pix_fmt yuv420p' will be used.
  ULsKaCPVFJR/572: 32 steps -> 134 frames (8.9s)  650 KB  0.4s
Multiple -pix_fmt options specified for stream 0, only the last option '-pix_fmt yuv420p' will be used.
  ULsKaCPVFJR/5768: 27 steps -> 116 frames (7.7s)  471 KB  0.4s
Multiple -pix_fmt options specified for stream 0, only the last option '-pix_fmt yuv420p' will be used.
  ULsKaCPVFJR/5903: 27 steps -> 104 frames (6.9s)  481 KB  0.4s
Multiple -pix_fmt options specified for stream 0, only the last option '-pix_fmt yuv420p' will be used.
  ULsKaCPVFJR/6044: 36 steps -> 154 frames (10.2s)  733 KB  0.5s
Multiple -pix_fmt options specified for stream 0, only the last option '-pix_fmt yuv420p' will be used.
  ULsKaCPVFJR/6263: 25 steps -> 102 frames (6.7s)  472 KB  0.3s
Multiple -pix_fmt options specified for stream 0, only the last option '-pix_fmt yuv420p' will be used.
  ULsKaCPVFJR/6296: 12 steps -> 44 frames (2.9s)  255 KB  0.2s
Multiple -pix_fmt options specified for stream 0, only the last option '-pix_fmt yuv420p' will be used.
  ULsKaCPVFJR/6407: 25 steps -> 95 frames (6.3s)  467 KB  0.3s
Multiple -pix_fmt options specified for stream 0, only the last option '-pix_fmt yuv420p' will be used.
  ULsKaCPVFJR/6575: 35 steps -> 153 frames (10.1s)  739 KB  0.5s
Multiple -pix_fmt options specified for stream 0, only the last option '-pix_fmt yuv420p' will be used.
  ULsKaCPVFJR/6617: 19 steps -> 72 frames (4.7s)  377 KB  0.3s
Multiple -pix_fmt options specified for stream 0, only the last option '-pix_fmt yuv420p' will be used.
  ULsKaCPVFJR/6770: 27 steps -> 118 frames (7.8s)  609 KB  0.4s
Multiple -pix_fmt options specified for stream 0, only the last option '-pix_fmt yuv420p' will be used.
  ULsKaCPVFJR/7127: 25 steps -> 97 frames (6.4s)  468 KB  0.3s
Multiple -pix_fmt options specified for stream 0, only the last option '-pix_fmt yuv420p' will be used.
  ULsKaCPVFJR/7262: 20 steps -> 82 frames (5.4s)  341 KB  0.3s
Multiple -pix_fmt options specified for stream 0, only the last option '-pix_fmt yuv420p' will be used.
  ULsKaCPVFJR/7505: 16 steps -> 64 frames (4.2s)  297 KB  0.3s
Multiple -pix_fmt options specified for stream 0, only the last option '-pix_fmt yuv420p' will be used.
  ULsKaCPVFJR/7544: 17 steps -> 69 frames (4.5s)  560 KB  0.3s
Multiple -pix_fmt options specified for stream 0, only the last option '-pix_fmt yuv420p' will be used.
  ULsKaCPVFJR/767: 27 steps -> 104 frames (6.9s)  511 KB  0.4s
Multiple -pix_fmt options specified for stream 0, only the last option '-pix_fmt yuv420p' will be used.
  ULsKaCPVFJR/7739: 26 steps -> 108 frames (7.1s)  449 KB  0.4s
Multiple -pix_fmt options specified for stream 0, only the last option '-pix_fmt yuv420p' will be used.
  ULsKaCPVFJR/7823: 29 steps -> 121 frames (8.0s)  751 KB  0.4s
Multiple -pix_fmt options specified for stream 0, only the last option '-pix_fmt yuv420p' will be used.
  ULsKaCPVFJR/7847: 63 steps -> 265 frames (17.6s)  1500 KB  0.7s
Multiple -pix_fmt options specified for stream 0, only the last option '-pix_fmt yuv420p' will be used.
  ULsKaCPVFJR/7907: 27 steps -> 109 frames (7.2s)  595 KB  0.4s
Multiple -pix_fmt options specified for stream 0, only the last option '-pix_fmt yuv420p' will be used.
  ULsKaCPVFJR/8576: 29 steps -> 126 frames (8.3s)  590 KB  0.4s
Multiple -pix_fmt options specified for stream 0, only the last option '-pix_fmt yuv420p' will be used.
  ULsKaCPVFJR/8591: 57 steps -> 240 frames (15.9s)  1199 KB  0.6s
Multiple -pix_fmt options specified for stream 0, only the last option '-pix_fmt yuv420p' will be used.
  ULsKaCPVFJR/8612: 18 steps -> 74 frames (4.9s)  342 KB  0.3s
Multiple -pix_fmt options specified for stream 0, only the last option '-pix_fmt yuv420p' will be used.
  ULsKaCPVFJR/8870: 52 steps -> 221 frames (14.7s)  1122 KB  0.5s
Multiple -pix_fmt options specified for stream 0, only the last option '-pix_fmt yuv420p' will be used.
  ULsKaCPVFJR/9020: 25 steps -> 99 frames (6.5s)  466 KB  0.3s
Multiple -pix_fmt options specified for stream 0, only the last option '-pix_fmt yuv420p' will be used.
  ULsKaCPVFJR/9161: 17 steps -> 68 frames (4.5s)  418 KB  0.3s
Multiple -pix_fmt options specified for stream 0, only the last option '-pix_fmt yuv420p' will be used.
  ULsKaCPVFJR/9167: 17 steps -> 73 frames (4.8s)  304 KB  0.3s
Multiple -pix_fmt options specified for stream 0, only the last option '-pix_fmt yuv420p' will be used.
  ULsKaCPVFJR/9176: 39 steps -> 156 frames (10.3s)  794 KB  0.5s
Multiple -pix_fmt options specified for stream 0, only the last option '-pix_fmt yuv420p' will be used.
  ULsKaCPVFJR/9209: 38 steps -> 152 frames (10.1s)  769 KB  0.4s
Multiple -pix_fmt options specified for stream 0, only the last option '-pix_fmt yuv420p' will be used.
  ULsKaCPVFJR/9221: 28 steps -> 111 frames (7.3s)  581 KB  0.4s
Multiple -pix_fmt options specified for stream 0, only the last option '-pix_fmt yuv420p' will be used.
  ULsKaCPVFJR/9440: 30 steps -> 131 frames (8.7s)  505 KB  0.4s
Multiple -pix_fmt options specified for stream 0, only the last option '-pix_fmt yuv420p' will be used.
  ULsKaCPVFJR/9680: 45 steps -> 192 frames (12.7s)  1114 KB  0.5s
Multiple -pix_fmt options specified for stream 0, only the last option '-pix_fmt yuv420p' will be used.
  ULsKaCPVFJR/9710: 49 steps -> 204 frames (13.5s)  1043 KB  0.5s
Multiple -pix_fmt options specified for stream 0, only the last option '-pix_fmt yuv420p' will be used.
  ULsKaCPVFJR/9926: 15 steps -> 57 frames (3.7s)  275 KB  0.2s
Multiple -pix_fmt options specified for stream 0, only the last option '-pix_fmt yuv420p' will be used.
  ULsKaCPVFJR/9965: 13 steps -> 49 frames (3.2s)  236 KB  0.2s
Renderer: NVIDIA GeForce RTX 4070 Ti SUPER/PCIe/SSE2 by NVIDIA Corporation
OpenGL version: 4.6.0 NVIDIA 580.173.02
Using optional features:
    GL_ARB_vertex_array_object
    GL_ARB_separate_shader_objects
    GL_ARB_robustness
    GL_ARB_texture_storage
    GL_ARB_texture_view
    GL_ARB_framebuffer_no_attachments
    GL_ARB_invalidate_subdata
    GL_ARB_texture_storage_multisample
    GL_ARB_multi_bind
    GL_ARB_direct_state_access
    GL_ARB_get_texture_sub_image
    GL_ARB_texture_filter_anisotropic
    GL_KHR_debug
    GL_KHR_parallel_shader_compile
    GL_NV_depth_buffer_float
Using driver workarounds:
    no-forward-compatible-core-context
    nv-egl-incorrect-gl11-function-pointers
    no-layout-qualifiers-on-old-glsl
    nv-zero-context-profile-mask
    nv-implementation-color-read-format-dsa-broken
    nv-cubemap-inconsistent-compressed-image-size
    nv-cubemap-broken-full-compressed-image-query
    nv-compressed-block-size-in-bits
[16:54:33:021821]:[Warning]:[Metadata] SceneDatasetAttributes.cpp(107)::addNewSceneInstanceToDataset : Dataset : 'default' : Lighting Layout Attributes 'no_lights' specified in Scene Attributes but does not exist in dataset, so creating default.
Multiple -pix_fmt options specified for stream 0, only the last option '-pix_fmt yuv420p' will be used.
  Uxmj2M2itWa/1008: 21 steps -> 86 frames (5.7s)  644 KB  0.5s
Multiple -pix_fmt options specified for stream 0, only the last option '-pix_fmt yuv420p' will be used.
  Uxmj2M2itWa/10538: 50 steps -> 217 frames (14.4s)  1039 KB  0.6s
Multiple -pix_fmt options specified for stream 0, only the last option '-pix_fmt yuv420p' will be used.
  Uxmj2M2itWa/10682: 33 steps -> 136 frames (9.0s)  760 KB  0.4s
Multiple -pix_fmt options specified for stream 0, only the last option '-pix_fmt yuv420p' will be used.
  Uxmj2M2itWa/10778: 52 steps -> 218 frames (14.5s)  1301 KB  0.5s
Multiple -pix_fmt options specified for stream 0, only the last option '-pix_fmt yuv420p' will be used.
  Uxmj2M2itWa/1131: 57 steps -> 238 frames (15.8s)  1345 KB  0.5s
Multiple -pix_fmt options specified for stream 0, only the last option '-pix_fmt yuv420p' will be used.
  Uxmj2M2itWa/1189: 27 steps -> 111 frames (7.3s)  669 KB  0.3s
Multiple -pix_fmt options specified for stream 0, only the last option '-pix_fmt yuv420p' will be used.
  Uxmj2M2itWa/1192: 68 steps -> 276 frames (18.3s)  1700 KB  0.6s
Multiple -pix_fmt options specified for stream 0, only the last option '-pix_fmt yuv420p' will be used.
  Uxmj2M2itWa/1204: 56 steps -> 248 frames (16.5s)  1234 KB  0.6s
Multiple -pix_fmt options specified for stream 0, only the last option '-pix_fmt yuv420p' will be used.
  Uxmj2M2itWa/1254: 17 steps -> 71 frames (4.7s)  221 KB  0.2s
Multiple -pix_fmt options specified for stream 0, only the last option '-pix_fmt yuv420p' will be used.
  Uxmj2M2itWa/1340: 56 steps -> 231 frames (15.3s)  1277 KB  0.5s
Multiple -pix_fmt options specified for stream 0, only the last option '-pix_fmt yuv420p' will be used.
  Uxmj2M2itWa/157: 20 steps -> 87 frames (5.7s)  495 KB  0.3s
Multiple -pix_fmt options specified for stream 0, only the last option '-pix_fmt yuv420p' will be used.
  Uxmj2M2itWa/1580: 47 steps -> 191 frames (12.7s)  972 KB  0.5s
Multiple -pix_fmt options specified for stream 0, only the last option '-pix_fmt yuv420p' will be used.
  Uxmj2M2itWa/1631: 61 steps -> 257 frames (17.1s)  1735 KB  0.6s
Multiple -pix_fmt options specified for stream 0, only the last option '-pix_fmt yuv420p' will be used.
  Uxmj2M2itWa/1847: 57 steps -> 238 frames (15.8s)  1272 KB  0.6s
Multiple -pix_fmt options specified for stream 0, only the last option '-pix_fmt yuv420p' will be used.
  Uxmj2M2itWa/1856: 49 steps -> 199 frames (13.2s)  1289 KB  0.5s
Multiple -pix_fmt options specified for stream 0, only the last option '-pix_fmt yuv420p' will be used.
  Uxmj2M2itWa/2090: 54 steps -> 245 frames (16.3s)  1167 KB  0.6s
Multiple -pix_fmt options specified for stream 0, only the last option '-pix_fmt yuv420p' will be used.
  Uxmj2M2itWa/2219: 58 steps -> 249 frames (16.5s)  1351 KB  0.6s
Multiple -pix_fmt options specified for stream 0, only the last option '-pix_fmt yuv420p' will be used.
  Uxmj2M2itWa/2222: 58 steps -> 236 frames (15.7s)  1388 KB  0.6s
Multiple -pix_fmt options specified for stream 0, only the last option '-pix_fmt yuv420p' will be used.
  Uxmj2M2itWa/2321: 50 steps -> 212 frames (14.1s)  1288 KB  0.5s
Multiple -pix_fmt options specified for stream 0, only the last option '-pix_fmt yuv420p' will be used.
  Uxmj2M2itWa/2330: 25 steps -> 102 frames (6.7s)  667 KB  0.3s
Multiple -pix_fmt options specified for stream 0, only the last option '-pix_fmt yuv420p' will be used.
  Uxmj2M2itWa/2471: 63 steps -> 266 frames (17.7s)  1364 KB  0.7s
Multiple -pix_fmt options specified for stream 0, only the last option '-pix_fmt yuv420p' will be used.
  Uxmj2M2itWa/2489: 58 steps -> 248 frames (16.5s)  1372 KB  0.6s
Multiple -pix_fmt options specified for stream 0, only the last option '-pix_fmt yuv420p' will be used.
  Uxmj2M2itWa/2534: 96 steps -> 392 frames (26.1s)  2327 KB  0.9s
Multiple -pix_fmt options specified for stream 0, only the last option '-pix_fmt yuv420p' will be used.
  Uxmj2M2itWa/2648: 41 steps -> 171 frames (11.3s)  810 KB  0.4s
Multiple -pix_fmt options specified for stream 0, only the last option '-pix_fmt yuv420p' will be used.
  Uxmj2M2itWa/2657: 28 steps -> 120 frames (7.9s)  650 KB  0.4s
Multiple -pix_fmt options specified for stream 0, only the last option '-pix_fmt yuv420p' will be used.
  Uxmj2M2itWa/281: 83 steps -> 351 frames (23.3s)  2059 KB  0.8s
Multiple -pix_fmt options specified for stream 0, only the last option '-pix_fmt yuv420p' will be used.
  Uxmj2M2itWa/305: 76 steps -> 320 frames (21.3s)  1826 KB  0.7s
Multiple -pix_fmt options specified for stream 0, only the last option '-pix_fmt yuv420p' will be used.
  Uxmj2M2itWa/3167: 36 steps -> 145 frames (9.6s)  854 KB  0.4s
Multiple -pix_fmt options specified for stream 0, only the last option '-pix_fmt yuv420p' will be used.
  Uxmj2M2itWa/317: 56 steps -> 226 frames (15.0s)  1250 KB  0.6s
Multiple -pix_fmt options specified for stream 0, only the last option '-pix_fmt yuv420p' will be used.
  Uxmj2M2itWa/3266: 39 steps -> 162 frames (10.7s)  844 KB  0.4s
Multiple -pix_fmt options specified for stream 0, only the last option '-pix_fmt yuv420p' will be used.
  Uxmj2M2itWa/3320: 37 steps -> 151 frames (10.0s)  811 KB  0.4s
Multiple -pix_fmt options specified for stream 0, only the last option '-pix_fmt yuv420p' will be used.
  Uxmj2M2itWa/3476: 33 steps -> 136 frames (9.0s)  704 KB  0.4s
Multiple -pix_fmt options specified for stream 0, only the last option '-pix_fmt yuv420p' will be used.
  Uxmj2M2itWa/3581: 41 steps -> 172 frames (11.4s)  741 KB  0.5s
Multiple -pix_fmt options specified for stream 0, only the last option '-pix_fmt yuv420p' will be used.
  Uxmj2M2itWa/3650: 21 steps -> 87 frames (5.7s)  379 KB  0.3s
Multiple -pix_fmt options specified for stream 0, only the last option '-pix_fmt yuv420p' will be used.
  Uxmj2M2itWa/3686: 49 steps -> 201 frames (13.3s)  1251 KB  0.5s
Multiple -pix_fmt options specified for stream 0, only the last option '-pix_fmt yuv420p' will be used.
  Uxmj2M2itWa/3719: 80 steps -> 340 frames (22.6s)  2068 KB  0.8s
Multiple -pix_fmt options specified for stream 0, only the last option '-pix_fmt yuv420p' will be used.
  Uxmj2M2itWa/415: 40 steps -> 170 frames (11.3s)  1023 KB  0.5s
Multiple -pix_fmt options specified for stream 0, only the last option '-pix_fmt yuv420p' will be used.
  Uxmj2M2itWa/4298: 65 steps -> 271 frames (18.0s)  1301 KB  0.6s
Multiple -pix_fmt options specified for stream 0, only the last option '-pix_fmt yuv420p' will be used.
  Uxmj2M2itWa/4463: 39 steps -> 164 frames (10.9s)  997 KB  0.5s
Multiple -pix_fmt options specified for stream 0, only the last option '-pix_fmt yuv420p' will be used.
  Uxmj2M2itWa/4733: 61 steps -> 246 frames (16.3s)  1504 KB  0.6s
Multiple -pix_fmt options specified for stream 0, only the last option '-pix_fmt yuv420p' will be used.
  Uxmj2M2itWa/5042: 53 steps -> 220 frames (14.6s)  1167 KB  0.6s
Multiple -pix_fmt options specified for stream 0, only the last option '-pix_fmt yuv420p' will be used.
  Uxmj2M2itWa/5057: 42 steps -> 168 frames (11.1s)  1051 KB  0.4s
Multiple -pix_fmt options specified for stream 0, only the last option '-pix_fmt yuv420p' will be used.
  Uxmj2M2itWa/5180: 83 steps -> 350 frames (23.3s)  1768 KB  0.7s
Multiple -pix_fmt options specified for stream 0, only the last option '-pix_fmt yuv420p' will be used.
  Uxmj2M2itWa/5291: 21 steps -> 81 frames (5.3s)  549 KB  0.3s
Multiple -pix_fmt options specified for stream 0, only the last option '-pix_fmt yuv420p' will be used.
  Uxmj2M2itWa/5408: 49 steps -> 203 frames (13.5s)  1089 KB  0.5s
Multiple -pix_fmt options specified for stream 0, only the last option '-pix_fmt yuv420p' will be used.
  Uxmj2M2itWa/560: 41 steps -> 169 frames (11.2s)  873 KB  0.5s
Multiple -pix_fmt options specified for stream 0, only the last option '-pix_fmt yuv420p' will be used.
  Uxmj2M2itWa/5999: 24 steps -> 93 frames (6.1s)  584 KB  0.3s
Multiple -pix_fmt options specified for stream 0, only the last option '-pix_fmt yuv420p' will be used.
  Uxmj2M2itWa/6182: 41 steps -> 189 frames (12.5s)  901 KB  0.5s
Multiple -pix_fmt options specified for stream 0, only the last option '-pix_fmt yuv420p' will be used.
  Uxmj2M2itWa/6356: 19 steps -> 78 frames (5.1s)  252 KB  0.3s
Multiple -pix_fmt options specified for stream 0, only the last option '-pix_fmt yuv420p' will be used.
  Uxmj2M2itWa/644: 43 steps -> 182 frames (12.1s)  871 KB  0.5s
Multiple -pix_fmt options specified for stream 0, only the last option '-pix_fmt yuv420p' will be used.
  Uxmj2M2itWa/6470: 24 steps -> 100 frames (6.6s)  457 KB  0.3s
Multiple -pix_fmt options specified for stream 0, only the last option '-pix_fmt yuv420p' will be used.
  Uxmj2M2itWa/6683: 75 steps -> 312 frames (20.7s)  1843 KB  0.7s
Multiple -pix_fmt options specified for stream 0, only the last option '-pix_fmt yuv420p' will be used.
  Uxmj2M2itWa/6812: 52 steps -> 211 frames (14.0s)  1359 KB  0.5s
Multiple -pix_fmt options specified for stream 0, only the last option '-pix_fmt yuv420p' will be used.
  Uxmj2M2itWa/7073: 23 steps -> 91 frames (6.0s)  537 KB  0.3s
Multiple -pix_fmt options specified for stream 0, only the last option '-pix_fmt yuv420p' will be used.
  Uxmj2M2itWa/7211: 53 steps -> 242 frames (16.1s)  1100 KB  0.6s
Multiple -pix_fmt options specified for stream 0, only the last option '-pix_fmt yuv420p' will be used.
  Uxmj2M2itWa/7538: 62 steps -> 262 frames (17.4s)  1279 KB  0.6s
Multiple -pix_fmt options specified for stream 0, only the last option '-pix_fmt yuv420p' will be used.
  Uxmj2M2itWa/758: 85 steps -> 345 frames (22.9s)  2203 KB  0.8s
Multiple -pix_fmt options specified for stream 0, only the last option '-pix_fmt yuv420p' will be used.
  Uxmj2M2itWa/797: 63 steps -> 270 frames (17.9s)  1434 KB  0.7s
Multiple -pix_fmt options specified for stream 0, only the last option '-pix_fmt yuv420p' will be used.
  Uxmj2M2itWa/8129: 36 steps -> 149 frames (9.9s)  860 KB  0.4s
Multiple -pix_fmt options specified for stream 0, only the last option '-pix_fmt yuv420p' will be used.
  Uxmj2M2itWa/8414: 44 steps -> 172 frames (11.4s)  1274 KB  0.5s
Multiple -pix_fmt options specified for stream 0, only the last option '-pix_fmt yuv420p' will be used.
  Uxmj2M2itWa/8531: 28 steps -> 123 frames (8.1s)  700 KB  0.3s
Multiple -pix_fmt options specified for stream 0, only the last option '-pix_fmt yuv420p' will be used.
  Uxmj2M2itWa/8552: 22 steps -> 95 frames (6.3s)  553 KB  0.3s
Multiple -pix_fmt options specified for stream 0, only the last option '-pix_fmt yuv420p' will be used.
  Uxmj2M2itWa/8693: 53 steps -> 227 frames (15.1s)  985 KB  0.6s
Multiple -pix_fmt options specified for stream 0, only the last option '-pix_fmt yuv420p' will be used.
  Uxmj2M2itWa/9065: 34 steps -> 140 frames (9.3s)  879 KB  0.4s
Multiple -pix_fmt options specified for stream 0, only the last option '-pix_fmt yuv420p' will be used.
  Uxmj2M2itWa/9425: 42 steps -> 180 frames (11.9s)  903 KB  0.5s
Multiple -pix_fmt options specified for stream 0, only the last option '-pix_fmt yuv420p' will be used.
  Uxmj2M2itWa/9443: 68 steps -> 286 frames (19.0s)  1733 KB  0.7s
Multiple -pix_fmt options specified for stream 0, only the last option '-pix_fmt yuv420p' will be used.
  Uxmj2M2itWa/9482: 47 steps -> 198 frames (13.1s)  1198 KB  0.5s
Multiple -pix_fmt options specified for stream 0, only the last option '-pix_fmt yuv420p' will be used.
  Uxmj2M2itWa/9488: 97 steps -> 408 frames (27.1s)  2424 KB  1.0s
Multiple -pix_fmt options specified for stream 0, only the last option '-pix_fmt yuv420p' will be used.
  Uxmj2M2itWa/9641: 22 steps -> 90 frames (5.9s)  588 KB  0.3s
Multiple -pix_fmt options specified for stream 0, only the last option '-pix_fmt yuv420p' will be used.
  Uxmj2M2itWa/9725: 62 steps -> 263 frames (17.5s)  1567 KB  0.6s
Multiple -pix_fmt options specified for stream 0, only the last option '-pix_fmt yuv420p' will be used.
  Uxmj2M2itWa/9770: 44 steps -> 179 frames (11.9s)  1153 KB  0.5s
Multiple -pix_fmt options specified for stream 0, only the last option '-pix_fmt yuv420p' will be used.
  Uxmj2M2itWa/990: 100 steps -> 418 frames (27.8s)  2460 KB  0.9s
Multiple -pix_fmt options specified for stream 0, only the last option '-pix_fmt yuv420p' will be used.
  Uxmj2M2itWa/9920: 63 steps -> 251 frames (16.7s)  1532 KB  0.6s
Multiple -pix_fmt options specified for stream 0, only the last option '-pix_fmt yuv420p' will be used.
  Uxmj2M2itWa/9944: 63 steps -> 253 frames (16.8s)  1513 KB  0.6s
Multiple -pix_fmt options specified for stream 0, only the last option '-pix_fmt yuv420p' will be used.
  Uxmj2M2itWa/9959: 69 steps -> 286 frames (19.0s)  1604 KB  0.6s
Multiple -pix_fmt options specified for stream 0, only the last option '-pix_fmt yuv420p' will be used.
  Uxmj2M2itWa/9971: 14 steps -> 59 frames (3.9s)  277 KB  0.3s
Renderer: NVIDIA GeForce RTX 4070 Ti SUPER/PCIe/SSE2 by NVIDIA Corporation
OpenGL version: 4.6.0 NVIDIA 580.173.02
Using optional features:
    GL_ARB_vertex_array_object
    GL_ARB_separate_shader_objects
    GL_ARB_robustness
    GL_ARB_texture_storage
    GL_ARB_texture_view
    GL_ARB_framebuffer_no_attachments
    GL_ARB_invalidate_subdata
    GL_ARB_texture_storage_multisample
    GL_ARB_multi_bind
    GL_ARB_direct_state_access
    GL_ARB_get_texture_sub_image
    GL_ARB_texture_filter_anisotropic
    GL_KHR_debug
    GL_KHR_parallel_shader_compile
    GL_NV_depth_buffer_float
Using driver workarounds:
    no-forward-compatible-core-context
    nv-egl-incorrect-gl11-function-pointers
    no-layout-qualifiers-on-old-glsl
    nv-zero-context-profile-mask
    nv-implementation-color-read-format-dsa-broken
    nv-cubemap-inconsistent-compressed-image-size
    nv-cubemap-broken-full-compressed-image-query
    nv-compressed-block-size-in-bits
[16:55:15:786714]:[Warning]:[Metadata] SceneDatasetAttributes.cpp(107)::addNewSceneInstanceToDataset : Dataset : 'default' : Lighting Layout Attributes 'no_lights' specified in Scene Attributes but does not exist in dataset, so creating default.
Multiple -pix_fmt options specified for stream 0, only the last option '-pix_fmt yuv420p' will be used.
  V2XKFyX4ASd/10136: 31 steps -> 136 frames (9.0s)  1470 KB  0.7s
Multiple -pix_fmt options specified for stream 0, only the last option '-pix_fmt yuv420p' will be used.
  V2XKFyX4ASd/10139: 33 steps -> 131 frames (8.7s)  1659 KB  0.5s
Multiple -pix_fmt options specified for stream 0, only the last option '-pix_fmt yuv420p' will be used.
  V2XKFyX4ASd/10370: 48 steps -> 201 frames (13.3s)  1398 KB  0.6s
Multiple -pix_fmt options specified for stream 0, only the last option '-pix_fmt yuv420p' will be used.
  V2XKFyX4ASd/10511: 35 steps -> 148 frames (9.8s)  1322 KB  0.5s
Multiple -pix_fmt options specified for stream 0, only the last option '-pix_fmt yuv420p' will be used.
  V2XKFyX4ASd/10688: 12 steps -> 47 frames (3.1s)  587 KB  0.3s
Multiple -pix_fmt options specified for stream 0, only the last option '-pix_fmt yuv420p' will be used.
  V2XKFyX4ASd/10715: 38 steps -> 161 frames (10.7s)  1336 KB  0.6s
Multiple -pix_fmt options specified for stream 0, only the last option '-pix_fmt yuv420p' will be used.
  V2XKFyX4ASd/1361: 35 steps -> 143 frames (9.5s)  1226 KB  0.5s
Multiple -pix_fmt options specified for stream 0, only the last option '-pix_fmt yuv420p' will be used.
  V2XKFyX4ASd/1460: 18 steps -> 74 frames (4.9s)  446 KB  0.3s
Multiple -pix_fmt options specified for stream 0, only the last option '-pix_fmt yuv420p' will be used.
  V2XKFyX4ASd/1568: 46 steps -> 184 frames (12.2s)  1903 KB  0.6s
Multiple -pix_fmt options specified for stream 0, only the last option '-pix_fmt yuv420p' will be used.
  V2XKFyX4ASd/1670: 49 steps -> 204 frames (13.5s)  1993 KB  0.6s
Multiple -pix_fmt options specified for stream 0, only the last option '-pix_fmt yuv420p' will be used.
  V2XKFyX4ASd/1760: 41 steps -> 165 frames (10.9s)  1651 KB  0.5s
Multiple -pix_fmt options specified for stream 0, only the last option '-pix_fmt yuv420p' will be used.
  V2XKFyX4ASd/1772: 36 steps -> 158 frames (10.5s)  1529 KB  0.5s
Multiple -pix_fmt options specified for stream 0, only the last option '-pix_fmt yuv420p' will be used.
  V2XKFyX4ASd/2084: 64 steps -> 268 frames (17.8s)  2342 KB  0.7s
Multiple -pix_fmt options specified for stream 0, only the last option '-pix_fmt yuv420p' will be used.
  V2XKFyX4ASd/2096: 50 steps -> 204 frames (13.5s)  2186 KB  0.6s
Multiple -pix_fmt options specified for stream 0, only the last option '-pix_fmt yuv420p' will be used.
  V2XKFyX4ASd/2384: 17 steps -> 68 frames (4.5s)  459 KB  0.3s
Multiple -pix_fmt options specified for stream 0, only the last option '-pix_fmt yuv420p' will be used.
  V2XKFyX4ASd/2660: 87 steps -> 370 frames (24.6s)  2513 KB  1.0s
Multiple -pix_fmt options specified for stream 0, only the last option '-pix_fmt yuv420p' will be used.
  V2XKFyX4ASd/3269: 16 steps -> 69 frames (4.5s)  528 KB  0.3s
Multiple -pix_fmt options specified for stream 0, only the last option '-pix_fmt yuv420p' will be used.
  V2XKFyX4ASd/3458: 35 steps -> 148 frames (9.8s)  1168 KB  0.5s
Multiple -pix_fmt options specified for stream 0, only the last option '-pix_fmt yuv420p' will be used.
  V2XKFyX4ASd/3557: 36 steps -> 150 frames (9.9s)  1205 KB  0.5s
Multiple -pix_fmt options specified for stream 0, only the last option '-pix_fmt yuv420p' will be used.
  V2XKFyX4ASd/3659: 63 steps -> 266 frames (17.7s)  2621 KB  0.8s
Multiple -pix_fmt options specified for stream 0, only the last option '-pix_fmt yuv420p' will be used.
  V2XKFyX4ASd/412: 36 steps -> 150 frames (9.9s)  1291 KB  0.5s
Multiple -pix_fmt options specified for stream 0, only the last option '-pix_fmt yuv420p' will be used.
  V2XKFyX4ASd/4358: 72 steps -> 303 frames (20.1s)  2584 KB  0.8s
Multiple -pix_fmt options specified for stream 0, only the last option '-pix_fmt yuv420p' will be used.
  V2XKFyX4ASd/4520: 45 steps -> 185 frames (12.3s)  1778 KB  0.6s
Multiple -pix_fmt options specified for stream 0, only the last option '-pix_fmt yuv420p' will be used.
  V2XKFyX4ASd/4580: 66 steps -> 271 frames (18.0s)  1895 KB  0.8s
Multiple -pix_fmt options specified for stream 0, only the last option '-pix_fmt yuv420p' will be used.
  V2XKFyX4ASd/4763: 49 steps -> 206 frames (13.7s)  2000 KB  0.7s
Multiple -pix_fmt options specified for stream 0, only the last option '-pix_fmt yuv420p' will be used.
  V2XKFyX4ASd/4802: 41 steps -> 173 frames (11.5s)  1406 KB  0.6s
Multiple -pix_fmt options specified for stream 0, only the last option '-pix_fmt yuv420p' will be used.
  V2XKFyX4ASd/4826: 25 steps -> 113 frames (7.5s)  1029 KB  0.4s
Multiple -pix_fmt options specified for stream 0, only the last option '-pix_fmt yuv420p' will be used.
  V2XKFyX4ASd/5177: 37 steps -> 155 frames (10.3s)  1475 KB  0.6s
Multiple -pix_fmt options specified for stream 0, only the last option '-pix_fmt yuv420p' will be used.
  V2XKFyX4ASd/5183: 13 steps -> 52 frames (3.4s)  684 KB  0.3s
Multiple -pix_fmt options specified for stream 0, only the last option '-pix_fmt yuv420p' will be used.
  V2XKFyX4ASd/5231: 44 steps -> 192 frames (12.7s)  1579 KB  0.6s
Multiple -pix_fmt options specified for stream 0, only the last option '-pix_fmt yuv420p' will be used.
  V2XKFyX4ASd/5336: 31 steps -> 126 frames (8.3s)  1375 KB  0.5s
Multiple -pix_fmt options specified for stream 0, only the last option '-pix_fmt yuv420p' will be used.
  V2XKFyX4ASd/5402: 50 steps -> 211 frames (14.0s)  1948 KB  0.7s
Multiple -pix_fmt options specified for stream 0, only the last option '-pix_fmt yuv420p' will be used.
  V2XKFyX4ASd/5513: 38 steps -> 161 frames (10.7s)  1571 KB  0.5s
Multiple -pix_fmt options specified for stream 0, only the last option '-pix_fmt yuv420p' will be used.
  V2XKFyX4ASd/5708: 26 steps -> 108 frames (7.1s)  1203 KB  0.4s
Multiple -pix_fmt options specified for stream 0, only the last option '-pix_fmt yuv420p' will be used.
  V2XKFyX4ASd/5726: 26 steps -> 102 frames (6.7s)  570 KB  0.4s
Multiple -pix_fmt options specified for stream 0, only the last option '-pix_fmt yuv420p' will be used.
  V2XKFyX4ASd/5897: 50 steps -> 215 frames (14.3s)  1931 KB  0.7s
Multiple -pix_fmt options specified for stream 0, only the last option '-pix_fmt yuv420p' will be used.
  V2XKFyX4ASd/5930: 71 steps -> 294 frames (19.5s)  2681 KB  0.9s
Multiple -pix_fmt options specified for stream 0, only the last option '-pix_fmt yuv420p' will be used.
  V2XKFyX4ASd/6125: 25 steps -> 110 frames (7.3s)  953 KB  0.4s
Multiple -pix_fmt options specified for stream 0, only the last option '-pix_fmt yuv420p' will be used.
  V2XKFyX4ASd/6332: 17 steps -> 69 frames (4.5s)  933 KB  0.3s
Multiple -pix_fmt options specified for stream 0, only the last option '-pix_fmt yuv420p' will be used.
  V2XKFyX4ASd/6530: 32 steps -> 127 frames (8.4s)  1407 KB  0.5s
Multiple -pix_fmt options specified for stream 0, only the last option '-pix_fmt yuv420p' will be used.
  V2XKFyX4ASd/6542: 47 steps -> 197 frames (13.1s)  1301 KB  0.7s
Multiple -pix_fmt options specified for stream 0, only the last option '-pix_fmt yuv420p' will be used.
  V2XKFyX4ASd/659: 24 steps -> 105 frames (6.9s)  692 KB  0.4s
Multiple -pix_fmt options specified for stream 0, only the last option '-pix_fmt yuv420p' will be used.
  V2XKFyX4ASd/6602: 21 steps -> 87 frames (5.7s)  630 KB  0.4s
Multiple -pix_fmt options specified for stream 0, only the last option '-pix_fmt yuv420p' will be used.
  V2XKFyX4ASd/6665: 20 steps -> 73 frames (4.8s)  473 KB  0.3s
Multiple -pix_fmt options specified for stream 0, only the last option '-pix_fmt yuv420p' will be used.
  V2XKFyX4ASd/6740: 54 steps -> 227 frames (15.1s)  2132 KB  0.7s
Multiple -pix_fmt options specified for stream 0, only the last option '-pix_fmt yuv420p' will be used.
  V2XKFyX4ASd/7151: 64 steps -> 273 frames (18.1s)  2780 KB  0.8s
Multiple -pix_fmt options specified for stream 0, only the last option '-pix_fmt yuv420p' will be used.
  V2XKFyX4ASd/7265: 40 steps -> 173 frames (11.5s)  1782 KB  0.5s
Multiple -pix_fmt options specified for stream 0, only the last option '-pix_fmt yuv420p' will be used.
  V2XKFyX4ASd/737: 42 steps -> 166 frames (11.0s)  2167 KB  0.6s
Multiple -pix_fmt options specified for stream 0, only the last option '-pix_fmt yuv420p' will be used.
  V2XKFyX4ASd/7391: 32 steps -> 135 frames (8.9s)  985 KB  0.4s
Multiple -pix_fmt options specified for stream 0, only the last option '-pix_fmt yuv420p' will be used.
  V2XKFyX4ASd/7721: 44 steps -> 187 frames (12.4s)  1802 KB  0.6s
Multiple -pix_fmt options specified for stream 0, only the last option '-pix_fmt yuv420p' will be used.
  V2XKFyX4ASd/773: 39 steps -> 161 frames (10.7s)  1411 KB  0.5s
Multiple -pix_fmt options specified for stream 0, only the last option '-pix_fmt yuv420p' will be used.
  V2XKFyX4ASd/8069: 53 steps -> 223 frames (14.8s)  2341 KB  0.7s
Multiple -pix_fmt options specified for stream 0, only the last option '-pix_fmt yuv420p' will be used.
  V2XKFyX4ASd/8087: 49 steps -> 203 frames (13.5s)  2091 KB  0.6s
Multiple -pix_fmt options specified for stream 0, only the last option '-pix_fmt yuv420p' will be used.
  V2XKFyX4ASd/8369: 47 steps -> 206 frames (13.7s)  1604 KB  0.6s
Multiple -pix_fmt options specified for stream 0, only the last option '-pix_fmt yuv420p' will be used.
  V2XKFyX4ASd/8393: 56 steps -> 228 frames (15.1s)  1554 KB  0.7s
Multiple -pix_fmt options specified for stream 0, only the last option '-pix_fmt yuv420p' will be used.
  V2XKFyX4ASd/8699: 83 steps -> 361 frames (24.0s)  2489 KB  0.9s
Multiple -pix_fmt options specified for stream 0, only the last option '-pix_fmt yuv420p' will be used.
  V2XKFyX4ASd/8777: 67 steps -> 280 frames (18.6s)  2437 KB  0.8s
Multiple -pix_fmt options specified for stream 0, only the last option '-pix_fmt yuv420p' will be used.
  V2XKFyX4ASd/8954: 46 steps -> 205 frames (13.6s)  2266 KB  0.7s
Multiple -pix_fmt options specified for stream 0, only the last option '-pix_fmt yuv420p' will be used.
  V2XKFyX4ASd/8993: 44 steps -> 183 frames (12.1s)  1776 KB  0.6s
Multiple -pix_fmt options specified for stream 0, only the last option '-pix_fmt yuv420p' will be used.
  V2XKFyX4ASd/9128: 40 steps -> 171 frames (11.3s)  1848 KB  0.6s
Multiple -pix_fmt options specified for stream 0, only the last option '-pix_fmt yuv420p' will be used.
  V2XKFyX4ASd/9245: 51 steps -> 213 frames (14.1s)  1713 KB  0.7s
Multiple -pix_fmt options specified for stream 0, only the last option '-pix_fmt yuv420p' will be used.
  V2XKFyX4ASd/9371: 37 steps -> 154 frames (10.2s)  1421 KB  0.5s
Multiple -pix_fmt options specified for stream 0, only the last option '-pix_fmt yuv420p' will be used.
  V2XKFyX4ASd/9536: 55 steps -> 247 frames (16.4s)  2091 KB  0.6s
Multiple -pix_fmt options specified for stream 0, only the last option '-pix_fmt yuv420p' will be used.
  V2XKFyX4ASd/9830: 30 steps -> 119 frames (7.9s)  1214 KB  0.4s
Multiple -pix_fmt options specified for stream 0, only the last option '-pix_fmt yuv420p' will be used.
  V2XKFyX4ASd/9851: 16 steps -> 70 frames (4.6s)  684 KB  0.3s
Multiple -pix_fmt options specified for stream 0, only the last option '-pix_fmt yuv420p' will be used.
  V2XKFyX4ASd/9911: 40 steps -> 157 frames (10.4s)  1701 KB  0.6s
Renderer: NVIDIA GeForce RTX 4070 Ti SUPER/PCIe/SSE2 by NVIDIA Corporation
OpenGL version: 4.6.0 NVIDIA 580.173.02
Using optional features:
    GL_ARB_vertex_array_object
    GL_ARB_separate_shader_objects
    GL_ARB_robustness
    GL_ARB_texture_storage
    GL_ARB_texture_view
    GL_ARB_framebuffer_no_attachments
    GL_ARB_invalidate_subdata
    GL_ARB_texture_storage_multisample
    GL_ARB_multi_bind
    GL_ARB_direct_state_access
    GL_ARB_get_texture_sub_image
    GL_ARB_texture_filter_anisotropic
    GL_KHR_debug
    GL_KHR_parallel_shader_compile
    GL_NV_depth_buffer_float
Using driver workarounds:
    no-forward-compatible-core-context
    nv-egl-incorrect-gl11-function-pointers
    no-layout-qualifiers-on-old-glsl
    nv-zero-context-profile-mask
    nv-implementation-color-read-format-dsa-broken
    nv-cubemap-inconsistent-compressed-image-size
    nv-cubemap-broken-full-compressed-image-query
    nv-compressed-block-size-in-bits
[16:55:58:325368]:[Warning]:[Metadata] SceneDatasetAttributes.cpp(107)::addNewSceneInstanceToDataset : Dataset : 'default' : Lighting Layout Attributes 'no_lights' specified in Scene Attributes but does not exist in dataset, so creating default.
Multiple -pix_fmt options specified for stream 0, only the last option '-pix_fmt yuv420p' will be used.
  VFuaQ6m2Qom/10064: 24 steps -> 97 frames (6.4s)  413 KB  0.6s
Multiple -pix_fmt options specified for stream 0, only the last option '-pix_fmt yuv420p' will be used.
  VFuaQ6m2Qom/10187: 35 steps -> 142 frames (9.4s)  573 KB  0.4s
Multiple -pix_fmt options specified for stream 0, only the last option '-pix_fmt yuv420p' will be used.
  VFuaQ6m2Qom/10310: 63 steps -> 263 frames (17.5s)  1254 KB  0.6s
Multiple -pix_fmt options specified for stream 0, only the last option '-pix_fmt yuv420p' will be used.
  VFuaQ6m2Qom/10604: 34 steps -> 144 frames (9.5s)  478 KB  0.4s
Multiple -pix_fmt options specified for stream 0, only the last option '-pix_fmt yuv420p' will be used.
  VFuaQ6m2Qom/1331: 39 steps -> 163 frames (10.8s)  889 KB  0.4s
Multiple -pix_fmt options specified for stream 0, only the last option '-pix_fmt yuv420p' will be used.
  VFuaQ6m2Qom/1343: 61 steps -> 250 frames (16.6s)  1737 KB  0.6s
Multiple -pix_fmt options specified for stream 0, only the last option '-pix_fmt yuv420p' will be used.
  VFuaQ6m2Qom/1634: 72 steps -> 296 frames (19.7s)  2378 KB  0.7s
Multiple -pix_fmt options specified for stream 0, only the last option '-pix_fmt yuv420p' will be used.
  VFuaQ6m2Qom/1934: 39 steps -> 160 frames (10.6s)  1629 KB  0.5s
Multiple -pix_fmt options specified for stream 0, only the last option '-pix_fmt yuv420p' will be used.
  VFuaQ6m2Qom/1979: 44 steps -> 172 frames (11.4s)  1492 KB  0.5s
Multiple -pix_fmt options specified for stream 0, only the last option '-pix_fmt yuv420p' will be used.
  VFuaQ6m2Qom/256: 32 steps -> 145 frames (9.6s)  818 KB  0.4s
Multiple -pix_fmt options specified for stream 0, only the last option '-pix_fmt yuv420p' will be used.
  VFuaQ6m2Qom/2696: 38 steps -> 149 frames (9.9s)  850 KB  0.4s
Multiple -pix_fmt options specified for stream 0, only the last option '-pix_fmt yuv420p' will be used.
  VFuaQ6m2Qom/2999: 48 steps -> 192 frames (12.7s)  1340 KB  0.5s
Multiple -pix_fmt options specified for stream 0, only the last option '-pix_fmt yuv420p' will be used.
  VFuaQ6m2Qom/3233: 29 steps -> 109 frames (7.2s)  1082 KB  0.4s
Multiple -pix_fmt options specified for stream 0, only the last option '-pix_fmt yuv420p' will be used.
  VFuaQ6m2Qom/3299: 44 steps -> 185 frames (12.3s)  1143 KB  0.5s
Multiple -pix_fmt options specified for stream 0, only the last option '-pix_fmt yuv420p' will be used.
  VFuaQ6m2Qom/3593: 30 steps -> 117 frames (7.7s)  490 KB  0.4s
Multiple -pix_fmt options specified for stream 0, only the last option '-pix_fmt yuv420p' will be used.
  VFuaQ6m2Qom/3671: 36 steps -> 149 frames (9.9s)  994 KB  0.4s
Multiple -pix_fmt options specified for stream 0, only the last option '-pix_fmt yuv420p' will be used.
  VFuaQ6m2Qom/3947: 47 steps -> 194 frames (12.9s)  1726 KB  0.6s
Multiple -pix_fmt options specified for stream 0, only the last option '-pix_fmt yuv420p' will be used.
  VFuaQ6m2Qom/4496: 23 steps -> 98 frames (6.5s)  422 KB  0.3s
Multiple -pix_fmt options specified for stream 0, only the last option '-pix_fmt yuv420p' will be used.
  VFuaQ6m2Qom/4664: 33 steps -> 123 frames (8.1s)  728 KB  0.4s
Multiple -pix_fmt options specified for stream 0, only the last option '-pix_fmt yuv420p' will be used.
  VFuaQ6m2Qom/4718: 72 steps -> 302 frames (20.1s)  2077 KB  0.8s
Multiple -pix_fmt options specified for stream 0, only the last option '-pix_fmt yuv420p' will be used.
  VFuaQ6m2Qom/5069: 46 steps -> 189 frames (12.5s)  1060 KB  0.5s
Multiple -pix_fmt options specified for stream 0, only the last option '-pix_fmt yuv420p' will be used.
  VFuaQ6m2Qom/539: 44 steps -> 182 frames (12.1s)  1097 KB  0.5s
Multiple -pix_fmt options specified for stream 0, only the last option '-pix_fmt yuv420p' will be used.
  VFuaQ6m2Qom/6041: 50 steps -> 204 frames (13.5s)  1029 KB  0.6s
Multiple -pix_fmt options specified for stream 0, only the last option '-pix_fmt yuv420p' will be used.
  VFuaQ6m2Qom/617: 53 steps -> 216 frames (14.3s)  1227 KB  0.6s
Multiple -pix_fmt options specified for stream 0, only the last option '-pix_fmt yuv420p' will be used.
  VFuaQ6m2Qom/6260: 52 steps -> 217 frames (14.4s)  920 KB  0.6s
Multiple -pix_fmt options specified for stream 0, only the last option '-pix_fmt yuv420p' will be used.
  VFuaQ6m2Qom/6299: 38 steps -> 160 frames (10.6s)  503 KB  0.4s
Multiple -pix_fmt options specified for stream 0, only the last option '-pix_fmt yuv420p' will be used.
  VFuaQ6m2Qom/6668: 54 steps -> 220 frames (14.6s)  1986 KB  0.5s
Multiple -pix_fmt options specified for stream 0, only the last option '-pix_fmt yuv420p' will be used.
  VFuaQ6m2Qom/7133: 28 steps -> 108 frames (7.1s)  626 KB  0.4s
Multiple -pix_fmt options specified for stream 0, only the last option '-pix_fmt yuv420p' will be used.
  VFuaQ6m2Qom/7199: 70 steps -> 290 frames (19.3s)  1087 KB  0.7s
Multiple -pix_fmt options specified for stream 0, only the last option '-pix_fmt yuv420p' will be used.
  VFuaQ6m2Qom/7244: 27 steps -> 107 frames (7.1s)  544 KB  0.4s
Multiple -pix_fmt options specified for stream 0, only the last option '-pix_fmt yuv420p' will be used.
  VFuaQ6m2Qom/7553: 46 steps -> 195 frames (12.9s)  789 KB  0.6s
Multiple -pix_fmt options specified for stream 0, only the last option '-pix_fmt yuv420p' will be used.
  VFuaQ6m2Qom/7973: 20 steps -> 83 frames (5.5s)  574 KB  0.3s
Multiple -pix_fmt options specified for stream 0, only the last option '-pix_fmt yuv420p' will be used.
  VFuaQ6m2Qom/8240: 24 steps -> 92 frames (6.1s)  547 KB  0.3s
Multiple -pix_fmt options specified for stream 0, only the last option '-pix_fmt yuv420p' will be used.
  VFuaQ6m2Qom/8267: 22 steps -> 83 frames (5.5s)  499 KB  0.3s
Multiple -pix_fmt options specified for stream 0, only the last option '-pix_fmt yuv420p' will be used.
  VFuaQ6m2Qom/8486: 29 steps -> 116 frames (7.7s)  459 KB  0.4s
Multiple -pix_fmt options specified for stream 0, only the last option '-pix_fmt yuv420p' will be used.
  VFuaQ6m2Qom/8513: 39 steps -> 163 frames (10.8s)  1246 KB  0.5s
Multiple -pix_fmt options specified for stream 0, only the last option '-pix_fmt yuv420p' will be used.
  VFuaQ6m2Qom/8534: 75 steps -> 315 frames (20.9s)  1507 KB  0.8s
Multiple -pix_fmt options specified for stream 0, only the last option '-pix_fmt yuv420p' will be used.
  VFuaQ6m2Qom/8585: 32 steps -> 129 frames (8.5s)  725 KB  0.4s
Multiple -pix_fmt options specified for stream 0, only the last option '-pix_fmt yuv420p' will be used.
  VFuaQ6m2Qom/894: 46 steps -> 188 frames (12.5s)  811 KB  0.5s
Multiple -pix_fmt options specified for stream 0, only the last option '-pix_fmt yuv420p' will be used.
  VFuaQ6m2Qom/9017: 53 steps -> 218 frames (14.5s)  706 KB  0.6s
Multiple -pix_fmt options specified for stream 0, only the last option '-pix_fmt yuv420p' will be used.
  VFuaQ6m2Qom/915: 37 steps -> 149 frames (9.9s)  841 KB  0.4s
Multiple -pix_fmt options specified for stream 0, only the last option '-pix_fmt yuv420p' will be used.
  VFuaQ6m2Qom/9572: 33 steps -> 143 frames (9.5s)  611 KB  0.4s
Multiple -pix_fmt options specified for stream 0, only the last option '-pix_fmt yuv420p' will be used.
  VFuaQ6m2Qom/966: 13 steps -> 55 frames (3.6s)  201 KB  0.3s
Multiple -pix_fmt options specified for stream 0, only the last option '-pix_fmt yuv420p' will be used.
  VFuaQ6m2Qom/978: 28 steps -> 105 frames (6.9s)  818 KB  0.4s
Multiple -pix_fmt options specified for stream 0, only the last option '-pix_fmt yuv420p' will be used.
  VFuaQ6m2Qom/9818: 59 steps -> 241 frames (16.0s)  1595 KB  0.7s
Multiple -pix_fmt options specified for stream 0, only the last option '-pix_fmt yuv420p' will be used.
  VFuaQ6m2Qom/984: 36 steps -> 152 frames (10.1s)  737 KB  0.4s
Multiple -pix_fmt options specified for stream 0, only the last option '-pix_fmt yuv420p' will be used.
  VFuaQ6m2Qom/9902: 38 steps -> 155 frames (10.3s)  663 KB  0.4s
Multiple -pix_fmt options specified for stream 0, only the last option '-pix_fmt yuv420p' will be used.
  VFuaQ6m2Qom/9917: 48 steps -> 210 frames (13.9s)  1258 KB  0.5s
Multiple -pix_fmt options specified for stream 0, only the last option '-pix_fmt yuv420p' will be used.
  VFuaQ6m2Qom/9956: 38 steps -> 159 frames (10.5s)  592 KB  0.5s
Multiple -pix_fmt options specified for stream 0, only the last option '-pix_fmt yuv420p' will be used.
  VFuaQ6m2Qom/996: 70 steps -> 282 frames (18.7s)  2762 KB  0.7s
Renderer: NVIDIA GeForce RTX 4070 Ti SUPER/PCIe/SSE2 by NVIDIA Corporation
OpenGL version: 4.6.0 NVIDIA 580.173.02
Using optional features:
    GL_ARB_vertex_array_object
    GL_ARB_separate_shader_objects
    GL_ARB_robustness
    GL_ARB_texture_storage
    GL_ARB_texture_view
    GL_ARB_framebuffer_no_attachments
    GL_ARB_invalidate_subdata
    GL_ARB_texture_storage_multisample
    GL_ARB_multi_bind
    GL_ARB_direct_state_access
    GL_ARB_get_texture_sub_image
    GL_ARB_texture_filter_anisotropic
    GL_KHR_debug
    GL_KHR_parallel_shader_compile
    GL_NV_depth_buffer_float
Using driver workarounds:
    no-forward-compatible-core-context
    nv-egl-incorrect-gl11-function-pointers
    no-layout-qualifiers-on-old-glsl
    nv-zero-context-profile-mask
    nv-implementation-color-read-format-dsa-broken
    nv-cubemap-inconsistent-compressed-image-size
    nv-cubemap-broken-full-compressed-image-query
    nv-compressed-block-size-in-bits
[16:56:29:220092]:[Warning]:[Metadata] SceneDatasetAttributes.cpp(107)::addNewSceneInstanceToDataset : Dataset : 'default' : Lighting Layout Attributes 'no_lights' specified in Scene Attributes but does not exist in dataset, so creating default.
Multiple -pix_fmt options specified for stream 0, only the last option '-pix_fmt yuv420p' will be used.
  VLzqgDo317F/10463: 89 steps -> 376 frames (25.0s)  5267 KB  1.1s
Multiple -pix_fmt options specified for stream 0, only the last option '-pix_fmt yuv420p' will be used.
  VLzqgDo317F/1367: 54 steps -> 223 frames (14.8s)  3032 KB  0.5s
Multiple -pix_fmt options specified for stream 0, only the last option '-pix_fmt yuv420p' will be used.
  VLzqgDo317F/1403: 74 steps -> 301 frames (20.0s)  3841 KB  0.6s
Multiple -pix_fmt options specified for stream 0, only the last option '-pix_fmt yuv420p' will be used.
  VLzqgDo317F/1463: 51 steps -> 205 frames (13.6s)  2945 KB  0.5s
Multiple -pix_fmt options specified for stream 0, only the last option '-pix_fmt yuv420p' will be used.
  VLzqgDo317F/1886: 83 steps -> 347 frames (23.1s)  4660 KB  0.9s
Multiple -pix_fmt options specified for stream 0, only the last option '-pix_fmt yuv420p' will be used.
  VLzqgDo317F/1937: 56 steps -> 238 frames (15.8s)  2995 KB  0.6s
Multiple -pix_fmt options specified for stream 0, only the last option '-pix_fmt yuv420p' will be used.
  VLzqgDo317F/2063: 70 steps -> 294 frames (19.5s)  3895 KB  0.8s
Multiple -pix_fmt options specified for stream 0, only the last option '-pix_fmt yuv420p' will be used.
  VLzqgDo317F/2135: 87 steps -> 374 frames (24.9s)  5599 KB  1.0s
Multiple -pix_fmt options specified for stream 0, only the last option '-pix_fmt yuv420p' will be used.
  VLzqgDo317F/2255: 13 steps -> 46 frames (3.0s)  574 KB  0.3s
Multiple -pix_fmt options specified for stream 0, only the last option '-pix_fmt yuv420p' will be used.
  VLzqgDo317F/265: 32 steps -> 134 frames (8.9s)  1955 KB  0.5s
Multiple -pix_fmt options specified for stream 0, only the last option '-pix_fmt yuv420p' will be used.
  VLzqgDo317F/2687: 51 steps -> 205 frames (13.6s)  2708 KB  0.7s
Multiple -pix_fmt options specified for stream 0, only the last option '-pix_fmt yuv420p' will be used.
  VLzqgDo317F/2690: 40 steps -> 161 frames (10.7s)  2180 KB  0.6s
Multiple -pix_fmt options specified for stream 0, only the last option '-pix_fmt yuv420p' will be used.
  VLzqgDo317F/3503: 52 steps -> 218 frames (14.5s)  2881 KB  0.7s
Multiple -pix_fmt options specified for stream 0, only the last option '-pix_fmt yuv420p' will be used.
  VLzqgDo317F/3653: 58 steps -> 229 frames (15.2s)  3052 KB  0.8s
Multiple -pix_fmt options specified for stream 0, only the last option '-pix_fmt yuv420p' will be used.
  VLzqgDo317F/3677: 43 steps -> 170 frames (11.3s)  2840 KB  0.5s
Multiple -pix_fmt options specified for stream 0, only the last option '-pix_fmt yuv420p' will be used.
  VLzqgDo317F/379: 48 steps -> 190 frames (12.6s)  2777 KB  0.6s
Multiple -pix_fmt options specified for stream 0, only the last option '-pix_fmt yuv420p' will be used.
  VLzqgDo317F/3902: 57 steps -> 241 frames (16.0s)  3552 KB  0.7s
Multiple -pix_fmt options specified for stream 0, only the last option '-pix_fmt yuv420p' will be used.
  VLzqgDo317F/4136: 68 steps -> 282 frames (18.7s)  4001 KB  0.7s
Multiple -pix_fmt options specified for stream 0, only the last option '-pix_fmt yuv420p' will be used.
  VLzqgDo317F/4169: 52 steps -> 218 frames (14.5s)  3004 KB  0.7s
Multiple -pix_fmt options specified for stream 0, only the last option '-pix_fmt yuv420p' will be used.
  VLzqgDo317F/4190: 67 steps -> 282 frames (18.7s)  4185 KB  0.8s
Multiple -pix_fmt options specified for stream 0, only the last option '-pix_fmt yuv420p' will be used.
  VLzqgDo317F/442: 40 steps -> 174 frames (11.5s)  2714 KB  0.6s
Multiple -pix_fmt options specified for stream 0, only the last option '-pix_fmt yuv420p' will be used.
  VLzqgDo317F/4430: 71 steps -> 297 frames (19.7s)  3978 KB  0.8s
Multiple -pix_fmt options specified for stream 0, only the last option '-pix_fmt yuv420p' will be used.
  VLzqgDo317F/4442: 47 steps -> 195 frames (12.9s)  2911 KB  0.6s
Multiple -pix_fmt options specified for stream 0, only the last option '-pix_fmt yuv420p' will be used.
  VLzqgDo317F/4511: 54 steps -> 214 frames (14.2s)  2713 KB  0.6s
Multiple -pix_fmt options specified for stream 0, only the last option '-pix_fmt yuv420p' will be used.
  VLzqgDo317F/4532: 40 steps -> 161 frames (10.7s)  2188 KB  0.6s
Multiple -pix_fmt options specified for stream 0, only the last option '-pix_fmt yuv420p' will be used.
  VLzqgDo317F/4745: 53 steps -> 223 frames (14.8s)  2836 KB  0.8s
Multiple -pix_fmt options specified for stream 0, only the last option '-pix_fmt yuv420p' will be used.
  VLzqgDo317F/4772: 97 steps -> 416 frames (27.7s)  5249 KB  1.1s
Multiple -pix_fmt options specified for stream 0, only the last option '-pix_fmt yuv420p' will be used.
  VLzqgDo317F/4988: 53 steps -> 220 frames (14.6s)  2743 KB  0.7s
Multiple -pix_fmt options specified for stream 0, only the last option '-pix_fmt yuv420p' will be used.
  VLzqgDo317F/5378: 48 steps -> 206 frames (13.7s)  2865 KB  0.7s
Multiple -pix_fmt options specified for stream 0, only the last option '-pix_fmt yuv420p' will be used.
  VLzqgDo317F/5543: 56 steps -> 229 frames (15.2s)  3632 KB  0.7s
Multiple -pix_fmt options specified for stream 0, only the last option '-pix_fmt yuv420p' will be used.
  VLzqgDo317F/5666: 62 steps -> 260 frames (17.3s)  4118 KB  0.8s
Multiple -pix_fmt options specified for stream 0, only the last option '-pix_fmt yuv420p' will be used.
  VLzqgDo317F/5681: 18 steps -> 65 frames (4.3s)  998 KB  0.3s
Multiple -pix_fmt options specified for stream 0, only the last option '-pix_fmt yuv420p' will be used.
  VLzqgDo317F/5699: 91 steps -> 391 frames (26.0s)  5500 KB  1.0s
Multiple -pix_fmt options specified for stream 0, only the last option '-pix_fmt yuv420p' will be used.
  VLzqgDo317F/58: 87 steps -> 377 frames (25.1s)  5426 KB  1.0s
Multiple -pix_fmt options specified for stream 0, only the last option '-pix_fmt yuv420p' will be used.
  VLzqgDo317F/5960: 67 steps -> 268 frames (17.8s)  3601 KB  0.8s
Multiple -pix_fmt options specified for stream 0, only the last option '-pix_fmt yuv420p' will be used.
  VLzqgDo317F/6227: 32 steps -> 129 frames (8.5s)  1987 KB  0.5s
Multiple -pix_fmt options specified for stream 0, only the last option '-pix_fmt yuv420p' will be used.
  VLzqgDo317F/6515: 44 steps -> 181 frames (12.0s)  2319 KB  0.6s
Multiple -pix_fmt options specified for stream 0, only the last option '-pix_fmt yuv420p' will be used.
  VLzqgDo317F/6650: 17 steps -> 70 frames (4.6s)  867 KB  0.3s
Multiple -pix_fmt options specified for stream 0, only the last option '-pix_fmt yuv420p' will be used.
  VLzqgDo317F/6689: 40 steps -> 164 frames (10.9s)  2417 KB  0.5s
Multiple -pix_fmt options specified for stream 0, only the last option '-pix_fmt yuv420p' will be used.
  VLzqgDo317F/7376: 39 steps -> 164 frames (10.9s)  2183 KB  0.5s
Multiple -pix_fmt options specified for stream 0, only the last option '-pix_fmt yuv420p' will be used.
  VLzqgDo317F/7532: 72 steps -> 304 frames (20.2s)  4280 KB  0.8s
Multiple -pix_fmt options specified for stream 0, only the last option '-pix_fmt yuv420p' will be used.
  VLzqgDo317F/7598: 78 steps -> 318 frames (21.1s)  4854 KB  1.0s
Multiple -pix_fmt options specified for stream 0, only the last option '-pix_fmt yuv420p' will be used.
  VLzqgDo317F/8300: 63 steps -> 256 frames (17.0s)  3730 KB  0.8s
Multiple -pix_fmt options specified for stream 0, only the last option '-pix_fmt yuv420p' will be used.
  VLzqgDo317F/8402: 44 steps -> 184 frames (12.2s)  2551 KB  0.6s
Multiple -pix_fmt options specified for stream 0, only the last option '-pix_fmt yuv420p' will be used.
  VLzqgDo317F/8564: 33 steps -> 145 frames (9.6s)  1937 KB  0.4s
Multiple -pix_fmt options specified for stream 0, only the last option '-pix_fmt yuv420p' will be used.
  VLzqgDo317F/8921: 45 steps -> 197 frames (13.1s)  2778 KB  0.6s
Multiple -pix_fmt options specified for stream 0, only the last option '-pix_fmt yuv420p' will be used.
  VLzqgDo317F/9101: 20 steps -> 82 frames (5.4s)  1042 KB  0.3s
Multiple -pix_fmt options specified for stream 0, only the last option '-pix_fmt yuv420p' will be used.
  VLzqgDo317F/9212: 21 steps -> 86 frames (5.7s)  1357 KB  0.4s
Multiple -pix_fmt options specified for stream 0, only the last option '-pix_fmt yuv420p' will be used.
  VLzqgDo317F/9326: 37 steps -> 156 frames (10.3s)  2214 KB  0.6s
Multiple -pix_fmt options specified for stream 0, only the last option '-pix_fmt yuv420p' will be used.
  VLzqgDo317F/9341: 43 steps -> 176 frames (11.7s)  2541 KB  0.5s
Multiple -pix_fmt options specified for stream 0, only the last option '-pix_fmt yuv420p' will be used.
  VLzqgDo317F/9563: 32 steps -> 134 frames (8.9s)  1955 KB  0.4s
Multiple -pix_fmt options specified for stream 0, only the last option '-pix_fmt yuv420p' will be used.
  VLzqgDo317F/9617: 43 steps -> 176 frames (11.7s)  2465 KB  0.5s
Multiple -pix_fmt options specified for stream 0, only the last option '-pix_fmt yuv420p' will be used.
  VLzqgDo317F/9704: 49 steps -> 197 frames (13.1s)  2754 KB  0.6s
Multiple -pix_fmt options specified for stream 0, only the last option '-pix_fmt yuv420p' will be used.
  VLzqgDo317F/9887: 41 steps -> 164 frames (10.9s)  2160 KB  0.5s
Renderer: NVIDIA GeForce RTX 4070 Ti SUPER/PCIe/SSE2 by NVIDIA Corporation
OpenGL version: 4.6.0 NVIDIA 580.173.02
Using optional features:
    GL_ARB_vertex_array_object
    GL_ARB_separate_shader_objects
    GL_ARB_robustness
    GL_ARB_texture_storage
    GL_ARB_texture_view
    GL_ARB_framebuffer_no_attachments
    GL_ARB_invalidate_subdata
    GL_ARB_texture_storage_multisample
    GL_ARB_multi_bind
    GL_ARB_direct_state_access
    GL_ARB_get_texture_sub_image
    GL_ARB_texture_filter_anisotropic
    GL_KHR_debug
    GL_KHR_parallel_shader_compile
    GL_NV_depth_buffer_float
Using driver workarounds:
    no-forward-compatible-core-context
    nv-egl-incorrect-gl11-function-pointers
    no-layout-qualifiers-on-old-glsl
    nv-zero-context-profile-mask
    nv-implementation-color-read-format-dsa-broken
    nv-cubemap-inconsistent-compressed-image-size
    nv-cubemap-broken-full-compressed-image-query
    nv-compressed-block-size-in-bits
[16:57:09:494964]:[Warning]:[Metadata] SceneDatasetAttributes.cpp(107)::addNewSceneInstanceToDataset : Dataset : 'default' : Lighting Layout Attributes 'no_lights' specified in Scene Attributes but does not exist in dataset, so creating default.
Multiple -pix_fmt options specified for stream 0, only the last option '-pix_fmt yuv420p' will be used.
  VVfe2KiqLaN/10151: 33 steps -> 138 frames (9.1s)  1137 KB  0.5s
Multiple -pix_fmt options specified for stream 0, only the last option '-pix_fmt yuv420p' will be used.
  VVfe2KiqLaN/10361: 33 steps -> 138 frames (9.1s)  1310 KB  0.4s
Multiple -pix_fmt options specified for stream 0, only the last option '-pix_fmt yuv420p' will be used.
  VVfe2KiqLaN/10406: 30 steps -> 123 frames (8.1s)  649 KB  0.4s
Multiple -pix_fmt options specified for stream 0, only the last option '-pix_fmt yuv420p' will be used.
  VVfe2KiqLaN/10658: 11 steps -> 41 frames (2.7s)  358 KB  0.2s
Multiple -pix_fmt options specified for stream 0, only the last option '-pix_fmt yuv420p' will be used.
  VVfe2KiqLaN/112: 12 steps -> 44 frames (2.9s)  312 KB  0.2s
Multiple -pix_fmt options specified for stream 0, only the last option '-pix_fmt yuv420p' will be used.
  VVfe2KiqLaN/1724: 43 steps -> 179 frames (11.9s)  1912 KB  0.5s
Multiple -pix_fmt options specified for stream 0, only the last option '-pix_fmt yuv420p' will be used.
  VVfe2KiqLaN/2039: 23 steps -> 94 frames (6.2s)  826 KB  0.3s
Multiple -pix_fmt options specified for stream 0, only the last option '-pix_fmt yuv420p' will be used.
  VVfe2KiqLaN/2234: 23 steps -> 94 frames (6.2s)  826 KB  0.3s
Multiple -pix_fmt options specified for stream 0, only the last option '-pix_fmt yuv420p' will be used.
  VVfe2KiqLaN/2246: 46 steps -> 190 frames (12.6s)  2059 KB  0.6s
Multiple -pix_fmt options specified for stream 0, only the last option '-pix_fmt yuv420p' will be used.
  VVfe2KiqLaN/2492: 32 steps -> 131 frames (8.7s)  1400 KB  0.4s
Multiple -pix_fmt options specified for stream 0, only the last option '-pix_fmt yuv420p' will be used.
  VVfe2KiqLaN/2651: 22 steps -> 94 frames (6.2s)  752 KB  0.3s
Multiple -pix_fmt options specified for stream 0, only the last option '-pix_fmt yuv420p' will be used.
  VVfe2KiqLaN/376: 28 steps -> 119 frames (7.9s)  752 KB  0.4s
Multiple -pix_fmt options specified for stream 0, only the last option '-pix_fmt yuv420p' will be used.
  VVfe2KiqLaN/4055: 32 steps -> 132 frames (8.7s)  1253 KB  0.4s
Multiple -pix_fmt options specified for stream 0, only the last option '-pix_fmt yuv420p' will be used.
  VVfe2KiqLaN/4370: 22 steps -> 94 frames (6.2s)  665 KB  0.4s
Multiple -pix_fmt options specified for stream 0, only the last option '-pix_fmt yuv420p' will be used.
  VVfe2KiqLaN/4460: 36 steps -> 157 frames (10.4s)  1865 KB  0.5s
Multiple -pix_fmt options specified for stream 0, only the last option '-pix_fmt yuv420p' will be used.
  VVfe2KiqLaN/4499: 36 steps -> 145 frames (9.6s)  1432 KB  0.4s
Multiple -pix_fmt options specified for stream 0, only the last option '-pix_fmt yuv420p' will be used.
  VVfe2KiqLaN/4976: 40 steps -> 158 frames (10.5s)  1190 KB  0.4s
Multiple -pix_fmt options specified for stream 0, only the last option '-pix_fmt yuv420p' will be used.
  VVfe2KiqLaN/5081: 21 steps -> 90 frames (5.9s)  635 KB  0.3s
Multiple -pix_fmt options specified for stream 0, only the last option '-pix_fmt yuv420p' will be used.
  VVfe2KiqLaN/5087: 45 steps -> 193 frames (12.8s)  1901 KB  0.5s
Multiple -pix_fmt options specified for stream 0, only the last option '-pix_fmt yuv420p' will be used.
  VVfe2KiqLaN/5582: 16 steps -> 65 frames (4.3s)  614 KB  0.3s
Multiple -pix_fmt options specified for stream 0, only the last option '-pix_fmt yuv420p' will be used.
  VVfe2KiqLaN/5966: 24 steps -> 97 frames (6.4s)  862 KB  0.4s
Multiple -pix_fmt options specified for stream 0, only the last option '-pix_fmt yuv420p' will be used.
  VVfe2KiqLaN/5993: 37 steps -> 154 frames (10.2s)  1209 KB  0.5s
Multiple -pix_fmt options specified for stream 0, only the last option '-pix_fmt yuv420p' will be used.
  VVfe2KiqLaN/6137: 51 steps -> 214 frames (14.2s)  1960 KB  0.6s
Multiple -pix_fmt options specified for stream 0, only the last option '-pix_fmt yuv420p' will be used.
  VVfe2KiqLaN/6302: 17 steps -> 68 frames (4.5s)  471 KB  0.3s
Multiple -pix_fmt options specified for stream 0, only the last option '-pix_fmt yuv420p' will be used.
  VVfe2KiqLaN/6629: 26 steps -> 106 frames (7.0s)  697 KB  0.3s
Multiple -pix_fmt options specified for stream 0, only the last option '-pix_fmt yuv420p' will be used.
  VVfe2KiqLaN/6764: 17 steps -> 69 frames (4.5s)  638 KB  0.3s
Multiple -pix_fmt options specified for stream 0, only the last option '-pix_fmt yuv420p' will be used.
  VVfe2KiqLaN/7013: 22 steps -> 88 frames (5.8s)  618 KB  0.4s
Multiple -pix_fmt options specified for stream 0, only the last option '-pix_fmt yuv420p' will be used.
  VVfe2KiqLaN/7175: 28 steps -> 121 frames (8.0s)  764 KB  0.4s
Multiple -pix_fmt options specified for stream 0, only the last option '-pix_fmt yuv420p' will be used.
  VVfe2KiqLaN/7301: 32 steps -> 135 frames (8.9s)  1321 KB  0.5s
Multiple -pix_fmt options specified for stream 0, only the last option '-pix_fmt yuv420p' will be used.
  VVfe2KiqLaN/7751: 25 steps -> 104 frames (6.9s)  1093 KB  0.4s
Multiple -pix_fmt options specified for stream 0, only the last option '-pix_fmt yuv420p' will be used.
  VVfe2KiqLaN/7796: 24 steps -> 95 frames (6.3s)  865 KB  0.3s
Multiple -pix_fmt options specified for stream 0, only the last option '-pix_fmt yuv420p' will be used.
  VVfe2KiqLaN/7901: 19 steps -> 77 frames (5.1s)  514 KB  0.3s
Multiple -pix_fmt options specified for stream 0, only the last option '-pix_fmt yuv420p' will be used.
  VVfe2KiqLaN/8150: 20 steps -> 79 frames (5.2s)  568 KB  0.3s
Multiple -pix_fmt options specified for stream 0, only the last option '-pix_fmt yuv420p' will be used.
  VVfe2KiqLaN/863: 20 steps -> 77 frames (5.1s)  468 KB  0.3s
Multiple -pix_fmt options specified for stream 0, only the last option '-pix_fmt yuv420p' will be used.
  VVfe2KiqLaN/9473: 25 steps -> 104 frames (6.9s)  889 KB  0.3s
Renderer: NVIDIA GeForce RTX 4070 Ti SUPER/PCIe/SSE2 by NVIDIA Corporation
OpenGL version: 4.6.0 NVIDIA 580.173.02
Using optional features:
    GL_ARB_vertex_array_object
    GL_ARB_separate_shader_objects
    GL_ARB_robustness
    GL_ARB_texture_storage
    GL_ARB_texture_view
    GL_ARB_framebuffer_no_attachments
    GL_ARB_invalidate_subdata
    GL_ARB_texture_storage_multisample
    GL_ARB_multi_bind
    GL_ARB_direct_state_access
    GL_ARB_get_texture_sub_image
    GL_ARB_texture_filter_anisotropic
    GL_KHR_debug
    GL_KHR_parallel_shader_compile
    GL_NV_depth_buffer_float
Using driver workarounds:
    no-forward-compatible-core-context
    nv-egl-incorrect-gl11-function-pointers
    no-layout-qualifiers-on-old-glsl
    nv-zero-context-profile-mask
    nv-implementation-color-read-format-dsa-broken
    nv-cubemap-inconsistent-compressed-image-size
    nv-cubemap-broken-full-compressed-image-query
    nv-compressed-block-size-in-bits
[16:57:24:604522]:[Warning]:[Metadata] SceneDatasetAttributes.cpp(107)::addNewSceneInstanceToDataset : Dataset : 'default' : Lighting Layout Attributes 'no_lights' specified in Scene Attributes but does not exist in dataset, so creating default.
Multiple -pix_fmt options specified for stream 0, only the last option '-pix_fmt yuv420p' will be used.
  Vvot9Ly1tCj/10079: 24 steps -> 103 frames (6.8s)  367 KB  0.6s
Multiple -pix_fmt options specified for stream 0, only the last option '-pix_fmt yuv420p' will be used.
  Vvot9Ly1tCj/10082: 68 steps -> 270 frames (17.9s)  1623 KB  0.7s
Multiple -pix_fmt options specified for stream 0, only the last option '-pix_fmt yuv420p' will be used.
  Vvot9Ly1tCj/1011: 65 steps -> 261 frames (17.3s)  1949 KB  0.6s
Multiple -pix_fmt options specified for stream 0, only the last option '-pix_fmt yuv420p' will be used.
  Vvot9Ly1tCj/10133: 38 steps -> 146 frames (9.7s)  1204 KB  0.4s
Multiple -pix_fmt options specified for stream 0, only the last option '-pix_fmt yuv420p' will be used.
  Vvot9Ly1tCj/10190: 46 steps -> 188 frames (12.5s)  1108 KB  0.5s
Multiple -pix_fmt options specified for stream 0, only the last option '-pix_fmt yuv420p' will be used.
  Vvot9Ly1tCj/10385: 14 steps -> 54 frames (3.5s)  174 KB  0.2s
Multiple -pix_fmt options specified for stream 0, only the last option '-pix_fmt yuv420p' will be used.
  Vvot9Ly1tCj/10508: 56 steps -> 227 frames (15.1s)  1081 KB  0.6s
Multiple -pix_fmt options specified for stream 0, only the last option '-pix_fmt yuv420p' will be used.
  Vvot9Ly1tCj/10826: 57 steps -> 229 frames (15.2s)  1074 KB  0.5s
Multiple -pix_fmt options specified for stream 0, only the last option '-pix_fmt yuv420p' will be used.
  Vvot9Ly1tCj/1143: 47 steps -> 188 frames (12.5s)  778 KB  0.5s
Multiple -pix_fmt options specified for stream 0, only the last option '-pix_fmt yuv420p' will be used.
  Vvot9Ly1tCj/142: 41 steps -> 171 frames (11.3s)  888 KB  0.4s
Multiple -pix_fmt options specified for stream 0, only the last option '-pix_fmt yuv420p' will be used.
  Vvot9Ly1tCj/1478: 44 steps -> 184 frames (12.2s)  857 KB  0.5s
Multiple -pix_fmt options specified for stream 0, only the last option '-pix_fmt yuv420p' will be used.
  Vvot9Ly1tCj/1541: 55 steps -> 220 frames (14.6s)  1542 KB  0.5s
Multiple -pix_fmt options specified for stream 0, only the last option '-pix_fmt yuv420p' will be used.
  Vvot9Ly1tCj/1712: 46 steps -> 184 frames (12.2s)  805 KB  0.4s
Multiple -pix_fmt options specified for stream 0, only the last option '-pix_fmt yuv420p' will be used.
  Vvot9Ly1tCj/178: 16 steps -> 64 frames (4.2s)  193 KB  0.2s
Multiple -pix_fmt options specified for stream 0, only the last option '-pix_fmt yuv420p' will be used.
  Vvot9Ly1tCj/2078: 30 steps -> 129 frames (8.5s)  542 KB  0.4s
Multiple -pix_fmt options specified for stream 0, only the last option '-pix_fmt yuv420p' will be used.
  Vvot9Ly1tCj/2558: 26 steps -> 100 frames (6.6s)  507 KB  0.3s
Multiple -pix_fmt options specified for stream 0, only the last option '-pix_fmt yuv420p' will be used.
  Vvot9Ly1tCj/2672: 29 steps -> 116 frames (7.7s)  668 KB  0.3s
Multiple -pix_fmt options specified for stream 0, only the last option '-pix_fmt yuv420p' will be used.
  Vvot9Ly1tCj/2744: 58 steps -> 226 frames (15.0s)  1351 KB  0.5s
Multiple -pix_fmt options specified for stream 0, only the last option '-pix_fmt yuv420p' will be used.
  Vvot9Ly1tCj/2798: 31 steps -> 124 frames (8.2s)  364 KB  0.4s
Multiple -pix_fmt options specified for stream 0, only the last option '-pix_fmt yuv420p' will be used.
  Vvot9Ly1tCj/2852: 31 steps -> 130 frames (8.6s)  488 KB  0.4s
Multiple -pix_fmt options specified for stream 0, only the last option '-pix_fmt yuv420p' will be used.
  Vvot9Ly1tCj/3008: 55 steps -> 219 frames (14.5s)  1656 KB  0.6s
Multiple -pix_fmt options specified for stream 0, only the last option '-pix_fmt yuv420p' will be used.
  Vvot9Ly1tCj/308: 22 steps -> 93 frames (6.1s)  387 KB  0.3s
Multiple -pix_fmt options specified for stream 0, only the last option '-pix_fmt yuv420p' will be used.
  Vvot9Ly1tCj/3140: 27 steps -> 117 frames (7.7s)  486 KB  0.4s
Multiple -pix_fmt options specified for stream 0, only the last option '-pix_fmt yuv420p' will be used.
  Vvot9Ly1tCj/3260: 36 steps -> 148 frames (9.8s)  626 KB  0.4s
Multiple -pix_fmt options specified for stream 0, only the last option '-pix_fmt yuv420p' will be used.
  Vvot9Ly1tCj/339: 54 steps -> 218 frames (14.5s)  886 KB  0.5s
Multiple -pix_fmt options specified for stream 0, only the last option '-pix_fmt yuv420p' will be used.
  Vvot9Ly1tCj/3545: 31 steps -> 128 frames (8.5s)  671 KB  0.4s
Multiple -pix_fmt options specified for stream 0, only the last option '-pix_fmt yuv420p' will be used.
  Vvot9Ly1tCj/357: 31 steps -> 122 frames (8.1s)  962 KB  0.4s
Multiple -pix_fmt options specified for stream 0, only the last option '-pix_fmt yuv420p' will be used.
  Vvot9Ly1tCj/3743: 47 steps -> 192 frames (12.7s)  1095 KB  0.6s
Multiple -pix_fmt options specified for stream 0, only the last option '-pix_fmt yuv420p' will be used.
  Vvot9Ly1tCj/3905: 55 steps -> 227 frames (15.1s)  1259 KB  0.6s
Multiple -pix_fmt options specified for stream 0, only the last option '-pix_fmt yuv420p' will be used.
  Vvot9Ly1tCj/391: 18 steps -> 73 frames (4.8s)  242 KB  0.3s
Multiple -pix_fmt options specified for stream 0, only the last option '-pix_fmt yuv420p' will be used.
  Vvot9Ly1tCj/3989: 27 steps -> 106 frames (7.0s)  577 KB  0.4s
Multiple -pix_fmt options specified for stream 0, only the last option '-pix_fmt yuv420p' will be used.
  Vvot9Ly1tCj/40: 47 steps -> 189 frames (12.5s)  778 KB  0.5s
Multiple -pix_fmt options specified for stream 0, only the last option '-pix_fmt yuv420p' will be used.
  Vvot9Ly1tCj/4001: 23 steps -> 93 frames (6.1s)  375 KB  0.3s
Multiple -pix_fmt options specified for stream 0, only the last option '-pix_fmt yuv420p' will be used.
  Vvot9Ly1tCj/4010: 54 steps -> 213 frames (14.1s)  1539 KB  0.6s
Multiple -pix_fmt options specified for stream 0, only the last option '-pix_fmt yuv420p' will be used.
  Vvot9Ly1tCj/4013: 36 steps -> 147 frames (9.7s)  607 KB  0.4s
Multiple -pix_fmt options specified for stream 0, only the last option '-pix_fmt yuv420p' will be used.
  Vvot9Ly1tCj/4280: 25 steps -> 108 frames (7.1s)  441 KB  0.3s
Multiple -pix_fmt options specified for stream 0, only the last option '-pix_fmt yuv420p' will be used.
  Vvot9Ly1tCj/4445: 32 steps -> 133 frames (8.8s)  862 KB  0.5s
Multiple -pix_fmt options specified for stream 0, only the last option '-pix_fmt yuv420p' will be used.
  Vvot9Ly1tCj/4490: 44 steps -> 181 frames (12.0s)  709 KB  0.5s
Multiple -pix_fmt options specified for stream 0, only the last option '-pix_fmt yuv420p' will be used.
  Vvot9Ly1tCj/4595: 65 steps -> 264 frames (17.5s)  1514 KB  0.7s
Multiple -pix_fmt options specified for stream 0, only the last option '-pix_fmt yuv420p' will be used.
  Vvot9Ly1tCj/4676: 33 steps -> 138 frames (9.1s)  700 KB  0.4s
Multiple -pix_fmt options specified for stream 0, only the last option '-pix_fmt yuv420p' will be used.
  Vvot9Ly1tCj/4685: 37 steps -> 155 frames (10.3s)  816 KB  0.4s
Multiple -pix_fmt options specified for stream 0, only the last option '-pix_fmt yuv420p' will be used.
  Vvot9Ly1tCj/4697: 34 steps -> 141 frames (9.3s)  802 KB  0.4s
Multiple -pix_fmt options specified for stream 0, only the last option '-pix_fmt yuv420p' will be used.
  Vvot9Ly1tCj/4997: 32 steps -> 122 frames (8.1s)  724 KB  0.4s
Multiple -pix_fmt options specified for stream 0, only the last option '-pix_fmt yuv420p' will be used.
  Vvot9Ly1tCj/5018: 36 steps -> 147 frames (9.7s)  677 KB  0.4s
Multiple -pix_fmt options specified for stream 0, only the last option '-pix_fmt yuv420p' will be used.
  Vvot9Ly1tCj/5063: 34 steps -> 146 frames (9.7s)  818 KB  0.4s
Multiple -pix_fmt options specified for stream 0, only the last option '-pix_fmt yuv420p' will be used.
  Vvot9Ly1tCj/5264: 64 steps -> 260 frames (17.3s)  1420 KB  0.6s
Multiple -pix_fmt options specified for stream 0, only the last option '-pix_fmt yuv420p' will be used.
  Vvot9Ly1tCj/5369: 48 steps -> 191 frames (12.7s)  923 KB  0.5s
Multiple -pix_fmt options specified for stream 0, only the last option '-pix_fmt yuv420p' will be used.
  Vvot9Ly1tCj/5477: 26 steps -> 101 frames (6.7s)  601 KB  0.3s
Multiple -pix_fmt options specified for stream 0, only the last option '-pix_fmt yuv420p' will be used.
  Vvot9Ly1tCj/5570: 38 steps -> 161 frames (10.7s)  594 KB  0.4s
Multiple -pix_fmt options specified for stream 0, only the last option '-pix_fmt yuv420p' will be used.
  Vvot9Ly1tCj/5588: 25 steps -> 104 frames (6.9s)  513 KB  0.3s
Multiple -pix_fmt options specified for stream 0, only the last option '-pix_fmt yuv420p' will be used.
  Vvot9Ly1tCj/563: 51 steps -> 201 frames (13.3s)  1003 KB  0.5s
Multiple -pix_fmt options specified for stream 0, only the last option '-pix_fmt yuv420p' will be used.
  Vvot9Ly1tCj/5690: 24 steps -> 99 frames (6.5s)  419 KB  0.3s
Multiple -pix_fmt options specified for stream 0, only the last option '-pix_fmt yuv420p' will be used.
  Vvot9Ly1tCj/5804: 52 steps -> 215 frames (14.3s)  1047 KB  0.6s
Multiple -pix_fmt options specified for stream 0, only the last option '-pix_fmt yuv420p' will be used.
  Vvot9Ly1tCj/5807: 21 steps -> 87 frames (5.7s)  372 KB  0.3s
Multiple -pix_fmt options specified for stream 0, only the last option '-pix_fmt yuv420p' will be used.
  Vvot9Ly1tCj/5819: 24 steps -> 94 frames (6.2s)  384 KB  0.3s
Multiple -pix_fmt options specified for stream 0, only the last option '-pix_fmt yuv420p' will be used.
  Vvot9Ly1tCj/6020: 62 steps -> 260 frames (17.3s)  1554 KB  0.7s
Multiple -pix_fmt options specified for stream 0, only the last option '-pix_fmt yuv420p' will be used.
  Vvot9Ly1tCj/6038: 48 steps -> 192 frames (12.7s)  718 KB  0.5s
Multiple -pix_fmt options specified for stream 0, only the last option '-pix_fmt yuv420p' will be used.
  Vvot9Ly1tCj/6053: 25 steps -> 99 frames (6.5s)  606 KB  0.3s
Multiple -pix_fmt options specified for stream 0, only the last option '-pix_fmt yuv420p' will be used.
  Vvot9Ly1tCj/6335: 22 steps -> 91 frames (6.0s)  410 KB  0.3s
Multiple -pix_fmt options specified for stream 0, only the last option '-pix_fmt yuv420p' will be used.
  Vvot9Ly1tCj/6605: 59 steps -> 236 frames (15.7s)  1351 KB  0.7s
Multiple -pix_fmt options specified for stream 0, only the last option '-pix_fmt yuv420p' will be used.
  Vvot9Ly1tCj/6815: 69 steps -> 283 frames (18.8s)  1492 KB  0.6s
Multiple -pix_fmt options specified for stream 0, only the last option '-pix_fmt yuv420p' will be used.
  Vvot9Ly1tCj/7055: 26 steps -> 104 frames (6.9s)  591 KB  0.3s
Multiple -pix_fmt options specified for stream 0, only the last option '-pix_fmt yuv420p' will be used.
  Vvot9Ly1tCj/7091: 57 steps -> 228 frames (15.1s)  1169 KB  0.5s
Multiple -pix_fmt options specified for stream 0, only the last option '-pix_fmt yuv420p' will be used.
  Vvot9Ly1tCj/7187: 22 steps -> 91 frames (6.0s)  398 KB  0.3s
Multiple -pix_fmt options specified for stream 0, only the last option '-pix_fmt yuv420p' will be used.
  Vvot9Ly1tCj/7229: 51 steps -> 195 frames (12.9s)  1197 KB  0.6s
Multiple -pix_fmt options specified for stream 0, only the last option '-pix_fmt yuv420p' will be used.
  Vvot9Ly1tCj/7358: 40 steps -> 165 frames (10.9s)  929 KB  0.4s
Multiple -pix_fmt options specified for stream 0, only the last option '-pix_fmt yuv420p' will be used.
  Vvot9Ly1tCj/7370: 37 steps -> 150 frames (9.9s)  868 KB  0.4s
Multiple -pix_fmt options specified for stream 0, only the last option '-pix_fmt yuv420p' will be used.
  Vvot9Ly1tCj/7397: 36 steps -> 137 frames (9.1s)  1020 KB  0.4s
Multiple -pix_fmt options specified for stream 0, only the last option '-pix_fmt yuv420p' will be used.
  Vvot9Ly1tCj/7478: 31 steps -> 128 frames (8.5s)  697 KB  0.4s
Multiple -pix_fmt options specified for stream 0, only the last option '-pix_fmt yuv420p' will be used.
  Vvot9Ly1tCj/7517: 30 steps -> 121 frames (8.0s)  959 KB  0.4s
Multiple -pix_fmt options specified for stream 0, only the last option '-pix_fmt yuv420p' will be used.
  Vvot9Ly1tCj/7688: 25 steps -> 94 frames (6.2s)  395 KB  0.3s
Multiple -pix_fmt options specified for stream 0, only the last option '-pix_fmt yuv420p' will be used.
  Vvot9Ly1tCj/7811: 64 steps -> 257 frames (17.1s)  1318 KB  0.7s
Multiple -pix_fmt options specified for stream 0, only the last option '-pix_fmt yuv420p' will be used.
  Vvot9Ly1tCj/7934: 40 steps -> 170 frames (11.3s)  700 KB  0.4s
Multiple -pix_fmt options specified for stream 0, only the last option '-pix_fmt yuv420p' will be used.
  Vvot9Ly1tCj/7985: 50 steps -> 206 frames (13.7s)  1037 KB  0.5s
Multiple -pix_fmt options specified for stream 0, only the last option '-pix_fmt yuv420p' will be used.
  Vvot9Ly1tCj/8009: 29 steps -> 126 frames (8.3s)  531 KB  0.4s
Multiple -pix_fmt options specified for stream 0, only the last option '-pix_fmt yuv420p' will be used.
  Vvot9Ly1tCj/8036: 57 steps -> 234 frames (15.5s)  1207 KB  0.6s
Multiple -pix_fmt options specified for stream 0, only the last option '-pix_fmt yuv420p' will be used.
  Vvot9Ly1tCj/8051: 51 steps -> 213 frames (14.1s)  978 KB  0.6s
Multiple -pix_fmt options specified for stream 0, only the last option '-pix_fmt yuv420p' will be used.
  Vvot9Ly1tCj/8303: 52 steps -> 209 frames (13.9s)  934 KB  0.5s
Multiple -pix_fmt options specified for stream 0, only the last option '-pix_fmt yuv420p' will be used.
  Vvot9Ly1tCj/8339: 37 steps -> 154 frames (10.2s)  847 KB  0.4s
Multiple -pix_fmt options specified for stream 0, only the last option '-pix_fmt yuv420p' will be used.
  Vvot9Ly1tCj/8498: 29 steps -> 122 frames (8.1s)  728 KB  0.4s
Multiple -pix_fmt options specified for stream 0, only the last option '-pix_fmt yuv420p' will be used.
  Vvot9Ly1tCj/8615: 51 steps -> 213 frames (14.1s)  999 KB  0.5s
Multiple -pix_fmt options specified for stream 0, only the last option '-pix_fmt yuv420p' will be used.
  Vvot9Ly1tCj/8678: 37 steps -> 138 frames (9.1s)  846 KB  0.4s
Multiple -pix_fmt options specified for stream 0, only the last option '-pix_fmt yuv420p' will be used.
  Vvot9Ly1tCj/872: 48 steps -> 194 frames (12.9s)  1043 KB  0.5s
Multiple -pix_fmt options specified for stream 0, only the last option '-pix_fmt yuv420p' will be used.
  Vvot9Ly1tCj/8945: 50 steps -> 207 frames (13.7s)  1049 KB  0.6s
Multiple -pix_fmt options specified for stream 0, only the last option '-pix_fmt yuv420p' will be used.
  Vvot9Ly1tCj/9023: 39 steps -> 163 frames (10.8s)  963 KB  0.4s
Multiple -pix_fmt options specified for stream 0, only the last option '-pix_fmt yuv420p' will be used.
  Vvot9Ly1tCj/9104: 22 steps -> 91 frames (6.0s)  496 KB  0.3s
Multiple -pix_fmt options specified for stream 0, only the last option '-pix_fmt yuv420p' will be used.
  Vvot9Ly1tCj/9215: 72 steps -> 287 frames (19.1s)  1663 KB  0.7s
Multiple -pix_fmt options specified for stream 0, only the last option '-pix_fmt yuv420p' will be used.
  Vvot9Ly1tCj/9230: 61 steps -> 253 frames (16.8s)  1689 KB  0.6s
Multiple -pix_fmt options specified for stream 0, only the last option '-pix_fmt yuv420p' will be used.
  Vvot9Ly1tCj/9662: 27 steps -> 112 frames (7.4s)  444 KB  0.3s
Multiple -pix_fmt options specified for stream 0, only the last option '-pix_fmt yuv420p' will be used.
  Vvot9Ly1tCj/9728: 69 steps -> 293 frames (19.5s)  1747 KB  0.7s
Multiple -pix_fmt options specified for stream 0, only the last option '-pix_fmt yuv420p' will be used.
  Vvot9Ly1tCj/9764: 33 steps -> 134 frames (8.9s)  779 KB  0.4s
Multiple -pix_fmt options specified for stream 0, only the last option '-pix_fmt yuv420p' will be used.
  Vvot9Ly1tCj/9788: 45 steps -> 176 frames (11.7s)  1382 KB  0.5s
Renderer: NVIDIA GeForce RTX 4070 Ti SUPER/PCIe/SSE2 by NVIDIA Corporation
OpenGL version: 4.6.0 NVIDIA 580.173.02
Using optional features:
    GL_ARB_vertex_array_object
    GL_ARB_separate_shader_objects
    GL_ARB_robustness
    GL_ARB_texture_storage
    GL_ARB_texture_view
    GL_ARB_framebuffer_no_attachments
    GL_ARB_invalidate_subdata
    GL_ARB_texture_storage_multisample
    GL_ARB_multi_bind
    GL_ARB_direct_state_access
    GL_ARB_get_texture_sub_image
    GL_ARB_texture_filter_anisotropic
    GL_KHR_debug
    GL_KHR_parallel_shader_compile
    GL_NV_depth_buffer_float
Using driver workarounds:
    no-forward-compatible-core-context
    nv-egl-incorrect-gl11-function-pointers
    no-layout-qualifiers-on-old-glsl
    nv-zero-context-profile-mask
    nv-implementation-color-read-format-dsa-broken
    nv-cubemap-inconsistent-compressed-image-size
    nv-cubemap-broken-full-compressed-image-query
    nv-compressed-block-size-in-bits
[16:58:11:552952]:[Warning]:[Metadata] SceneDatasetAttributes.cpp(107)::addNewSceneInstanceToDataset : Dataset : 'default' : Lighting Layout Attributes 'no_lights' specified in Scene Attributes but does not exist in dataset, so creating default.
Multiple -pix_fmt options specified for stream 0, only the last option '-pix_fmt yuv420p' will be used.
  VzqfbhrpDEA/10: 83 steps -> 337 frames (22.4s)  2200 KB  3.1s
Multiple -pix_fmt options specified for stream 0, only the last option '-pix_fmt yuv420p' will be used.
  VzqfbhrpDEA/10127: 25 steps -> 93 frames (6.1s)  781 KB  0.9s
Multiple -pix_fmt options specified for stream 0, only the last option '-pix_fmt yuv420p' will be used.
  VzqfbhrpDEA/10283: 13 steps -> 48 frames (3.1s)  368 KB  0.6s
Multiple -pix_fmt options specified for stream 0, only the last option '-pix_fmt yuv420p' will be used.
  VzqfbhrpDEA/10397: 11 steps -> 41 frames (2.7s)  271 KB  0.5s
Multiple -pix_fmt options specified for stream 0, only the last option '-pix_fmt yuv420p' will be used.
  VzqfbhrpDEA/10739: 46 steps -> 194 frames (12.9s)  1460 KB  1.8s
Multiple -pix_fmt options specified for stream 0, only the last option '-pix_fmt yuv420p' will be used.
  VzqfbhrpDEA/151: 37 steps -> 153 frames (10.1s)  1212 KB  1.4s
Multiple -pix_fmt options specified for stream 0, only the last option '-pix_fmt yuv420p' will be used.
  VzqfbhrpDEA/1532: 44 steps -> 181 frames (12.0s)  809 KB  1.6s
Multiple -pix_fmt options specified for stream 0, only the last option '-pix_fmt yuv420p' will be used.
  VzqfbhrpDEA/1895: 13 steps -> 52 frames (3.4s)  563 KB  0.6s
Multiple -pix_fmt options specified for stream 0, only the last option '-pix_fmt yuv420p' will be used.
  VzqfbhrpDEA/1910: 20 steps -> 73 frames (4.8s)  400 KB  0.7s
Multiple -pix_fmt options specified for stream 0, only the last option '-pix_fmt yuv420p' will be used.
  VzqfbhrpDEA/2018: 43 steps -> 182 frames (12.1s)  1619 KB  1.6s
Multiple -pix_fmt options specified for stream 0, only the last option '-pix_fmt yuv420p' will be used.
  VzqfbhrpDEA/2153: 54 steps -> 221 frames (14.7s)  1698 KB  2.0s
Multiple -pix_fmt options specified for stream 0, only the last option '-pix_fmt yuv420p' will be used.
  VzqfbhrpDEA/217: 57 steps -> 234 frames (15.5s)  1336 KB  2.0s
Multiple -pix_fmt options specified for stream 0, only the last option '-pix_fmt yuv420p' will be used.
  VzqfbhrpDEA/2438: 54 steps -> 222 frames (14.7s)  1568 KB  1.9s
Multiple -pix_fmt options specified for stream 0, only the last option '-pix_fmt yuv420p' will be used.
  VzqfbhrpDEA/3032: 29 steps -> 118 frames (7.8s)  917 KB  1.2s
Multiple -pix_fmt options specified for stream 0, only the last option '-pix_fmt yuv420p' will be used.
  VzqfbhrpDEA/3059: 41 steps -> 168 frames (11.1s)  1236 KB  1.5s
Multiple -pix_fmt options specified for stream 0, only the last option '-pix_fmt yuv420p' will be used.
  VzqfbhrpDEA/3401: 41 steps -> 174 frames (11.5s)  1525 KB  1.6s
Multiple -pix_fmt options specified for stream 0, only the last option '-pix_fmt yuv420p' will be used.
  VzqfbhrpDEA/3509: 33 steps -> 130 frames (8.6s)  769 KB  1.5s
Multiple -pix_fmt options specified for stream 0, only the last option '-pix_fmt yuv420p' will be used.
  VzqfbhrpDEA/3512: 43 steps -> 171 frames (11.3s)  1152 KB  1.5s
Multiple -pix_fmt options specified for stream 0, only the last option '-pix_fmt yuv420p' will be used.
  VzqfbhrpDEA/3584: 50 steps -> 203 frames (13.5s)  1407 KB  1.8s
Multiple -pix_fmt options specified for stream 0, only the last option '-pix_fmt yuv420p' will be used.
  VzqfbhrpDEA/3602: 51 steps -> 209 frames (13.9s)  1991 KB  1.8s
Multiple -pix_fmt options specified for stream 0, only the last option '-pix_fmt yuv420p' will be used.
  VzqfbhrpDEA/3623: 31 steps -> 127 frames (8.4s)  983 KB  1.2s
Multiple -pix_fmt options specified for stream 0, only the last option '-pix_fmt yuv420p' will be used.
  VzqfbhrpDEA/3638: 13 steps -> 49 frames (3.2s)  195 KB  0.5s
Multiple -pix_fmt options specified for stream 0, only the last option '-pix_fmt yuv420p' will be used.
  VzqfbhrpDEA/3728: 34 steps -> 142 frames (9.4s)  763 KB  1.3s
Multiple -pix_fmt options specified for stream 0, only the last option '-pix_fmt yuv420p' will be used.
  VzqfbhrpDEA/3731: 26 steps -> 104 frames (6.9s)  517 KB  1.1s
Multiple -pix_fmt options specified for stream 0, only the last option '-pix_fmt yuv420p' will be used.
  VzqfbhrpDEA/3839: 78 steps -> 315 frames (20.9s)  2946 KB  2.7s
Multiple -pix_fmt options specified for stream 0, only the last option '-pix_fmt yuv420p' will be used.
  VzqfbhrpDEA/3878: 21 steps -> 89 frames (5.9s)  427 KB  0.9s
Multiple -pix_fmt options specified for stream 0, only the last option '-pix_fmt yuv420p' will be used.
  VzqfbhrpDEA/3884: 28 steps -> 109 frames (7.2s)  1036 KB  1.0s
Multiple -pix_fmt options specified for stream 0, only the last option '-pix_fmt yuv420p' will be used.
  VzqfbhrpDEA/4121: 44 steps -> 185 frames (12.3s)  1800 KB  1.6s
Multiple -pix_fmt options specified for stream 0, only the last option '-pix_fmt yuv420p' will be used.
  VzqfbhrpDEA/4205: 43 steps -> 171 frames (11.3s)  1153 KB  1.5s
Multiple -pix_fmt options specified for stream 0, only the last option '-pix_fmt yuv420p' will be used.
  VzqfbhrpDEA/4523: 30 steps -> 116 frames (7.7s)  1027 KB  1.1s
Multiple -pix_fmt options specified for stream 0, only the last option '-pix_fmt yuv420p' will be used.
  VzqfbhrpDEA/4625: 43 steps -> 175 frames (11.6s)  998 KB  1.6s
Multiple -pix_fmt options specified for stream 0, only the last option '-pix_fmt yuv420p' will be used.
  VzqfbhrpDEA/4724: 65 steps -> 275 frames (18.3s)  1909 KB  2.3s
Multiple -pix_fmt options specified for stream 0, only the last option '-pix_fmt yuv420p' will be used.
  VzqfbhrpDEA/5036: 15 steps -> 61 frames (4.0s)  503 KB  0.7s
Multiple -pix_fmt options specified for stream 0, only the last option '-pix_fmt yuv420p' will be used.
  VzqfbhrpDEA/5237: 24 steps -> 100 frames (6.6s)  560 KB  1.0s
Multiple -pix_fmt options specified for stream 0, only the last option '-pix_fmt yuv420p' will be used.
  VzqfbhrpDEA/5525: 45 steps -> 179 frames (11.9s)  1179 KB  1.6s
Multiple -pix_fmt options specified for stream 0, only the last option '-pix_fmt yuv420p' will be used.
  VzqfbhrpDEA/5552: 41 steps -> 182 frames (12.1s)  1360 KB  1.6s
Multiple -pix_fmt options specified for stream 0, only the last option '-pix_fmt yuv420p' will be used.
  VzqfbhrpDEA/5759: 32 steps -> 127 frames (8.4s)  601 KB  1.3s
Multiple -pix_fmt options specified for stream 0, only the last option '-pix_fmt yuv420p' will be used.
  VzqfbhrpDEA/6077: 43 steps -> 176 frames (11.7s)  1514 KB  1.5s
Multiple -pix_fmt options specified for stream 0, only the last option '-pix_fmt yuv420p' will be used.
  VzqfbhrpDEA/6188: 12 steps -> 44 frames (2.9s)  184 KB  0.5s
Multiple -pix_fmt options specified for stream 0, only the last option '-pix_fmt yuv420p' will be used.
  VzqfbhrpDEA/6200: 51 steps -> 200 frames (13.3s)  1704 KB  1.9s
Multiple -pix_fmt options specified for stream 0, only the last option '-pix_fmt yuv420p' will be used.
  VzqfbhrpDEA/6320: 63 steps -> 258 frames (17.1s)  2258 KB  2.4s
Multiple -pix_fmt options specified for stream 0, only the last option '-pix_fmt yuv420p' will be used.
  VzqfbhrpDEA/6425: 55 steps -> 224 frames (14.9s)  2000 KB  1.9s
Multiple -pix_fmt options specified for stream 0, only the last option '-pix_fmt yuv420p' will be used.
  VzqfbhrpDEA/6428: 31 steps -> 127 frames (8.4s)  866 KB  1.2s
Multiple -pix_fmt options specified for stream 0, only the last option '-pix_fmt yuv420p' will be used.
  VzqfbhrpDEA/6521: 26 steps -> 108 frames (7.1s)  697 KB  1.1s
Multiple -pix_fmt options specified for stream 0, only the last option '-pix_fmt yuv420p' will be used.
  VzqfbhrpDEA/6674: 28 steps -> 116 frames (7.7s)  805 KB  1.2s
Multiple -pix_fmt options specified for stream 0, only the last option '-pix_fmt yuv420p' will be used.
  VzqfbhrpDEA/6677: 27 steps -> 104 frames (6.9s)  800 KB  1.0s
Multiple -pix_fmt options specified for stream 0, only the last option '-pix_fmt yuv420p' will be used.
  VzqfbhrpDEA/6716: 29 steps -> 113 frames (7.5s)  718 KB  1.2s
Multiple -pix_fmt options specified for stream 0, only the last option '-pix_fmt yuv420p' will be used.
  VzqfbhrpDEA/6746: 32 steps -> 130 frames (8.6s)  911 KB  1.2s
Multiple -pix_fmt options specified for stream 0, only the last option '-pix_fmt yuv420p' will be used.
  VzqfbhrpDEA/7031: 29 steps -> 126 frames (8.3s)  1060 KB  1.2s
Multiple -pix_fmt options specified for stream 0, only the last option '-pix_fmt yuv420p' will be used.
  VzqfbhrpDEA/7349: 20 steps -> 83 frames (5.5s)  430 KB  0.8s
Multiple -pix_fmt options specified for stream 0, only the last option '-pix_fmt yuv420p' will be used.
  VzqfbhrpDEA/7535: 44 steps -> 183 frames (12.1s)  1243 KB  1.6s
Multiple -pix_fmt options specified for stream 0, only the last option '-pix_fmt yuv420p' will be used.
  VzqfbhrpDEA/7583: 35 steps -> 149 frames (9.9s)  1170 KB  1.4s
Multiple -pix_fmt options specified for stream 0, only the last option '-pix_fmt yuv420p' will be used.
  VzqfbhrpDEA/7646: 20 steps -> 83 frames (5.5s)  398 KB  0.8s
Multiple -pix_fmt options specified for stream 0, only the last option '-pix_fmt yuv420p' will be used.
  VzqfbhrpDEA/7652: 41 steps -> 158 frames (10.5s)  1310 KB  1.5s
Multiple -pix_fmt options specified for stream 0, only the last option '-pix_fmt yuv420p' will be used.
  VzqfbhrpDEA/7769: 38 steps -> 152 frames (10.1s)  1030 KB  1.4s
Multiple -pix_fmt options specified for stream 0, only the last option '-pix_fmt yuv420p' will be used.
  VzqfbhrpDEA/7799: 60 steps -> 239 frames (15.9s)  1365 KB  2.1s
Multiple -pix_fmt options specified for stream 0, only the last option '-pix_fmt yuv420p' will be used.
  VzqfbhrpDEA/7814: 29 steps -> 122 frames (8.1s)  910 KB  1.2s
Multiple -pix_fmt options specified for stream 0, only the last option '-pix_fmt yuv420p' will be used.
  VzqfbhrpDEA/8000: 31 steps -> 126 frames (8.3s)  821 KB  1.1s
Multiple -pix_fmt options specified for stream 0, only the last option '-pix_fmt yuv420p' will be used.
  VzqfbhrpDEA/809: 14 steps -> 52 frames (3.4s)  328 KB  0.6s
Multiple -pix_fmt options specified for stream 0, only the last option '-pix_fmt yuv420p' will be used.
  VzqfbhrpDEA/8147: 47 steps -> 193 frames (12.8s)  1746 KB  1.7s
Multiple -pix_fmt options specified for stream 0, only the last option '-pix_fmt yuv420p' will be used.
  VzqfbhrpDEA/815: 76 steps -> 322 frames (21.4s)  2356 KB  2.8s
Multiple -pix_fmt options specified for stream 0, only the last option '-pix_fmt yuv420p' will be used.
  VzqfbhrpDEA/8246: 44 steps -> 188 frames (12.5s)  1327 KB  1.6s
Multiple -pix_fmt options specified for stream 0, only the last option '-pix_fmt yuv420p' will be used.
  VzqfbhrpDEA/8252: 25 steps -> 98 frames (6.5s)  544 KB  1.0s
Multiple -pix_fmt options specified for stream 0, only the last option '-pix_fmt yuv420p' will be used.
  VzqfbhrpDEA/8315: 56 steps -> 235 frames (15.6s)  1906 KB  2.3s
Multiple -pix_fmt options specified for stream 0, only the last option '-pix_fmt yuv420p' will be used.
  VzqfbhrpDEA/8456: 34 steps -> 136 frames (9.0s)  1129 KB  1.2s
Multiple -pix_fmt options specified for stream 0, only the last option '-pix_fmt yuv420p' will be used.
  VzqfbhrpDEA/8459: 39 steps -> 148 frames (9.8s)  1020 KB  1.4s
Multiple -pix_fmt options specified for stream 0, only the last option '-pix_fmt yuv420p' will be used.
  VzqfbhrpDEA/8549: 24 steps -> 91 frames (6.0s)  883 KB  0.9s
Multiple -pix_fmt options specified for stream 0, only the last option '-pix_fmt yuv420p' will be used.
  VzqfbhrpDEA/8732: 31 steps -> 126 frames (8.3s)  713 KB  1.4s
Multiple -pix_fmt options specified for stream 0, only the last option '-pix_fmt yuv420p' will be used.
  VzqfbhrpDEA/8999: 30 steps -> 119 frames (7.9s)  759 KB  1.2s
Multiple -pix_fmt options specified for stream 0, only the last option '-pix_fmt yuv420p' will be used.
  VzqfbhrpDEA/9041: 75 steps -> 301 frames (20.0s)  2423 KB  2.5s
Multiple -pix_fmt options specified for stream 0, only the last option '-pix_fmt yuv420p' will be used.
  VzqfbhrpDEA/9158: 43 steps -> 171 frames (11.3s)  1534 KB  1.5s
Multiple -pix_fmt options specified for stream 0, only the last option '-pix_fmt yuv420p' will be used.
  VzqfbhrpDEA/9380: 47 steps -> 198 frames (13.1s)  1118 KB  1.8s
Multiple -pix_fmt options specified for stream 0, only the last option '-pix_fmt yuv420p' will be used.
  VzqfbhrpDEA/9560: 43 steps -> 180 frames (11.9s)  1127 KB  1.7s
Multiple -pix_fmt options specified for stream 0, only the last option '-pix_fmt yuv420p' will be used.
  VzqfbhrpDEA/9626: 46 steps -> 182 frames (12.1s)  1241 KB  1.6s
Multiple -pix_fmt options specified for stream 0, only the last option '-pix_fmt yuv420p' will be used.
  VzqfbhrpDEA/9668: 32 steps -> 127 frames (8.4s)  752 KB  1.2s
Multiple -pix_fmt options specified for stream 0, only the last option '-pix_fmt yuv420p' will be used.
  VzqfbhrpDEA/9797: 41 steps -> 156 frames (10.3s)  1240 KB  1.4s
Multiple -pix_fmt options specified for stream 0, only the last option '-pix_fmt yuv420p' will be used.
  VzqfbhrpDEA/987: 18 steps -> 69 frames (4.5s)  592 KB  0.7s
Multiple -pix_fmt options specified for stream 0, only the last option '-pix_fmt yuv420p' will be used.
  VzqfbhrpDEA/9884: 46 steps -> 191 frames (12.7s)  1329 KB  1.7s
Multiple -pix_fmt options specified for stream 0, only the last option '-pix_fmt yuv420p' will be used.
  VzqfbhrpDEA/9950: 63 steps -> 258 frames (17.1s)  1782 KB  2.4s
Renderer: NVIDIA GeForce RTX 4070 Ti SUPER/PCIe/SSE2 by NVIDIA Corporation
OpenGL version: 4.6.0 NVIDIA 580.173.02
Using optional features:
    GL_ARB_vertex_array_object
    GL_ARB_separate_shader_objects
    GL_ARB_robustness
    GL_ARB_texture_storage
    GL_ARB_texture_view
    GL_ARB_framebuffer_no_attachments
    GL_ARB_invalidate_subdata
    GL_ARB_texture_storage_multisample
    GL_ARB_multi_bind
    GL_ARB_direct_state_access
    GL_ARB_get_texture_sub_image
    GL_ARB_texture_filter_anisotropic
    GL_KHR_debug
    GL_KHR_parallel_shader_compile
    GL_NV_depth_buffer_float
Using driver workarounds:
    no-forward-compatible-core-context
    nv-egl-incorrect-gl11-function-pointers
    no-layout-qualifiers-on-old-glsl
    nv-zero-context-profile-mask
    nv-implementation-color-read-format-dsa-broken
    nv-cubemap-inconsistent-compressed-image-size
    nv-cubemap-broken-full-compressed-image-query
    nv-compressed-block-size-in-bits
[17:00:18:809971]:[Warning]:[Metadata] SceneDatasetAttributes.cpp(107)::addNewSceneInstanceToDataset : Dataset : 'default' : Lighting Layout Attributes 'no_lights' specified in Scene Attributes but does not exist in dataset, so creating default.
Multiple -pix_fmt options specified for stream 0, only the last option '-pix_fmt yuv420p' will be used.
  XcA2TqTSSAj/10529: 24 steps -> 105 frames (6.9s)  497 KB  0.5s
Multiple -pix_fmt options specified for stream 0, only the last option '-pix_fmt yuv420p' will be used.
  XcA2TqTSSAj/1763: 21 steps -> 79 frames (5.2s)  413 KB  0.3s
Multiple -pix_fmt options specified for stream 0, only the last option '-pix_fmt yuv420p' will be used.
  XcA2TqTSSAj/2213: 31 steps -> 119 frames (7.9s)  414 KB  0.3s
Multiple -pix_fmt options specified for stream 0, only the last option '-pix_fmt yuv420p' will be used.
  XcA2TqTSSAj/3863: 39 steps -> 167 frames (11.1s)  927 KB  0.5s
Multiple -pix_fmt options specified for stream 0, only the last option '-pix_fmt yuv420p' will be used.
  XcA2TqTSSAj/8927: 56 steps -> 241 frames (16.0s)  1264 KB  0.6s
Multiple -pix_fmt options specified for stream 0, only the last option '-pix_fmt yuv420p' will be used.
  XcA2TqTSSAj/9449: 51 steps -> 213 frames (14.1s)  1376 KB  0.5s
Renderer: NVIDIA GeForce RTX 4070 Ti SUPER/PCIe/SSE2 by NVIDIA Corporation
OpenGL version: 4.6.0 NVIDIA 580.173.02
Using optional features:
    GL_ARB_vertex_array_object
    GL_ARB_separate_shader_objects
    GL_ARB_robustness
    GL_ARB_texture_storage
    GL_ARB_texture_view
    GL_ARB_framebuffer_no_attachments
    GL_ARB_invalidate_subdata
    GL_ARB_texture_storage_multisample
    GL_ARB_multi_bind
    GL_ARB_direct_state_access
    GL_ARB_get_texture_sub_image
    GL_ARB_texture_filter_anisotropic
    GL_KHR_debug
    GL_KHR_parallel_shader_compile
    GL_NV_depth_buffer_float
Using driver workarounds:
    no-forward-compatible-core-context
    nv-egl-incorrect-gl11-function-pointers
    no-layout-qualifiers-on-old-glsl
    nv-zero-context-profile-mask
    nv-implementation-color-read-format-dsa-broken
    nv-cubemap-inconsistent-compressed-image-size
    nv-cubemap-broken-full-compressed-image-query
    nv-compressed-block-size-in-bits
[17:00:25:185387]:[Warning]:[Metadata] SceneDatasetAttributes.cpp(107)::addNewSceneInstanceToDataset : Dataset : 'default' : Lighting Layout Attributes 'no_lights' specified in Scene Attributes but does not exist in dataset, so creating default.
Multiple -pix_fmt options specified for stream 0, only the last option '-pix_fmt yuv420p' will be used.
  YmJkqBEsHnH/1415: 21 steps -> 88 frames (5.8s)  1008 KB  0.4s
Multiple -pix_fmt options specified for stream 0, only the last option '-pix_fmt yuv420p' will be used.
  YmJkqBEsHnH/1787: 48 steps -> 192 frames (12.7s)  1908 KB  0.5s
Multiple -pix_fmt options specified for stream 0, only the last option '-pix_fmt yuv420p' will be used.
  YmJkqBEsHnH/6461: 24 steps -> 102 frames (6.7s)  1019 KB  0.3s
Renderer: NVIDIA GeForce RTX 4070 Ti SUPER/PCIe/SSE2 by NVIDIA Corporation
OpenGL version: 4.6.0 NVIDIA 580.173.02
Using optional features:
    GL_ARB_vertex_array_object
    GL_ARB_separate_shader_objects
    GL_ARB_robustness
    GL_ARB_texture_storage
    GL_ARB_texture_view
    GL_ARB_framebuffer_no_attachments
    GL_ARB_invalidate_subdata
    GL_ARB_texture_storage_multisample
    GL_ARB_multi_bind
    GL_ARB_direct_state_access
    GL_ARB_get_texture_sub_image
    GL_ARB_texture_filter_anisotropic
    GL_KHR_debug
    GL_KHR_parallel_shader_compile
    GL_NV_depth_buffer_float
Using driver workarounds:
    no-forward-compatible-core-context
    nv-egl-incorrect-gl11-function-pointers
    no-layout-qualifiers-on-old-glsl
    nv-zero-context-profile-mask
    nv-implementation-color-read-format-dsa-broken
    nv-cubemap-inconsistent-compressed-image-size
    nv-cubemap-broken-full-compressed-image-query
    nv-compressed-block-size-in-bits
[17:00:27:203039]:[Warning]:[Metadata] SceneDatasetAttributes.cpp(107)::addNewSceneInstanceToDataset : Dataset : 'default' : Lighting Layout Attributes 'no_lights' specified in Scene Attributes but does not exist in dataset, so creating default.
Multiple -pix_fmt options specified for stream 0, only the last option '-pix_fmt yuv420p' will be used.
  ZMojNkEp431/10085: 42 steps -> 179 frames (11.9s)  1546 KB  0.7s
Multiple -pix_fmt options specified for stream 0, only the last option '-pix_fmt yuv420p' will be used.
  ZMojNkEp431/10217: 24 steps -> 97 frames (6.4s)  396 KB  0.3s
Multiple -pix_fmt options specified for stream 0, only the last option '-pix_fmt yuv420p' will be used.
  ZMojNkEp431/10523: 48 steps -> 198 frames (13.1s)  1975 KB  0.6s
Multiple -pix_fmt options specified for stream 0, only the last option '-pix_fmt yuv420p' will be used.
  ZMojNkEp431/10583: 45 steps -> 186 frames (12.3s)  1957 KB  0.5s
Multiple -pix_fmt options specified for stream 0, only the last option '-pix_fmt yuv420p' will be used.
  ZMojNkEp431/10667: 51 steps -> 204 frames (13.5s)  2167 KB  0.5s
Multiple -pix_fmt options specified for stream 0, only the last option '-pix_fmt yuv420p' will be used.
  ZMojNkEp431/10754: 54 steps -> 219 frames (14.5s)  2197 KB  0.6s
Multiple -pix_fmt options specified for stream 0, only the last option '-pix_fmt yuv420p' will be used.
  ZMojNkEp431/10766: 45 steps -> 174 frames (11.5s)  1486 KB  0.4s
Multiple -pix_fmt options specified for stream 0, only the last option '-pix_fmt yuv420p' will be used.
  ZMojNkEp431/1165: 68 steps -> 294 frames (19.5s)  2892 KB  0.7s
Multiple -pix_fmt options specified for stream 0, only the last option '-pix_fmt yuv420p' will be used.
  ZMojNkEp431/1281: 44 steps -> 186 frames (12.3s)  1766 KB  0.5s
Multiple -pix_fmt options specified for stream 0, only the last option '-pix_fmt yuv420p' will be used.
  ZMojNkEp431/1319: 54 steps -> 221 frames (14.7s)  1971 KB  0.5s
Multiple -pix_fmt options specified for stream 0, only the last option '-pix_fmt yuv420p' will be used.
  ZMojNkEp431/136: 74 steps -> 298 frames (19.8s)  2762 KB  0.7s
Multiple -pix_fmt options specified for stream 0, only the last option '-pix_fmt yuv420p' will be used.
  ZMojNkEp431/1574: 44 steps -> 183 frames (12.1s)  1565 KB  0.5s
Multiple -pix_fmt options specified for stream 0, only the last option '-pix_fmt yuv420p' will be used.
  ZMojNkEp431/1688: 73 steps -> 304 frames (20.2s)  2827 KB  0.7s
Multiple -pix_fmt options specified for stream 0, only the last option '-pix_fmt yuv420p' will be used.
  ZMojNkEp431/1967: 41 steps -> 170 frames (11.3s)  1262 KB  0.5s
Multiple -pix_fmt options specified for stream 0, only the last option '-pix_fmt yuv420p' will be used.
  ZMojNkEp431/1991: 56 steps -> 217 frames (14.4s)  2448 KB  0.6s
Multiple -pix_fmt options specified for stream 0, only the last option '-pix_fmt yuv420p' will be used.
  ZMojNkEp431/2024: 32 steps -> 132 frames (8.7s)  1302 KB  0.4s
Multiple -pix_fmt options specified for stream 0, only the last option '-pix_fmt yuv420p' will be used.
  ZMojNkEp431/2066: 53 steps -> 214 frames (14.2s)  1920 KB  0.5s
Multiple -pix_fmt options specified for stream 0, only the last option '-pix_fmt yuv420p' will be used.
  ZMojNkEp431/2111: 56 steps -> 239 frames (15.9s)  2352 KB  0.6s
Multiple -pix_fmt options specified for stream 0, only the last option '-pix_fmt yuv420p' will be used.
  ZMojNkEp431/2288: 35 steps -> 137 frames (9.1s)  1271 KB  0.4s
Multiple -pix_fmt options specified for stream 0, only the last option '-pix_fmt yuv420p' will be used.
  ZMojNkEp431/2393: 31 steps -> 122 frames (8.1s)  839 KB  0.4s
Multiple -pix_fmt options specified for stream 0, only the last option '-pix_fmt yuv420p' will be used.
  ZMojNkEp431/2645: 84 steps -> 348 frames (23.1s)  3376 KB  0.7s
Multiple -pix_fmt options specified for stream 0, only the last option '-pix_fmt yuv420p' will be used.
  ZMojNkEp431/2831: 37 steps -> 158 frames (10.5s)  1607 KB  0.4s
Multiple -pix_fmt options specified for stream 0, only the last option '-pix_fmt yuv420p' will be used.
  ZMojNkEp431/2885: 24 steps -> 91 frames (6.0s)  672 KB  0.3s
Multiple -pix_fmt options specified for stream 0, only the last option '-pix_fmt yuv420p' will be used.
  ZMojNkEp431/302: 19 steps -> 79 frames (5.2s)  556 KB  0.3s
Multiple -pix_fmt options specified for stream 0, only the last option '-pix_fmt yuv420p' will be used.
  ZMojNkEp431/3203: 66 steps -> 268 frames (17.8s)  2912 KB  0.6s
Multiple -pix_fmt options specified for stream 0, only the last option '-pix_fmt yuv420p' will be used.
  ZMojNkEp431/3218: 56 steps -> 234 frames (15.5s)  2358 KB  0.6s
Multiple -pix_fmt options specified for stream 0, only the last option '-pix_fmt yuv420p' will be used.
  ZMojNkEp431/3248: 61 steps -> 247 frames (16.4s)  2133 KB  0.6s
Multiple -pix_fmt options specified for stream 0, only the last option '-pix_fmt yuv420p' will be used.
  ZMojNkEp431/3485: 71 steps -> 284 frames (18.9s)  2717 KB  0.7s
Multiple -pix_fmt options specified for stream 0, only the last option '-pix_fmt yuv420p' will be used.
  ZMojNkEp431/4034: 30 steps -> 122 frames (8.1s)  1243 KB  0.4s
Multiple -pix_fmt options specified for stream 0, only the last option '-pix_fmt yuv420p' will be used.
  ZMojNkEp431/4067: 50 steps -> 209 frames (13.9s)  1887 KB  0.6s
Multiple -pix_fmt options specified for stream 0, only the last option '-pix_fmt yuv420p' will be used.
  ZMojNkEp431/4112: 51 steps -> 208 frames (13.8s)  2159 KB  0.5s
Multiple -pix_fmt options specified for stream 0, only the last option '-pix_fmt yuv420p' will be used.
  ZMojNkEp431/4166: 57 steps -> 229 frames (15.2s)  2028 KB  0.6s
Multiple -pix_fmt options specified for stream 0, only the last option '-pix_fmt yuv420p' will be used.
  ZMojNkEp431/4202: 45 steps -> 184 frames (12.2s)  1838 KB  0.5s
Multiple -pix_fmt options specified for stream 0, only the last option '-pix_fmt yuv420p' will be used.
  ZMojNkEp431/4250: 37 steps -> 150 frames (9.9s)  1377 KB  0.4s
Multiple -pix_fmt options specified for stream 0, only the last option '-pix_fmt yuv420p' will be used.
  ZMojNkEp431/4337: 30 steps -> 121 frames (8.0s)  1374 KB  0.4s
Multiple -pix_fmt options specified for stream 0, only the last option '-pix_fmt yuv420p' will be used.
  ZMojNkEp431/4601: 66 steps -> 277 frames (18.4s)  2557 KB  0.7s
Multiple -pix_fmt options specified for stream 0, only the last option '-pix_fmt yuv420p' will be used.
  ZMojNkEp431/4616: 63 steps -> 253 frames (16.8s)  2524 KB  0.6s
Multiple -pix_fmt options specified for stream 0, only the last option '-pix_fmt yuv420p' will be used.
  ZMojNkEp431/469: 50 steps -> 202 frames (13.4s)  2079 KB  0.5s
Multiple -pix_fmt options specified for stream 0, only the last option '-pix_fmt yuv420p' will be used.
  ZMojNkEp431/5111: 70 steps -> 283 frames (18.8s)  2427 KB  0.7s
Multiple -pix_fmt options specified for stream 0, only the last option '-pix_fmt yuv420p' will be used.
  ZMojNkEp431/5174: 25 steps -> 99 frames (6.5s)  728 KB  0.3s
Multiple -pix_fmt options specified for stream 0, only the last option '-pix_fmt yuv420p' will be used.
  ZMojNkEp431/527: 37 steps -> 153 frames (10.1s)  1690 KB  0.5s
Multiple -pix_fmt options specified for stream 0, only the last option '-pix_fmt yuv420p' will be used.
  ZMojNkEp431/5396: 31 steps -> 131 frames (8.7s)  891 KB  0.4s
Multiple -pix_fmt options specified for stream 0, only the last option '-pix_fmt yuv420p' will be used.
  ZMojNkEp431/5468: 58 steps -> 231 frames (15.3s)  2174 KB  0.7s
Multiple -pix_fmt options specified for stream 0, only the last option '-pix_fmt yuv420p' will be used.
  ZMojNkEp431/5534: 25 steps -> 92 frames (6.1s)  746 KB  0.3s
Multiple -pix_fmt options specified for stream 0, only the last option '-pix_fmt yuv420p' will be used.
  ZMojNkEp431/5612: 52 steps -> 214 frames (14.2s)  2130 KB  0.6s
Multiple -pix_fmt options specified for stream 0, only the last option '-pix_fmt yuv420p' will be used.
  ZMojNkEp431/596: 45 steps -> 178 frames (11.8s)  1470 KB  0.5s
Multiple -pix_fmt options specified for stream 0, only the last option '-pix_fmt yuv420p' will be used.
  ZMojNkEp431/6023: 33 steps -> 134 frames (8.9s)  1245 KB  0.4s
Multiple -pix_fmt options specified for stream 0, only the last option '-pix_fmt yuv420p' will be used.
  ZMojNkEp431/6179: 38 steps -> 151 frames (10.0s)  1475 KB  0.5s
Multiple -pix_fmt options specified for stream 0, only the last option '-pix_fmt yuv420p' will be used.
  ZMojNkEp431/6185: 47 steps -> 200 frames (13.3s)  2063 KB  0.5s
Multiple -pix_fmt options specified for stream 0, only the last option '-pix_fmt yuv420p' will be used.
  ZMojNkEp431/6341: 29 steps -> 122 frames (8.1s)  1007 KB  0.4s
Multiple -pix_fmt options specified for stream 0, only the last option '-pix_fmt yuv420p' will be used.
  ZMojNkEp431/6359: 76 steps -> 314 frames (20.9s)  2854 KB  0.8s
Multiple -pix_fmt options specified for stream 0, only the last option '-pix_fmt yuv420p' will be used.
  ZMojNkEp431/6446: 79 steps -> 318 frames (21.1s)  3211 KB  0.8s
Multiple -pix_fmt options specified for stream 0, only the last option '-pix_fmt yuv420p' will be used.
  ZMojNkEp431/6641: 26 steps -> 107 frames (7.1s)  599 KB  0.4s
Multiple -pix_fmt options specified for stream 0, only the last option '-pix_fmt yuv420p' will be used.
  ZMojNkEp431/6680: 24 steps -> 92 frames (6.1s)  1088 KB  0.3s
Multiple -pix_fmt options specified for stream 0, only the last option '-pix_fmt yuv420p' will be used.
  ZMojNkEp431/6713: 36 steps -> 145 frames (9.6s)  1323 KB  0.4s
Multiple -pix_fmt options specified for stream 0, only the last option '-pix_fmt yuv420p' will be used.
  ZMojNkEp431/6731: 24 steps -> 106 frames (7.0s)  677 KB  0.3s
Multiple -pix_fmt options specified for stream 0, only the last option '-pix_fmt yuv420p' will be used.
  ZMojNkEp431/7034: 63 steps -> 253 frames (16.8s)  2282 KB  0.7s
Multiple -pix_fmt options specified for stream 0, only the last option '-pix_fmt yuv420p' will be used.
  ZMojNkEp431/7283: 63 steps -> 256 frames (17.0s)  2608 KB  0.6s
Multiple -pix_fmt options specified for stream 0, only the last option '-pix_fmt yuv420p' will be used.
  ZMojNkEp431/7439: 52 steps -> 203 frames (13.5s)  2135 KB  0.6s
Multiple -pix_fmt options specified for stream 0, only the last option '-pix_fmt yuv420p' will be used.
  ZMojNkEp431/7628: 48 steps -> 183 frames (12.1s)  1864 KB  0.5s
Multiple -pix_fmt options specified for stream 0, only the last option '-pix_fmt yuv420p' will be used.
  ZMojNkEp431/7685: 29 steps -> 124 frames (8.2s)  759 KB  0.4s
Multiple -pix_fmt options specified for stream 0, only the last option '-pix_fmt yuv420p' will be used.
  ZMojNkEp431/7784: 55 steps -> 226 frames (15.0s)  1556 KB  0.5s
Multiple -pix_fmt options specified for stream 0, only the last option '-pix_fmt yuv420p' will be used.
  ZMojNkEp431/8384: 38 steps -> 154 frames (10.2s)  1633 KB  0.4s
Multiple -pix_fmt options specified for stream 0, only the last option '-pix_fmt yuv420p' will be used.
  ZMojNkEp431/8936: 48 steps -> 202 frames (13.4s)  1620 KB  0.5s
Multiple -pix_fmt options specified for stream 0, only the last option '-pix_fmt yuv420p' will be used.
  ZMojNkEp431/9053: 50 steps -> 211 frames (14.0s)  1339 KB  0.5s
Multiple -pix_fmt options specified for stream 0, only the last option '-pix_fmt yuv420p' will be used.
  ZMojNkEp431/9224: 35 steps -> 146 frames (9.7s)  1638 KB  0.4s
Multiple -pix_fmt options specified for stream 0, only the last option '-pix_fmt yuv420p' will be used.
  ZMojNkEp431/9413: 36 steps -> 147 frames (9.7s)  1005 KB  0.4s
Multiple -pix_fmt options specified for stream 0, only the last option '-pix_fmt yuv420p' will be used.
  ZMojNkEp431/9554: 38 steps -> 159 frames (10.5s)  1608 KB  0.5s
Multiple -pix_fmt options specified for stream 0, only the last option '-pix_fmt yuv420p' will be used.
  ZMojNkEp431/9578: 44 steps -> 178 frames (11.8s)  1521 KB  0.5s
Multiple -pix_fmt options specified for stream 0, only the last option '-pix_fmt yuv420p' will be used.
  ZMojNkEp431/9602: 47 steps -> 189 frames (12.5s)  1737 KB  0.5s
Multiple -pix_fmt options specified for stream 0, only the last option '-pix_fmt yuv420p' will be used.
  ZMojNkEp431/9647: 57 steps -> 232 frames (15.4s)  2287 KB  0.6s
Multiple -pix_fmt options specified for stream 0, only the last option '-pix_fmt yuv420p' will be used.
  ZMojNkEp431/9683: 36 steps -> 150 frames (9.9s)  1288 KB  0.4s
Multiple -pix_fmt options specified for stream 0, only the last option '-pix_fmt yuv420p' will be used.
  ZMojNkEp431/9695: 42 steps -> 166 frames (11.0s)  1438 KB  0.4s
Multiple -pix_fmt options specified for stream 0, only the last option '-pix_fmt yuv420p' will be used.
  ZMojNkEp431/9737: 23 steps -> 99 frames (6.5s)  659 KB  0.3s
Multiple -pix_fmt options specified for stream 0, only the last option '-pix_fmt yuv420p' will be used.
  ZMojNkEp431/9761: 46 steps -> 182 frames (12.1s)  1848 KB  0.5s
Renderer: NVIDIA GeForce RTX 4070 Ti SUPER/PCIe/SSE2 by NVIDIA Corporation
OpenGL version: 4.6.0 NVIDIA 580.173.02
Using optional features:
    GL_ARB_vertex_array_object
    GL_ARB_separate_shader_objects
    GL_ARB_robustness
    GL_ARB_texture_storage
    GL_ARB_texture_view
    GL_ARB_framebuffer_no_attachments
    GL_ARB_invalidate_subdata
    GL_ARB_texture_storage_multisample
    GL_ARB_multi_bind
    GL_ARB_direct_state_access
    GL_ARB_get_texture_sub_image
    GL_ARB_texture_filter_anisotropic
    GL_KHR_debug
    GL_KHR_parallel_shader_compile
    GL_NV_depth_buffer_float
Using driver workarounds:
    no-forward-compatible-core-context
    nv-egl-incorrect-gl11-function-pointers
    no-layout-qualifiers-on-old-glsl
    nv-zero-context-profile-mask
    nv-implementation-color-read-format-dsa-broken
    nv-cubemap-inconsistent-compressed-image-size
    nv-cubemap-broken-full-compressed-image-query
    nv-compressed-block-size-in-bits
[17:01:08:160202]:[Warning]:[Metadata] SceneDatasetAttributes.cpp(107)::addNewSceneInstanceToDataset : Dataset : 'default' : Lighting Layout Attributes 'no_lights' specified in Scene Attributes but does not exist in dataset, so creating default.
Multiple -pix_fmt options specified for stream 0, only the last option '-pix_fmt yuv420p' will be used.
  aayBHfsNo7d/10322: 32 steps -> 117 frames (7.7s)  555 KB  0.5s
Multiple -pix_fmt options specified for stream 0, only the last option '-pix_fmt yuv420p' will be used.
  aayBHfsNo7d/10586: 17 steps -> 72 frames (4.7s)  319 KB  0.3s
Multiple -pix_fmt options specified for stream 0, only the last option '-pix_fmt yuv420p' will be used.
  aayBHfsNo7d/1245: 32 steps -> 124 frames (8.2s)  549 KB  0.4s
Multiple -pix_fmt options specified for stream 0, only the last option '-pix_fmt yuv420p' will be used.
  aayBHfsNo7d/1496: 53 steps -> 211 frames (14.0s)  1403 KB  0.5s
Multiple -pix_fmt options specified for stream 0, only the last option '-pix_fmt yuv420p' will be used.
  aayBHfsNo7d/1511: 61 steps -> 240 frames (15.9s)  1328 KB  0.6s
Multiple -pix_fmt options specified for stream 0, only the last option '-pix_fmt yuv420p' will be used.
  aayBHfsNo7d/1817: 42 steps -> 177 frames (11.7s)  740 KB  0.5s
Multiple -pix_fmt options specified for stream 0, only the last option '-pix_fmt yuv420p' will be used.
  aayBHfsNo7d/1838: 49 steps -> 188 frames (12.5s)  914 KB  0.4s
Multiple -pix_fmt options specified for stream 0, only the last option '-pix_fmt yuv420p' will be used.
  aayBHfsNo7d/2105: 29 steps -> 113 frames (7.5s)  568 KB  0.3s
Multiple -pix_fmt options specified for stream 0, only the last option '-pix_fmt yuv420p' will be used.
  aayBHfsNo7d/2108: 7 steps -> 25 frames (1.6s)  126 KB  0.2s
Multiple -pix_fmt options specified for stream 0, only the last option '-pix_fmt yuv420p' will be used.
  aayBHfsNo7d/2162: 33 steps -> 136 frames (9.0s)  795 KB  0.4s
Multiple -pix_fmt options specified for stream 0, only the last option '-pix_fmt yuv420p' will be used.
  aayBHfsNo7d/232: 27 steps -> 99 frames (6.5s)  485 KB  0.4s
Multiple -pix_fmt options specified for stream 0, only the last option '-pix_fmt yuv420p' will be used.
  aayBHfsNo7d/2510: 23 steps -> 84 frames (5.5s)  409 KB  0.3s
Multiple -pix_fmt options specified for stream 0, only the last option '-pix_fmt yuv420p' will be used.
  aayBHfsNo7d/2528: 53 steps -> 218 frames (14.5s)  1098 KB  0.6s
Multiple -pix_fmt options specified for stream 0, only the last option '-pix_fmt yuv420p' will be used.
  aayBHfsNo7d/2678: 20 steps -> 73 frames (4.8s)  309 KB  0.3s
Multiple -pix_fmt options specified for stream 0, only the last option '-pix_fmt yuv420p' will be used.
  aayBHfsNo7d/3098: 19 steps -> 68 frames (4.5s)  279 KB  0.3s
Multiple -pix_fmt options specified for stream 0, only the last option '-pix_fmt yuv420p' will be used.
  aayBHfsNo7d/311: 21 steps -> 76 frames (5.0s)  381 KB  0.3s
Multiple -pix_fmt options specified for stream 0, only the last option '-pix_fmt yuv420p' will be used.
  aayBHfsNo7d/3230: 24 steps -> 88 frames (5.8s)  366 KB  0.3s
Multiple -pix_fmt options specified for stream 0, only the last option '-pix_fmt yuv420p' will be used.
  aayBHfsNo7d/333: 19 steps -> 75 frames (4.9s)  349 KB  0.3s
Multiple -pix_fmt options specified for stream 0, only the last option '-pix_fmt yuv420p' will be used.
  aayBHfsNo7d/3377: 42 steps -> 171 frames (11.3s)  966 KB  0.5s
Multiple -pix_fmt options specified for stream 0, only the last option '-pix_fmt yuv420p' will be used.
  aayBHfsNo7d/3491: 72 steps -> 297 frames (19.7s)  1656 KB  0.7s
Multiple -pix_fmt options specified for stream 0, only the last option '-pix_fmt yuv420p' will be used.
  aayBHfsNo7d/366: 43 steps -> 168 frames (11.1s)  867 KB  0.4s
Multiple -pix_fmt options specified for stream 0, only the last option '-pix_fmt yuv420p' will be used.
  aayBHfsNo7d/3908: 53 steps -> 220 frames (14.6s)  1080 KB  0.6s
Multiple -pix_fmt options specified for stream 0, only the last option '-pix_fmt yuv420p' will be used.
  aayBHfsNo7d/4088: 58 steps -> 241 frames (16.0s)  1562 KB  0.6s
Multiple -pix_fmt options specified for stream 0, only the last option '-pix_fmt yuv420p' will be used.
  aayBHfsNo7d/4397: 31 steps -> 128 frames (8.5s)  649 KB  0.4s
Multiple -pix_fmt options specified for stream 0, only the last option '-pix_fmt yuv420p' will be used.
  aayBHfsNo7d/4682: 27 steps -> 98 frames (6.5s)  422 KB  0.3s
Multiple -pix_fmt options specified for stream 0, only the last option '-pix_fmt yuv420p' will be used.
  aayBHfsNo7d/557: 37 steps -> 151 frames (10.0s)  858 KB  0.5s
Multiple -pix_fmt options specified for stream 0, only the last option '-pix_fmt yuv420p' will be used.
  aayBHfsNo7d/5627: 58 steps -> 246 frames (16.3s)  1351 KB  0.6s
Multiple -pix_fmt options specified for stream 0, only the last option '-pix_fmt yuv420p' will be used.
  aayBHfsNo7d/6287: 28 steps -> 117 frames (7.7s)  572 KB  0.4s
Multiple -pix_fmt options specified for stream 0, only the last option '-pix_fmt yuv420p' will be used.
  aayBHfsNo7d/6482: 63 steps -> 256 frames (17.0s)  1569 KB  0.7s
Multiple -pix_fmt options specified for stream 0, only the last option '-pix_fmt yuv420p' will be used.
  aayBHfsNo7d/6704: 58 steps -> 244 frames (16.2s)  1212 KB  0.6s
Multiple -pix_fmt options specified for stream 0, only the last option '-pix_fmt yuv420p' will be used.
  aayBHfsNo7d/6929: 47 steps -> 191 frames (12.7s)  974 KB  0.5s
Multiple -pix_fmt options specified for stream 0, only the last option '-pix_fmt yuv420p' will be used.
  aayBHfsNo7d/7121: 39 steps -> 161 frames (10.7s)  912 KB  0.4s
Multiple -pix_fmt options specified for stream 0, only the last option '-pix_fmt yuv420p' will be used.
  aayBHfsNo7d/7166: 34 steps -> 139 frames (9.2s)  687 KB  0.4s
Multiple -pix_fmt options specified for stream 0, only the last option '-pix_fmt yuv420p' will be used.
  aayBHfsNo7d/7217: 42 steps -> 168 frames (11.1s)  868 KB  0.5s
Multiple -pix_fmt options specified for stream 0, only the last option '-pix_fmt yuv420p' will be used.
  aayBHfsNo7d/7346: 24 steps -> 97 frames (6.4s)  578 KB  0.3s
Multiple -pix_fmt options specified for stream 0, only the last option '-pix_fmt yuv420p' will be used.
  aayBHfsNo7d/7436: 29 steps -> 121 frames (8.0s)  709 KB  0.4s
Multiple -pix_fmt options specified for stream 0, only the last option '-pix_fmt yuv420p' will be used.
  aayBHfsNo7d/7568: 72 steps -> 287 frames (19.1s)  1373 KB  0.7s
Multiple -pix_fmt options specified for stream 0, only the last option '-pix_fmt yuv420p' will be used.
  aayBHfsNo7d/7580: 38 steps -> 163 frames (10.8s)  803 KB  0.4s
Multiple -pix_fmt options specified for stream 0, only the last option '-pix_fmt yuv420p' will be used.
  aayBHfsNo7d/76: 44 steps -> 177 frames (11.7s)  932 KB  0.5s
Multiple -pix_fmt options specified for stream 0, only the last option '-pix_fmt yuv420p' will be used.
  aayBHfsNo7d/7781: 19 steps -> 70 frames (4.6s)  339 KB  0.3s
Multiple -pix_fmt options specified for stream 0, only the last option '-pix_fmt yuv420p' will be used.
  aayBHfsNo7d/8141: 38 steps -> 159 frames (10.5s)  874 KB  0.5s
Multiple -pix_fmt options specified for stream 0, only the last option '-pix_fmt yuv420p' will be used.
  aayBHfsNo7d/8606: 57 steps -> 237 frames (15.7s)  1278 KB  0.6s
Multiple -pix_fmt options specified for stream 0, only the last option '-pix_fmt yuv420p' will be used.
  aayBHfsNo7d/921: 54 steps -> 219 frames (14.5s)  1086 KB  0.5s
Multiple -pix_fmt options specified for stream 0, only the last option '-pix_fmt yuv420p' will be used.
  aayBHfsNo7d/942: 22 steps -> 80 frames (5.3s)  380 KB  0.3s
Multiple -pix_fmt options specified for stream 0, only the last option '-pix_fmt yuv420p' will be used.
  aayBHfsNo7d/9437: 46 steps -> 192 frames (12.7s)  927 KB  0.5s
Multiple -pix_fmt options specified for stream 0, only the last option '-pix_fmt yuv420p' will be used.
  aayBHfsNo7d/9455: 45 steps -> 187 frames (12.4s)  939 KB  0.5s
Multiple -pix_fmt options specified for stream 0, only the last option '-pix_fmt yuv420p' will be used.
  aayBHfsNo7d/9542: 65 steps -> 271 frames (18.0s)  1523 KB  0.7s
Multiple -pix_fmt options specified for stream 0, only the last option '-pix_fmt yuv420p' will be used.
  aayBHfsNo7d/981: 38 steps -> 154 frames (10.2s)  793 KB  0.4s
Renderer: NVIDIA GeForce RTX 4070 Ti SUPER/PCIe/SSE2 by NVIDIA Corporation
OpenGL version: 4.6.0 NVIDIA 580.173.02
Using optional features:
    GL_ARB_vertex_array_object
    GL_ARB_separate_shader_objects
    GL_ARB_robustness
    GL_ARB_texture_storage
    GL_ARB_texture_view
    GL_ARB_framebuffer_no_attachments
    GL_ARB_invalidate_subdata
    GL_ARB_texture_storage_multisample
    GL_ARB_multi_bind
    GL_ARB_direct_state_access
    GL_ARB_get_texture_sub_image
    GL_ARB_texture_filter_anisotropic
    GL_KHR_debug
    GL_KHR_parallel_shader_compile
    GL_NV_depth_buffer_float
Using driver workarounds:
    no-forward-compatible-core-context
    nv-egl-incorrect-gl11-function-pointers
    no-layout-qualifiers-on-old-glsl
    nv-zero-context-profile-mask
    nv-implementation-color-read-format-dsa-broken
    nv-cubemap-inconsistent-compressed-image-size
    nv-cubemap-broken-full-compressed-image-query
    nv-compressed-block-size-in-bits
[17:01:32:829493]:[Warning]:[Metadata] SceneDatasetAttributes.cpp(107)::addNewSceneInstanceToDataset : Dataset : 'default' : Lighting Layout Attributes 'no_lights' specified in Scene Attributes but does not exist in dataset, so creating default.
Multiple -pix_fmt options specified for stream 0, only the last option '-pix_fmt yuv420p' will be used.
  ac26ZMwG7aT/10160: 62 steps -> 260 frames (17.3s)  2203 KB  0.9s
Multiple -pix_fmt options specified for stream 0, only the last option '-pix_fmt yuv420p' will be used.
  ac26ZMwG7aT/10166: 70 steps -> 291 frames (19.3s)  1764 KB  0.7s
Multiple -pix_fmt options specified for stream 0, only the last option '-pix_fmt yuv420p' will be used.
  ac26ZMwG7aT/1017: 62 steps -> 252 frames (16.7s)  2073 KB  0.6s
Multiple -pix_fmt options specified for stream 0, only the last option '-pix_fmt yuv420p' will be used.
  ac26ZMwG7aT/10268: 77 steps -> 313 frames (20.8s)  1748 KB  0.7s
Multiple -pix_fmt options specified for stream 0, only the last option '-pix_fmt yuv420p' will be used.
  ac26ZMwG7aT/10280: 33 steps -> 139 frames (9.2s)  853 KB  0.4s
Multiple -pix_fmt options specified for stream 0, only the last option '-pix_fmt yuv420p' will be used.
  ac26ZMwG7aT/10541: 83 steps -> 346 frames (23.0s)  3020 KB  0.8s
Multiple -pix_fmt options specified for stream 0, only the last option '-pix_fmt yuv420p' will be used.
  ac26ZMwG7aT/10577: 78 steps -> 317 frames (21.1s)  1912 KB  0.7s
Multiple -pix_fmt options specified for stream 0, only the last option '-pix_fmt yuv420p' will be used.
  ac26ZMwG7aT/10628: 63 steps -> 247 frames (16.4s)  1361 KB  0.5s
Multiple -pix_fmt options specified for stream 0, only the last option '-pix_fmt yuv420p' will be used.
  ac26ZMwG7aT/1077: 60 steps -> 245 frames (16.3s)  1635 KB  0.6s
Multiple -pix_fmt options specified for stream 0, only the last option '-pix_fmt yuv420p' will be used.
  ac26ZMwG7aT/1098: 46 steps -> 192 frames (12.7s)  1190 KB  0.5s
Multiple -pix_fmt options specified for stream 0, only the last option '-pix_fmt yuv420p' will be used.
  ac26ZMwG7aT/1159: 43 steps -> 172 frames (11.4s)  1071 KB  0.5s
Multiple -pix_fmt options specified for stream 0, only the last option '-pix_fmt yuv420p' will be used.
  ac26ZMwG7aT/118: 40 steps -> 166 frames (11.0s)  1430 KB  0.4s
Multiple -pix_fmt options specified for stream 0, only the last option '-pix_fmt yuv420p' will be used.
  ac26ZMwG7aT/1236: 95 steps -> 369 frames (24.5s)  2126 KB  0.8s
Multiple -pix_fmt options specified for stream 0, only the last option '-pix_fmt yuv420p' will be used.
  ac26ZMwG7aT/1352: 35 steps -> 149 frames (9.9s)  892 KB  0.4s
Multiple -pix_fmt options specified for stream 0, only the last option '-pix_fmt yuv420p' will be used.
  ac26ZMwG7aT/1364: 24 steps -> 94 frames (6.2s)  631 KB  0.3s
Multiple -pix_fmt options specified for stream 0, only the last option '-pix_fmt yuv420p' will be used.
  ac26ZMwG7aT/1370: 64 steps -> 273 frames (18.1s)  1294 KB  0.7s
Multiple -pix_fmt options specified for stream 0, only the last option '-pix_fmt yuv420p' will be used.
  ac26ZMwG7aT/1388: 36 steps -> 146 frames (9.7s)  998 KB  0.4s
Multiple -pix_fmt options specified for stream 0, only the last option '-pix_fmt yuv420p' will be used.
  ac26ZMwG7aT/1391: 69 steps -> 288 frames (19.1s)  1981 KB  0.7s
Multiple -pix_fmt options specified for stream 0, only the last option '-pix_fmt yuv420p' will be used.
  ac26ZMwG7aT/1454: 49 steps -> 202 frames (13.4s)  1544 KB  0.5s
Multiple -pix_fmt options specified for stream 0, only the last option '-pix_fmt yuv420p' will be used.
  ac26ZMwG7aT/1622: 66 steps -> 267 frames (17.7s)  1931 KB  0.7s
Multiple -pix_fmt options specified for stream 0, only the last option '-pix_fmt yuv420p' will be used.
  ac26ZMwG7aT/1799: 27 steps -> 113 frames (7.5s)  1058 KB  0.4s
Multiple -pix_fmt options specified for stream 0, only the last option '-pix_fmt yuv420p' will be used.
  ac26ZMwG7aT/1823: 77 steps -> 316 frames (21.0s)  2149 KB  0.8s
Multiple -pix_fmt options specified for stream 0, only the last option '-pix_fmt yuv420p' will be used.
  ac26ZMwG7aT/1826: 26 steps -> 102 frames (6.7s)  607 KB  0.3s
Multiple -pix_fmt options specified for stream 0, only the last option '-pix_fmt yuv420p' will be used.
  ac26ZMwG7aT/1913: 65 steps -> 269 frames (17.9s)  2058 KB  0.6s
Multiple -pix_fmt options specified for stream 0, only the last option '-pix_fmt yuv420p' will be used.
  ac26ZMwG7aT/2120: 20 steps -> 84 frames (5.5s)  494 KB  0.3s
Multiple -pix_fmt options specified for stream 0, only the last option '-pix_fmt yuv420p' will be used.
  ac26ZMwG7aT/2243: 59 steps -> 249 frames (16.5s)  1790 KB  0.7s
Multiple -pix_fmt options specified for stream 0, only the last option '-pix_fmt yuv420p' will be used.
  ac26ZMwG7aT/2345: 26 steps -> 114 frames (7.5s)  1001 KB  0.4s
Multiple -pix_fmt options specified for stream 0, only the last option '-pix_fmt yuv420p' will be used.
  ac26ZMwG7aT/2387: 29 steps -> 128 frames (8.5s)  746 KB  0.4s
Multiple -pix_fmt options specified for stream 0, only the last option '-pix_fmt yuv420p' will be used.
  ac26ZMwG7aT/2513: 51 steps -> 206 frames (13.7s)  2058 KB  0.6s
Multiple -pix_fmt options specified for stream 0, only the last option '-pix_fmt yuv420p' will be used.
  ac26ZMwG7aT/2579: 40 steps -> 159 frames (10.5s)  1227 KB  0.5s
Multiple -pix_fmt options specified for stream 0, only the last option '-pix_fmt yuv420p' will be used.
  ac26ZMwG7aT/2948: 40 steps -> 167 frames (11.1s)  1526 KB  0.5s
Multiple -pix_fmt options specified for stream 0, only the last option '-pix_fmt yuv420p' will be used.
  ac26ZMwG7aT/3089: 68 steps -> 279 frames (18.5s)  1712 KB  0.7s
Multiple -pix_fmt options specified for stream 0, only the last option '-pix_fmt yuv420p' will be used.
  ac26ZMwG7aT/3206: 64 steps -> 265 frames (17.6s)  1669 KB  0.6s
Multiple -pix_fmt options specified for stream 0, only the last option '-pix_fmt yuv420p' will be used.
  ac26ZMwG7aT/3410: 59 steps -> 238 frames (15.8s)  1513 KB  0.6s
Multiple -pix_fmt options specified for stream 0, only the last option '-pix_fmt yuv420p' will be used.
  ac26ZMwG7aT/3494: 38 steps -> 160 frames (10.6s)  862 KB  0.4s
Multiple -pix_fmt options specified for stream 0, only the last option '-pix_fmt yuv420p' will be used.
  ac26ZMwG7aT/3668: 73 steps -> 297 frames (19.7s)  1808 KB  0.8s
Multiple -pix_fmt options specified for stream 0, only the last option '-pix_fmt yuv420p' will be used.
  ac26ZMwG7aT/4181: 29 steps -> 121 frames (8.0s)  823 KB  0.4s
Multiple -pix_fmt options specified for stream 0, only the last option '-pix_fmt yuv420p' will be used.
  ac26ZMwG7aT/4277: 89 steps -> 362 frames (24.1s)  2580 KB  0.9s
Multiple -pix_fmt options specified for stream 0, only the last option '-pix_fmt yuv420p' will be used.
  ac26ZMwG7aT/4415: 63 steps -> 258 frames (17.1s)  1493 KB  0.6s
Multiple -pix_fmt options specified for stream 0, only the last option '-pix_fmt yuv420p' will be used.
  ac26ZMwG7aT/4433: 41 steps -> 167 frames (11.1s)  1065 KB  0.5s
Multiple -pix_fmt options specified for stream 0, only the last option '-pix_fmt yuv420p' will be used.
  ac26ZMwG7aT/4577: 40 steps -> 158 frames (10.5s)  705 KB  0.5s
Multiple -pix_fmt options specified for stream 0, only the last option '-pix_fmt yuv420p' will be used.
  ac26ZMwG7aT/4814: 89 steps -> 362 frames (24.1s)  2004 KB  0.9s
Multiple -pix_fmt options specified for stream 0, only the last option '-pix_fmt yuv420p' will be used.
  ac26ZMwG7aT/4982: 44 steps -> 181 frames (12.0s)  1275 KB  0.5s
Multiple -pix_fmt options specified for stream 0, only the last option '-pix_fmt yuv420p' will be used.
  ac26ZMwG7aT/5144: 54 steps -> 228 frames (15.1s)  1551 KB  0.6s
Multiple -pix_fmt options specified for stream 0, only the last option '-pix_fmt yuv420p' will be used.
  ac26ZMwG7aT/5252: 36 steps -> 160 frames (10.6s)  947 KB  0.5s
Multiple -pix_fmt options specified for stream 0, only the last option '-pix_fmt yuv420p' will be used.
  ac26ZMwG7aT/5267: 38 steps -> 163 frames (10.8s)  758 KB  0.5s
Multiple -pix_fmt options specified for stream 0, only the last option '-pix_fmt yuv420p' will be used.
  ac26ZMwG7aT/5276: 25 steps -> 94 frames (6.2s)  904 KB  0.3s
Multiple -pix_fmt options specified for stream 0, only the last option '-pix_fmt yuv420p' will be used.
  ac26ZMwG7aT/5282: 52 steps -> 217 frames (14.4s)  1377 KB  0.6s
Multiple -pix_fmt options specified for stream 0, only the last option '-pix_fmt yuv420p' will be used.
  ac26ZMwG7aT/5399: 58 steps -> 234 frames (15.5s)  1643 KB  0.6s
Multiple -pix_fmt options specified for stream 0, only the last option '-pix_fmt yuv420p' will be used.
  ac26ZMwG7aT/5411: 50 steps -> 204 frames (13.5s)  1405 KB  0.5s
Multiple -pix_fmt options specified for stream 0, only the last option '-pix_fmt yuv420p' will be used.
  ac26ZMwG7aT/542: 40 steps -> 162 frames (10.7s)  1621 KB  0.5s
Multiple -pix_fmt options specified for stream 0, only the last option '-pix_fmt yuv420p' will be used.
  ac26ZMwG7aT/5597: 61 steps -> 252 frames (16.7s)  1469 KB  0.6s
Multiple -pix_fmt options specified for stream 0, only the last option '-pix_fmt yuv420p' will be used.
  ac26ZMwG7aT/5744: 72 steps -> 293 frames (19.5s)  2322 KB  0.7s
Multiple -pix_fmt options specified for stream 0, only the last option '-pix_fmt yuv420p' will be used.
  ac26ZMwG7aT/5756: 51 steps -> 204 frames (13.5s)  1187 KB  0.5s
Multiple -pix_fmt options specified for stream 0, only the last option '-pix_fmt yuv420p' will be used.
  ac26ZMwG7aT/5951: 46 steps -> 192 frames (12.7s)  1424 KB  0.5s
Multiple -pix_fmt options specified for stream 0, only the last option '-pix_fmt yuv420p' will be used.
  ac26ZMwG7aT/6257: 32 steps -> 134 frames (8.9s)  1035 KB  0.4s
Multiple -pix_fmt options specified for stream 0, only the last option '-pix_fmt yuv420p' will be used.
  ac26ZMwG7aT/653: 48 steps -> 187 frames (12.4s)  1226 KB  0.6s
Multiple -pix_fmt options specified for stream 0, only the last option '-pix_fmt yuv420p' will be used.
  ac26ZMwG7aT/6890: 52 steps -> 216 frames (14.3s)  1446 KB  0.6s
Multiple -pix_fmt options specified for stream 0, only the last option '-pix_fmt yuv420p' will be used.
  ac26ZMwG7aT/692: 52 steps -> 203 frames (13.5s)  1036 KB  0.5s
Multiple -pix_fmt options specified for stream 0, only the last option '-pix_fmt yuv420p' will be used.
  ac26ZMwG7aT/6923: 43 steps -> 181 frames (12.0s)  971 KB  0.5s
Multiple -pix_fmt options specified for stream 0, only the last option '-pix_fmt yuv420p' will be used.
  ac26ZMwG7aT/698: 50 steps -> 194 frames (12.9s)  1224 KB  0.5s
Multiple -pix_fmt options specified for stream 0, only the last option '-pix_fmt yuv420p' will be used.
  ac26ZMwG7aT/716: 39 steps -> 153 frames (10.1s)  825 KB  0.5s
Multiple -pix_fmt options specified for stream 0, only the last option '-pix_fmt yuv420p' will be used.
  ac26ZMwG7aT/7307: 32 steps -> 123 frames (8.1s)  903 KB  0.4s
Multiple -pix_fmt options specified for stream 0, only the last option '-pix_fmt yuv420p' will be used.
  ac26ZMwG7aT/7325: 71 steps -> 285 frames (18.9s)  2009 KB  0.8s
Multiple -pix_fmt options specified for stream 0, only the last option '-pix_fmt yuv420p' will be used.
  ac26ZMwG7aT/7343: 18 steps -> 71 frames (4.7s)  486 KB  0.3s
Multiple -pix_fmt options specified for stream 0, only the last option '-pix_fmt yuv420p' will be used.
  ac26ZMwG7aT/7406: 62 steps -> 261 frames (17.3s)  2267 KB  0.7s
Multiple -pix_fmt options specified for stream 0, only the last option '-pix_fmt yuv420p' will be used.
  ac26ZMwG7aT/7472: 74 steps -> 309 frames (20.5s)  1904 KB  0.7s
Multiple -pix_fmt options specified for stream 0, only the last option '-pix_fmt yuv420p' will be used.
  ac26ZMwG7aT/752: 37 steps -> 157 frames (10.4s)  1281 KB  0.5s
Multiple -pix_fmt options specified for stream 0, only the last option '-pix_fmt yuv420p' will be used.
  ac26ZMwG7aT/7571: 52 steps -> 209 frames (13.9s)  995 KB  0.6s
Multiple -pix_fmt options specified for stream 0, only the last option '-pix_fmt yuv420p' will be used.
  ac26ZMwG7aT/7874: 71 steps -> 274 frames (18.2s)  1565 KB  0.6s
Multiple -pix_fmt options specified for stream 0, only the last option '-pix_fmt yuv420p' will be used.
  ac26ZMwG7aT/7919: 51 steps -> 217 frames (14.4s)  2067 KB  0.6s
Multiple -pix_fmt options specified for stream 0, only the last option '-pix_fmt yuv420p' will be used.
  ac26ZMwG7aT/7949: 54 steps -> 217 frames (14.4s)  1295 KB  0.6s
Multiple -pix_fmt options specified for stream 0, only the last option '-pix_fmt yuv420p' will be used.
  ac26ZMwG7aT/8030: 21 steps -> 82 frames (5.4s)  541 KB  0.3s
Multiple -pix_fmt options specified for stream 0, only the last option '-pix_fmt yuv420p' will be used.
  ac26ZMwG7aT/8090: 65 steps -> 273 frames (18.1s)  1958 KB  0.8s
Multiple -pix_fmt options specified for stream 0, only the last option '-pix_fmt yuv420p' will be used.
  ac26ZMwG7aT/8126: 28 steps -> 113 frames (7.5s)  622 KB  0.3s
Multiple -pix_fmt options specified for stream 0, only the last option '-pix_fmt yuv420p' will be used.
  ac26ZMwG7aT/8471: 31 steps -> 131 frames (8.7s)  1028 KB  0.4s
Multiple -pix_fmt options specified for stream 0, only the last option '-pix_fmt yuv420p' will be used.
  ac26ZMwG7aT/8519: 59 steps -> 246 frames (16.3s)  1624 KB  0.7s
Multiple -pix_fmt options specified for stream 0, only the last option '-pix_fmt yuv420p' will be used.
  ac26ZMwG7aT/8546: 44 steps -> 178 frames (11.8s)  1066 KB  0.5s
Multiple -pix_fmt options specified for stream 0, only the last option '-pix_fmt yuv420p' will be used.
  ac26ZMwG7aT/8690: 58 steps -> 245 frames (16.3s)  2108 KB  0.6s
Multiple -pix_fmt options specified for stream 0, only the last option '-pix_fmt yuv420p' will be used.
  ac26ZMwG7aT/8735: 75 steps -> 301 frames (20.0s)  2209 KB  0.7s
Multiple -pix_fmt options specified for stream 0, only the last option '-pix_fmt yuv420p' will be used.
  ac26ZMwG7aT/8795: 72 steps -> 296 frames (19.7s)  2415 KB  0.7s
Multiple -pix_fmt options specified for stream 0, only the last option '-pix_fmt yuv420p' will be used.
  ac26ZMwG7aT/900: 52 steps -> 209 frames (13.9s)  1725 KB  0.6s
Multiple -pix_fmt options specified for stream 0, only the last option '-pix_fmt yuv420p' will be used.
  ac26ZMwG7aT/918: 71 steps -> 289 frames (19.2s)  1721 KB  0.7s
Multiple -pix_fmt options specified for stream 0, only the last option '-pix_fmt yuv420p' will be used.
  ac26ZMwG7aT/9236: 50 steps -> 194 frames (12.9s)  1226 KB  0.5s
Multiple -pix_fmt options specified for stream 0, only the last option '-pix_fmt yuv420p' will be used.
  ac26ZMwG7aT/9257: 31 steps -> 133 frames (8.8s)  848 KB  0.4s
Multiple -pix_fmt options specified for stream 0, only the last option '-pix_fmt yuv420p' will be used.
  ac26ZMwG7aT/9320: 62 steps -> 255 frames (16.9s)  2192 KB  0.7s
Multiple -pix_fmt options specified for stream 0, only the last option '-pix_fmt yuv420p' will be used.
  ac26ZMwG7aT/9467: 54 steps -> 226 frames (15.0s)  1681 KB  0.6s
Multiple -pix_fmt options specified for stream 0, only the last option '-pix_fmt yuv420p' will be used.
  ac26ZMwG7aT/9653: 27 steps -> 118 frames (7.8s)  726 KB  0.4s
Multiple -pix_fmt options specified for stream 0, only the last option '-pix_fmt yuv420p' will be used.
  ac26ZMwG7aT/9665: 40 steps -> 162 frames (10.7s)  815 KB  0.5s
Multiple -pix_fmt options specified for stream 0, only the last option '-pix_fmt yuv420p' will be used.
  ac26ZMwG7aT/9782: 49 steps -> 201 frames (13.3s)  1015 KB  0.5s
Multiple -pix_fmt options specified for stream 0, only the last option '-pix_fmt yuv420p' will be used.
  ac26ZMwG7aT/9932: 61 steps -> 250 frames (16.6s)  1785 KB  0.6s
Renderer: NVIDIA GeForce RTX 4070 Ti SUPER/PCIe/SSE2 by NVIDIA Corporation
OpenGL version: 4.6.0 NVIDIA 580.173.02
Using optional features:
    GL_ARB_vertex_array_object
    GL_ARB_separate_shader_objects
    GL_ARB_robustness
    GL_ARB_texture_storage
    GL_ARB_texture_view
    GL_ARB_framebuffer_no_attachments
    GL_ARB_invalidate_subdata
    GL_ARB_texture_storage_multisample
    GL_ARB_multi_bind
    GL_ARB_direct_state_access
    GL_ARB_get_texture_sub_image
    GL_ARB_texture_filter_anisotropic
    GL_KHR_debug
    GL_KHR_parallel_shader_compile
    GL_NV_depth_buffer_float
Using driver workarounds:
    no-forward-compatible-core-context
    nv-egl-incorrect-gl11-function-pointers
    no-layout-qualifiers-on-old-glsl
    nv-zero-context-profile-mask
    nv-implementation-color-read-format-dsa-broken
    nv-cubemap-inconsistent-compressed-image-size
    nv-cubemap-broken-full-compressed-image-query
    nv-compressed-block-size-in-bits
[17:02:29:864639]:[Warning]:[Metadata] SceneDatasetAttributes.cpp(107)::addNewSceneInstanceToDataset : Dataset : 'default' : Lighting Layout Attributes 'no_lights' specified in Scene Attributes but does not exist in dataset, so creating default.
Multiple -pix_fmt options specified for stream 0, only the last option '-pix_fmt yuv420p' will be used.
  b8cTxDM8gDG/10685: 21 steps -> 82 frames (5.4s)  631 KB  0.5s
Multiple -pix_fmt options specified for stream 0, only the last option '-pix_fmt yuv420p' will be used.
  b8cTxDM8gDG/1195: 42 steps -> 174 frames (11.5s)  1122 KB  0.5s
Multiple -pix_fmt options specified for stream 0, only the last option '-pix_fmt yuv420p' will be used.
  b8cTxDM8gDG/148: 22 steps -> 82 frames (5.4s)  469 KB  0.3s
Multiple -pix_fmt options specified for stream 0, only the last option '-pix_fmt yuv420p' will be used.
  b8cTxDM8gDG/1586: 54 steps -> 207 frames (13.7s)  1474 KB  0.5s
Multiple -pix_fmt options specified for stream 0, only the last option '-pix_fmt yuv420p' will be used.
  b8cTxDM8gDG/1790: 39 steps -> 156 frames (10.3s)  1146 KB  0.4s
Multiple -pix_fmt options specified for stream 0, only the last option '-pix_fmt yuv420p' will be used.
  b8cTxDM8gDG/1865: 71 steps -> 289 frames (19.2s)  1316 KB  0.7s
Multiple -pix_fmt options specified for stream 0, only the last option '-pix_fmt yuv420p' will be used.
  b8cTxDM8gDG/1955: 38 steps -> 169 frames (11.2s)  681 KB  0.4s
Multiple -pix_fmt options specified for stream 0, only the last option '-pix_fmt yuv420p' will be used.
  b8cTxDM8gDG/2858: 41 steps -> 153 frames (10.1s)  1034 KB  0.4s
Multiple -pix_fmt options specified for stream 0, only the last option '-pix_fmt yuv420p' will be used.
  b8cTxDM8gDG/3344: 48 steps -> 187 frames (12.4s)  1268 KB  0.5s
Multiple -pix_fmt options specified for stream 0, only the last option '-pix_fmt yuv420p' will be used.
  b8cTxDM8gDG/3692: 61 steps -> 249 frames (16.5s)  1518 KB  0.6s
Multiple -pix_fmt options specified for stream 0, only the last option '-pix_fmt yuv420p' will be used.
  b8cTxDM8gDG/3707: 84 steps -> 353 frames (23.5s)  1452 KB  0.8s
Multiple -pix_fmt options specified for stream 0, only the last option '-pix_fmt yuv420p' will be used.
  b8cTxDM8gDG/3761: 44 steps -> 187 frames (12.4s)  1115 KB  0.5s
Multiple -pix_fmt options specified for stream 0, only the last option '-pix_fmt yuv420p' will be used.
  b8cTxDM8gDG/3830: 18 steps -> 80 frames (5.3s)  475 KB  0.3s
Multiple -pix_fmt options specified for stream 0, only the last option '-pix_fmt yuv420p' will be used.
  b8cTxDM8gDG/4364: 57 steps -> 229 frames (15.2s)  1672 KB  0.6s
Multiple -pix_fmt options specified for stream 0, only the last option '-pix_fmt yuv420p' will be used.
  b8cTxDM8gDG/4550: 90 steps -> 371 frames (24.7s)  1659 KB  0.9s
Multiple -pix_fmt options specified for stream 0, only the last option '-pix_fmt yuv420p' will be used.
  b8cTxDM8gDG/4637: 21 steps -> 76 frames (5.0s)  299 KB  0.3s
Multiple -pix_fmt options specified for stream 0, only the last option '-pix_fmt yuv420p' will be used.
  b8cTxDM8gDG/4643: 54 steps -> 206 frames (13.7s)  1586 KB  0.5s
Multiple -pix_fmt options specified for stream 0, only the last option '-pix_fmt yuv420p' will be used.
  b8cTxDM8gDG/490: 50 steps -> 202 frames (13.4s)  659 KB  0.5s
Multiple -pix_fmt options specified for stream 0, only the last option '-pix_fmt yuv420p' will be used.
  b8cTxDM8gDG/5717: 17 steps -> 66 frames (4.3s)  395 KB  0.3s
Multiple -pix_fmt options specified for stream 0, only the last option '-pix_fmt yuv420p' will be used.
  b8cTxDM8gDG/5825: 43 steps -> 166 frames (11.0s)  1214 KB  0.5s
Multiple -pix_fmt options specified for stream 0, only the last option '-pix_fmt yuv420p' will be used.
  b8cTxDM8gDG/5879: 50 steps -> 205 frames (13.6s)  1502 KB  0.5s
Multiple -pix_fmt options specified for stream 0, only the last option '-pix_fmt yuv420p' will be used.
  b8cTxDM8gDG/5885: 21 steps -> 79 frames (5.2s)  551 KB  0.3s
Multiple -pix_fmt options specified for stream 0, only the last option '-pix_fmt yuv420p' will be used.
  b8cTxDM8gDG/5936: 37 steps -> 146 frames (9.7s)  1088 KB  0.4s
Multiple -pix_fmt options specified for stream 0, only the last option '-pix_fmt yuv420p' will be used.
  b8cTxDM8gDG/6230: 34 steps -> 133 frames (8.8s)  847 KB  0.4s
Multiple -pix_fmt options specified for stream 0, only the last option '-pix_fmt yuv420p' will be used.
  b8cTxDM8gDG/6419: 42 steps -> 171 frames (11.3s)  1143 KB  0.6s
Multiple -pix_fmt options specified for stream 0, only the last option '-pix_fmt yuv420p' will be used.
  b8cTxDM8gDG/6497: 66 steps -> 272 frames (18.1s)  1266 KB  0.7s
Multiple -pix_fmt options specified for stream 0, only the last option '-pix_fmt yuv420p' will be used.
  b8cTxDM8gDG/6743: 17 steps -> 68 frames (4.5s)  364 KB  0.3s
Multiple -pix_fmt options specified for stream 0, only the last option '-pix_fmt yuv420p' will be used.
  b8cTxDM8gDG/6983: 59 steps -> 246 frames (16.3s)  1377 KB  0.7s
Multiple -pix_fmt options specified for stream 0, only the last option '-pix_fmt yuv420p' will be used.
  b8cTxDM8gDG/7022: 47 steps -> 205 frames (13.6s)  1229 KB  0.5s
Multiple -pix_fmt options specified for stream 0, only the last option '-pix_fmt yuv420p' will be used.
  b8cTxDM8gDG/7025: 28 steps -> 114 frames (7.5s)  685 KB  0.4s
Multiple -pix_fmt options specified for stream 0, only the last option '-pix_fmt yuv420p' will be used.
  b8cTxDM8gDG/7214: 49 steps -> 186 frames (12.3s)  1385 KB  0.5s
Multiple -pix_fmt options specified for stream 0, only the last option '-pix_fmt yuv420p' will be used.
  b8cTxDM8gDG/722: 28 steps -> 116 frames (7.7s)  909 KB  0.4s
Multiple -pix_fmt options specified for stream 0, only the last option '-pix_fmt yuv420p' will be used.
  b8cTxDM8gDG/7220: 30 steps -> 133 frames (8.8s)  651 KB  0.5s
Multiple -pix_fmt options specified for stream 0, only the last option '-pix_fmt yuv420p' will be used.
  b8cTxDM8gDG/7277: 48 steps -> 189 frames (12.5s)  657 KB  0.6s
Multiple -pix_fmt options specified for stream 0, only the last option '-pix_fmt yuv420p' will be used.
  b8cTxDM8gDG/7448: 40 steps -> 167 frames (11.1s)  1030 KB  0.5s
Multiple -pix_fmt options specified for stream 0, only the last option '-pix_fmt yuv420p' will be used.
  b8cTxDM8gDG/7658: 24 steps -> 102 frames (6.7s)  582 KB  0.3s
Multiple -pix_fmt options specified for stream 0, only the last option '-pix_fmt yuv420p' will be used.
  b8cTxDM8gDG/7772: 70 steps -> 291 frames (19.3s)  1872 KB  0.7s
Multiple -pix_fmt options specified for stream 0, only the last option '-pix_fmt yuv420p' will be used.
  b8cTxDM8gDG/7952: 32 steps -> 134 frames (8.9s)  397 KB  0.4s
Multiple -pix_fmt options specified for stream 0, only the last option '-pix_fmt yuv420p' will be used.
  b8cTxDM8gDG/7991: 27 steps -> 100 frames (6.6s)  735 KB  0.4s
Multiple -pix_fmt options specified for stream 0, only the last option '-pix_fmt yuv420p' will be used.
  b8cTxDM8gDG/8048: 51 steps -> 204 frames (13.5s)  1469 KB  0.6s
Multiple -pix_fmt options specified for stream 0, only the last option '-pix_fmt yuv420p' will be used.
  b8cTxDM8gDG/8435: 36 steps -> 163 frames (10.8s)  761 KB  0.4s
Multiple -pix_fmt options specified for stream 0, only the last option '-pix_fmt yuv420p' will be used.
  b8cTxDM8gDG/8492: 31 steps -> 127 frames (8.4s)  1129 KB  0.4s
Multiple -pix_fmt options specified for stream 0, only the last option '-pix_fmt yuv420p' will be used.
  b8cTxDM8gDG/8609: 26 steps -> 110 frames (7.3s)  513 KB  0.4s
Multiple -pix_fmt options specified for stream 0, only the last option '-pix_fmt yuv420p' will be used.
  b8cTxDM8gDG/906: 43 steps -> 175 frames (11.6s)  1355 KB  0.5s
Multiple -pix_fmt options specified for stream 0, only the last option '-pix_fmt yuv420p' will be used.
  b8cTxDM8gDG/9458: 34 steps -> 128 frames (8.5s)  996 KB  0.4s
Multiple -pix_fmt options specified for stream 0, only the last option '-pix_fmt yuv420p' will be used.
  b8cTxDM8gDG/9485: 36 steps -> 147 frames (9.7s)  849 KB  0.4s
Multiple -pix_fmt options specified for stream 0, only the last option '-pix_fmt yuv420p' will be used.
  b8cTxDM8gDG/9650: 49 steps -> 187 frames (12.4s)  1324 KB  0.5s
Multiple -pix_fmt options specified for stream 0, only the last option '-pix_fmt yuv420p' will be used.
  b8cTxDM8gDG/9893: 34 steps -> 139 frames (9.2s)  505 KB  0.4s
Renderer: NVIDIA GeForce RTX 4070 Ti SUPER/PCIe/SSE2 by NVIDIA Corporation
OpenGL version: 4.6.0 NVIDIA 580.173.02
Using optional features:
    GL_ARB_vertex_array_object
    GL_ARB_separate_shader_objects
    GL_ARB_robustness
    GL_ARB_texture_storage
    GL_ARB_texture_view
    GL_ARB_framebuffer_no_attachments
    GL_ARB_invalidate_subdata
    GL_ARB_texture_storage_multisample
    GL_ARB_multi_bind
    GL_ARB_direct_state_access
    GL_ARB_get_texture_sub_image
    GL_ARB_texture_filter_anisotropic
    GL_KHR_debug
    GL_KHR_parallel_shader_compile
    GL_NV_depth_buffer_float
Using driver workarounds:
    no-forward-compatible-core-context
    nv-egl-incorrect-gl11-function-pointers
    no-layout-qualifiers-on-old-glsl
    nv-zero-context-profile-mask
    nv-implementation-color-read-format-dsa-broken
    nv-cubemap-inconsistent-compressed-image-size
    nv-cubemap-broken-full-compressed-image-query
    nv-compressed-block-size-in-bits
[17:02:56:483975]:[Warning]:[Metadata] SceneDatasetAttributes.cpp(107)::addNewSceneInstanceToDataset : Dataset : 'default' : Lighting Layout Attributes 'no_lights' specified in Scene Attributes but does not exist in dataset, so creating default.
Multiple -pix_fmt options specified for stream 0, only the last option '-pix_fmt yuv420p' will be used.
  cV4RVeZvu5T/10199: 46 steps -> 198 frames (13.1s)  1112 KB  0.7s
Multiple -pix_fmt options specified for stream 0, only the last option '-pix_fmt yuv420p' will be used.
  cV4RVeZvu5T/10352: 36 steps -> 155 frames (10.3s)  596 KB  0.4s
Multiple -pix_fmt options specified for stream 0, only the last option '-pix_fmt yuv420p' will be used.
  cV4RVeZvu5T/10625: 36 steps -> 140 frames (9.3s)  1042 KB  0.4s
Multiple -pix_fmt options specified for stream 0, only the last option '-pix_fmt yuv420p' will be used.
  cV4RVeZvu5T/10691: 34 steps -> 138 frames (9.1s)  848 KB  0.4s
Multiple -pix_fmt options specified for stream 0, only the last option '-pix_fmt yuv420p' will be used.
  cV4RVeZvu5T/1071: 26 steps -> 99 frames (6.5s)  688 KB  0.3s
Multiple -pix_fmt options specified for stream 0, only the last option '-pix_fmt yuv420p' will be used.
  cV4RVeZvu5T/10808: 26 steps -> 104 frames (6.9s)  650 KB  0.3s
Multiple -pix_fmt options specified for stream 0, only the last option '-pix_fmt yuv420p' will be used.
  cV4RVeZvu5T/10835: 47 steps -> 209 frames (13.9s)  1164 KB  0.5s
Multiple -pix_fmt options specified for stream 0, only the last option '-pix_fmt yuv420p' will be used.
  cV4RVeZvu5T/13: 48 steps -> 203 frames (13.5s)  1413 KB  0.5s
Multiple -pix_fmt options specified for stream 0, only the last option '-pix_fmt yuv420p' will be used.
  cV4RVeZvu5T/1490: 49 steps -> 208 frames (13.8s)  1080 KB  0.5s
Multiple -pix_fmt options specified for stream 0, only the last option '-pix_fmt yuv420p' will be used.
  cV4RVeZvu5T/1544: 31 steps -> 143 frames (9.5s)  747 KB  0.4s
Multiple -pix_fmt options specified for stream 0, only the last option '-pix_fmt yuv420p' will be used.
  cV4RVeZvu5T/1565: 33 steps -> 136 frames (9.0s)  836 KB  0.4s
Multiple -pix_fmt options specified for stream 0, only the last option '-pix_fmt yuv420p' will be used.
  cV4RVeZvu5T/1616: 44 steps -> 194 frames (12.9s)  1023 KB  0.5s
Multiple -pix_fmt options specified for stream 0, only the last option '-pix_fmt yuv420p' will be used.
  cV4RVeZvu5T/1976: 37 steps -> 161 frames (10.7s)  792 KB  0.4s
Multiple -pix_fmt options specified for stream 0, only the last option '-pix_fmt yuv420p' will be used.
  cV4RVeZvu5T/2129: 32 steps -> 128 frames (8.5s)  729 KB  0.4s
Multiple -pix_fmt options specified for stream 0, only the last option '-pix_fmt yuv420p' will be used.
  cV4RVeZvu5T/2144: 34 steps -> 142 frames (9.4s)  1089 KB  0.4s
Multiple -pix_fmt options specified for stream 0, only the last option '-pix_fmt yuv420p' will be used.
  cV4RVeZvu5T/2294: 41 steps -> 174 frames (11.5s)  1190 KB  0.5s
Multiple -pix_fmt options specified for stream 0, only the last option '-pix_fmt yuv420p' will be used.
  cV4RVeZvu5T/2591: 27 steps -> 118 frames (7.8s)  424 KB  0.4s
Multiple -pix_fmt options specified for stream 0, only the last option '-pix_fmt yuv420p' will be used.
  cV4RVeZvu5T/2972: 35 steps -> 152 frames (10.1s)  837 KB  0.4s
Multiple -pix_fmt options specified for stream 0, only the last option '-pix_fmt yuv420p' will be used.
  cV4RVeZvu5T/3263: 34 steps -> 144 frames (9.5s)  869 KB  0.4s
Multiple -pix_fmt options specified for stream 0, only the last option '-pix_fmt yuv420p' will be used.
  cV4RVeZvu5T/3506: 36 steps -> 148 frames (9.8s)  932 KB  0.4s
Multiple -pix_fmt options specified for stream 0, only the last option '-pix_fmt yuv420p' will be used.
  cV4RVeZvu5T/3758: 48 steps -> 213 frames (14.1s)  1142 KB  0.6s
Multiple -pix_fmt options specified for stream 0, only the last option '-pix_fmt yuv420p' will be used.
  cV4RVeZvu5T/4142: 9 steps -> 38 frames (2.5s)  143 KB  0.2s
Multiple -pix_fmt options specified for stream 0, only the last option '-pix_fmt yuv420p' will be used.
  cV4RVeZvu5T/4184: 13 steps -> 53 frames (3.5s)  325 KB  0.3s
Multiple -pix_fmt options specified for stream 0, only the last option '-pix_fmt yuv420p' will be used.
  cV4RVeZvu5T/451: 25 steps -> 103 frames (6.8s)  621 KB  0.4s
Multiple -pix_fmt options specified for stream 0, only the last option '-pix_fmt yuv420p' will be used.
  cV4RVeZvu5T/4910: 17 steps -> 76 frames (5.0s)  393 KB  0.3s
Multiple -pix_fmt options specified for stream 0, only the last option '-pix_fmt yuv420p' will be used.
  cV4RVeZvu5T/4964: 22 steps -> 95 frames (6.3s)  469 KB  0.4s
Multiple -pix_fmt options specified for stream 0, only the last option '-pix_fmt yuv420p' will be used.
  cV4RVeZvu5T/524: 23 steps -> 100 frames (6.6s)  517 KB  0.3s
Multiple -pix_fmt options specified for stream 0, only the last option '-pix_fmt yuv420p' will be used.
  cV4RVeZvu5T/5585: 13 steps -> 51 frames (3.3s)  153 KB  0.2s
Multiple -pix_fmt options specified for stream 0, only the last option '-pix_fmt yuv420p' will be used.
  cV4RVeZvu5T/5591: 28 steps -> 106 frames (7.0s)  872 KB  0.4s
Multiple -pix_fmt options specified for stream 0, only the last option '-pix_fmt yuv420p' will be used.
  cV4RVeZvu5T/5783: 55 steps -> 236 frames (15.7s)  1334 KB  0.6s
Multiple -pix_fmt options specified for stream 0, only the last option '-pix_fmt yuv420p' will be used.
  cV4RVeZvu5T/6326: 35 steps -> 153 frames (10.1s)  981 KB  0.5s
Multiple -pix_fmt options specified for stream 0, only the last option '-pix_fmt yuv420p' will be used.
  cV4RVeZvu5T/6533: 31 steps -> 133 frames (8.8s)  787 KB  0.4s
Multiple -pix_fmt options specified for stream 0, only the last option '-pix_fmt yuv420p' will be used.
  cV4RVeZvu5T/6578: 54 steps -> 243 frames (16.1s)  1768 KB  0.6s
Multiple -pix_fmt options specified for stream 0, only the last option '-pix_fmt yuv420p' will be used.
  cV4RVeZvu5T/6659: 46 steps -> 190 frames (12.6s)  1107 KB  0.5s
Multiple -pix_fmt options specified for stream 0, only the last option '-pix_fmt yuv420p' will be used.
  cV4RVeZvu5T/680: 40 steps -> 167 frames (11.1s)  896 KB  0.5s
Multiple -pix_fmt options specified for stream 0, only the last option '-pix_fmt yuv420p' will be used.
  cV4RVeZvu5T/6905: 39 steps -> 156 frames (10.3s)  1073 KB  0.5s
Multiple -pix_fmt options specified for stream 0, only the last option '-pix_fmt yuv420p' will be used.
  cV4RVeZvu5T/701: 64 steps -> 273 frames (18.1s)  1583 KB  0.7s
Multiple -pix_fmt options specified for stream 0, only the last option '-pix_fmt yuv420p' will be used.
  cV4RVeZvu5T/7154: 27 steps -> 111 frames (7.3s)  731 KB  0.4s
Multiple -pix_fmt options specified for stream 0, only the last option '-pix_fmt yuv420p' will be used.
  cV4RVeZvu5T/7457: 51 steps -> 216 frames (14.3s)  1488 KB  0.6s
Multiple -pix_fmt options specified for stream 0, only the last option '-pix_fmt yuv420p' will be used.
  cV4RVeZvu5T/7511: 27 steps -> 118 frames (7.8s)  687 KB  0.4s
Multiple -pix_fmt options specified for stream 0, only the last option '-pix_fmt yuv420p' will be used.
  cV4RVeZvu5T/7997: 22 steps -> 90 frames (5.9s)  498 KB  0.3s
Multiple -pix_fmt options specified for stream 0, only the last option '-pix_fmt yuv420p' will be used.
  cV4RVeZvu5T/8180: 40 steps -> 174 frames (11.5s)  869 KB  0.6s
Multiple -pix_fmt options specified for stream 0, only the last option '-pix_fmt yuv420p' will be used.
  cV4RVeZvu5T/82: 28 steps -> 124 frames (8.2s)  615 KB  0.4s
Multiple -pix_fmt options specified for stream 0, only the last option '-pix_fmt yuv420p' will be used.
  cV4RVeZvu5T/8450: 20 steps -> 86 frames (5.7s)  543 KB  0.3s
Multiple -pix_fmt options specified for stream 0, only the last option '-pix_fmt yuv420p' will be used.
  cV4RVeZvu5T/8636: 61 steps -> 254 frames (16.9s)  1884 KB  0.6s
Multiple -pix_fmt options specified for stream 0, only the last option '-pix_fmt yuv420p' will be used.
  cV4RVeZvu5T/9188: 34 steps -> 144 frames (9.5s)  909 KB  0.4s
Multiple -pix_fmt options specified for stream 0, only the last option '-pix_fmt yuv420p' will be used.
  cV4RVeZvu5T/9269: 21 steps -> 93 frames (6.1s)  476 KB  0.3s
Multiple -pix_fmt options specified for stream 0, only the last option '-pix_fmt yuv420p' will be used.
  cV4RVeZvu5T/9332: 53 steps -> 230 frames (15.3s)  1428 KB  0.6s
Multiple -pix_fmt options specified for stream 0, only the last option '-pix_fmt yuv420p' will be used.
  cV4RVeZvu5T/9338: 11 steps -> 44 frames (2.9s)  215 KB  0.2s
Renderer: NVIDIA GeForce RTX 4070 Ti SUPER/PCIe/SSE2 by NVIDIA Corporation
OpenGL version: 4.6.0 NVIDIA 580.173.02
Using optional features:
    GL_ARB_vertex_array_object
    GL_ARB_separate_shader_objects
    GL_ARB_robustness
    GL_ARB_texture_storage
    GL_ARB_texture_view
    GL_ARB_framebuffer_no_attachments
    GL_ARB_invalidate_subdata
    GL_ARB_texture_storage_multisample
    GL_ARB_multi_bind
    GL_ARB_direct_state_access
    GL_ARB_get_texture_sub_image
    GL_ARB_texture_filter_anisotropic
    GL_KHR_debug
    GL_KHR_parallel_shader_compile
    GL_NV_depth_buffer_float
Using driver workarounds:
    no-forward-compatible-core-context
    nv-egl-incorrect-gl11-function-pointers
    no-layout-qualifiers-on-old-glsl
    nv-zero-context-profile-mask
    nv-implementation-color-read-format-dsa-broken
    nv-cubemap-inconsistent-compressed-image-size
    nv-cubemap-broken-full-compressed-image-query
    nv-compressed-block-size-in-bits
[17:03:20:477098]:[Warning]:[Metadata] SceneDatasetAttributes.cpp(107)::addNewSceneInstanceToDataset : Dataset : 'default' : Lighting Layout Attributes 'no_lights' specified in Scene Attributes but does not exist in dataset, so creating default.
Multiple -pix_fmt options specified for stream 0, only the last option '-pix_fmt yuv420p' will be used.
  dhjEzFoUFzH/10475: 35 steps -> 135 frames (8.9s)  1909 KB  0.8s
Multiple -pix_fmt options specified for stream 0, only the last option '-pix_fmt yuv420p' will be used.
  dhjEzFoUFzH/10532: 30 steps -> 126 frames (8.3s)  1696 KB  0.4s
Multiple -pix_fmt options specified for stream 0, only the last option '-pix_fmt yuv420p' will be used.
  dhjEzFoUFzH/1505: 38 steps -> 155 frames (10.3s)  2380 KB  0.4s
Multiple -pix_fmt options specified for stream 0, only the last option '-pix_fmt yuv420p' will be used.
  dhjEzFoUFzH/4700: 64 steps -> 246 frames (16.3s)  3685 KB  0.6s
Multiple -pix_fmt options specified for stream 0, only the last option '-pix_fmt yuv420p' will be used.
  dhjEzFoUFzH/5705: 63 steps -> 255 frames (16.9s)  4275 KB  0.6s
Multiple -pix_fmt options specified for stream 0, only the last option '-pix_fmt yuv420p' will be used.
  dhjEzFoUFzH/6761: 61 steps -> 254 frames (16.9s)  3905 KB  0.6s
Multiple -pix_fmt options specified for stream 0, only the last option '-pix_fmt yuv420p' will be used.
  dhjEzFoUFzH/7235: 36 steps -> 149 frames (9.9s)  2522 KB  0.4s
Multiple -pix_fmt options specified for stream 0, only the last option '-pix_fmt yuv420p' will be used.
  dhjEzFoUFzH/8006: 66 steps -> 256 frames (17.0s)  4207 KB  0.7s
Multiple -pix_fmt options specified for stream 0, only the last option '-pix_fmt yuv420p' will be used.
  dhjEzFoUFzH/8654: 36 steps -> 142 frames (9.4s)  2572 KB  0.5s
Multiple -pix_fmt options specified for stream 0, only the last option '-pix_fmt yuv420p' will be used.
  dhjEzFoUFzH/9305: 31 steps -> 121 frames (8.0s)  2132 KB  0.4s
Multiple -pix_fmt options specified for stream 0, only the last option '-pix_fmt yuv420p' will be used.
  dhjEzFoUFzH/9914: 66 steps -> 269 frames (17.9s)  4361 KB  0.7s
Renderer: NVIDIA GeForce RTX 4070 Ti SUPER/PCIe/SSE2 by NVIDIA Corporation
OpenGL version: 4.6.0 NVIDIA 580.173.02
Using optional features:
    GL_ARB_vertex_array_object
    GL_ARB_separate_shader_objects
    GL_ARB_robustness
    GL_ARB_texture_storage
    GL_ARB_texture_view
    GL_ARB_framebuffer_no_attachments
    GL_ARB_invalidate_subdata
    GL_ARB_texture_storage_multisample
    GL_ARB_multi_bind
    GL_ARB_direct_state_access
    GL_ARB_get_texture_sub_image
    GL_ARB_texture_filter_anisotropic
    GL_KHR_debug
    GL_KHR_parallel_shader_compile
    GL_NV_depth_buffer_float
Using driver workarounds:
    no-forward-compatible-core-context
    nv-egl-incorrect-gl11-function-pointers
    no-layout-qualifiers-on-old-glsl
    nv-zero-context-profile-mask
    nv-implementation-color-read-format-dsa-broken
    nv-cubemap-inconsistent-compressed-image-size
    nv-cubemap-broken-full-compressed-image-query
    nv-compressed-block-size-in-bits
[17:03:31:454704]:[Warning]:[Metadata] SceneDatasetAttributes.cpp(107)::addNewSceneInstanceToDataset : Dataset : 'default' : Lighting Layout Attributes 'no_lights' specified in Scene Attributes but does not exist in dataset, so creating default.
Multiple -pix_fmt options specified for stream 0, only the last option '-pix_fmt yuv420p' will be used.
  e9zR4mvMWw7/100: 20 steps -> 82 frames (5.4s)  485 KB  0.3s
Multiple -pix_fmt options specified for stream 0, only the last option '-pix_fmt yuv420p' will be used.
  e9zR4mvMWw7/10214: 23 steps -> 92 frames (6.1s)  459 KB  0.3s
Multiple -pix_fmt options specified for stream 0, only the last option '-pix_fmt yuv420p' will be used.
  e9zR4mvMWw7/10325: 16 steps -> 58 frames (3.8s)  353 KB  0.3s
Multiple -pix_fmt options specified for stream 0, only the last option '-pix_fmt yuv420p' will be used.
  e9zR4mvMWw7/10424: 31 steps -> 126 frames (8.3s)  791 KB  0.4s
Multiple -pix_fmt options specified for stream 0, only the last option '-pix_fmt yuv420p' will be used.
  e9zR4mvMWw7/10607: 18 steps -> 72 frames (4.7s)  365 KB  0.3s
Multiple -pix_fmt options specified for stream 0, only the last option '-pix_fmt yuv420p' will be used.
  e9zR4mvMWw7/10814: 51 steps -> 211 frames (14.0s)  1109 KB  0.6s
Multiple -pix_fmt options specified for stream 0, only the last option '-pix_fmt yuv420p' will be used.
  e9zR4mvMWw7/1162: 41 steps -> 168 frames (11.1s)  761 KB  0.4s
Multiple -pix_fmt options specified for stream 0, only the last option '-pix_fmt yuv420p' will be used.
  e9zR4mvMWw7/1328: 25 steps -> 104 frames (6.9s)  488 KB  0.3s
Multiple -pix_fmt options specified for stream 0, only the last option '-pix_fmt yuv420p' will be used.
  e9zR4mvMWw7/1442: 33 steps -> 138 frames (9.1s)  755 KB  0.4s
Multiple -pix_fmt options specified for stream 0, only the last option '-pix_fmt yuv420p' will be used.
  e9zR4mvMWw7/2006: 38 steps -> 170 frames (11.3s)  734 KB  0.4s
Multiple -pix_fmt options specified for stream 0, only the last option '-pix_fmt yuv420p' will be used.
  e9zR4mvMWw7/2042: 20 steps -> 82 frames (5.4s)  343 KB  0.3s
Multiple -pix_fmt options specified for stream 0, only the last option '-pix_fmt yuv420p' will be used.
  e9zR4mvMWw7/2060: 28 steps -> 118 frames (7.8s)  647 KB  0.4s
Multiple -pix_fmt options specified for stream 0, only the last option '-pix_fmt yuv420p' will be used.
  e9zR4mvMWw7/2240: 36 steps -> 153 frames (10.1s)  785 KB  0.4s
Multiple -pix_fmt options specified for stream 0, only the last option '-pix_fmt yuv420p' will be used.
  e9zR4mvMWw7/2483: 25 steps -> 101 frames (6.7s)  516 KB  0.3s
Multiple -pix_fmt options specified for stream 0, only the last option '-pix_fmt yuv420p' will be used.
  e9zR4mvMWw7/2975: 40 steps -> 167 frames (11.1s)  709 KB  0.5s
Multiple -pix_fmt options specified for stream 0, only the last option '-pix_fmt yuv420p' will be used.
  e9zR4mvMWw7/3281: 27 steps -> 108 frames (7.1s)  572 KB  0.3s
Multiple -pix_fmt options specified for stream 0, only the last option '-pix_fmt yuv420p' will be used.
  e9zR4mvMWw7/3413: 39 steps -> 162 frames (10.7s)  783 KB  0.4s
Multiple -pix_fmt options specified for stream 0, only the last option '-pix_fmt yuv420p' will be used.
  e9zR4mvMWw7/3539: 68 steps -> 285 frames (18.9s)  1601 KB  0.6s
Multiple -pix_fmt options specified for stream 0, only the last option '-pix_fmt yuv420p' will be used.
  e9zR4mvMWw7/3725: 17 steps -> 75 frames (4.9s)  349 KB  0.3s
Multiple -pix_fmt options specified for stream 0, only the last option '-pix_fmt yuv420p' will be used.
  e9zR4mvMWw7/3809: 58 steps -> 238 frames (15.8s)  1263 KB  0.7s
Multiple -pix_fmt options specified for stream 0, only the last option '-pix_fmt yuv420p' will be used.
  e9zR4mvMWw7/3953: 53 steps -> 222 frames (14.7s)  1071 KB  0.6s
Multiple -pix_fmt options specified for stream 0, only the last option '-pix_fmt yuv420p' will be used.
  e9zR4mvMWw7/4448: 28 steps -> 113 frames (7.5s)  617 KB  0.3s
Multiple -pix_fmt options specified for stream 0, only the last option '-pix_fmt yuv420p' will be used.
  e9zR4mvMWw7/478: 29 steps -> 122 frames (8.1s)  627 KB  0.4s
Multiple -pix_fmt options specified for stream 0, only the last option '-pix_fmt yuv420p' will be used.
  e9zR4mvMWw7/5009: 33 steps -> 140 frames (9.3s)  714 KB  0.4s
Multiple -pix_fmt options specified for stream 0, only the last option '-pix_fmt yuv420p' will be used.
  e9zR4mvMWw7/5195: 51 steps -> 217 frames (14.4s)  1060 KB  0.6s
Multiple -pix_fmt options specified for stream 0, only the last option '-pix_fmt yuv420p' will be used.
  e9zR4mvMWw7/5270: 43 steps -> 183 frames (12.1s)  851 KB  0.5s
Multiple -pix_fmt options specified for stream 0, only the last option '-pix_fmt yuv420p' will be used.
  e9zR4mvMWw7/5537: 45 steps -> 196 frames (13.0s)  956 KB  0.6s
Multiple -pix_fmt options specified for stream 0, only the last option '-pix_fmt yuv420p' will be used.
  e9zR4mvMWw7/5564: 27 steps -> 103 frames (6.8s)  545 KB  0.3s
Multiple -pix_fmt options specified for stream 0, only the last option '-pix_fmt yuv420p' will be used.
  e9zR4mvMWw7/5579: 24 steps -> 96 frames (6.3s)  460 KB  0.4s
Multiple -pix_fmt options specified for stream 0, only the last option '-pix_fmt yuv420p' will be used.
  e9zR4mvMWw7/5651: 27 steps -> 109 frames (7.2s)  525 KB  0.4s
Multiple -pix_fmt options specified for stream 0, only the last option '-pix_fmt yuv420p' will be used.
  e9zR4mvMWw7/5750: 19 steps -> 85 frames (5.6s)  330 KB  0.3s
Multiple -pix_fmt options specified for stream 0, only the last option '-pix_fmt yuv420p' will be used.
  e9zR4mvMWw7/5972: 10 steps -> 34 frames (2.2s)  211 KB  0.2s
Multiple -pix_fmt options specified for stream 0, only the last option '-pix_fmt yuv420p' will be used.
  e9zR4mvMWw7/6785: 34 steps -> 143 frames (9.5s)  724 KB  0.5s
Multiple -pix_fmt options specified for stream 0, only the last option '-pix_fmt yuv420p' will be used.
  e9zR4mvMWw7/6818: 21 steps -> 81 frames (5.3s)  566 KB  0.3s
Multiple -pix_fmt options specified for stream 0, only the last option '-pix_fmt yuv420p' will be used.
  e9zR4mvMWw7/7139: 43 steps -> 191 frames (12.7s)  914 KB  0.5s
Multiple -pix_fmt options specified for stream 0, only the last option '-pix_fmt yuv420p' will be used.
  e9zR4mvMWw7/7328: 24 steps -> 102 frames (6.7s)  599 KB  0.3s
Multiple -pix_fmt options specified for stream 0, only the last option '-pix_fmt yuv420p' will be used.
  e9zR4mvMWw7/7469: 39 steps -> 169 frames (11.2s)  966 KB  0.5s
Multiple -pix_fmt options specified for stream 0, only the last option '-pix_fmt yuv420p' will be used.
  e9zR4mvMWw7/7835: 16 steps -> 66 frames (4.3s)  269 KB  0.3s
Multiple -pix_fmt options specified for stream 0, only the last option '-pix_fmt yuv420p' will be used.
  e9zR4mvMWw7/8171: 15 steps -> 58 frames (3.8s)  350 KB  0.3s
Multiple -pix_fmt options specified for stream 0, only the last option '-pix_fmt yuv420p' will be used.
  e9zR4mvMWw7/8255: 17 steps -> 63 frames (4.1s)  263 KB  0.3s
Multiple -pix_fmt options specified for stream 0, only the last option '-pix_fmt yuv420p' will be used.
  e9zR4mvMWw7/8873: 49 steps -> 211 frames (14.0s)  898 KB  0.6s
Multiple -pix_fmt options specified for stream 0, only the last option '-pix_fmt yuv420p' will be used.
  e9zR4mvMWw7/9293: 42 steps -> 181 frames (12.0s)  777 KB  0.5s
Multiple -pix_fmt options specified for stream 0, only the last option '-pix_fmt yuv420p' will be used.
  e9zR4mvMWw7/9416: 25 steps -> 103 frames (6.8s)  480 KB  0.3s
Multiple -pix_fmt options specified for stream 0, only the last option '-pix_fmt yuv420p' will be used.
  e9zR4mvMWw7/9422: 26 steps -> 94 frames (6.2s)  541 KB  0.3s
Multiple -pix_fmt options specified for stream 0, only the last option '-pix_fmt yuv420p' will be used.
  e9zR4mvMWw7/9452: 26 steps -> 110 frames (7.3s)  634 KB  0.4s
Multiple -pix_fmt options specified for stream 0, only the last option '-pix_fmt yuv420p' will be used.
  e9zR4mvMWw7/9794: 25 steps -> 102 frames (6.7s)  476 KB  0.3s
Multiple -pix_fmt options specified for stream 0, only the last option '-pix_fmt yuv420p' will be used.
  e9zR4mvMWw7/9992: 54 steps -> 220 frames (14.6s)  1171 KB  0.6s
Renderer: NVIDIA GeForce RTX 4070 Ti SUPER/PCIe/SSE2 by NVIDIA Corporation
OpenGL version: 4.6.0 NVIDIA 580.173.02
Using optional features:
    GL_ARB_vertex_array_object
    GL_ARB_separate_shader_objects
    GL_ARB_robustness
    GL_ARB_texture_storage
    GL_ARB_texture_view
    GL_ARB_framebuffer_no_attachments
    GL_ARB_invalidate_subdata
    GL_ARB_texture_storage_multisample
    GL_ARB_multi_bind
    GL_ARB_direct_state_access
    GL_ARB_get_texture_sub_image
    GL_ARB_texture_filter_anisotropic
    GL_KHR_debug
    GL_KHR_parallel_shader_compile
    GL_NV_depth_buffer_float
Using driver workarounds:
    no-forward-compatible-core-context
    nv-egl-incorrect-gl11-function-pointers
    no-layout-qualifiers-on-old-glsl
    nv-zero-context-profile-mask
    nv-implementation-color-read-format-dsa-broken
    nv-cubemap-inconsistent-compressed-image-size
    nv-cubemap-broken-full-compressed-image-query
    nv-compressed-block-size-in-bits
[17:03:53:837488]:[Warning]:[Metadata] SceneDatasetAttributes.cpp(107)::addNewSceneInstanceToDataset : Dataset : 'default' : Lighting Layout Attributes 'no_lights' specified in Scene Attributes but does not exist in dataset, so creating default.
Multiple -pix_fmt options specified for stream 0, only the last option '-pix_fmt yuv420p' will be used.
  gTV8FGcVJC9/10000: 60 steps -> 248 frames (16.5s)  2997 KB  2.8s
Multiple -pix_fmt options specified for stream 0, only the last option '-pix_fmt yuv420p' will be used.
  gTV8FGcVJC9/10004: 43 steps -> 179 frames (11.9s)  1747 KB  1.7s
Multiple -pix_fmt options specified for stream 0, only the last option '-pix_fmt yuv420p' will be used.
  gTV8FGcVJC9/10028: 50 steps -> 214 frames (14.2s)  1493 KB  1.9s
Multiple -pix_fmt options specified for stream 0, only the last option '-pix_fmt yuv420p' will be used.
  gTV8FGcVJC9/10220: 52 steps -> 226 frames (15.0s)  1546 KB  2.2s
Multiple -pix_fmt options specified for stream 0, only the last option '-pix_fmt yuv420p' will be used.
  gTV8FGcVJC9/10487: 41 steps -> 176 frames (11.7s)  1296 KB  1.6s
Multiple -pix_fmt options specified for stream 0, only the last option '-pix_fmt yuv420p' will be used.
  gTV8FGcVJC9/10598: 29 steps -> 119 frames (7.9s)  1065 KB  1.2s
Multiple -pix_fmt options specified for stream 0, only the last option '-pix_fmt yuv420p' will be used.
  gTV8FGcVJC9/10820: 65 steps -> 280 frames (18.6s)  2185 KB  2.6s
Multiple -pix_fmt options specified for stream 0, only the last option '-pix_fmt yuv420p' will be used.
  gTV8FGcVJC9/1110: 31 steps -> 125 frames (8.3s)  1371 KB  1.2s
Multiple -pix_fmt options specified for stream 0, only the last option '-pix_fmt yuv420p' will be used.
  gTV8FGcVJC9/1229: 60 steps -> 241 frames (16.0s)  1658 KB  2.5s
Multiple -pix_fmt options specified for stream 0, only the last option '-pix_fmt yuv420p' will be used.
  gTV8FGcVJC9/1303: 25 steps -> 104 frames (6.9s)  1190 KB  1.1s
Multiple -pix_fmt options specified for stream 0, only the last option '-pix_fmt yuv420p' will be used.
  gTV8FGcVJC9/1322: 48 steps -> 209 frames (13.9s)  1209 KB  1.9s
Multiple -pix_fmt options specified for stream 0, only the last option '-pix_fmt yuv420p' will be used.
  gTV8FGcVJC9/1451: 50 steps -> 201 frames (13.3s)  1098 KB  1.9s
Multiple -pix_fmt options specified for stream 0, only the last option '-pix_fmt yuv420p' will be used.
  gTV8FGcVJC9/1481: 70 steps -> 281 frames (18.7s)  1996 KB  2.4s
Multiple -pix_fmt options specified for stream 0, only the last option '-pix_fmt yuv420p' will be used.
  gTV8FGcVJC9/1538: 31 steps -> 134 frames (8.9s)  1725 KB  1.2s
Multiple -pix_fmt options specified for stream 0, only the last option '-pix_fmt yuv420p' will be used.
  gTV8FGcVJC9/1598: 13 steps -> 56 frames (3.7s)  252 KB  0.6s
Multiple -pix_fmt options specified for stream 0, only the last option '-pix_fmt yuv420p' will be used.
  gTV8FGcVJC9/1949: 53 steps -> 212 frames (14.1s)  1140 KB  2.0s
Multiple -pix_fmt options specified for stream 0, only the last option '-pix_fmt yuv420p' will be used.
  gTV8FGcVJC9/2180: 46 steps -> 192 frames (12.7s)  2014 KB  1.8s
Multiple -pix_fmt options specified for stream 0, only the last option '-pix_fmt yuv420p' will be used.
  gTV8FGcVJC9/2324: 62 steps -> 246 frames (16.3s)  2151 KB  2.3s
Multiple -pix_fmt options specified for stream 0, only the last option '-pix_fmt yuv420p' will be used.
  gTV8FGcVJC9/2402: 40 steps -> 164 frames (10.9s)  1520 KB  1.6s
Multiple -pix_fmt options specified for stream 0, only the last option '-pix_fmt yuv420p' will be used.
  gTV8FGcVJC9/2729: 42 steps -> 166 frames (11.0s)  1183 KB  1.8s
Multiple -pix_fmt options specified for stream 0, only the last option '-pix_fmt yuv420p' will be used.
  gTV8FGcVJC9/2768: 42 steps -> 175 frames (11.6s)  1319 KB  1.7s
Multiple -pix_fmt options specified for stream 0, only the last option '-pix_fmt yuv420p' will be used.
  gTV8FGcVJC9/2984: 68 steps -> 277 frames (18.4s)  2542 KB  2.5s
Multiple -pix_fmt options specified for stream 0, only the last option '-pix_fmt yuv420p' will be used.
  gTV8FGcVJC9/3074: 49 steps -> 202 frames (13.4s)  1126 KB  1.8s
Multiple -pix_fmt options specified for stream 0, only the last option '-pix_fmt yuv420p' will be used.
  gTV8FGcVJC9/3245: 58 steps -> 238 frames (15.8s)  1554 KB  2.4s
Multiple -pix_fmt options specified for stream 0, only the last option '-pix_fmt yuv420p' will be used.
  gTV8FGcVJC9/330: 40 steps -> 165 frames (10.9s)  1220 KB  1.5s
Multiple -pix_fmt options specified for stream 0, only the last option '-pix_fmt yuv420p' will be used.
  gTV8FGcVJC9/3629: 48 steps -> 183 frames (12.1s)  1598 KB  1.8s
Multiple -pix_fmt options specified for stream 0, only the last option '-pix_fmt yuv420p' will be used.
  gTV8FGcVJC9/3689: 24 steps -> 102 frames (6.7s)  1005 KB  1.0s
Multiple -pix_fmt options specified for stream 0, only the last option '-pix_fmt yuv420p' will be used.
  gTV8FGcVJC9/3704: 58 steps -> 246 frames (16.3s)  2588 KB  2.2s
Multiple -pix_fmt options specified for stream 0, only the last option '-pix_fmt yuv420p' will be used.
  gTV8FGcVJC9/3866: 46 steps -> 194 frames (12.9s)  1185 KB  2.0s
Multiple -pix_fmt options specified for stream 0, only the last option '-pix_fmt yuv420p' will be used.
  gTV8FGcVJC9/4016: 80 steps -> 337 frames (22.4s)  2067 KB  3.0s
Multiple -pix_fmt options specified for stream 0, only the last option '-pix_fmt yuv420p' will be used.
  gTV8FGcVJC9/4160: 60 steps -> 242 frames (16.1s)  1999 KB  2.2s
Multiple -pix_fmt options specified for stream 0, only the last option '-pix_fmt yuv420p' will be used.
  gTV8FGcVJC9/4322: 69 steps -> 288 frames (19.1s)  2803 KB  2.7s
Multiple -pix_fmt options specified for stream 0, only the last option '-pix_fmt yuv420p' will be used.
  gTV8FGcVJC9/4391: 69 steps -> 289 frames (19.2s)  2547 KB  2.6s
Multiple -pix_fmt options specified for stream 0, only the last option '-pix_fmt yuv420p' will be used.
  gTV8FGcVJC9/4418: 81 steps -> 339 frames (22.5s)  3438 KB  3.2s
Multiple -pix_fmt options specified for stream 0, only the last option '-pix_fmt yuv420p' will be used.
  gTV8FGcVJC9/4421: 40 steps -> 167 frames (11.1s)  1301 KB  1.8s
Multiple -pix_fmt options specified for stream 0, only the last option '-pix_fmt yuv420p' will be used.
  gTV8FGcVJC9/4607: 89 steps -> 389 frames (25.9s)  3770 KB  3.4s
Multiple -pix_fmt options specified for stream 0, only the last option '-pix_fmt yuv420p' will be used.
  gTV8FGcVJC9/4640: 60 steps -> 258 frames (17.1s)  2664 KB  2.3s
Multiple -pix_fmt options specified for stream 0, only the last option '-pix_fmt yuv420p' will be used.
  gTV8FGcVJC9/472: 42 steps -> 163 frames (10.8s)  1279 KB  1.5s
Multiple -pix_fmt options specified for stream 0, only the last option '-pix_fmt yuv420p' will be used.
  gTV8FGcVJC9/4874: 56 steps -> 231 frames (15.3s)  2179 KB  2.2s
Multiple -pix_fmt options specified for stream 0, only the last option '-pix_fmt yuv420p' will be used.
  gTV8FGcVJC9/4886: 34 steps -> 141 frames (9.3s)  1039 KB  1.3s
Multiple -pix_fmt options specified for stream 0, only the last option '-pix_fmt yuv420p' will be used.
  gTV8FGcVJC9/5099: 43 steps -> 173 frames (11.5s)  1175 KB  1.7s
Multiple -pix_fmt options specified for stream 0, only the last option '-pix_fmt yuv420p' will be used.
  gTV8FGcVJC9/5384: 75 steps -> 306 frames (20.3s)  2268 KB  3.0s
Multiple -pix_fmt options specified for stream 0, only the last option '-pix_fmt yuv420p' will be used.
  gTV8FGcVJC9/5483: 45 steps -> 189 frames (12.5s)  1743 KB  1.9s
Multiple -pix_fmt options specified for stream 0, only the last option '-pix_fmt yuv420p' will be used.
  gTV8FGcVJC9/554: 38 steps -> 162 frames (10.7s)  1691 KB  1.6s
Multiple -pix_fmt options specified for stream 0, only the last option '-pix_fmt yuv420p' will be used.
  gTV8FGcVJC9/5714: 43 steps -> 171 frames (11.3s)  1346 KB  1.6s
Multiple -pix_fmt options specified for stream 0, only the last option '-pix_fmt yuv420p' will be used.
  gTV8FGcVJC9/6143: 75 steps -> 301 frames (20.0s)  2185 KB  2.9s
Multiple -pix_fmt options specified for stream 0, only the last option '-pix_fmt yuv420p' will be used.
  gTV8FGcVJC9/6347: 73 steps -> 302 frames (20.1s)  2892 KB  2.8s
Multiple -pix_fmt options specified for stream 0, only the last option '-pix_fmt yuv420p' will be used.
  gTV8FGcVJC9/6395: 54 steps -> 229 frames (15.2s)  2542 KB  2.3s
Multiple -pix_fmt options specified for stream 0, only the last option '-pix_fmt yuv420p' will be used.
  gTV8FGcVJC9/6686: 58 steps -> 234 frames (15.5s)  1991 KB  2.1s
Multiple -pix_fmt options specified for stream 0, only the last option '-pix_fmt yuv420p' will be used.
  gTV8FGcVJC9/6830: 43 steps -> 179 frames (11.9s)  1216 KB  1.9s
Multiple -pix_fmt options specified for stream 0, only the last option '-pix_fmt yuv420p' will be used.
  gTV8FGcVJC9/7385: 74 steps -> 313 frames (20.8s)  2325 KB  2.8s
Multiple -pix_fmt options specified for stream 0, only the last option '-pix_fmt yuv420p' will be used.
  gTV8FGcVJC9/7586: 57 steps -> 230 frames (15.3s)  1497 KB  2.4s
Multiple -pix_fmt options specified for stream 0, only the last option '-pix_fmt yuv420p' will be used.
  gTV8FGcVJC9/7742: 42 steps -> 176 frames (11.7s)  1170 KB  1.9s
Multiple -pix_fmt options specified for stream 0, only the last option '-pix_fmt yuv420p' will be used.
  gTV8FGcVJC9/7775: 54 steps -> 215 frames (14.3s)  2361 KB  2.1s
Multiple -pix_fmt options specified for stream 0, only the last option '-pix_fmt yuv420p' will be used.
  gTV8FGcVJC9/782: 59 steps -> 246 frames (16.3s)  1797 KB  2.5s
Multiple -pix_fmt options specified for stream 0, only the last option '-pix_fmt yuv420p' will be used.
  gTV8FGcVJC9/7898: 41 steps -> 168 frames (11.1s)  1726 KB  1.6s
Multiple -pix_fmt options specified for stream 0, only the last option '-pix_fmt yuv420p' will be used.
  gTV8FGcVJC9/8105: 63 steps -> 256 frames (17.0s)  1994 KB  2.7s
Multiple -pix_fmt options specified for stream 0, only the last option '-pix_fmt yuv420p' will be used.
  gTV8FGcVJC9/821: 57 steps -> 241 frames (16.0s)  1814 KB  2.1s
Multiple -pix_fmt options specified for stream 0, only the last option '-pix_fmt yuv420p' will be used.
  gTV8FGcVJC9/8279: 26 steps -> 108 frames (7.1s)  541 KB  1.1s
Multiple -pix_fmt options specified for stream 0, only the last option '-pix_fmt yuv420p' will be used.
  gTV8FGcVJC9/8318: 33 steps -> 129 frames (8.5s)  1190 KB  1.3s
Multiple -pix_fmt options specified for stream 0, only the last option '-pix_fmt yuv420p' will be used.
  gTV8FGcVJC9/8648: 44 steps -> 182 frames (12.1s)  1184 KB  1.9s
Multiple -pix_fmt options specified for stream 0, only the last option '-pix_fmt yuv420p' will be used.
  gTV8FGcVJC9/8840: 37 steps -> 145 frames (9.6s)  1692 KB  1.4s
Multiple -pix_fmt options specified for stream 0, only the last option '-pix_fmt yuv420p' will be used.
  gTV8FGcVJC9/9038: 53 steps -> 219 frames (14.5s)  1731 KB  2.0s
Multiple -pix_fmt options specified for stream 0, only the last option '-pix_fmt yuv420p' will be used.
  gTV8FGcVJC9/9068: 42 steps -> 190 frames (12.6s)  971 KB  1.8s
Multiple -pix_fmt options specified for stream 0, only the last option '-pix_fmt yuv420p' will be used.
  gTV8FGcVJC9/9575: 33 steps -> 142 frames (9.4s)  1800 KB  1.4s
Multiple -pix_fmt options specified for stream 0, only the last option '-pix_fmt yuv420p' will be used.
  gTV8FGcVJC9/9974: 39 steps -> 157 frames (10.4s)  1635 KB  1.5s
Multiple -pix_fmt options specified for stream 0, only the last option '-pix_fmt yuv420p' will be used.
  gTV8FGcVJC9/9983: 39 steps -> 165 frames (10.9s)  1904 KB  1.6s
Renderer: NVIDIA GeForce RTX 4070 Ti SUPER/PCIe/SSE2 by NVIDIA Corporation
OpenGL version: 4.6.0 NVIDIA 580.173.02
Using optional features:
    GL_ARB_vertex_array_object
    GL_ARB_separate_shader_objects
    GL_ARB_robustness
    GL_ARB_texture_storage
    GL_ARB_texture_view
    GL_ARB_framebuffer_no_attachments
    GL_ARB_invalidate_subdata
    GL_ARB_texture_storage_multisample
    GL_ARB_multi_bind
    GL_ARB_direct_state_access
    GL_ARB_get_texture_sub_image
    GL_ARB_texture_filter_anisotropic
    GL_KHR_debug
    GL_KHR_parallel_shader_compile
    GL_NV_depth_buffer_float
Using driver workarounds:
    no-forward-compatible-core-context
    nv-egl-incorrect-gl11-function-pointers
    no-layout-qualifiers-on-old-glsl
    nv-zero-context-profile-mask
    nv-implementation-color-read-format-dsa-broken
    nv-cubemap-inconsistent-compressed-image-size
    nv-cubemap-broken-full-compressed-image-query
    nv-compressed-block-size-in-bits
[17:06:21:294476]:[Warning]:[Metadata] SceneDatasetAttributes.cpp(107)::addNewSceneInstanceToDataset : Dataset : 'default' : Lighting Layout Attributes 'no_lights' specified in Scene Attributes but does not exist in dataset, so creating default.
Multiple -pix_fmt options specified for stream 0, only the last option '-pix_fmt yuv420p' will be used.
  gZ6f7yhEvPG/2021: 14 steps -> 56 frames (3.7s)  829 KB  0.3s
Renderer: NVIDIA GeForce RTX 4070 Ti SUPER/PCIe/SSE2 by NVIDIA Corporation
OpenGL version: 4.6.0 NVIDIA 580.173.02
Using optional features:
    GL_ARB_vertex_array_object
    GL_ARB_separate_shader_objects
    GL_ARB_robustness
    GL_ARB_texture_storage
    GL_ARB_texture_view
    GL_ARB_framebuffer_no_attachments
    GL_ARB_invalidate_subdata
    GL_ARB_texture_storage_multisample
    GL_ARB_multi_bind
    GL_ARB_direct_state_access
    GL_ARB_get_texture_sub_image
    GL_ARB_texture_filter_anisotropic
    GL_KHR_debug
    GL_KHR_parallel_shader_compile
    GL_NV_depth_buffer_float
Using driver workarounds:
    no-forward-compatible-core-context
    nv-egl-incorrect-gl11-function-pointers
    no-layout-qualifiers-on-old-glsl
    nv-zero-context-profile-mask
    nv-implementation-color-read-format-dsa-broken
    nv-cubemap-inconsistent-compressed-image-size
    nv-cubemap-broken-full-compressed-image-query
    nv-compressed-block-size-in-bits
[17:06:22:125450]:[Warning]:[Metadata] SceneDatasetAttributes.cpp(107)::addNewSceneInstanceToDataset : Dataset : 'default' : Lighting Layout Attributes 'no_lights' specified in Scene Attributes but does not exist in dataset, so creating default.
Multiple -pix_fmt options specified for stream 0, only the last option '-pix_fmt yuv420p' will be used.
  i5noydFURQK/10343: 24 steps -> 94 frames (6.2s)  440 KB  0.4s
Multiple -pix_fmt options specified for stream 0, only the last option '-pix_fmt yuv420p' will be used.
  i5noydFURQK/10460: 12 steps -> 47 frames (3.1s)  219 KB  0.3s
Multiple -pix_fmt options specified for stream 0, only the last option '-pix_fmt yuv420p' will be used.
  i5noydFURQK/1083: 13 steps -> 52 frames (3.4s)  254 KB  0.3s
Multiple -pix_fmt options specified for stream 0, only the last option '-pix_fmt yuv420p' will be used.
  i5noydFURQK/1242: 23 steps -> 93 frames (6.1s)  413 KB  0.3s
Multiple -pix_fmt options specified for stream 0, only the last option '-pix_fmt yuv420p' will be used.
  i5noydFURQK/1248: 24 steps -> 94 frames (6.2s)  368 KB  0.3s
Multiple -pix_fmt options specified for stream 0, only the last option '-pix_fmt yuv420p' will be used.
  i5noydFURQK/1493: 16 steps -> 69 frames (4.5s)  269 KB  0.3s
Multiple -pix_fmt options specified for stream 0, only the last option '-pix_fmt yuv420p' will be used.
  i5noydFURQK/199: 22 steps -> 87 frames (5.7s)  386 KB  0.4s
Multiple -pix_fmt options specified for stream 0, only the last option '-pix_fmt yuv420p' will be used.
  i5noydFURQK/2333: 46 steps -> 197 frames (13.1s)  912 KB  0.6s
Multiple -pix_fmt options specified for stream 0, only the last option '-pix_fmt yuv420p' will be used.
  i5noydFURQK/2753: 19 steps -> 69 frames (4.5s)  404 KB  0.3s
Multiple -pix_fmt options specified for stream 0, only the last option '-pix_fmt yuv420p' will be used.
  i5noydFURQK/2807: 22 steps -> 93 frames (6.1s)  370 KB  0.3s
Multiple -pix_fmt options specified for stream 0, only the last option '-pix_fmt yuv420p' will be used.
  i5noydFURQK/2834: 43 steps -> 186 frames (12.3s)  924 KB  0.5s
Multiple -pix_fmt options specified for stream 0, only the last option '-pix_fmt yuv420p' will be used.
  i5noydFURQK/3023: 37 steps -> 155 frames (10.3s)  743 KB  0.5s
Multiple -pix_fmt options specified for stream 0, only the last option '-pix_fmt yuv420p' will be used.
  i5noydFURQK/3050: 38 steps -> 162 frames (10.7s)  712 KB  0.4s
Multiple -pix_fmt options specified for stream 0, only the last option '-pix_fmt yuv420p' will be used.
  i5noydFURQK/3362: 25 steps -> 106 frames (7.0s)  431 KB  0.3s
Multiple -pix_fmt options specified for stream 0, only the last option '-pix_fmt yuv420p' will be used.
  i5noydFURQK/3614: 72 steps -> 310 frames (20.6s)  1373 KB  0.7s
Multiple -pix_fmt options specified for stream 0, only the last option '-pix_fmt yuv420p' will be used.
  i5noydFURQK/3626: 26 steps -> 106 frames (7.0s)  450 KB  0.3s
Multiple -pix_fmt options specified for stream 0, only the last option '-pix_fmt yuv420p' will be used.
  i5noydFURQK/3722: 32 steps -> 141 frames (9.3s)  580 KB  0.4s
Multiple -pix_fmt options specified for stream 0, only the last option '-pix_fmt yuv420p' will be used.
  i5noydFURQK/3854: 11 steps -> 42 frames (2.7s)  207 KB  0.2s
Multiple -pix_fmt options specified for stream 0, only the last option '-pix_fmt yuv420p' will be used.
  i5noydFURQK/3968: 29 steps -> 118 frames (7.8s)  571 KB  0.4s
Multiple -pix_fmt options specified for stream 0, only the last option '-pix_fmt yuv420p' will be used.
  i5noydFURQK/4058: 30 steps -> 127 frames (8.4s)  522 KB  0.5s
Multiple -pix_fmt options specified for stream 0, only the last option '-pix_fmt yuv420p' will be used.
  i5noydFURQK/406: 33 steps -> 138 frames (9.1s)  673 KB  0.4s
Multiple -pix_fmt options specified for stream 0, only the last option '-pix_fmt yuv420p' will be used.
  i5noydFURQK/4799: 14 steps -> 57 frames (3.7s)  261 KB  0.3s
Multiple -pix_fmt options specified for stream 0, only the last option '-pix_fmt yuv420p' will be used.
  i5noydFURQK/4913: 56 steps -> 236 frames (15.7s)  1159 KB  0.6s
Multiple -pix_fmt options specified for stream 0, only the last option '-pix_fmt yuv420p' will be used.
  i5noydFURQK/5006: 24 steps -> 101 frames (6.7s)  694 KB  0.3s
Multiple -pix_fmt options specified for stream 0, only the last option '-pix_fmt yuv420p' will be used.
  i5noydFURQK/5066: 32 steps -> 140 frames (9.3s)  629 KB  0.5s
Multiple -pix_fmt options specified for stream 0, only the last option '-pix_fmt yuv420p' will be used.
  i5noydFURQK/5120: 24 steps -> 100 frames (6.6s)  476 KB  0.3s
Multiple -pix_fmt options specified for stream 0, only the last option '-pix_fmt yuv420p' will be used.
  i5noydFURQK/5273: 33 steps -> 144 frames (9.5s)  612 KB  0.4s
Multiple -pix_fmt options specified for stream 0, only the last option '-pix_fmt yuv420p' will be used.
  i5noydFURQK/5300: 39 steps -> 168 frames (11.1s)  665 KB  0.4s
Multiple -pix_fmt options specified for stream 0, only the last option '-pix_fmt yuv420p' will be used.
  i5noydFURQK/5330: 22 steps -> 92 frames (6.1s)  644 KB  0.3s
Multiple -pix_fmt options specified for stream 0, only the last option '-pix_fmt yuv420p' will be used.
  i5noydFURQK/5450: 40 steps -> 170 frames (11.3s)  766 KB  0.5s
Multiple -pix_fmt options specified for stream 0, only the last option '-pix_fmt yuv420p' will be used.
  i5noydFURQK/5702: 34 steps -> 144 frames (9.5s)  696 KB  0.4s
Multiple -pix_fmt options specified for stream 0, only the last option '-pix_fmt yuv420p' will be used.
  i5noydFURQK/5771: 34 steps -> 150 frames (9.9s)  814 KB  0.4s
Multiple -pix_fmt options specified for stream 0, only the last option '-pix_fmt yuv420p' will be used.
  i5noydFURQK/5927: 55 steps -> 239 frames (15.9s)  1078 KB  0.6s
Multiple -pix_fmt options specified for stream 0, only the last option '-pix_fmt yuv420p' will be used.
  i5noydFURQK/6365: 24 steps -> 99 frames (6.5s)  411 KB  0.3s
Multiple -pix_fmt options specified for stream 0, only the last option '-pix_fmt yuv420p' will be used.
  i5noydFURQK/6599: 42 steps -> 179 frames (11.9s)  792 KB  0.5s
Multiple -pix_fmt options specified for stream 0, only the last option '-pix_fmt yuv420p' will be used.
  i5noydFURQK/6857: 27 steps -> 116 frames (7.7s)  533 KB  0.4s
Multiple -pix_fmt options specified for stream 0, only the last option '-pix_fmt yuv420p' will be used.
  i5noydFURQK/6992: 47 steps -> 201 frames (13.3s)  1062 KB  0.6s
Multiple -pix_fmt options specified for stream 0, only the last option '-pix_fmt yuv420p' will be used.
  i5noydFURQK/70: 15 steps -> 61 frames (4.0s)  357 KB  0.3s
Multiple -pix_fmt options specified for stream 0, only the last option '-pix_fmt yuv420p' will be used.
  i5noydFURQK/7223: 35 steps -> 145 frames (9.6s)  732 KB  0.5s
Multiple -pix_fmt options specified for stream 0, only the last option '-pix_fmt yuv420p' will be used.
  i5noydFURQK/7379: 24 steps -> 94 frames (6.2s)  572 KB  0.3s
Multiple -pix_fmt options specified for stream 0, only the last option '-pix_fmt yuv420p' will be used.
  i5noydFURQK/7490: 47 steps -> 201 frames (13.3s)  926 KB  0.5s
Multiple -pix_fmt options specified for stream 0, only the last option '-pix_fmt yuv420p' will be used.
  i5noydFURQK/7736: 34 steps -> 143 frames (9.5s)  697 KB  0.4s
Multiple -pix_fmt options specified for stream 0, only the last option '-pix_fmt yuv420p' will be used.
  i5noydFURQK/7748: 18 steps -> 74 frames (4.9s)  523 KB  0.3s
Multiple -pix_fmt options specified for stream 0, only the last option '-pix_fmt yuv420p' will be used.
  i5noydFURQK/7883: 13 steps -> 48 frames (3.1s)  258 KB  0.3s
Multiple -pix_fmt options specified for stream 0, only the last option '-pix_fmt yuv420p' will be used.
  i5noydFURQK/7889: 32 steps -> 137 frames (9.1s)  513 KB  0.4s
Multiple -pix_fmt options specified for stream 0, only the last option '-pix_fmt yuv420p' will be used.
  i5noydFURQK/7967: 37 steps -> 155 frames (10.3s)  735 KB  0.4s
Multiple -pix_fmt options specified for stream 0, only the last option '-pix_fmt yuv420p' will be used.
  i5noydFURQK/8015: 7 steps -> 25 frames (1.6s)  132 KB  0.2s
Multiple -pix_fmt options specified for stream 0, only the last option '-pix_fmt yuv420p' will be used.
  i5noydFURQK/8099: 53 steps -> 229 frames (15.2s)  1019 KB  0.6s
Multiple -pix_fmt options specified for stream 0, only the last option '-pix_fmt yuv420p' will be used.
  i5noydFURQK/8111: 33 steps -> 140 frames (9.3s)  632 KB  0.4s
Multiple -pix_fmt options specified for stream 0, only the last option '-pix_fmt yuv420p' will be used.
  i5noydFURQK/8183: 28 steps -> 116 frames (7.7s)  650 KB  0.4s
Multiple -pix_fmt options specified for stream 0, only the last option '-pix_fmt yuv420p' will be used.
  i5noydFURQK/8360: 31 steps -> 131 frames (8.7s)  542 KB  0.4s
Multiple -pix_fmt options specified for stream 0, only the last option '-pix_fmt yuv420p' will be used.
  i5noydFURQK/8408: 38 steps -> 162 frames (10.7s)  773 KB  0.5s
Multiple -pix_fmt options specified for stream 0, only the last option '-pix_fmt yuv420p' will be used.
  i5noydFURQK/8510: 33 steps -> 139 frames (9.2s)  574 KB  0.4s
Multiple -pix_fmt options specified for stream 0, only the last option '-pix_fmt yuv420p' will be used.
  i5noydFURQK/8729: 43 steps -> 177 frames (11.7s)  843 KB  0.5s
Multiple -pix_fmt options specified for stream 0, only the last option '-pix_fmt yuv420p' will be used.
  i5noydFURQK/8783: 20 steps -> 84 frames (5.5s)  368 KB  0.3s
Multiple -pix_fmt options specified for stream 0, only the last option '-pix_fmt yuv420p' will be used.
  i5noydFURQK/9386: 25 steps -> 106 frames (7.0s)  464 KB  0.3s
Multiple -pix_fmt options specified for stream 0, only the last option '-pix_fmt yuv420p' will be used.
  i5noydFURQK/9629: 30 steps -> 127 frames (8.4s)  612 KB  0.4s
Multiple -pix_fmt options specified for stream 0, only the last option '-pix_fmt yuv420p' will be used.
  i5noydFURQK/9701: 32 steps -> 132 frames (8.7s)  511 KB  0.4s
Multiple -pix_fmt options specified for stream 0, only the last option '-pix_fmt yuv420p' will be used.
  i5noydFURQK/9821: 17 steps -> 74 frames (4.9s)  283 KB  0.3s
Renderer: NVIDIA GeForce RTX 4070 Ti SUPER/PCIe/SSE2 by NVIDIA Corporation
OpenGL version: 4.6.0 NVIDIA 580.173.02
Using optional features:
    GL_ARB_vertex_array_object
    GL_ARB_separate_shader_objects
    GL_ARB_robustness
    GL_ARB_texture_storage
    GL_ARB_texture_view
    GL_ARB_framebuffer_no_attachments
    GL_ARB_invalidate_subdata
    GL_ARB_texture_storage_multisample
    GL_ARB_multi_bind
    GL_ARB_direct_state_access
    GL_ARB_get_texture_sub_image
    GL_ARB_texture_filter_anisotropic
    GL_KHR_debug
    GL_KHR_parallel_shader_compile
    GL_NV_depth_buffer_float
Using driver workarounds:
    no-forward-compatible-core-context
    nv-egl-incorrect-gl11-function-pointers
    no-layout-qualifiers-on-old-glsl
    nv-zero-context-profile-mask
    nv-implementation-color-read-format-dsa-broken
    nv-cubemap-inconsistent-compressed-image-size
    nv-cubemap-broken-full-compressed-image-query
    nv-compressed-block-size-in-bits
[17:06:48:054676]:[Warning]:[Metadata] SceneDatasetAttributes.cpp(107)::addNewSceneInstanceToDataset : Dataset : 'default' : Lighting Layout Attributes 'no_lights' specified in Scene Attributes but does not exist in dataset, so creating default.
Multiple -pix_fmt options specified for stream 0, only the last option '-pix_fmt yuv420p' will be used.
  jh4fc5c5qoQ/10037: 6 steps -> 20 frames (1.3s)  224 KB  0.2s
Multiple -pix_fmt options specified for stream 0, only the last option '-pix_fmt yuv420p' will be used.
  jh4fc5c5qoQ/10070: 30 steps -> 126 frames (8.3s)  1328 KB  0.5s
Multiple -pix_fmt options specified for stream 0, only the last option '-pix_fmt yuv420p' will be used.
  jh4fc5c5qoQ/10073: 63 steps -> 265 frames (17.6s)  2405 KB  0.7s
Multiple -pix_fmt options specified for stream 0, only the last option '-pix_fmt yuv420p' will be used.
  jh4fc5c5qoQ/10421: 40 steps -> 171 frames (11.3s)  1387 KB  0.4s
Multiple -pix_fmt options specified for stream 0, only the last option '-pix_fmt yuv420p' will be used.
  jh4fc5c5qoQ/10457: 21 steps -> 89 frames (5.9s)  927 KB  0.3s
Multiple -pix_fmt options specified for stream 0, only the last option '-pix_fmt yuv420p' will be used.
  jh4fc5c5qoQ/10829: 22 steps -> 79 frames (5.2s)  546 KB  0.3s
Multiple -pix_fmt options specified for stream 0, only the last option '-pix_fmt yuv420p' will be used.
  jh4fc5c5qoQ/115: 26 steps -> 97 frames (6.4s)  651 KB  0.3s
Multiple -pix_fmt options specified for stream 0, only the last option '-pix_fmt yuv420p' will be used.
  jh4fc5c5qoQ/1201: 23 steps -> 92 frames (6.1s)  557 KB  0.3s
Multiple -pix_fmt options specified for stream 0, only the last option '-pix_fmt yuv420p' will be used.
  jh4fc5c5qoQ/1439: 23 steps -> 94 frames (6.2s)  483 KB  0.3s
Multiple -pix_fmt options specified for stream 0, only the last option '-pix_fmt yuv420p' will be used.
  jh4fc5c5qoQ/1475: 24 steps -> 94 frames (6.2s)  944 KB  0.3s
Multiple -pix_fmt options specified for stream 0, only the last option '-pix_fmt yuv420p' will be used.
  jh4fc5c5qoQ/16: 40 steps -> 170 frames (11.3s)  1509 KB  0.4s
Multiple -pix_fmt options specified for stream 0, only the last option '-pix_fmt yuv420p' will be used.
  jh4fc5c5qoQ/2072: 41 steps -> 175 frames (11.6s)  1642 KB  0.5s
Multiple -pix_fmt options specified for stream 0, only the last option '-pix_fmt yuv420p' will be used.
  jh4fc5c5qoQ/2276: 36 steps -> 146 frames (9.7s)  1589 KB  0.4s
Multiple -pix_fmt options specified for stream 0, only the last option '-pix_fmt yuv420p' will be used.
  jh4fc5c5qoQ/2336: 45 steps -> 193 frames (12.8s)  967 KB  0.5s
Multiple -pix_fmt options specified for stream 0, only the last option '-pix_fmt yuv420p' will be used.
  jh4fc5c5qoQ/324: 33 steps -> 135 frames (8.9s)  1417 KB  0.4s
Multiple -pix_fmt options specified for stream 0, only the last option '-pix_fmt yuv420p' will be used.
  jh4fc5c5qoQ/3308: 15 steps -> 53 frames (3.5s)  403 KB  0.3s
Multiple -pix_fmt options specified for stream 0, only the last option '-pix_fmt yuv420p' will be used.
  jh4fc5c5qoQ/4229: 16 steps -> 57 frames (3.7s)  379 KB  0.3s
Multiple -pix_fmt options specified for stream 0, only the last option '-pix_fmt yuv420p' will be used.
  jh4fc5c5qoQ/4346: 43 steps -> 182 frames (12.1s)  1751 KB  0.5s
Multiple -pix_fmt options specified for stream 0, only the last option '-pix_fmt yuv420p' will be used.
  jh4fc5c5qoQ/4610: 28 steps -> 115 frames (7.6s)  736 KB  0.4s
Multiple -pix_fmt options specified for stream 0, only the last option '-pix_fmt yuv420p' will be used.
  jh4fc5c5qoQ/4829: 48 steps -> 201 frames (13.3s)  1809 KB  0.4s
Multiple -pix_fmt options specified for stream 0, only the last option '-pix_fmt yuv420p' will be used.
  jh4fc5c5qoQ/4844: 37 steps -> 151 frames (10.0s)  1524 KB  0.5s
Multiple -pix_fmt options specified for stream 0, only the last option '-pix_fmt yuv420p' will be used.
  jh4fc5c5qoQ/5213: 30 steps -> 125 frames (8.3s)  743 KB  0.4s
Multiple -pix_fmt options specified for stream 0, only the last option '-pix_fmt yuv420p' will be used.
  jh4fc5c5qoQ/5258: 36 steps -> 150 frames (9.9s)  1396 KB  0.5s
Multiple -pix_fmt options specified for stream 0, only the last option '-pix_fmt yuv420p' will be used.
  jh4fc5c5qoQ/5363: 32 steps -> 126 frames (8.3s)  825 KB  0.4s
Multiple -pix_fmt options specified for stream 0, only the last option '-pix_fmt yuv420p' will be used.
  jh4fc5c5qoQ/5531: 7 steps -> 24 frames (1.5s)  165 KB  0.2s
Multiple -pix_fmt options specified for stream 0, only the last option '-pix_fmt yuv420p' will be used.
  jh4fc5c5qoQ/569: 41 steps -> 169 frames (11.2s)  1583 KB  0.4s
Multiple -pix_fmt options specified for stream 0, only the last option '-pix_fmt yuv420p' will be used.
  jh4fc5c5qoQ/605: 38 steps -> 164 frames (10.9s)  1539 KB  0.5s
Multiple -pix_fmt options specified for stream 0, only the last option '-pix_fmt yuv420p' will be used.
  jh4fc5c5qoQ/6203: 24 steps -> 87 frames (5.7s)  600 KB  0.3s
Multiple -pix_fmt options specified for stream 0, only the last option '-pix_fmt yuv420p' will be used.
  jh4fc5c5qoQ/6944: 41 steps -> 175 frames (11.6s)  1185 KB  0.5s
Multiple -pix_fmt options specified for stream 0, only the last option '-pix_fmt yuv420p' will be used.
  jh4fc5c5qoQ/6956: 27 steps -> 113 frames (7.5s)  683 KB  0.3s
Multiple -pix_fmt options specified for stream 0, only the last option '-pix_fmt yuv420p' will be used.
  jh4fc5c5qoQ/7304: 23 steps -> 98 frames (6.5s)  588 KB  0.3s
Multiple -pix_fmt options specified for stream 0, only the last option '-pix_fmt yuv420p' will be used.
  jh4fc5c5qoQ/731: 11 steps -> 39 frames (2.5s)  213 KB  0.2s
Multiple -pix_fmt options specified for stream 0, only the last option '-pix_fmt yuv420p' will be used.
  jh4fc5c5qoQ/7310: 43 steps -> 181 frames (12.0s)  1665 KB  0.5s
Multiple -pix_fmt options specified for stream 0, only the last option '-pix_fmt yuv420p' will be used.
  jh4fc5c5qoQ/7415: 49 steps -> 201 frames (13.3s)  1844 KB  0.6s
Multiple -pix_fmt options specified for stream 0, only the last option '-pix_fmt yuv420p' will be used.
  jh4fc5c5qoQ/7556: 49 steps -> 204 frames (13.5s)  1774 KB  0.6s
Multiple -pix_fmt options specified for stream 0, only the last option '-pix_fmt yuv420p' will be used.
  jh4fc5c5qoQ/7892: 26 steps -> 97 frames (6.4s)  703 KB  0.3s
Multiple -pix_fmt options specified for stream 0, only the last option '-pix_fmt yuv420p' will be used.
  jh4fc5c5qoQ/8234: 18 steps -> 74 frames (4.9s)  381 KB  0.3s
Multiple -pix_fmt options specified for stream 0, only the last option '-pix_fmt yuv420p' will be used.
  jh4fc5c5qoQ/8522: 19 steps -> 78 frames (5.1s)  321 KB  0.3s
Multiple -pix_fmt options specified for stream 0, only the last option '-pix_fmt yuv420p' will be used.
  jh4fc5c5qoQ/857: 47 steps -> 204 frames (13.5s)  1848 KB  0.6s
Multiple -pix_fmt options specified for stream 0, only the last option '-pix_fmt yuv420p' will be used.
  jh4fc5c5qoQ/8837: 20 steps -> 82 frames (5.4s)  364 KB  0.3s
Multiple -pix_fmt options specified for stream 0, only the last option '-pix_fmt yuv420p' will be used.
  jh4fc5c5qoQ/8900: 69 steps -> 289 frames (19.2s)  2977 KB  0.7s
Multiple -pix_fmt options specified for stream 0, only the last option '-pix_fmt yuv420p' will be used.
  jh4fc5c5qoQ/9011: 23 steps -> 99 frames (6.5s)  560 KB  0.3s
Multiple -pix_fmt options specified for stream 0, only the last option '-pix_fmt yuv420p' will be used.
  jh4fc5c5qoQ/9131: 49 steps -> 211 frames (14.0s)  1896 KB  0.5s
Multiple -pix_fmt options specified for stream 0, only the last option '-pix_fmt yuv420p' will be used.
  jh4fc5c5qoQ/9170: 53 steps -> 227 frames (15.1s)  2024 KB  0.6s
Multiple -pix_fmt options specified for stream 0, only the last option '-pix_fmt yuv420p' will be used.
  jh4fc5c5qoQ/9239: 49 steps -> 209 frames (13.9s)  1686 KB  0.5s
Multiple -pix_fmt options specified for stream 0, only the last option '-pix_fmt yuv420p' will be used.
  jh4fc5c5qoQ/9317: 36 steps -> 149 frames (9.9s)  1605 KB  0.4s
Multiple -pix_fmt options specified for stream 0, only the last option '-pix_fmt yuv420p' will be used.
  jh4fc5c5qoQ/9569: 37 steps -> 152 frames (10.1s)  1353 KB  0.5s
Multiple -pix_fmt options specified for stream 0, only the last option '-pix_fmt yuv420p' will be used.
  jh4fc5c5qoQ/9734: 22 steps -> 87 frames (5.7s)  884 KB  0.3s
Multiple -pix_fmt options specified for stream 0, only the last option '-pix_fmt yuv420p' will be used.
  jh4fc5c5qoQ/9791: 33 steps -> 131 frames (8.7s)  1235 KB  0.5s
Renderer: NVIDIA GeForce RTX 4070 Ti SUPER/PCIe/SSE2 by NVIDIA Corporation
OpenGL version: 4.6.0 NVIDIA 580.173.02
Using optional features:
    GL_ARB_vertex_array_object
    GL_ARB_separate_shader_objects
    GL_ARB_robustness
    GL_ARB_texture_storage
    GL_ARB_texture_view
    GL_ARB_framebuffer_no_attachments
    GL_ARB_invalidate_subdata
    GL_ARB_texture_storage_multisample
    GL_ARB_multi_bind
    GL_ARB_direct_state_access
    GL_ARB_get_texture_sub_image
    GL_ARB_texture_filter_anisotropic
    GL_KHR_debug
    GL_KHR_parallel_shader_compile
    GL_NV_depth_buffer_float
Using driver workarounds:
    no-forward-compatible-core-context
    nv-egl-incorrect-gl11-function-pointers
    no-layout-qualifiers-on-old-glsl
    nv-zero-context-profile-mask
    nv-implementation-color-read-format-dsa-broken
    nv-cubemap-inconsistent-compressed-image-size
    nv-cubemap-broken-full-compressed-image-query
    nv-compressed-block-size-in-bits
[17:07:10:477219]:[Warning]:[Metadata] SceneDatasetAttributes.cpp(107)::addNewSceneInstanceToDataset : Dataset : 'default' : Lighting Layout Attributes 'no_lights' specified in Scene Attributes but does not exist in dataset, so creating default.
Multiple -pix_fmt options specified for stream 0, only the last option '-pix_fmt yuv420p' will be used.
  kEZ7cmS4wCh/10301: 38 steps -> 161 frames (10.7s)  984 KB  0.6s
Multiple -pix_fmt options specified for stream 0, only the last option '-pix_fmt yuv420p' will be used.
  kEZ7cmS4wCh/10418: 39 steps -> 149 frames (9.9s)  1171 KB  0.4s
Multiple -pix_fmt options specified for stream 0, only the last option '-pix_fmt yuv420p' will be used.
  kEZ7cmS4wCh/10484: 68 steps -> 273 frames (18.1s)  1649 KB  0.6s
Multiple -pix_fmt options specified for stream 0, only the last option '-pix_fmt yuv420p' will be used.
  kEZ7cmS4wCh/10781: 62 steps -> 263 frames (17.5s)  1366 KB  0.6s
Multiple -pix_fmt options specified for stream 0, only the last option '-pix_fmt yuv420p' will be used.
  kEZ7cmS4wCh/1092: 22 steps -> 97 frames (6.4s)  478 KB  0.3s
Multiple -pix_fmt options specified for stream 0, only the last option '-pix_fmt yuv420p' will be used.
  kEZ7cmS4wCh/1284: 38 steps -> 162 frames (10.7s)  855 KB  0.4s
Multiple -pix_fmt options specified for stream 0, only the last option '-pix_fmt yuv420p' will be used.
  kEZ7cmS4wCh/1520: 64 steps -> 261 frames (17.3s)  1821 KB  0.6s
Multiple -pix_fmt options specified for stream 0, only the last option '-pix_fmt yuv420p' will be used.
  kEZ7cmS4wCh/1589: 53 steps -> 211 frames (14.0s)  1332 KB  0.5s
Multiple -pix_fmt options specified for stream 0, only the last option '-pix_fmt yuv420p' will be used.
  kEZ7cmS4wCh/1853: 52 steps -> 214 frames (14.2s)  942 KB  0.5s
Multiple -pix_fmt options specified for stream 0, only the last option '-pix_fmt yuv420p' will be used.
  kEZ7cmS4wCh/2210: 32 steps -> 134 frames (8.9s)  756 KB  0.4s
Multiple -pix_fmt options specified for stream 0, only the last option '-pix_fmt yuv420p' will be used.
  kEZ7cmS4wCh/2360: 48 steps -> 193 frames (12.8s)  798 KB  0.5s
Multiple -pix_fmt options specified for stream 0, only the last option '-pix_fmt yuv420p' will be used.
  kEZ7cmS4wCh/2459: 30 steps -> 116 frames (7.7s)  544 KB  0.4s
Multiple -pix_fmt options specified for stream 0, only the last option '-pix_fmt yuv420p' will be used.
  kEZ7cmS4wCh/25: 57 steps -> 246 frames (16.3s)  1471 KB  0.6s
Multiple -pix_fmt options specified for stream 0, only the last option '-pix_fmt yuv420p' will be used.
  kEZ7cmS4wCh/2615: 55 steps -> 233 frames (15.5s)  1150 KB  0.6s
Multiple -pix_fmt options specified for stream 0, only the last option '-pix_fmt yuv420p' will be used.
  kEZ7cmS4wCh/2732: 94 steps -> 384 frames (25.5s)  2202 KB  0.8s
Multiple -pix_fmt options specified for stream 0, only the last option '-pix_fmt yuv420p' will be used.
  kEZ7cmS4wCh/2801: 65 steps -> 269 frames (17.9s)  1862 KB  0.7s
Multiple -pix_fmt options specified for stream 0, only the last option '-pix_fmt yuv420p' will be used.
  kEZ7cmS4wCh/2897: 61 steps -> 260 frames (17.3s)  1618 KB  0.6s
Multiple -pix_fmt options specified for stream 0, only the last option '-pix_fmt yuv420p' will be used.
  kEZ7cmS4wCh/3161: 68 steps -> 278 frames (18.5s)  1289 KB  0.6s
Multiple -pix_fmt options specified for stream 0, only the last option '-pix_fmt yuv420p' will be used.
  kEZ7cmS4wCh/3176: 86 steps -> 387 frames (25.7s)  2338 KB  0.9s
Multiple -pix_fmt options specified for stream 0, only the last option '-pix_fmt yuv420p' will be used.
  kEZ7cmS4wCh/3188: 108 steps -> 456 frames (30.3s)  1947 KB  1.0s
Multiple -pix_fmt options specified for stream 0, only the last option '-pix_fmt yuv420p' will be used.
  kEZ7cmS4wCh/3191: 43 steps -> 168 frames (11.1s)  1270 KB  0.5s
Multiple -pix_fmt options specified for stream 0, only the last option '-pix_fmt yuv420p' will be used.
  kEZ7cmS4wCh/345: 21 steps -> 78 frames (5.1s)  474 KB  0.3s
Multiple -pix_fmt options specified for stream 0, only the last option '-pix_fmt yuv420p' will be used.
  kEZ7cmS4wCh/3824: 53 steps -> 215 frames (14.3s)  2254 KB  0.6s
Multiple -pix_fmt options specified for stream 0, only the last option '-pix_fmt yuv420p' will be used.
  kEZ7cmS4wCh/4073: 38 steps -> 145 frames (9.6s)  985 KB  0.4s
Multiple -pix_fmt options specified for stream 0, only the last option '-pix_fmt yuv420p' will be used.
  kEZ7cmS4wCh/4730: 39 steps -> 151 frames (10.0s)  769 KB  0.5s
Multiple -pix_fmt options specified for stream 0, only the last option '-pix_fmt yuv420p' will be used.
  kEZ7cmS4wCh/4850: 42 steps -> 161 frames (10.7s)  1177 KB  0.5s
Multiple -pix_fmt options specified for stream 0, only the last option '-pix_fmt yuv420p' will be used.
  kEZ7cmS4wCh/4856: 45 steps -> 184 frames (12.2s)  1066 KB  0.5s
Multiple -pix_fmt options specified for stream 0, only the last option '-pix_fmt yuv420p' will be used.
  kEZ7cmS4wCh/5039: 38 steps -> 150 frames (9.9s)  1574 KB  0.5s
Multiple -pix_fmt options specified for stream 0, only the last option '-pix_fmt yuv420p' will be used.
  kEZ7cmS4wCh/5207: 56 steps -> 232 frames (15.4s)  929 KB  0.6s
Multiple -pix_fmt options specified for stream 0, only the last option '-pix_fmt yuv420p' will be used.
  kEZ7cmS4wCh/5318: 39 steps -> 153 frames (10.1s)  834 KB  0.4s
Multiple -pix_fmt options specified for stream 0, only the last option '-pix_fmt yuv420p' will be used.
  kEZ7cmS4wCh/5354: 52 steps -> 216 frames (14.3s)  988 KB  0.6s
Multiple -pix_fmt options specified for stream 0, only the last option '-pix_fmt yuv420p' will be used.
  kEZ7cmS4wCh/5753: 89 steps -> 395 frames (26.3s)  2316 KB  0.9s
Multiple -pix_fmt options specified for stream 0, only the last option '-pix_fmt yuv420p' will be used.
  kEZ7cmS4wCh/5786: 51 steps -> 197 frames (13.1s)  1817 KB  0.5s
Multiple -pix_fmt options specified for stream 0, only the last option '-pix_fmt yuv420p' will be used.
  kEZ7cmS4wCh/5816: 23 steps -> 93 frames (6.1s)  724 KB  0.3s
Multiple -pix_fmt options specified for stream 0, only the last option '-pix_fmt yuv420p' will be used.
  kEZ7cmS4wCh/5858: 54 steps -> 223 frames (14.8s)  1068 KB  0.6s
Multiple -pix_fmt options specified for stream 0, only the last option '-pix_fmt yuv420p' will be used.
  kEZ7cmS4wCh/5984: 28 steps -> 120 frames (7.9s)  563 KB  0.4s
Multiple -pix_fmt options specified for stream 0, only the last option '-pix_fmt yuv420p' will be used.
  kEZ7cmS4wCh/6290: 30 steps -> 119 frames (7.9s)  763 KB  0.4s
Multiple -pix_fmt options specified for stream 0, only the last option '-pix_fmt yuv420p' will be used.
  kEZ7cmS4wCh/6362: 27 steps -> 110 frames (7.3s)  537 KB  0.4s
Multiple -pix_fmt options specified for stream 0, only the last option '-pix_fmt yuv420p' will be used.
  kEZ7cmS4wCh/6392: 28 steps -> 112 frames (7.4s)  474 KB  0.4s
Multiple -pix_fmt options specified for stream 0, only the last option '-pix_fmt yuv420p' will be used.
  kEZ7cmS4wCh/6410: 37 steps -> 159 frames (10.5s)  697 KB  0.4s
Multiple -pix_fmt options specified for stream 0, only the last option '-pix_fmt yuv420p' will be used.
  kEZ7cmS4wCh/6503: 33 steps -> 147 frames (9.7s)  839 KB  0.4s
Multiple -pix_fmt options specified for stream 0, only the last option '-pix_fmt yuv420p' will be used.
  kEZ7cmS4wCh/6524: 48 steps -> 200 frames (13.3s)  912 KB  0.5s
Multiple -pix_fmt options specified for stream 0, only the last option '-pix_fmt yuv420p' will be used.
  kEZ7cmS4wCh/6590: 25 steps -> 97 frames (6.4s)  987 KB  0.4s
Multiple -pix_fmt options specified for stream 0, only the last option '-pix_fmt yuv420p' will be used.
  kEZ7cmS4wCh/6803: 69 steps -> 293 frames (19.5s)  1331 KB  0.7s
Multiple -pix_fmt options specified for stream 0, only the last option '-pix_fmt yuv420p' will be used.
  kEZ7cmS4wCh/6848: 31 steps -> 129 frames (8.5s)  548 KB  0.4s
Multiple -pix_fmt options specified for stream 0, only the last option '-pix_fmt yuv420p' will be used.
  kEZ7cmS4wCh/7028: 56 steps -> 232 frames (15.4s)  1255 KB  0.6s
Multiple -pix_fmt options specified for stream 0, only the last option '-pix_fmt yuv420p' will be used.
  kEZ7cmS4wCh/7172: 41 steps -> 166 frames (11.0s)  1024 KB  0.5s
Multiple -pix_fmt options specified for stream 0, only the last option '-pix_fmt yuv420p' will be used.
  kEZ7cmS4wCh/7481: 61 steps -> 246 frames (16.3s)  1549 KB  0.6s
Multiple -pix_fmt options specified for stream 0, only the last option '-pix_fmt yuv420p' will be used.
  kEZ7cmS4wCh/7547: 57 steps -> 228 frames (15.1s)  1598 KB  0.6s
Multiple -pix_fmt options specified for stream 0, only the last option '-pix_fmt yuv420p' will be used.
  kEZ7cmS4wCh/7577: 31 steps -> 124 frames (8.2s)  645 KB  0.4s
Multiple -pix_fmt options specified for stream 0, only the last option '-pix_fmt yuv420p' will be used.
  kEZ7cmS4wCh/7844: 49 steps -> 205 frames (13.6s)  877 KB  0.5s
Multiple -pix_fmt options specified for stream 0, only the last option '-pix_fmt yuv420p' will be used.
  kEZ7cmS4wCh/7937: 22 steps -> 82 frames (5.4s)  360 KB  0.3s
Multiple -pix_fmt options specified for stream 0, only the last option '-pix_fmt yuv420p' will be used.
  kEZ7cmS4wCh/8168: 44 steps -> 180 frames (11.9s)  879 KB  0.5s
Multiple -pix_fmt options specified for stream 0, only the last option '-pix_fmt yuv420p' will be used.
  kEZ7cmS4wCh/8237: 43 steps -> 168 frames (11.1s)  966 KB  0.4s
Multiple -pix_fmt options specified for stream 0, only the last option '-pix_fmt yuv420p' will be used.
  kEZ7cmS4wCh/8285: 123 steps -> 521 frames (34.7s)  2274 KB  1.2s
Multiple -pix_fmt options specified for stream 0, only the last option '-pix_fmt yuv420p' will be used.
  kEZ7cmS4wCh/8381: 77 steps -> 338 frames (22.5s)  2381 KB  0.8s
Multiple -pix_fmt options specified for stream 0, only the last option '-pix_fmt yuv420p' will be used.
  kEZ7cmS4wCh/8711: 41 steps -> 163 frames (10.8s)  624 KB  0.4s
Multiple -pix_fmt options specified for stream 0, only the last option '-pix_fmt yuv420p' will be used.
  kEZ7cmS4wCh/8864: 65 steps -> 263 frames (17.5s)  1804 KB  0.7s
Multiple -pix_fmt options specified for stream 0, only the last option '-pix_fmt yuv420p' will be used.
  kEZ7cmS4wCh/9005: 122 steps -> 514 frames (34.2s)  2527 KB  1.1s
Multiple -pix_fmt options specified for stream 0, only the last option '-pix_fmt yuv420p' will be used.
  kEZ7cmS4wCh/91: 32 steps -> 127 frames (8.4s)  531 KB  0.4s
Multiple -pix_fmt options specified for stream 0, only the last option '-pix_fmt yuv420p' will be used.
  kEZ7cmS4wCh/9284: 46 steps -> 192 frames (12.7s)  1020 KB  0.5s
Multiple -pix_fmt options specified for stream 0, only the last option '-pix_fmt yuv420p' will be used.
  kEZ7cmS4wCh/9311: 48 steps -> 206 frames (13.7s)  858 KB  0.5s
Multiple -pix_fmt options specified for stream 0, only the last option '-pix_fmt yuv420p' will be used.
  kEZ7cmS4wCh/9515: 56 steps -> 233 frames (15.5s)  1388 KB  0.6s
Multiple -pix_fmt options specified for stream 0, only the last option '-pix_fmt yuv420p' will be used.
  kEZ7cmS4wCh/9635: 23 steps -> 88 frames (5.8s)  674 KB  0.3s
Multiple -pix_fmt options specified for stream 0, only the last option '-pix_fmt yuv420p' will be used.
  kEZ7cmS4wCh/9758: 35 steps -> 144 frames (9.5s)  919 KB  0.5s
Renderer: NVIDIA GeForce RTX 4070 Ti SUPER/PCIe/SSE2 by NVIDIA Corporation
OpenGL version: 4.6.0 NVIDIA 580.173.02
Using optional features:
    GL_ARB_vertex_array_object
    GL_ARB_separate_shader_objects
    GL_ARB_robustness
    GL_ARB_texture_storage
    GL_ARB_texture_view
    GL_ARB_framebuffer_no_attachments
    GL_ARB_invalidate_subdata
    GL_ARB_texture_storage_multisample
    GL_ARB_multi_bind
    GL_ARB_direct_state_access
    GL_ARB_get_texture_sub_image
    GL_ARB_texture_filter_anisotropic
    GL_KHR_debug
    GL_KHR_parallel_shader_compile
    GL_NV_depth_buffer_float
Using driver workarounds:
    no-forward-compatible-core-context
    nv-egl-incorrect-gl11-function-pointers
    no-layout-qualifiers-on-old-glsl
    nv-zero-context-profile-mask
    nv-implementation-color-read-format-dsa-broken
    nv-cubemap-inconsistent-compressed-image-size
    nv-cubemap-broken-full-compressed-image-query
    nv-compressed-block-size-in-bits
[17:07:50:491257]:[Warning]:[Metadata] SceneDatasetAttributes.cpp(107)::addNewSceneInstanceToDataset : Dataset : 'default' : Lighting Layout Attributes 'no_lights' specified in Scene Attributes but does not exist in dataset, so creating default.
Multiple -pix_fmt options specified for stream 0, only the last option '-pix_fmt yuv420p' will be used.
  mJXqzFtmKg4/1000: 21 steps -> 82 frames (5.4s)  449 KB  0.5s
Multiple -pix_fmt options specified for stream 0, only the last option '-pix_fmt yuv420p' will be used.
  mJXqzFtmKg4/10184: 50 steps -> 205 frames (13.6s)  2018 KB  0.6s
Multiple -pix_fmt options specified for stream 0, only the last option '-pix_fmt yuv420p' will be used.
  mJXqzFtmKg4/10205: 23 steps -> 96 frames (6.3s)  859 KB  0.3s
Multiple -pix_fmt options specified for stream 0, only the last option '-pix_fmt yuv420p' will be used.
  mJXqzFtmKg4/10535: 37 steps -> 158 frames (10.5s)  830 KB  0.4s
Multiple -pix_fmt options specified for stream 0, only the last option '-pix_fmt yuv420p' will be used.
  mJXqzFtmKg4/10832: 40 steps -> 164 frames (10.9s)  1223 KB  0.4s
Multiple -pix_fmt options specified for stream 0, only the last option '-pix_fmt yuv420p' will be used.
  mJXqzFtmKg4/1346: 23 steps -> 98 frames (6.5s)  628 KB  0.3s
Multiple -pix_fmt options specified for stream 0, only the last option '-pix_fmt yuv420p' will be used.
  mJXqzFtmKg4/1382: 25 steps -> 103 frames (6.8s)  400 KB  0.3s
Multiple -pix_fmt options specified for stream 0, only the last option '-pix_fmt yuv420p' will be used.
  mJXqzFtmKg4/1394: 35 steps -> 151 frames (10.0s)  823 KB  0.5s
Multiple -pix_fmt options specified for stream 0, only the last option '-pix_fmt yuv420p' will be used.
  mJXqzFtmKg4/1445: 22 steps -> 88 frames (5.8s)  605 KB  0.3s
Multiple -pix_fmt options specified for stream 0, only the last option '-pix_fmt yuv420p' will be used.
  mJXqzFtmKg4/1907: 43 steps -> 178 frames (11.8s)  1825 KB  0.5s
Multiple -pix_fmt options specified for stream 0, only the last option '-pix_fmt yuv420p' will be used.
  mJXqzFtmKg4/1928: 33 steps -> 140 frames (9.3s)  1144 KB  0.4s
Multiple -pix_fmt options specified for stream 0, only the last option '-pix_fmt yuv420p' will be used.
  mJXqzFtmKg4/2057: 45 steps -> 190 frames (12.6s)  1604 KB  0.5s
Multiple -pix_fmt options specified for stream 0, only the last option '-pix_fmt yuv420p' will be used.
  mJXqzFtmKg4/2138: 18 steps -> 65 frames (4.3s)  564 KB  0.3s
Multiple -pix_fmt options specified for stream 0, only the last option '-pix_fmt yuv420p' will be used.
  mJXqzFtmKg4/2204: 16 steps -> 59 frames (3.9s)  370 KB  0.3s
Multiple -pix_fmt options specified for stream 0, only the last option '-pix_fmt yuv420p' will be used.
  mJXqzFtmKg4/2207: 20 steps -> 81 frames (5.3s)  550 KB  0.4s
Multiple -pix_fmt options specified for stream 0, only the last option '-pix_fmt yuv420p' will be used.
  mJXqzFtmKg4/2348: 40 steps -> 171 frames (11.3s)  1580 KB  0.5s
Multiple -pix_fmt options specified for stream 0, only the last option '-pix_fmt yuv420p' will be used.
  mJXqzFtmKg4/2507: 33 steps -> 143 frames (9.5s)  1101 KB  0.4s
Multiple -pix_fmt options specified for stream 0, only the last option '-pix_fmt yuv420p' will be used.
  mJXqzFtmKg4/2516: 24 steps -> 93 frames (6.1s)  465 KB  0.3s
Multiple -pix_fmt options specified for stream 0, only the last option '-pix_fmt yuv420p' will be used.
  mJXqzFtmKg4/2576: 35 steps -> 149 frames (9.9s)  1151 KB  0.4s
Multiple -pix_fmt options specified for stream 0, only the last option '-pix_fmt yuv420p' will be used.
  mJXqzFtmKg4/2612: 20 steps -> 84 frames (5.5s)  435 KB  0.3s
Multiple -pix_fmt options specified for stream 0, only the last option '-pix_fmt yuv420p' will be used.
  mJXqzFtmKg4/2714: 33 steps -> 131 frames (8.7s)  1103 KB  0.4s
Multiple -pix_fmt options specified for stream 0, only the last option '-pix_fmt yuv420p' will be used.
  mJXqzFtmKg4/2717: 47 steps -> 198 frames (13.1s)  1687 KB  0.6s
Multiple -pix_fmt options specified for stream 0, only the last option '-pix_fmt yuv420p' will be used.
  mJXqzFtmKg4/2726: 21 steps -> 87 frames (5.7s)  382 KB  0.3s
Multiple -pix_fmt options specified for stream 0, only the last option '-pix_fmt yuv420p' will be used.
  mJXqzFtmKg4/2735: 19 steps -> 81 frames (5.3s)  677 KB  0.3s
Multiple -pix_fmt options specified for stream 0, only the last option '-pix_fmt yuv420p' will be used.
  mJXqzFtmKg4/2747: 32 steps -> 141 frames (9.3s)  892 KB  0.4s
Multiple -pix_fmt options specified for stream 0, only the last option '-pix_fmt yuv420p' will be used.
  mJXqzFtmKg4/2765: 27 steps -> 113 frames (7.5s)  693 KB  0.3s
Multiple -pix_fmt options specified for stream 0, only the last option '-pix_fmt yuv420p' will be used.
  mJXqzFtmKg4/284: 59 steps -> 243 frames (16.1s)  1741 KB  0.7s
Multiple -pix_fmt options specified for stream 0, only the last option '-pix_fmt yuv420p' will be used.
  mJXqzFtmKg4/2876: 23 steps -> 96 frames (6.3s)  1045 KB  0.3s
Multiple -pix_fmt options specified for stream 0, only the last option '-pix_fmt yuv420p' will be used.
  mJXqzFtmKg4/2906: 44 steps -> 173 frames (11.5s)  1591 KB  0.6s
Multiple -pix_fmt options specified for stream 0, only the last option '-pix_fmt yuv420p' will be used.
  mJXqzFtmKg4/2978: 67 steps -> 282 frames (18.7s)  1447 KB  0.7s
Multiple -pix_fmt options specified for stream 0, only the last option '-pix_fmt yuv420p' will be used.
  mJXqzFtmKg4/31: 36 steps -> 155 frames (10.3s)  1146 KB  0.5s
Multiple -pix_fmt options specified for stream 0, only the last option '-pix_fmt yuv420p' will be used.
  mJXqzFtmKg4/3224: 48 steps -> 202 frames (13.4s)  1573 KB  0.6s
Multiple -pix_fmt options specified for stream 0, only the last option '-pix_fmt yuv420p' will be used.
  mJXqzFtmKg4/3365: 44 steps -> 189 frames (12.5s)  1409 KB  0.5s
Multiple -pix_fmt options specified for stream 0, only the last option '-pix_fmt yuv420p' will be used.
  mJXqzFtmKg4/3515: 13 steps -> 48 frames (3.1s)  481 KB  0.3s
Multiple -pix_fmt options specified for stream 0, only the last option '-pix_fmt yuv420p' will be used.
  mJXqzFtmKg4/3533: 18 steps -> 74 frames (4.9s)  336 KB  0.3s
Multiple -pix_fmt options specified for stream 0, only the last option '-pix_fmt yuv420p' will be used.
  mJXqzFtmKg4/3569: 39 steps -> 160 frames (10.6s)  1204 KB  0.5s
Multiple -pix_fmt options specified for stream 0, only the last option '-pix_fmt yuv420p' will be used.
  mJXqzFtmKg4/3608: 16 steps -> 63 frames (4.1s)  458 KB  0.3s
Multiple -pix_fmt options specified for stream 0, only the last option '-pix_fmt yuv420p' will be used.
  mJXqzFtmKg4/3635: 20 steps -> 83 frames (5.5s)  494 KB  0.3s
Multiple -pix_fmt options specified for stream 0, only the last option '-pix_fmt yuv420p' will be used.
  mJXqzFtmKg4/3656: 36 steps -> 146 frames (9.7s)  813 KB  0.5s
Multiple -pix_fmt options specified for stream 0, only the last option '-pix_fmt yuv420p' will be used.
  mJXqzFtmKg4/4037: 22 steps -> 91 frames (6.0s)  1105 KB  0.3s
Multiple -pix_fmt options specified for stream 0, only the last option '-pix_fmt yuv420p' will be used.
  mJXqzFtmKg4/4175: 49 steps -> 194 frames (12.9s)  1162 KB  0.5s
Multiple -pix_fmt options specified for stream 0, only the last option '-pix_fmt yuv420p' will be used.
  mJXqzFtmKg4/4247: 31 steps -> 122 frames (8.1s)  971 KB  0.4s
Multiple -pix_fmt options specified for stream 0, only the last option '-pix_fmt yuv420p' will be used.
  mJXqzFtmKg4/4373: 31 steps -> 137 frames (9.1s)  831 KB  0.4s
Multiple -pix_fmt options specified for stream 0, only the last option '-pix_fmt yuv420p' will be used.
  mJXqzFtmKg4/4493: 36 steps -> 149 frames (9.9s)  890 KB  0.4s
Multiple -pix_fmt options specified for stream 0, only the last option '-pix_fmt yuv420p' will be used.
  mJXqzFtmKg4/4631: 37 steps -> 154 frames (10.2s)  1066 KB  0.5s
Multiple -pix_fmt options specified for stream 0, only the last option '-pix_fmt yuv420p' will be used.
  mJXqzFtmKg4/4634: 50 steps -> 210 frames (13.9s)  1539 KB  0.5s
Multiple -pix_fmt options specified for stream 0, only the last option '-pix_fmt yuv420p' will be used.
  mJXqzFtmKg4/4754: 31 steps -> 130 frames (8.6s)  809 KB  0.4s
Multiple -pix_fmt options specified for stream 0, only the last option '-pix_fmt yuv420p' will be used.
  mJXqzFtmKg4/4835: 57 steps -> 233 frames (15.5s)  1680 KB  0.7s
Multiple -pix_fmt options specified for stream 0, only the last option '-pix_fmt yuv420p' will be used.
  mJXqzFtmKg4/4847: 20 steps -> 84 frames (5.5s)  307 KB  0.3s
Multiple -pix_fmt options specified for stream 0, only the last option '-pix_fmt yuv420p' will be used.
  mJXqzFtmKg4/4868: 40 steps -> 169 frames (11.2s)  881 KB  0.5s
Multiple -pix_fmt options specified for stream 0, only the last option '-pix_fmt yuv420p' will be used.
  mJXqzFtmKg4/487: 31 steps -> 129 frames (8.5s)  548 KB  0.4s
Multiple -pix_fmt options specified for stream 0, only the last option '-pix_fmt yuv420p' will be used.
  mJXqzFtmKg4/4880: 46 steps -> 197 frames (13.1s)  934 KB  0.5s
Multiple -pix_fmt options specified for stream 0, only the last option '-pix_fmt yuv420p' will be used.
  mJXqzFtmKg4/4937: 18 steps -> 76 frames (5.0s)  400 KB  0.3s
Multiple -pix_fmt options specified for stream 0, only the last option '-pix_fmt yuv420p' will be used.
  mJXqzFtmKg4/5084: 38 steps -> 155 frames (10.3s)  956 KB  0.5s
Multiple -pix_fmt options specified for stream 0, only the last option '-pix_fmt yuv420p' will be used.
  mJXqzFtmKg4/5129: 24 steps -> 104 frames (6.9s)  480 KB  0.3s
Multiple -pix_fmt options specified for stream 0, only the last option '-pix_fmt yuv420p' will be used.
  mJXqzFtmKg4/5309: 20 steps -> 82 frames (5.4s)  720 KB  0.3s
Multiple -pix_fmt options specified for stream 0, only the last option '-pix_fmt yuv420p' will be used.
  mJXqzFtmKg4/5405: 30 steps -> 128 frames (8.5s)  1016 KB  0.4s
Multiple -pix_fmt options specified for stream 0, only the last option '-pix_fmt yuv420p' will be used.
  mJXqzFtmKg4/5693: 27 steps -> 119 frames (7.9s)  1106 KB  0.4s
Multiple -pix_fmt options specified for stream 0, only the last option '-pix_fmt yuv420p' will be used.
  mJXqzFtmKg4/5861: 28 steps -> 109 frames (7.2s)  797 KB  0.4s
Multiple -pix_fmt options specified for stream 0, only the last option '-pix_fmt yuv420p' will be used.
  mJXqzFtmKg4/5918: 25 steps -> 97 frames (6.4s)  560 KB  0.4s
Multiple -pix_fmt options specified for stream 0, only the last option '-pix_fmt yuv420p' will be used.
  mJXqzFtmKg4/6065: 33 steps -> 134 frames (8.9s)  1152 KB  0.4s
Multiple -pix_fmt options specified for stream 0, only the last option '-pix_fmt yuv420p' will be used.
  mJXqzFtmKg4/6080: 55 steps -> 222 frames (14.7s)  1667 KB  0.6s
Multiple -pix_fmt options specified for stream 0, only the last option '-pix_fmt yuv420p' will be used.
  mJXqzFtmKg4/6104: 26 steps -> 109 frames (7.2s)  745 KB  0.4s
Multiple -pix_fmt options specified for stream 0, only the last option '-pix_fmt yuv420p' will be used.
  mJXqzFtmKg4/6170: 43 steps -> 187 frames (12.4s)  804 KB  0.5s
Multiple -pix_fmt options specified for stream 0, only the last option '-pix_fmt yuv420p' will be used.
  mJXqzFtmKg4/626: 22 steps -> 87 frames (5.7s)  701 KB  0.3s
Multiple -pix_fmt options specified for stream 0, only the last option '-pix_fmt yuv420p' will be used.
  mJXqzFtmKg4/6464: 21 steps -> 83 frames (5.5s)  598 KB  0.4s
Multiple -pix_fmt options specified for stream 0, only the last option '-pix_fmt yuv420p' will be used.
  mJXqzFtmKg4/6563: 27 steps -> 111 frames (7.3s)  990 KB  0.4s
Multiple -pix_fmt options specified for stream 0, only the last option '-pix_fmt yuv420p' will be used.
  mJXqzFtmKg4/6566: 32 steps -> 135 frames (8.9s)  1059 KB  0.5s
Multiple -pix_fmt options specified for stream 0, only the last option '-pix_fmt yuv420p' will be used.
  mJXqzFtmKg4/6881: 50 steps -> 203 frames (13.5s)  1434 KB  0.5s
Multiple -pix_fmt options specified for stream 0, only the last option '-pix_fmt yuv420p' will be used.
  mJXqzFtmKg4/7103: 33 steps -> 145 frames (9.6s)  1148 KB  0.4s
Multiple -pix_fmt options specified for stream 0, only the last option '-pix_fmt yuv420p' will be used.
  mJXqzFtmKg4/7253: 19 steps -> 77 frames (5.1s)  240 KB  0.3s
Multiple -pix_fmt options specified for stream 0, only the last option '-pix_fmt yuv420p' will be used.
  mJXqzFtmKg4/7313: 18 steps -> 73 frames (4.8s)  529 KB  0.3s
Multiple -pix_fmt options specified for stream 0, only the last option '-pix_fmt yuv420p' will be used.
  mJXqzFtmKg4/7487: 16 steps -> 66 frames (4.3s)  422 KB  0.3s
Multiple -pix_fmt options specified for stream 0, only the last option '-pix_fmt yuv420p' will be used.
  mJXqzFtmKg4/7595: 29 steps -> 119 frames (7.9s)  954 KB  0.4s
Multiple -pix_fmt options specified for stream 0, only the last option '-pix_fmt yuv420p' will be used.
  mJXqzFtmKg4/7610: 17 steps -> 65 frames (4.3s)  656 KB  0.3s
Multiple -pix_fmt options specified for stream 0, only the last option '-pix_fmt yuv420p' will be used.
  mJXqzFtmKg4/7976: 14 steps -> 50 frames (3.3s)  402 KB  0.3s
Multiple -pix_fmt options specified for stream 0, only the last option '-pix_fmt yuv420p' will be used.
  mJXqzFtmKg4/7988: 29 steps -> 111 frames (7.3s)  1004 KB  0.4s
Multiple -pix_fmt options specified for stream 0, only the last option '-pix_fmt yuv420p' will be used.
  mJXqzFtmKg4/8021: 21 steps -> 90 frames (5.9s)  805 KB  0.4s
Multiple -pix_fmt options specified for stream 0, only the last option '-pix_fmt yuv420p' will be used.
  mJXqzFtmKg4/8117: 32 steps -> 132 frames (8.7s)  1031 KB  0.4s
Multiple -pix_fmt options specified for stream 0, only the last option '-pix_fmt yuv420p' will be used.
  mJXqzFtmKg4/8405: 40 steps -> 161 frames (10.7s)  1364 KB  0.5s
Multiple -pix_fmt options specified for stream 0, only the last option '-pix_fmt yuv420p' will be used.
  mJXqzFtmKg4/8594: 44 steps -> 192 frames (12.7s)  882 KB  0.5s
Multiple -pix_fmt options specified for stream 0, only the last option '-pix_fmt yuv420p' will be used.
  mJXqzFtmKg4/8774: 31 steps -> 129 frames (8.5s)  1073 KB  0.4s
Multiple -pix_fmt options specified for stream 0, only the last option '-pix_fmt yuv420p' will be used.
  mJXqzFtmKg4/9143: 38 steps -> 158 frames (10.5s)  1183 KB  0.5s
Multiple -pix_fmt options specified for stream 0, only the last option '-pix_fmt yuv420p' will be used.
  mJXqzFtmKg4/927: 10 steps -> 36 frames (2.3s)  219 KB  0.2s
Multiple -pix_fmt options specified for stream 0, only the last option '-pix_fmt yuv420p' will be used.
  mJXqzFtmKg4/9419: 22 steps -> 81 frames (5.3s)  678 KB  0.3s
Multiple -pix_fmt options specified for stream 0, only the last option '-pix_fmt yuv420p' will be used.
  mJXqzFtmKg4/9566: 25 steps -> 106 frames (7.0s)  596 KB  0.4s
Multiple -pix_fmt options specified for stream 0, only the last option '-pix_fmt yuv420p' will be used.
  mJXqzFtmKg4/960: 19 steps -> 74 frames (4.9s)  736 KB  0.3s
Multiple -pix_fmt options specified for stream 0, only the last option '-pix_fmt yuv420p' will be used.
  mJXqzFtmKg4/9644: 36 steps -> 158 frames (10.5s)  1313 KB  0.5s
Multiple -pix_fmt options specified for stream 0, only the last option '-pix_fmt yuv420p' will be used.
  mJXqzFtmKg4/9752: 64 steps -> 264 frames (17.5s)  2025 KB  0.7s
Renderer: NVIDIA GeForce RTX 4070 Ti SUPER/PCIe/SSE2 by NVIDIA Corporation
OpenGL version: 4.6.0 NVIDIA 580.173.02
Using optional features:
    GL_ARB_vertex_array_object
    GL_ARB_separate_shader_objects
    GL_ARB_robustness
    GL_ARB_texture_storage
    GL_ARB_texture_view
    GL_ARB_framebuffer_no_attachments
    GL_ARB_invalidate_subdata
    GL_ARB_texture_storage_multisample
    GL_ARB_multi_bind
    GL_ARB_direct_state_access
    GL_ARB_get_texture_sub_image
    GL_ARB_texture_filter_anisotropic
    GL_KHR_debug
    GL_KHR_parallel_shader_compile
    GL_NV_depth_buffer_float
Using driver workarounds:
    no-forward-compatible-core-context
    nv-egl-incorrect-gl11-function-pointers
    no-layout-qualifiers-on-old-glsl
    nv-zero-context-profile-mask
    nv-implementation-color-read-format-dsa-broken
    nv-cubemap-inconsistent-compressed-image-size
    nv-cubemap-broken-full-compressed-image-query
    nv-compressed-block-size-in-bits
[17:08:32:628093]:[Warning]:[Metadata] SceneDatasetAttributes.cpp(107)::addNewSceneInstanceToDataset : Dataset : 'default' : Lighting Layout Attributes 'no_lights' specified in Scene Attributes but does not exist in dataset, so creating default.
Multiple -pix_fmt options specified for stream 0, only the last option '-pix_fmt yuv420p' will be used.
  p5wJjkQkbXX/10046: 42 steps -> 178 frames (11.8s)  1219 KB  0.8s
Multiple -pix_fmt options specified for stream 0, only the last option '-pix_fmt yuv420p' will be used.
  p5wJjkQkbXX/10589: 49 steps -> 207 frames (13.7s)  1316 KB  0.5s
Multiple -pix_fmt options specified for stream 0, only the last option '-pix_fmt yuv420p' will be used.
  p5wJjkQkbXX/10661: 91 steps -> 370 frames (24.6s)  3171 KB  0.7s
Multiple -pix_fmt options specified for stream 0, only the last option '-pix_fmt yuv420p' will be used.
  p5wJjkQkbXX/10718: 49 steps -> 204 frames (13.5s)  916 KB  0.5s
Multiple -pix_fmt options specified for stream 0, only the last option '-pix_fmt yuv420p' will be used.
  p5wJjkQkbXX/10730: 38 steps -> 167 frames (11.1s)  1016 KB  0.4s
Multiple -pix_fmt options specified for stream 0, only the last option '-pix_fmt yuv420p' will be used.
  p5wJjkQkbXX/1260: 36 steps -> 146 frames (9.7s)  1161 KB  0.4s
Multiple -pix_fmt options specified for stream 0, only the last option '-pix_fmt yuv420p' will be used.
  p5wJjkQkbXX/1272: 42 steps -> 164 frames (10.9s)  891 KB  0.5s
Multiple -pix_fmt options specified for stream 0, only the last option '-pix_fmt yuv420p' will be used.
  p5wJjkQkbXX/145: 35 steps -> 141 frames (9.3s)  845 KB  0.4s
Multiple -pix_fmt options specified for stream 0, only the last option '-pix_fmt yuv420p' will be used.
  p5wJjkQkbXX/1685: 39 steps -> 174 frames (11.5s)  932 KB  0.5s
Multiple -pix_fmt options specified for stream 0, only the last option '-pix_fmt yuv420p' will be used.
  p5wJjkQkbXX/1739: 46 steps -> 186 frames (12.3s)  829 KB  0.5s
Multiple -pix_fmt options specified for stream 0, only the last option '-pix_fmt yuv420p' will be used.
  p5wJjkQkbXX/187: 28 steps -> 115 frames (7.6s)  733 KB  0.4s
Multiple -pix_fmt options specified for stream 0, only the last option '-pix_fmt yuv420p' will be used.
  p5wJjkQkbXX/2117: 75 steps -> 305 frames (20.3s)  2228 KB  0.8s
Multiple -pix_fmt options specified for stream 0, only the last option '-pix_fmt yuv420p' will be used.
  p5wJjkQkbXX/2414: 39 steps -> 157 frames (10.4s)  894 KB  0.4s
Multiple -pix_fmt options specified for stream 0, only the last option '-pix_fmt yuv420p' will be used.
  p5wJjkQkbXX/2555: 57 steps -> 242 frames (16.1s)  1405 KB  0.6s
Multiple -pix_fmt options specified for stream 0, only the last option '-pix_fmt yuv420p' will be used.
  p5wJjkQkbXX/2792: 41 steps -> 172 frames (11.4s)  1063 KB  0.5s
Multiple -pix_fmt options specified for stream 0, only the last option '-pix_fmt yuv420p' will be used.
  p5wJjkQkbXX/2804: 54 steps -> 213 frames (14.1s)  1608 KB  0.6s
Multiple -pix_fmt options specified for stream 0, only the last option '-pix_fmt yuv420p' will be used.
  p5wJjkQkbXX/3107: 44 steps -> 174 frames (11.5s)  689 KB  0.5s
Multiple -pix_fmt options specified for stream 0, only the last option '-pix_fmt yuv420p' will be used.
  p5wJjkQkbXX/3257: 44 steps -> 191 frames (12.7s)  1157 KB  0.5s
Multiple -pix_fmt options specified for stream 0, only the last option '-pix_fmt yuv420p' will be used.
  p5wJjkQkbXX/3347: 61 steps -> 263 frames (17.5s)  1458 KB  0.7s
Multiple -pix_fmt options specified for stream 0, only the last option '-pix_fmt yuv420p' will be used.
  p5wJjkQkbXX/3398: 68 steps -> 292 frames (19.4s)  2372 KB  0.8s
Multiple -pix_fmt options specified for stream 0, only the last option '-pix_fmt yuv420p' will be used.
  p5wJjkQkbXX/3416: 25 steps -> 105 frames (6.9s)  615 KB  0.4s
Multiple -pix_fmt options specified for stream 0, only the last option '-pix_fmt yuv420p' will be used.
  p5wJjkQkbXX/3488: 99 steps -> 407 frames (27.1s)  2635 KB  0.9s
Multiple -pix_fmt options specified for stream 0, only the last option '-pix_fmt yuv420p' will be used.
  p5wJjkQkbXX/3788: 43 steps -> 177 frames (11.7s)  1070 KB  0.5s
Multiple -pix_fmt options specified for stream 0, only the last option '-pix_fmt yuv420p' will be used.
  p5wJjkQkbXX/3872: 24 steps -> 104 frames (6.9s)  411 KB  0.3s
Multiple -pix_fmt options specified for stream 0, only the last option '-pix_fmt yuv420p' will be used.
  p5wJjkQkbXX/3923: 57 steps -> 234 frames (15.5s)  1264 KB  0.7s
Multiple -pix_fmt options specified for stream 0, only the last option '-pix_fmt yuv420p' will be used.
  p5wJjkQkbXX/4031: 43 steps -> 179 frames (11.9s)  935 KB  0.5s
Multiple -pix_fmt options specified for stream 0, only the last option '-pix_fmt yuv420p' will be used.
  p5wJjkQkbXX/4091: 45 steps -> 181 frames (12.0s)  694 KB  0.5s
Multiple -pix_fmt options specified for stream 0, only the last option '-pix_fmt yuv420p' will be used.
  p5wJjkQkbXX/4178: 31 steps -> 129 frames (8.5s)  545 KB  0.4s
Multiple -pix_fmt options specified for stream 0, only the last option '-pix_fmt yuv420p' will be used.
  p5wJjkQkbXX/4193: 61 steps -> 249 frames (16.5s)  1180 KB  0.7s
Multiple -pix_fmt options specified for stream 0, only the last option '-pix_fmt yuv420p' will be used.
  p5wJjkQkbXX/454: 93 steps -> 376 frames (25.0s)  2238 KB  0.9s
Multiple -pix_fmt options specified for stream 0, only the last option '-pix_fmt yuv420p' will be used.
  p5wJjkQkbXX/4667: 26 steps -> 114 frames (7.5s)  530 KB  0.4s
Multiple -pix_fmt options specified for stream 0, only the last option '-pix_fmt yuv420p' will be used.
  p5wJjkQkbXX/4691: 25 steps -> 103 frames (6.8s)  773 KB  0.4s
Multiple -pix_fmt options specified for stream 0, only the last option '-pix_fmt yuv420p' will be used.
  p5wJjkQkbXX/484: 72 steps -> 311 frames (20.7s)  1606 KB  0.9s
Multiple -pix_fmt options specified for stream 0, only the last option '-pix_fmt yuv420p' will be used.
  p5wJjkQkbXX/4853: 88 steps -> 360 frames (23.9s)  2979 KB  1.0s
Multiple -pix_fmt options specified for stream 0, only the last option '-pix_fmt yuv420p' will be used.
  p5wJjkQkbXX/508: 75 steps -> 294 frames (19.5s)  2285 KB  0.8s
Multiple -pix_fmt options specified for stream 0, only the last option '-pix_fmt yuv420p' will be used.
  p5wJjkQkbXX/5102: 63 steps -> 260 frames (17.3s)  1440 KB  0.7s
Multiple -pix_fmt options specified for stream 0, only the last option '-pix_fmt yuv420p' will be used.
  p5wJjkQkbXX/5480: 68 steps -> 290 frames (19.3s)  2049 KB  0.8s
Multiple -pix_fmt options specified for stream 0, only the last option '-pix_fmt yuv420p' will be used.
  p5wJjkQkbXX/5600: 45 steps -> 180 frames (11.9s)  953 KB  0.5s
Multiple -pix_fmt options specified for stream 0, only the last option '-pix_fmt yuv420p' will be used.
  p5wJjkQkbXX/5645: 71 steps -> 289 frames (19.2s)  2183 KB  0.7s
Multiple -pix_fmt options specified for stream 0, only the last option '-pix_fmt yuv420p' will be used.
  p5wJjkQkbXX/5888: 50 steps -> 201 frames (13.3s)  1308 KB  0.6s
Multiple -pix_fmt options specified for stream 0, only the last option '-pix_fmt yuv420p' will be used.
  p5wJjkQkbXX/6491: 78 steps -> 322 frames (21.4s)  2769 KB  0.8s
Multiple -pix_fmt options specified for stream 0, only the last option '-pix_fmt yuv420p' will be used.
  p5wJjkQkbXX/6506: 68 steps -> 270 frames (17.9s)  2023 KB  0.7s
Multiple -pix_fmt options specified for stream 0, only the last option '-pix_fmt yuv420p' will be used.
  p5wJjkQkbXX/6632: 43 steps -> 174 frames (11.5s)  1113 KB  0.5s
Multiple -pix_fmt options specified for stream 0, only the last option '-pix_fmt yuv420p' will be used.
  p5wJjkQkbXX/6788: 24 steps -> 98 frames (6.5s)  794 KB  0.3s
Multiple -pix_fmt options specified for stream 0, only the last option '-pix_fmt yuv420p' will be used.
  p5wJjkQkbXX/6821: 28 steps -> 124 frames (8.2s)  765 KB  0.4s
Multiple -pix_fmt options specified for stream 0, only the last option '-pix_fmt yuv420p' will be used.
  p5wJjkQkbXX/7178: 55 steps -> 214 frames (14.2s)  1405 KB  0.6s
Multiple -pix_fmt options specified for stream 0, only the last option '-pix_fmt yuv420p' will be used.
  p5wJjkQkbXX/7205: 35 steps -> 150 frames (9.9s)  855 KB  0.4s
Multiple -pix_fmt options specified for stream 0, only the last option '-pix_fmt yuv420p' will be used.
  p5wJjkQkbXX/7298: 52 steps -> 217 frames (14.4s)  1559 KB  0.6s
Multiple -pix_fmt options specified for stream 0, only the last option '-pix_fmt yuv420p' will be used.
  p5wJjkQkbXX/7394: 20 steps -> 79 frames (5.2s)  580 KB  0.3s
Multiple -pix_fmt options specified for stream 0, only the last option '-pix_fmt yuv420p' will be used.
  p5wJjkQkbXX/7427: 37 steps -> 141 frames (9.3s)  820 KB  0.4s
Multiple -pix_fmt options specified for stream 0, only the last option '-pix_fmt yuv420p' will be used.
  p5wJjkQkbXX/746: 43 steps -> 179 frames (11.9s)  1163 KB  0.5s
Multiple -pix_fmt options specified for stream 0, only the last option '-pix_fmt yuv420p' will be used.
  p5wJjkQkbXX/7475: 32 steps -> 144 frames (9.5s)  709 KB  0.4s
Multiple -pix_fmt options specified for stream 0, only the last option '-pix_fmt yuv420p' will be used.
  p5wJjkQkbXX/7922: 30 steps -> 129 frames (8.5s)  543 KB  0.4s
Multiple -pix_fmt options specified for stream 0, only the last option '-pix_fmt yuv420p' will be used.
  p5wJjkQkbXX/8123: 45 steps -> 186 frames (12.3s)  973 KB  0.5s
Multiple -pix_fmt options specified for stream 0, only the last option '-pix_fmt yuv420p' will be used.
  p5wJjkQkbXX/8189: 40 steps -> 179 frames (11.9s)  915 KB  0.5s
Multiple -pix_fmt options specified for stream 0, only the last option '-pix_fmt yuv420p' will be used.
  p5wJjkQkbXX/827: 53 steps -> 210 frames (13.9s)  1652 KB  0.6s
Multiple -pix_fmt options specified for stream 0, only the last option '-pix_fmt yuv420p' will be used.
  p5wJjkQkbXX/8600: 62 steps -> 250 frames (16.6s)  1686 KB  0.7s
Multiple -pix_fmt options specified for stream 0, only the last option '-pix_fmt yuv420p' will be used.
  p5wJjkQkbXX/8813: 23 steps -> 95 frames (6.3s)  399 KB  0.3s
Multiple -pix_fmt options specified for stream 0, only the last option '-pix_fmt yuv420p' will be used.
  p5wJjkQkbXX/8909: 61 steps -> 242 frames (16.1s)  1440 KB  0.7s
Multiple -pix_fmt options specified for stream 0, only the last option '-pix_fmt yuv420p' will be used.
  p5wJjkQkbXX/8948: 44 steps -> 182 frames (12.1s)  1240 KB  0.5s
Multiple -pix_fmt options specified for stream 0, only the last option '-pix_fmt yuv420p' will be used.
  p5wJjkQkbXX/8957: 54 steps -> 220 frames (14.6s)  1251 KB  0.6s
Multiple -pix_fmt options specified for stream 0, only the last option '-pix_fmt yuv420p' will be used.
  p5wJjkQkbXX/8969: 46 steps -> 197 frames (13.1s)  1071 KB  0.5s
Multiple -pix_fmt options specified for stream 0, only the last option '-pix_fmt yuv420p' will be used.
  p5wJjkQkbXX/8978: 61 steps -> 241 frames (16.0s)  1482 KB  0.6s
Multiple -pix_fmt options specified for stream 0, only the last option '-pix_fmt yuv420p' will be used.
  p5wJjkQkbXX/9344: 32 steps -> 124 frames (8.2s)  867 KB  0.4s
Multiple -pix_fmt options specified for stream 0, only the last option '-pix_fmt yuv420p' will be used.
  p5wJjkQkbXX/9656: 57 steps -> 229 frames (15.2s)  1251 KB  0.6s
Multiple -pix_fmt options specified for stream 0, only the last option '-pix_fmt yuv420p' will be used.
  p5wJjkQkbXX/9692: 49 steps -> 194 frames (12.9s)  1239 KB  0.5s
Multiple -pix_fmt options specified for stream 0, only the last option '-pix_fmt yuv420p' will be used.
  p5wJjkQkbXX/9773: 32 steps -> 133 frames (8.8s)  737 KB  0.4s
Renderer: NVIDIA GeForce RTX 4070 Ti SUPER/PCIe/SSE2 by NVIDIA Corporation
OpenGL version: 4.6.0 NVIDIA 580.173.02
Using optional features:
    GL_ARB_vertex_array_object
    GL_ARB_separate_shader_objects
    GL_ARB_robustness
    GL_ARB_texture_storage
    GL_ARB_texture_view
    GL_ARB_framebuffer_no_attachments
    GL_ARB_invalidate_subdata
    GL_ARB_texture_storage_multisample
    GL_ARB_multi_bind
    GL_ARB_direct_state_access
    GL_ARB_get_texture_sub_image
    GL_ARB_texture_filter_anisotropic
    GL_KHR_debug
    GL_KHR_parallel_shader_compile
    GL_NV_depth_buffer_float
Using driver workarounds:
    no-forward-compatible-core-context
    nv-egl-incorrect-gl11-function-pointers
    no-layout-qualifiers-on-old-glsl
    nv-zero-context-profile-mask
    nv-implementation-color-read-format-dsa-broken
    nv-cubemap-inconsistent-compressed-image-size
    nv-cubemap-broken-full-compressed-image-query
    nv-compressed-block-size-in-bits
[17:09:16:459652]:[Warning]:[Metadata] SceneDatasetAttributes.cpp(107)::addNewSceneInstanceToDataset : Dataset : 'default' : Lighting Layout Attributes 'no_lights' specified in Scene Attributes but does not exist in dataset, so creating default.
Multiple -pix_fmt options specified for stream 0, only the last option '-pix_fmt yuv420p' will be used.
  pRbA3pwrgk9/1005: 15 steps -> 56 frames (3.7s)  339 KB  0.4s
Multiple -pix_fmt options specified for stream 0, only the last option '-pix_fmt yuv420p' will be used.
  pRbA3pwrgk9/10364: 30 steps -> 123 frames (8.1s)  827 KB  0.4s
Multiple -pix_fmt options specified for stream 0, only the last option '-pix_fmt yuv420p' will be used.
  pRbA3pwrgk9/10490: 61 steps -> 271 frames (18.0s)  1667 KB  0.7s
Multiple -pix_fmt options specified for stream 0, only the last option '-pix_fmt yuv420p' will be used.
  pRbA3pwrgk9/1266: 43 steps -> 195 frames (12.9s)  1443 KB  0.5s
Multiple -pix_fmt options specified for stream 0, only the last option '-pix_fmt yuv420p' will be used.
  pRbA3pwrgk9/1409: 16 steps -> 62 frames (4.1s)  263 KB  0.3s
Multiple -pix_fmt options specified for stream 0, only the last option '-pix_fmt yuv420p' will be used.
  pRbA3pwrgk9/1583: 36 steps -> 163 frames (10.8s)  1053 KB  0.5s
Multiple -pix_fmt options specified for stream 0, only the last option '-pix_fmt yuv420p' will be used.
  pRbA3pwrgk9/1625: 40 steps -> 158 frames (10.5s)  1295 KB  0.5s
Multiple -pix_fmt options specified for stream 0, only the last option '-pix_fmt yuv420p' will be used.
  pRbA3pwrgk9/1757: 66 steps -> 292 frames (19.4s)  1823 KB  0.7s
Multiple -pix_fmt options specified for stream 0, only the last option '-pix_fmt yuv420p' will be used.
  pRbA3pwrgk9/181: 40 steps -> 172 frames (11.4s)  1010 KB  0.5s
Multiple -pix_fmt options specified for stream 0, only the last option '-pix_fmt yuv420p' will be used.
  pRbA3pwrgk9/2051: 53 steps -> 238 frames (15.8s)  2731 KB  0.6s
Multiple -pix_fmt options specified for stream 0, only the last option '-pix_fmt yuv420p' will be used.
  pRbA3pwrgk9/2228: 24 steps -> 94 frames (6.2s)  602 KB  0.3s
Multiple -pix_fmt options specified for stream 0, only the last option '-pix_fmt yuv420p' will be used.
  pRbA3pwrgk9/2474: 30 steps -> 128 frames (8.5s)  799 KB  0.4s
Multiple -pix_fmt options specified for stream 0, only the last option '-pix_fmt yuv420p' will be used.
  pRbA3pwrgk9/2741: 48 steps -> 197 frames (13.1s)  1305 KB  0.5s
Multiple -pix_fmt options specified for stream 0, only the last option '-pix_fmt yuv420p' will be used.
  pRbA3pwrgk9/2756: 61 steps -> 276 frames (18.3s)  3016 KB  0.7s
Multiple -pix_fmt options specified for stream 0, only the last option '-pix_fmt yuv420p' will be used.
  pRbA3pwrgk9/2762: 34 steps -> 148 frames (9.8s)  963 KB  0.4s
Multiple -pix_fmt options specified for stream 0, only the last option '-pix_fmt yuv420p' will be used.
  pRbA3pwrgk9/3071: 29 steps -> 125 frames (8.3s)  891 KB  0.4s
Multiple -pix_fmt options specified for stream 0, only the last option '-pix_fmt yuv420p' will be used.
  pRbA3pwrgk9/34: 45 steps -> 186 frames (12.3s)  1428 KB  0.5s
Multiple -pix_fmt options specified for stream 0, only the last option '-pix_fmt yuv420p' will be used.
  pRbA3pwrgk9/3407: 42 steps -> 192 frames (12.7s)  1219 KB  0.5s
Multiple -pix_fmt options specified for stream 0, only the last option '-pix_fmt yuv420p' will be used.
  pRbA3pwrgk9/3776: 43 steps -> 183 frames (12.1s)  1241 KB  0.5s
Multiple -pix_fmt options specified for stream 0, only the last option '-pix_fmt yuv420p' will be used.
  pRbA3pwrgk9/4592: 15 steps -> 60 frames (3.9s)  371 KB  0.3s
Multiple -pix_fmt options specified for stream 0, only the last option '-pix_fmt yuv420p' will be used.
  pRbA3pwrgk9/5135: 16 steps -> 67 frames (4.4s)  459 KB  0.3s
Multiple -pix_fmt options specified for stream 0, only the last option '-pix_fmt yuv420p' will be used.
  pRbA3pwrgk9/5192: 34 steps -> 144 frames (9.5s)  893 KB  0.5s
Multiple -pix_fmt options specified for stream 0, only the last option '-pix_fmt yuv420p' will be used.
  pRbA3pwrgk9/5285: 19 steps -> 77 frames (5.1s)  615 KB  0.3s
Multiple -pix_fmt options specified for stream 0, only the last option '-pix_fmt yuv420p' will be used.
  pRbA3pwrgk9/5294: 31 steps -> 140 frames (9.3s)  880 KB  0.4s
Multiple -pix_fmt options specified for stream 0, only the last option '-pix_fmt yuv420p' will be used.
  pRbA3pwrgk9/536: 52 steps -> 229 frames (15.2s)  1425 KB  0.6s
Multiple -pix_fmt options specified for stream 0, only the last option '-pix_fmt yuv420p' will be used.
  pRbA3pwrgk9/5891: 15 steps -> 66 frames (4.3s)  604 KB  0.3s
Multiple -pix_fmt options specified for stream 0, only the last option '-pix_fmt yuv420p' will be used.
  pRbA3pwrgk9/6014: 44 steps -> 179 frames (11.9s)  1810 KB  0.6s
Multiple -pix_fmt options specified for stream 0, only the last option '-pix_fmt yuv420p' will be used.
  pRbA3pwrgk9/6050: 22 steps -> 96 frames (6.3s)  550 KB  0.3s
Multiple -pix_fmt options specified for stream 0, only the last option '-pix_fmt yuv420p' will be used.
  pRbA3pwrgk9/6071: 27 steps -> 115 frames (7.6s)  714 KB  0.4s
Multiple -pix_fmt options specified for stream 0, only the last option '-pix_fmt yuv420p' will be used.
  pRbA3pwrgk9/6098: 21 steps -> 94 frames (6.2s)  527 KB  0.3s
Multiple -pix_fmt options specified for stream 0, only the last option '-pix_fmt yuv420p' will be used.
  pRbA3pwrgk9/61: 37 steps -> 163 frames (10.8s)  877 KB  0.4s
Multiple -pix_fmt options specified for stream 0, only the last option '-pix_fmt yuv420p' will be used.
  pRbA3pwrgk9/6152: 74 steps -> 329 frames (21.9s)  2020 KB  0.7s
Multiple -pix_fmt options specified for stream 0, only the last option '-pix_fmt yuv420p' will be used.
  pRbA3pwrgk9/6221: 34 steps -> 133 frames (8.8s)  1484 KB  0.4s
Multiple -pix_fmt options specified for stream 0, only the last option '-pix_fmt yuv420p' will be used.
  pRbA3pwrgk9/6314: 66 steps -> 297 frames (19.7s)  1607 KB  0.8s
Multiple -pix_fmt options specified for stream 0, only the last option '-pix_fmt yuv420p' will be used.
  pRbA3pwrgk9/6581: 58 steps -> 263 frames (17.5s)  1797 KB  0.6s
Multiple -pix_fmt options specified for stream 0, only the last option '-pix_fmt yuv420p' will be used.
  pRbA3pwrgk9/6647: 41 steps -> 169 frames (11.2s)  1114 KB  0.5s
Multiple -pix_fmt options specified for stream 0, only the last option '-pix_fmt yuv420p' will be used.
  pRbA3pwrgk9/6959: 36 steps -> 142 frames (9.4s)  1352 KB  0.4s
Multiple -pix_fmt options specified for stream 0, only the last option '-pix_fmt yuv420p' will be used.
  pRbA3pwrgk9/8057: 30 steps -> 138 frames (9.1s)  854 KB  0.4s
Multiple -pix_fmt options specified for stream 0, only the last option '-pix_fmt yuv420p' will be used.
  pRbA3pwrgk9/8219: 80 steps -> 362 frames (24.1s)  3587 KB  0.8s
Multiple -pix_fmt options specified for stream 0, only the last option '-pix_fmt yuv420p' will be used.
  pRbA3pwrgk9/8573: 33 steps -> 133 frames (8.8s)  865 KB  0.4s
Multiple -pix_fmt options specified for stream 0, only the last option '-pix_fmt yuv420p' will be used.
  pRbA3pwrgk9/8582: 26 steps -> 101 frames (6.7s)  1152 KB  0.4s
Multiple -pix_fmt options specified for stream 0, only the last option '-pix_fmt yuv420p' will be used.
  pRbA3pwrgk9/8966: 38 steps -> 157 frames (10.4s)  1207 KB  0.4s
Multiple -pix_fmt options specified for stream 0, only the last option '-pix_fmt yuv420p' will be used.
  pRbA3pwrgk9/9329: 36 steps -> 146 frames (9.7s)  983 KB  0.4s
Multiple -pix_fmt options specified for stream 0, only the last option '-pix_fmt yuv420p' will be used.
  pRbA3pwrgk9/9587: 22 steps -> 84 frames (5.5s)  573 KB  0.3s
Multiple -pix_fmt options specified for stream 0, only the last option '-pix_fmt yuv420p' will be used.
  pRbA3pwrgk9/9632: 25 steps -> 100 frames (6.6s)  794 KB  0.3s
Renderer: NVIDIA GeForce RTX 4070 Ti SUPER/PCIe/SSE2 by NVIDIA Corporation
OpenGL version: 4.6.0 NVIDIA 580.173.02
Using optional features:
    GL_ARB_vertex_array_object
    GL_ARB_separate_shader_objects
    GL_ARB_robustness
    GL_ARB_texture_storage
    GL_ARB_texture_view
    GL_ARB_framebuffer_no_attachments
    GL_ARB_invalidate_subdata
    GL_ARB_texture_storage_multisample
    GL_ARB_multi_bind
    GL_ARB_direct_state_access
    GL_ARB_get_texture_sub_image
    GL_ARB_texture_filter_anisotropic
    GL_KHR_debug
    GL_KHR_parallel_shader_compile
    GL_NV_depth_buffer_float
Using driver workarounds:
    no-forward-compatible-core-context
    nv-egl-incorrect-gl11-function-pointers
    no-layout-qualifiers-on-old-glsl
    nv-zero-context-profile-mask
    nv-implementation-color-read-format-dsa-broken
    nv-cubemap-inconsistent-compressed-image-size
    nv-cubemap-broken-full-compressed-image-query
    nv-compressed-block-size-in-bits
[17:09:41:113149]:[Warning]:[Metadata] SceneDatasetAttributes.cpp(107)::addNewSceneInstanceToDataset : Dataset : 'default' : Lighting Layout Attributes 'no_lights' specified in Scene Attributes but does not exist in dataset, so creating default.
Multiple -pix_fmt options specified for stream 0, only the last option '-pix_fmt yuv420p' will be used.
  qoiz87JEwZ2/10163: 35 steps -> 145 frames (9.6s)  1114 KB  0.6s
Multiple -pix_fmt options specified for stream 0, only the last option '-pix_fmt yuv420p' will be used.
  qoiz87JEwZ2/10271: 48 steps -> 194 frames (12.9s)  2342 KB  0.6s
Multiple -pix_fmt options specified for stream 0, only the last option '-pix_fmt yuv420p' will be used.
  qoiz87JEwZ2/10346: 25 steps -> 105 frames (6.9s)  831 KB  0.3s
Multiple -pix_fmt options specified for stream 0, only the last option '-pix_fmt yuv420p' will be used.
  qoiz87JEwZ2/10568: 20 steps -> 74 frames (4.9s)  560 KB  0.3s
Multiple -pix_fmt options specified for stream 0, only the last option '-pix_fmt yuv420p' will be used.
  qoiz87JEwZ2/10601: 27 steps -> 113 frames (7.5s)  958 KB  0.4s
Multiple -pix_fmt options specified for stream 0, only the last option '-pix_fmt yuv420p' will be used.
  qoiz87JEwZ2/10637: 24 steps -> 102 frames (6.7s)  1082 KB  0.4s
Multiple -pix_fmt options specified for stream 0, only the last option '-pix_fmt yuv420p' will be used.
  qoiz87JEwZ2/1128: 33 steps -> 133 frames (8.8s)  970 KB  0.4s
Multiple -pix_fmt options specified for stream 0, only the last option '-pix_fmt yuv420p' will be used.
  qoiz87JEwZ2/124: 56 steps -> 236 frames (15.7s)  2604 KB  0.6s
Multiple -pix_fmt options specified for stream 0, only the last option '-pix_fmt yuv420p' will be used.
  qoiz87JEwZ2/1269: 46 steps -> 201 frames (13.3s)  2288 KB  0.5s
Multiple -pix_fmt options specified for stream 0, only the last option '-pix_fmt yuv420p' will be used.
  qoiz87JEwZ2/1952: 32 steps -> 138 frames (9.1s)  1001 KB  0.4s
Multiple -pix_fmt options specified for stream 0, only the last option '-pix_fmt yuv420p' will be used.
  qoiz87JEwZ2/211: 16 steps -> 73 frames (4.8s)  335 KB  0.3s
Multiple -pix_fmt options specified for stream 0, only the last option '-pix_fmt yuv420p' will be used.
  qoiz87JEwZ2/2186: 69 steps -> 293 frames (19.5s)  2975 KB  0.8s
Multiple -pix_fmt options specified for stream 0, only the last option '-pix_fmt yuv420p' will be used.
  qoiz87JEwZ2/2537: 39 steps -> 168 frames (11.1s)  1125 KB  0.5s
Multiple -pix_fmt options specified for stream 0, only the last option '-pix_fmt yuv420p' will be used.
  qoiz87JEwZ2/3035: 23 steps -> 101 frames (6.7s)  631 KB  0.3s
Multiple -pix_fmt options specified for stream 0, only the last option '-pix_fmt yuv420p' will be used.
  qoiz87JEwZ2/3110: 27 steps -> 110 frames (7.3s)  1406 KB  0.4s
Multiple -pix_fmt options specified for stream 0, only the last option '-pix_fmt yuv420p' will be used.
  qoiz87JEwZ2/3146: 37 steps -> 153 frames (10.1s)  1531 KB  0.5s
Multiple -pix_fmt options specified for stream 0, only the last option '-pix_fmt yuv420p' will be used.
  qoiz87JEwZ2/3251: 18 steps -> 78 frames (5.1s)  376 KB  0.3s
Multiple -pix_fmt options specified for stream 0, only the last option '-pix_fmt yuv420p' will be used.
  qoiz87JEwZ2/3350: 27 steps -> 106 frames (7.0s)  1039 KB  0.4s
Multiple -pix_fmt options specified for stream 0, only the last option '-pix_fmt yuv420p' will be used.
  qoiz87JEwZ2/3383: 70 steps -> 290 frames (19.3s)  3023 KB  0.7s
Multiple -pix_fmt options specified for stream 0, only the last option '-pix_fmt yuv420p' will be used.
  qoiz87JEwZ2/3422: 34 steps -> 149 frames (9.9s)  1070 KB  0.4s
Multiple -pix_fmt options specified for stream 0, only the last option '-pix_fmt yuv420p' will be used.
  qoiz87JEwZ2/3431: 36 steps -> 148 frames (9.8s)  1181 KB  0.5s
Multiple -pix_fmt options specified for stream 0, only the last option '-pix_fmt yuv420p' will be used.
  qoiz87JEwZ2/3467: 54 steps -> 227 frames (15.1s)  2612 KB  0.6s
Multiple -pix_fmt options specified for stream 0, only the last option '-pix_fmt yuv420p' will be used.
  qoiz87JEwZ2/3587: 44 steps -> 187 frames (12.4s)  1065 KB  0.5s
Multiple -pix_fmt options specified for stream 0, only the last option '-pix_fmt yuv420p' will be used.
  qoiz87JEwZ2/3836: 24 steps -> 108 frames (7.1s)  568 KB  0.4s
Multiple -pix_fmt options specified for stream 0, only the last option '-pix_fmt yuv420p' will be used.
  qoiz87JEwZ2/4070: 24 steps -> 102 frames (6.7s)  1106 KB  0.4s
Multiple -pix_fmt options specified for stream 0, only the last option '-pix_fmt yuv420p' will be used.
  qoiz87JEwZ2/4199: 22 steps -> 87 frames (5.7s)  942 KB  0.3s
Multiple -pix_fmt options specified for stream 0, only the last option '-pix_fmt yuv420p' will be used.
  qoiz87JEwZ2/4226: 36 steps -> 151 frames (10.0s)  1551 KB  0.5s
Multiple -pix_fmt options specified for stream 0, only the last option '-pix_fmt yuv420p' will be used.
  qoiz87JEwZ2/427: 25 steps -> 115 frames (7.6s)  1229 KB  0.4s
Multiple -pix_fmt options specified for stream 0, only the last option '-pix_fmt yuv420p' will be used.
  qoiz87JEwZ2/4274: 65 steps -> 276 frames (18.3s)  2120 KB  0.8s
Multiple -pix_fmt options specified for stream 0, only the last option '-pix_fmt yuv420p' will be used.
  qoiz87JEwZ2/4304: 29 steps -> 126 frames (8.3s)  806 KB  0.4s
Multiple -pix_fmt options specified for stream 0, only the last option '-pix_fmt yuv420p' will be used.
  qoiz87JEwZ2/4808: 18 steps -> 74 frames (4.9s)  621 KB  0.3s
Multiple -pix_fmt options specified for stream 0, only the last option '-pix_fmt yuv420p' will be used.
  qoiz87JEwZ2/4979: 21 steps -> 88 frames (5.8s)  632 KB  0.4s
Multiple -pix_fmt options specified for stream 0, only the last option '-pix_fmt yuv420p' will be used.
  qoiz87JEwZ2/505: 26 steps -> 109 frames (7.2s)  804 KB  0.4s
Multiple -pix_fmt options specified for stream 0, only the last option '-pix_fmt yuv420p' will be used.
  qoiz87JEwZ2/530: 35 steps -> 150 frames (9.9s)  991 KB  0.5s
Multiple -pix_fmt options specified for stream 0, only the last option '-pix_fmt yuv420p' will be used.
  qoiz87JEwZ2/5516: 23 steps -> 94 frames (6.2s)  769 KB  0.3s
Multiple -pix_fmt options specified for stream 0, only the last option '-pix_fmt yuv420p' will be used.
  qoiz87JEwZ2/5909: 27 steps -> 108 frames (7.1s)  678 KB  0.4s
Multiple -pix_fmt options specified for stream 0, only the last option '-pix_fmt yuv420p' will be used.
  qoiz87JEwZ2/5987: 46 steps -> 200 frames (13.3s)  2304 KB  0.7s
Multiple -pix_fmt options specified for stream 0, only the last option '-pix_fmt yuv420p' will be used.
  qoiz87JEwZ2/6005: 39 steps -> 178 frames (11.8s)  1802 KB  0.5s
Multiple -pix_fmt options specified for stream 0, only the last option '-pix_fmt yuv420p' will be used.
  qoiz87JEwZ2/6140: 39 steps -> 180 frames (11.9s)  1534 KB  0.5s
Multiple -pix_fmt options specified for stream 0, only the last option '-pix_fmt yuv420p' will be used.
  qoiz87JEwZ2/6518: 48 steps -> 197 frames (13.1s)  2080 KB  0.6s
Multiple -pix_fmt options specified for stream 0, only the last option '-pix_fmt yuv420p' will be used.
  qoiz87JEwZ2/6806: 53 steps -> 230 frames (15.3s)  1623 KB  0.6s
Multiple -pix_fmt options specified for stream 0, only the last option '-pix_fmt yuv420p' will be used.
  qoiz87JEwZ2/7010: 58 steps -> 244 frames (16.2s)  2683 KB  0.7s
Multiple -pix_fmt options specified for stream 0, only the last option '-pix_fmt yuv420p' will be used.
  qoiz87JEwZ2/7232: 31 steps -> 126 frames (8.3s)  814 KB  0.4s
Multiple -pix_fmt options specified for stream 0, only the last option '-pix_fmt yuv420p' will be used.
  qoiz87JEwZ2/7445: 35 steps -> 148 frames (9.8s)  1649 KB  0.5s
Multiple -pix_fmt options specified for stream 0, only the last option '-pix_fmt yuv420p' will be used.
  qoiz87JEwZ2/7529: 31 steps -> 127 frames (8.4s)  1551 KB  0.5s
Multiple -pix_fmt options specified for stream 0, only the last option '-pix_fmt yuv420p' will be used.
  qoiz87JEwZ2/7691: 28 steps -> 115 frames (7.6s)  822 KB  0.4s
Multiple -pix_fmt options specified for stream 0, only the last option '-pix_fmt yuv420p' will be used.
  qoiz87JEwZ2/7760: 36 steps -> 155 frames (10.3s)  1029 KB  0.5s
Multiple -pix_fmt options specified for stream 0, only the last option '-pix_fmt yuv420p' will be used.
  qoiz87JEwZ2/7862: 29 steps -> 111 frames (7.3s)  709 KB  0.3s
Multiple -pix_fmt options specified for stream 0, only the last option '-pix_fmt yuv420p' will be used.
  qoiz87JEwZ2/8018: 52 steps -> 226 frames (15.0s)  1770 KB  0.6s
Multiple -pix_fmt options specified for stream 0, only the last option '-pix_fmt yuv420p' will be used.
  qoiz87JEwZ2/8144: 21 steps -> 84 frames (5.5s)  637 KB  0.3s
Multiple -pix_fmt options specified for stream 0, only the last option '-pix_fmt yuv420p' will be used.
  qoiz87JEwZ2/8507: 26 steps -> 112 frames (7.4s)  826 KB  0.4s
Multiple -pix_fmt options specified for stream 0, only the last option '-pix_fmt yuv420p' will be used.
  qoiz87JEwZ2/8750: 25 steps -> 110 frames (7.3s)  671 KB  0.4s
Multiple -pix_fmt options specified for stream 0, only the last option '-pix_fmt yuv420p' will be used.
  qoiz87JEwZ2/9098: 26 steps -> 107 frames (7.1s)  714 KB  0.4s
Multiple -pix_fmt options specified for stream 0, only the last option '-pix_fmt yuv420p' will be used.
  qoiz87JEwZ2/9218: 35 steps -> 144 frames (9.5s)  1574 KB  0.5s
Multiple -pix_fmt options specified for stream 0, only the last option '-pix_fmt yuv420p' will be used.
  qoiz87JEwZ2/930: 37 steps -> 152 frames (10.1s)  1147 KB  0.5s
Multiple -pix_fmt options specified for stream 0, only the last option '-pix_fmt yuv420p' will be used.
  qoiz87JEwZ2/969: 64 steps -> 274 frames (18.2s)  2673 KB  0.7s
Multiple -pix_fmt options specified for stream 0, only the last option '-pix_fmt yuv420p' will be used.
  qoiz87JEwZ2/9863: 20 steps -> 80 frames (5.3s)  565 KB  0.3s
Multiple -pix_fmt options specified for stream 0, only the last option '-pix_fmt yuv420p' will be used.
  qoiz87JEwZ2/9968: 12 steps -> 51 frames (3.3s)  317 KB  0.3s
Renderer: NVIDIA GeForce RTX 4070 Ti SUPER/PCIe/SSE2 by NVIDIA Corporation
OpenGL version: 4.6.0 NVIDIA 580.173.02
Using optional features:
    GL_ARB_vertex_array_object
    GL_ARB_separate_shader_objects
    GL_ARB_robustness
    GL_ARB_texture_storage
    GL_ARB_texture_view
    GL_ARB_framebuffer_no_attachments
    GL_ARB_invalidate_subdata
    GL_ARB_texture_storage_multisample
    GL_ARB_multi_bind
    GL_ARB_direct_state_access
    GL_ARB_get_texture_sub_image
    GL_ARB_texture_filter_anisotropic
    GL_KHR_debug
    GL_KHR_parallel_shader_compile
    GL_NV_depth_buffer_float
Using driver workarounds:
    no-forward-compatible-core-context
    nv-egl-incorrect-gl11-function-pointers
    no-layout-qualifiers-on-old-glsl
    nv-zero-context-profile-mask
    nv-implementation-color-read-format-dsa-broken
    nv-cubemap-inconsistent-compressed-image-size
    nv-cubemap-broken-full-compressed-image-query
    nv-compressed-block-size-in-bits
[17:10:12:056300]:[Warning]:[Metadata] SceneDatasetAttributes.cpp(107)::addNewSceneInstanceToDataset : Dataset : 'default' : Lighting Layout Attributes 'no_lights' specified in Scene Attributes but does not exist in dataset, so creating default.
Multiple -pix_fmt options specified for stream 0, only the last option '-pix_fmt yuv420p' will be used.
  r1Q1Z4BcV1o/10049: 31 steps -> 116 frames (7.7s)  1364 KB  0.7s
Multiple -pix_fmt options specified for stream 0, only the last option '-pix_fmt yuv420p' will be used.
  r1Q1Z4BcV1o/10211: 67 steps -> 257 frames (17.1s)  2517 KB  0.6s
Multiple -pix_fmt options specified for stream 0, only the last option '-pix_fmt yuv420p' will be used.
  r1Q1Z4BcV1o/10304: 27 steps -> 101 frames (6.7s)  1074 KB  0.3s
Multiple -pix_fmt options specified for stream 0, only the last option '-pix_fmt yuv420p' will be used.
  r1Q1Z4BcV1o/10559: 86 steps -> 358 frames (23.8s)  3705 KB  0.7s
Multiple -pix_fmt options specified for stream 0, only the last option '-pix_fmt yuv420p' will be used.
  r1Q1Z4BcV1o/10562: 53 steps -> 224 frames (14.9s)  1759 KB  0.5s
Multiple -pix_fmt options specified for stream 0, only the last option '-pix_fmt yuv420p' will be used.
  r1Q1Z4BcV1o/106: 50 steps -> 198 frames (13.1s)  2153 KB  0.5s
Multiple -pix_fmt options specified for stream 0, only the last option '-pix_fmt yuv420p' will be used.
  r1Q1Z4BcV1o/1300: 46 steps -> 196 frames (13.0s)  1759 KB  0.5s
Multiple -pix_fmt options specified for stream 0, only the last option '-pix_fmt yuv420p' will be used.
  r1Q1Z4BcV1o/1309: 52 steps -> 217 frames (14.4s)  2210 KB  0.5s
Multiple -pix_fmt options specified for stream 0, only the last option '-pix_fmt yuv420p' will be used.
  r1Q1Z4BcV1o/1667: 61 steps -> 252 frames (16.7s)  2822 KB  0.7s
Multiple -pix_fmt options specified for stream 0, only the last option '-pix_fmt yuv420p' will be used.
  r1Q1Z4BcV1o/1709: 71 steps -> 295 frames (19.6s)  3905 KB  0.7s
Multiple -pix_fmt options specified for stream 0, only the last option '-pix_fmt yuv420p' will be used.
  r1Q1Z4BcV1o/2183: 58 steps -> 238 frames (15.8s)  2254 KB  0.6s
Multiple -pix_fmt options specified for stream 0, only the last option '-pix_fmt yuv420p' will be used.
  r1Q1Z4BcV1o/2189: 30 steps -> 118 frames (7.8s)  1372 KB  0.4s
Multiple -pix_fmt options specified for stream 0, only the last option '-pix_fmt yuv420p' will be used.
  r1Q1Z4BcV1o/220: 37 steps -> 155 frames (10.3s)  1213 KB  0.6s
Multiple -pix_fmt options specified for stream 0, only the last option '-pix_fmt yuv420p' will be used.
  r1Q1Z4BcV1o/2495: 48 steps -> 188 frames (12.5s)  1912 KB  0.6s
Multiple -pix_fmt options specified for stream 0, only the last option '-pix_fmt yuv420p' will be used.
  r1Q1Z4BcV1o/2711: 39 steps -> 153 frames (10.1s)  1640 KB  0.5s
Multiple -pix_fmt options specified for stream 0, only the last option '-pix_fmt yuv420p' will be used.
  r1Q1Z4BcV1o/2909: 83 steps -> 338 frames (22.5s)  3216 KB  0.9s
Multiple -pix_fmt options specified for stream 0, only the last option '-pix_fmt yuv420p' will be used.
  r1Q1Z4BcV1o/342: 42 steps -> 162 frames (10.7s)  1530 KB  0.5s
Multiple -pix_fmt options specified for stream 0, only the last option '-pix_fmt yuv420p' will be used.
  r1Q1Z4BcV1o/3443: 50 steps -> 203 frames (13.5s)  1842 KB  0.6s
Multiple -pix_fmt options specified for stream 0, only the last option '-pix_fmt yuv420p' will be used.
  r1Q1Z4BcV1o/3701: 78 steps -> 330 frames (21.9s)  2719 KB  0.8s
Multiple -pix_fmt options specified for stream 0, only the last option '-pix_fmt yuv420p' will be used.
  r1Q1Z4BcV1o/3779: 47 steps -> 183 frames (12.1s)  1874 KB  0.5s
Multiple -pix_fmt options specified for stream 0, only the last option '-pix_fmt yuv420p' will be used.
  r1Q1Z4BcV1o/3845: 73 steps -> 291 frames (19.3s)  2725 KB  0.8s
Multiple -pix_fmt options specified for stream 0, only the last option '-pix_fmt yuv420p' will be used.
  r1Q1Z4BcV1o/4040: 45 steps -> 179 frames (11.9s)  1882 KB  0.6s
Multiple -pix_fmt options specified for stream 0, only the last option '-pix_fmt yuv420p' will be used.
  r1Q1Z4BcV1o/4094: 103 steps -> 428 frames (28.5s)  3663 KB  1.1s
Multiple -pix_fmt options specified for stream 0, only the last option '-pix_fmt yuv420p' will be used.
  r1Q1Z4BcV1o/4133: 40 steps -> 159 frames (10.5s)  1658 KB  0.5s
Multiple -pix_fmt options specified for stream 0, only the last option '-pix_fmt yuv420p' will be used.
  r1Q1Z4BcV1o/4148: 51 steps -> 207 frames (13.7s)  2364 KB  0.6s
Multiple -pix_fmt options specified for stream 0, only the last option '-pix_fmt yuv420p' will be used.
  r1Q1Z4BcV1o/4154: 41 steps -> 168 frames (11.1s)  1298 KB  0.5s
Multiple -pix_fmt options specified for stream 0, only the last option '-pix_fmt yuv420p' will be used.
  r1Q1Z4BcV1o/4367: 59 steps -> 231 frames (15.3s)  2269 KB  0.7s
Multiple -pix_fmt options specified for stream 0, only the last option '-pix_fmt yuv420p' will be used.
  r1Q1Z4BcV1o/4379: 67 steps -> 278 frames (18.5s)  3028 KB  0.8s
Multiple -pix_fmt options specified for stream 0, only the last option '-pix_fmt yuv420p' will be used.
  r1Q1Z4BcV1o/4613: 45 steps -> 182 frames (12.1s)  1706 KB  0.6s
Multiple -pix_fmt options specified for stream 0, only the last option '-pix_fmt yuv420p' will be used.
  r1Q1Z4BcV1o/4925: 69 steps -> 271 frames (18.0s)  2640 KB  0.8s
Multiple -pix_fmt options specified for stream 0, only the last option '-pix_fmt yuv420p' will be used.
  r1Q1Z4BcV1o/4961: 29 steps -> 113 frames (7.5s)  1220 KB  0.4s
Multiple -pix_fmt options specified for stream 0, only the last option '-pix_fmt yuv420p' will be used.
  r1Q1Z4BcV1o/5147: 94 steps -> 382 frames (25.4s)  3385 KB  1.0s
Multiple -pix_fmt options specified for stream 0, only the last option '-pix_fmt yuv420p' will be used.
  r1Q1Z4BcV1o/5162: 76 steps -> 307 frames (20.4s)  2927 KB  0.8s
Multiple -pix_fmt options specified for stream 0, only the last option '-pix_fmt yuv420p' will be used.
  r1Q1Z4BcV1o/5186: 78 steps -> 320 frames (21.3s)  4989 KB  0.8s
Multiple -pix_fmt options specified for stream 0, only the last option '-pix_fmt yuv420p' will be used.
  r1Q1Z4BcV1o/5528: 64 steps -> 264 frames (17.5s)  2385 KB  0.7s
Multiple -pix_fmt options specified for stream 0, only the last option '-pix_fmt yuv420p' will be used.
  r1Q1Z4BcV1o/5546: 61 steps -> 253 frames (16.8s)  2332 KB  0.7s
Multiple -pix_fmt options specified for stream 0, only the last option '-pix_fmt yuv420p' will be used.
  r1Q1Z4BcV1o/5810: 51 steps -> 193 frames (12.8s)  2266 KB  0.6s
Multiple -pix_fmt options specified for stream 0, only the last option '-pix_fmt yuv420p' will be used.
  r1Q1Z4BcV1o/5831: 40 steps -> 159 frames (10.5s)  1572 KB  0.5s
Multiple -pix_fmt options specified for stream 0, only the last option '-pix_fmt yuv420p' will be used.
  r1Q1Z4BcV1o/5834: 45 steps -> 177 frames (11.7s)  1667 KB  0.6s
Multiple -pix_fmt options specified for stream 0, only the last option '-pix_fmt yuv420p' will be used.
  r1Q1Z4BcV1o/5870: 69 steps -> 271 frames (18.0s)  2610 KB  0.7s
Multiple -pix_fmt options specified for stream 0, only the last option '-pix_fmt yuv420p' will be used.
  r1Q1Z4BcV1o/5894: 18 steps -> 73 frames (4.8s)  899 KB  0.3s
Multiple -pix_fmt options specified for stream 0, only the last option '-pix_fmt yuv420p' will be used.
  r1Q1Z4BcV1o/6107: 44 steps -> 176 frames (11.7s)  1687 KB  0.6s
Multiple -pix_fmt options specified for stream 0, only the last option '-pix_fmt yuv420p' will be used.
  r1Q1Z4BcV1o/6167: 42 steps -> 162 frames (10.7s)  1544 KB  0.5s
Multiple -pix_fmt options specified for stream 0, only the last option '-pix_fmt yuv420p' will be used.
  r1Q1Z4BcV1o/6323: 45 steps -> 178 frames (11.8s)  1653 KB  0.6s
Multiple -pix_fmt options specified for stream 0, only the last option '-pix_fmt yuv420p' will be used.
  r1Q1Z4BcV1o/6377: 32 steps -> 128 frames (8.5s)  1401 KB  0.5s
Multiple -pix_fmt options specified for stream 0, only the last option '-pix_fmt yuv420p' will be used.
  r1Q1Z4BcV1o/6422: 27 steps -> 105 frames (6.9s)  1222 KB  0.4s
Multiple -pix_fmt options specified for stream 0, only the last option '-pix_fmt yuv420p' will be used.
  r1Q1Z4BcV1o/6908: 57 steps -> 228 frames (15.1s)  2465 KB  0.8s
Multiple -pix_fmt options specified for stream 0, only the last option '-pix_fmt yuv420p' will be used.
  r1Q1Z4BcV1o/6911: 48 steps -> 188 frames (12.5s)  1978 KB  0.7s
Multiple -pix_fmt options specified for stream 0, only the last option '-pix_fmt yuv420p' will be used.
  r1Q1Z4BcV1o/7292: 36 steps -> 140 frames (9.3s)  1482 KB  0.5s
Multiple -pix_fmt options specified for stream 0, only the last option '-pix_fmt yuv420p' will be used.
  r1Q1Z4BcV1o/7424: 51 steps -> 201 frames (13.3s)  2057 KB  0.6s
Multiple -pix_fmt options specified for stream 0, only the last option '-pix_fmt yuv420p' will be used.
  r1Q1Z4BcV1o/7514: 45 steps -> 186 frames (12.3s)  1717 KB  0.6s
Multiple -pix_fmt options specified for stream 0, only the last option '-pix_fmt yuv420p' will be used.
  r1Q1Z4BcV1o/7526: 36 steps -> 136 frames (9.0s)  1584 KB  0.5s
Multiple -pix_fmt options specified for stream 0, only the last option '-pix_fmt yuv420p' will be used.
  r1Q1Z4BcV1o/7550: 50 steps -> 214 frames (14.2s)  1404 KB  0.6s
Multiple -pix_fmt options specified for stream 0, only the last option '-pix_fmt yuv420p' will be used.
  r1Q1Z4BcV1o/7724: 47 steps -> 194 frames (12.9s)  1877 KB  0.6s
Multiple -pix_fmt options specified for stream 0, only the last option '-pix_fmt yuv420p' will be used.
  r1Q1Z4BcV1o/8081: 24 steps -> 92 frames (6.1s)  822 KB  0.3s
Multiple -pix_fmt options specified for stream 0, only the last option '-pix_fmt yuv420p' will be used.
  r1Q1Z4BcV1o/8225: 54 steps -> 213 frames (14.1s)  1894 KB  0.6s
Multiple -pix_fmt options specified for stream 0, only the last option '-pix_fmt yuv420p' will be used.
  r1Q1Z4BcV1o/8348: 52 steps -> 198 frames (13.1s)  2447 KB  0.6s
Multiple -pix_fmt options specified for stream 0, only the last option '-pix_fmt yuv420p' will be used.
  r1Q1Z4BcV1o/8357: 81 steps -> 331 frames (22.0s)  3119 KB  0.9s
Multiple -pix_fmt options specified for stream 0, only the last option '-pix_fmt yuv420p' will be used.
  r1Q1Z4BcV1o/8378: 71 steps -> 300 frames (19.9s)  2557 KB  0.8s
Multiple -pix_fmt options specified for stream 0, only the last option '-pix_fmt yuv420p' will be used.
  r1Q1Z4BcV1o/8426: 56 steps -> 222 frames (14.7s)  1836 KB  0.6s
Multiple -pix_fmt options specified for stream 0, only the last option '-pix_fmt yuv420p' will be used.
  r1Q1Z4BcV1o/8462: 67 steps -> 274 frames (18.2s)  2434 KB  0.8s
Multiple -pix_fmt options specified for stream 0, only the last option '-pix_fmt yuv420p' will be used.
  r1Q1Z4BcV1o/8651: 42 steps -> 169 frames (11.2s)  1828 KB  0.5s
Multiple -pix_fmt options specified for stream 0, only the last option '-pix_fmt yuv420p' will be used.
  r1Q1Z4BcV1o/875: 82 steps -> 337 frames (22.4s)  4157 KB  0.9s
Multiple -pix_fmt options specified for stream 0, only the last option '-pix_fmt yuv420p' will be used.
  r1Q1Z4BcV1o/8768: 43 steps -> 174 frames (11.5s)  1601 KB  0.5s
Multiple -pix_fmt options specified for stream 0, only the last option '-pix_fmt yuv420p' will be used.
  r1Q1Z4BcV1o/8855: 85 steps -> 357 frames (23.7s)  2813 KB  0.9s
Multiple -pix_fmt options specified for stream 0, only the last option '-pix_fmt yuv420p' will be used.
  r1Q1Z4BcV1o/8894: 93 steps -> 371 frames (24.7s)  5176 KB  1.0s
Multiple -pix_fmt options specified for stream 0, only the last option '-pix_fmt yuv420p' will be used.
  r1Q1Z4BcV1o/8942: 59 steps -> 241 frames (16.0s)  2838 KB  0.7s
Multiple -pix_fmt options specified for stream 0, only the last option '-pix_fmt yuv420p' will be used.
  r1Q1Z4BcV1o/9029: 53 steps -> 215 frames (14.3s)  2117 KB  0.6s
Multiple -pix_fmt options specified for stream 0, only the last option '-pix_fmt yuv420p' will be used.
  r1Q1Z4BcV1o/9095: 48 steps -> 188 frames (12.5s)  2304 KB  0.6s
Multiple -pix_fmt options specified for stream 0, only the last option '-pix_fmt yuv420p' will be used.
  r1Q1Z4BcV1o/9152: 42 steps -> 176 frames (11.7s)  1449 KB  0.5s
Multiple -pix_fmt options specified for stream 0, only the last option '-pix_fmt yuv420p' will be used.
  r1Q1Z4BcV1o/9389: 80 steps -> 326 frames (21.7s)  3182 KB  0.8s
Multiple -pix_fmt options specified for stream 0, only the last option '-pix_fmt yuv420p' will be used.
  r1Q1Z4BcV1o/9623: 104 steps -> 437 frames (29.1s)  5203 KB  1.1s
Multiple -pix_fmt options specified for stream 0, only the last option '-pix_fmt yuv420p' will be used.
  r1Q1Z4BcV1o/9878: 38 steps -> 156 frames (10.3s)  1719 KB  0.5s
Multiple -pix_fmt options specified for stream 0, only the last option '-pix_fmt yuv420p' will be used.
  r1Q1Z4BcV1o/993: 57 steps -> 231 frames (15.3s)  2308 KB  0.7s
Renderer: NVIDIA GeForce RTX 4070 Ti SUPER/PCIe/SSE2 by NVIDIA Corporation
OpenGL version: 4.6.0 NVIDIA 580.173.02
Using optional features:
    GL_ARB_vertex_array_object
    GL_ARB_separate_shader_objects
    GL_ARB_robustness
    GL_ARB_texture_storage
    GL_ARB_texture_view
    GL_ARB_framebuffer_no_attachments
    GL_ARB_invalidate_subdata
    GL_ARB_texture_storage_multisample
    GL_ARB_multi_bind
    GL_ARB_direct_state_access
    GL_ARB_get_texture_sub_image
    GL_ARB_texture_filter_anisotropic
    GL_KHR_debug
    GL_KHR_parallel_shader_compile
    GL_NV_depth_buffer_float
Using driver workarounds:
    no-forward-compatible-core-context
    nv-egl-incorrect-gl11-function-pointers
    no-layout-qualifiers-on-old-glsl
    nv-zero-context-profile-mask
    nv-implementation-color-read-format-dsa-broken
    nv-cubemap-inconsistent-compressed-image-size
    nv-cubemap-broken-full-compressed-image-query
    nv-compressed-block-size-in-bits
[17:11:04:276050]:[Warning]:[Metadata] SceneDatasetAttributes.cpp(107)::addNewSceneInstanceToDataset : Dataset : 'default' : Lighting Layout Attributes 'no_lights' specified in Scene Attributes but does not exist in dataset, so creating default.
Multiple -pix_fmt options specified for stream 0, only the last option '-pix_fmt yuv420p' will be used.
  r47D5H71a5s/10148: 53 steps -> 217 frames (14.4s)  1107 KB  0.7s
Multiple -pix_fmt options specified for stream 0, only the last option '-pix_fmt yuv420p' will be used.
  r47D5H71a5s/10241: 37 steps -> 150 frames (9.9s)  649 KB  0.4s
Multiple -pix_fmt options specified for stream 0, only the last option '-pix_fmt yuv420p' will be used.
  r47D5H71a5s/10298: 57 steps -> 233 frames (15.5s)  1192 KB  0.6s
Multiple -pix_fmt options specified for stream 0, only the last option '-pix_fmt yuv420p' will be used.
  r47D5H71a5s/1032: 52 steps -> 212 frames (14.1s)  1132 KB  0.5s
Multiple -pix_fmt options specified for stream 0, only the last option '-pix_fmt yuv420p' will be used.
  r47D5H71a5s/10595: 36 steps -> 149 frames (9.9s)  1229 KB  0.4s
Multiple -pix_fmt options specified for stream 0, only the last option '-pix_fmt yuv420p' will be used.
  r47D5H71a5s/10709: 16 steps -> 68 frames (4.5s)  299 KB  0.3s
Multiple -pix_fmt options specified for stream 0, only the last option '-pix_fmt yuv420p' will be used.
  r47D5H71a5s/10805: 29 steps -> 114 frames (7.5s)  704 KB  0.3s
Multiple -pix_fmt options specified for stream 0, only the last option '-pix_fmt yuv420p' will be used.
  r47D5H71a5s/1275: 41 steps -> 166 frames (11.0s)  898 KB  0.5s
Multiple -pix_fmt options specified for stream 0, only the last option '-pix_fmt yuv420p' will be used.
  r47D5H71a5s/1288: 60 steps -> 237 frames (15.7s)  1316 KB  0.6s
Multiple -pix_fmt options specified for stream 0, only the last option '-pix_fmt yuv420p' will be used.
  r47D5H71a5s/1559: 43 steps -> 184 frames (12.2s)  1029 KB  0.5s
Multiple -pix_fmt options specified for stream 0, only the last option '-pix_fmt yuv420p' will be used.
  r47D5H71a5s/1604: 58 steps -> 234 frames (15.5s)  1227 KB  0.6s
Multiple -pix_fmt options specified for stream 0, only the last option '-pix_fmt yuv420p' will be used.
  r47D5H71a5s/1607: 57 steps -> 233 frames (15.5s)  1435 KB  0.6s
Multiple -pix_fmt options specified for stream 0, only the last option '-pix_fmt yuv420p' will be used.
  r47D5H71a5s/1814: 24 steps -> 102 frames (6.7s)  600 KB  0.3s
Multiple -pix_fmt options specified for stream 0, only the last option '-pix_fmt yuv420p' will be used.
  r47D5H71a5s/1880: 51 steps -> 216 frames (14.3s)  1320 KB  0.6s
Multiple -pix_fmt options specified for stream 0, only the last option '-pix_fmt yuv420p' will be used.
  r47D5H71a5s/202: 75 steps -> 310 frames (20.6s)  1919 KB  0.8s
Multiple -pix_fmt options specified for stream 0, only the last option '-pix_fmt yuv420p' will be used.
  r47D5H71a5s/2030: 36 steps -> 148 frames (9.8s)  877 KB  0.4s
Multiple -pix_fmt options specified for stream 0, only the last option '-pix_fmt yuv420p' will be used.
  r47D5H71a5s/2147: 57 steps -> 237 frames (15.7s)  1494 KB  0.6s
Multiple -pix_fmt options specified for stream 0, only the last option '-pix_fmt yuv420p' will be used.
  r47D5H71a5s/2369: 46 steps -> 191 frames (12.7s)  1177 KB  0.5s
Multiple -pix_fmt options specified for stream 0, only the last option '-pix_fmt yuv420p' will be used.
  r47D5H71a5s/2405: 32 steps -> 132 frames (8.7s)  1154 KB  0.4s
Multiple -pix_fmt options specified for stream 0, only the last option '-pix_fmt yuv420p' will be used.
  r47D5H71a5s/2501: 22 steps -> 90 frames (5.9s)  614 KB  0.3s
Multiple -pix_fmt options specified for stream 0, only the last option '-pix_fmt yuv420p' will be used.
  r47D5H71a5s/2597: 48 steps -> 198 frames (13.1s)  1382 KB  0.5s
Multiple -pix_fmt options specified for stream 0, only the last option '-pix_fmt yuv420p' will be used.
  r47D5H71a5s/2780: 55 steps -> 229 frames (15.2s)  1623 KB  0.6s
Multiple -pix_fmt options specified for stream 0, only the last option '-pix_fmt yuv420p' will be used.
  r47D5H71a5s/2783: 19 steps -> 69 frames (4.5s)  442 KB  0.3s
Multiple -pix_fmt options specified for stream 0, only the last option '-pix_fmt yuv420p' will be used.
  r47D5H71a5s/2849: 41 steps -> 174 frames (11.5s)  976 KB  0.5s
Multiple -pix_fmt options specified for stream 0, only the last option '-pix_fmt yuv420p' will be used.
  r47D5H71a5s/2933: 50 steps -> 202 frames (13.4s)  1410 KB  0.5s
Multiple -pix_fmt options specified for stream 0, only the last option '-pix_fmt yuv420p' will be used.
  r47D5H71a5s/3101: 46 steps -> 192 frames (12.7s)  1238 KB  0.5s
Multiple -pix_fmt options specified for stream 0, only the last option '-pix_fmt yuv420p' will be used.
  r47D5H71a5s/3134: 39 steps -> 168 frames (11.1s)  907 KB  0.5s
Multiple -pix_fmt options specified for stream 0, only the last option '-pix_fmt yuv420p' will be used.
  r47D5H71a5s/3284: 53 steps -> 221 frames (14.7s)  1414 KB  0.5s
Multiple -pix_fmt options specified for stream 0, only the last option '-pix_fmt yuv420p' will be used.
  r47D5H71a5s/3332: 11 steps -> 43 frames (2.8s)  387 KB  0.2s
Multiple -pix_fmt options specified for stream 0, only the last option '-pix_fmt yuv420p' will be used.
  r47D5H71a5s/336: 27 steps -> 108 frames (7.1s)  735 KB  0.4s
Multiple -pix_fmt options specified for stream 0, only the last option '-pix_fmt yuv420p' will be used.
  r47D5H71a5s/3464: 51 steps -> 208 frames (13.8s)  1334 KB  0.6s
Multiple -pix_fmt options specified for stream 0, only the last option '-pix_fmt yuv420p' will be used.
  r47D5H71a5s/351: 34 steps -> 140 frames (9.3s)  1004 KB  0.4s
Multiple -pix_fmt options specified for stream 0, only the last option '-pix_fmt yuv420p' will be used.
  r47D5H71a5s/3524: 51 steps -> 199 frames (13.2s)  1126 KB  0.5s
Multiple -pix_fmt options specified for stream 0, only the last option '-pix_fmt yuv420p' will be used.
  r47D5H71a5s/3998: 30 steps -> 127 frames (8.4s)  691 KB  0.4s
Multiple -pix_fmt options specified for stream 0, only the last option '-pix_fmt yuv420p' will be used.
  r47D5H71a5s/4064: 44 steps -> 179 frames (11.9s)  1449 KB  0.5s
Multiple -pix_fmt options specified for stream 0, only the last option '-pix_fmt yuv420p' will be used.
  r47D5H71a5s/4085: 39 steps -> 171 frames (11.3s)  1237 KB  0.5s
Multiple -pix_fmt options specified for stream 0, only the last option '-pix_fmt yuv420p' will be used.
  r47D5H71a5s/4220: 31 steps -> 127 frames (8.4s)  1002 KB  0.4s
Multiple -pix_fmt options specified for stream 0, only the last option '-pix_fmt yuv420p' will be used.
  r47D5H71a5s/4244: 37 steps -> 153 frames (10.1s)  758 KB  0.5s
Multiple -pix_fmt options specified for stream 0, only the last option '-pix_fmt yuv420p' will be used.
  r47D5H71a5s/4349: 44 steps -> 182 frames (12.1s)  1129 KB  0.5s
Multiple -pix_fmt options specified for stream 0, only the last option '-pix_fmt yuv420p' will be used.
  r47D5H71a5s/4406: 48 steps -> 201 frames (13.3s)  1152 KB  0.6s
Multiple -pix_fmt options specified for stream 0, only the last option '-pix_fmt yuv420p' will be used.
  r47D5H71a5s/4901: 61 steps -> 261 frames (17.3s)  1645 KB  0.6s
Multiple -pix_fmt options specified for stream 0, only the last option '-pix_fmt yuv420p' will be used.
  r47D5H71a5s/5000: 32 steps -> 132 frames (8.7s)  911 KB  0.4s
Multiple -pix_fmt options specified for stream 0, only the last option '-pix_fmt yuv420p' will be used.
  r47D5H71a5s/5045: 28 steps -> 122 frames (8.1s)  698 KB  0.4s
Multiple -pix_fmt options specified for stream 0, only the last option '-pix_fmt yuv420p' will be used.
  r47D5H71a5s/5210: 66 steps -> 278 frames (18.5s)  1597 KB  0.7s
Multiple -pix_fmt options specified for stream 0, only the last option '-pix_fmt yuv420p' will be used.
  r47D5H71a5s/5279: 47 steps -> 191 frames (12.7s)  1173 KB  0.5s
Multiple -pix_fmt options specified for stream 0, only the last option '-pix_fmt yuv420p' will be used.
  r47D5H71a5s/5555: 15 steps -> 57 frames (3.7s)  539 KB  0.3s
Multiple -pix_fmt options specified for stream 0, only the last option '-pix_fmt yuv420p' will be used.
  r47D5H71a5s/5654: 37 steps -> 158 frames (10.5s)  1074 KB  0.5s
Multiple -pix_fmt options specified for stream 0, only the last option '-pix_fmt yuv420p' will be used.
  r47D5H71a5s/5663: 31 steps -> 126 frames (8.3s)  804 KB  0.4s
Multiple -pix_fmt options specified for stream 0, only the last option '-pix_fmt yuv420p' will be used.
  r47D5H71a5s/5729: 23 steps -> 96 frames (6.3s)  538 KB  0.3s
Multiple -pix_fmt options specified for stream 0, only the last option '-pix_fmt yuv420p' will be used.
  r47D5H71a5s/5774: 50 steps -> 201 frames (13.3s)  1577 KB  0.5s
Multiple -pix_fmt options specified for stream 0, only the last option '-pix_fmt yuv420p' will be used.
  r47D5H71a5s/5828: 32 steps -> 132 frames (8.7s)  814 KB  0.4s
Multiple -pix_fmt options specified for stream 0, only the last option '-pix_fmt yuv420p' will be used.
  r47D5H71a5s/5945: 55 steps -> 235 frames (15.6s)  1452 KB  0.6s
Multiple -pix_fmt options specified for stream 0, only the last option '-pix_fmt yuv420p' will be used.
  r47D5H71a5s/602: 41 steps -> 172 frames (11.4s)  1225 KB  0.4s
Multiple -pix_fmt options specified for stream 0, only the last option '-pix_fmt yuv420p' will be used.
  r47D5H71a5s/6062: 19 steps -> 74 frames (4.9s)  464 KB  0.3s
Multiple -pix_fmt options specified for stream 0, only the last option '-pix_fmt yuv420p' will be used.
  r47D5H71a5s/6083: 27 steps -> 107 frames (7.1s)  480 KB  0.3s
Multiple -pix_fmt options specified for stream 0, only the last option '-pix_fmt yuv420p' will be used.
  r47D5H71a5s/6176: 42 steps -> 177 frames (11.7s)  1075 KB  0.5s
Multiple -pix_fmt options specified for stream 0, only the last option '-pix_fmt yuv420p' will be used.
  r47D5H71a5s/6215: 36 steps -> 147 frames (9.7s)  956 KB  0.4s
Multiple -pix_fmt options specified for stream 0, only the last option '-pix_fmt yuv420p' will be used.
  r47D5H71a5s/6266: 44 steps -> 182 frames (12.1s)  1525 KB  0.5s
Multiple -pix_fmt options specified for stream 0, only the last option '-pix_fmt yuv420p' will be used.
  r47D5H71a5s/629: 40 steps -> 167 frames (11.1s)  1079 KB  0.5s
Multiple -pix_fmt options specified for stream 0, only the last option '-pix_fmt yuv420p' will be used.
  r47D5H71a5s/6308: 66 steps -> 281 frames (18.7s)  1609 KB  0.7s
Multiple -pix_fmt options specified for stream 0, only the last option '-pix_fmt yuv420p' will be used.
  r47D5H71a5s/6656: 21 steps -> 84 frames (5.5s)  777 KB  0.3s
Multiple -pix_fmt options specified for stream 0, only the last option '-pix_fmt yuv420p' will be used.
  r47D5H71a5s/6794: 44 steps -> 186 frames (12.3s)  1142 KB  0.5s
Multiple -pix_fmt options specified for stream 0, only the last option '-pix_fmt yuv420p' will be used.
  r47D5H71a5s/7130: 28 steps -> 114 frames (7.5s)  898 KB  0.3s
Multiple -pix_fmt options specified for stream 0, only the last option '-pix_fmt yuv420p' will be used.
  r47D5H71a5s/725: 12 steps -> 46 frames (3.0s)  449 KB  0.3s
Multiple -pix_fmt options specified for stream 0, only the last option '-pix_fmt yuv420p' will be used.
  r47D5H71a5s/7316: 38 steps -> 157 frames (10.4s)  880 KB  0.4s
Multiple -pix_fmt options specified for stream 0, only the last option '-pix_fmt yuv420p' will be used.
  r47D5H71a5s/7382: 46 steps -> 193 frames (12.8s)  1187 KB  0.5s
Multiple -pix_fmt options specified for stream 0, only the last option '-pix_fmt yuv420p' will be used.
  r47D5H71a5s/7616: 44 steps -> 185 frames (12.3s)  1330 KB  0.5s
Multiple -pix_fmt options specified for stream 0, only the last option '-pix_fmt yuv420p' will be used.
  r47D5H71a5s/7667: 18 steps -> 73 frames (4.8s)  446 KB  0.3s
Multiple -pix_fmt options specified for stream 0, only the last option '-pix_fmt yuv420p' will be used.
  r47D5H71a5s/7733: 26 steps -> 108 frames (7.1s)  678 KB  0.4s
Multiple -pix_fmt options specified for stream 0, only the last option '-pix_fmt yuv420p' will be used.
  r47D5H71a5s/7754: 36 steps -> 148 frames (9.8s)  1062 KB  0.4s
Multiple -pix_fmt options specified for stream 0, only the last option '-pix_fmt yuv420p' will be used.
  r47D5H71a5s/776: 24 steps -> 99 frames (6.5s)  665 KB  0.3s
Multiple -pix_fmt options specified for stream 0, only the last option '-pix_fmt yuv420p' will be used.
  r47D5H71a5s/7895: 47 steps -> 197 frames (13.1s)  1235 KB  0.6s
Multiple -pix_fmt options specified for stream 0, only the last option '-pix_fmt yuv420p' will be used.
  r47D5H71a5s/7910: 21 steps -> 89 frames (5.9s)  536 KB  0.3s
Multiple -pix_fmt options specified for stream 0, only the last option '-pix_fmt yuv420p' will be used.
  r47D5H71a5s/7928: 22 steps -> 90 frames (5.9s)  595 KB  0.3s
Multiple -pix_fmt options specified for stream 0, only the last option '-pix_fmt yuv420p' will be used.
  r47D5H71a5s/7946: 26 steps -> 104 frames (6.9s)  415 KB  0.3s
Multiple -pix_fmt options specified for stream 0, only the last option '-pix_fmt yuv420p' will be used.
  r47D5H71a5s/8054: 21 steps -> 84 frames (5.5s)  405 KB  0.3s
Multiple -pix_fmt options specified for stream 0, only the last option '-pix_fmt yuv420p' will be used.
  r47D5H71a5s/8162: 33 steps -> 133 frames (8.8s)  584 KB  0.4s
Multiple -pix_fmt options specified for stream 0, only the last option '-pix_fmt yuv420p' will be used.
  r47D5H71a5s/8342: 52 steps -> 219 frames (14.5s)  1486 KB  0.6s
Multiple -pix_fmt options specified for stream 0, only the last option '-pix_fmt yuv420p' will be used.
  r47D5H71a5s/8396: 52 steps -> 218 frames (14.5s)  1628 KB  0.6s
Multiple -pix_fmt options specified for stream 0, only the last option '-pix_fmt yuv420p' will be used.
  r47D5H71a5s/8441: 43 steps -> 171 frames (11.3s)  1156 KB  0.5s
Multiple -pix_fmt options specified for stream 0, only the last option '-pix_fmt yuv420p' will be used.
  r47D5H71a5s/866: 25 steps -> 103 frames (6.8s)  773 KB  0.3s
Multiple -pix_fmt options specified for stream 0, only the last option '-pix_fmt yuv420p' will be used.
  r47D5H71a5s/8738: 27 steps -> 108 frames (7.1s)  876 KB  0.4s
Multiple -pix_fmt options specified for stream 0, only the last option '-pix_fmt yuv420p' will be used.
  r47D5H71a5s/8918: 41 steps -> 162 frames (10.7s)  1342 KB  0.5s
Multiple -pix_fmt options specified for stream 0, only the last option '-pix_fmt yuv420p' will be used.
  r47D5H71a5s/8960: 34 steps -> 139 frames (9.2s)  1318 KB  0.4s
Multiple -pix_fmt options specified for stream 0, only the last option '-pix_fmt yuv420p' will be used.
  r47D5H71a5s/8972: 55 steps -> 235 frames (15.6s)  1452 KB  0.6s
Multiple -pix_fmt options specified for stream 0, only the last option '-pix_fmt yuv420p' will be used.
  r47D5H71a5s/9050: 62 steps -> 257 frames (17.1s)  1358 KB  0.7s
Multiple -pix_fmt options specified for stream 0, only the last option '-pix_fmt yuv420p' will be used.
  r47D5H71a5s/9080: 35 steps -> 149 frames (9.9s)  1003 KB  0.4s
Multiple -pix_fmt options specified for stream 0, only the last option '-pix_fmt yuv420p' will be used.
  r47D5H71a5s/9233: 16 steps -> 59 frames (3.9s)  355 KB  0.3s
Multiple -pix_fmt options specified for stream 0, only the last option '-pix_fmt yuv420p' will be used.
  r47D5H71a5s/9395: 25 steps -> 101 frames (6.7s)  687 KB  0.4s
Multiple -pix_fmt options specified for stream 0, only the last option '-pix_fmt yuv420p' will be used.
  r47D5H71a5s/9446: 59 steps -> 246 frames (16.3s)  1682 KB  0.7s
Multiple -pix_fmt options specified for stream 0, only the last option '-pix_fmt yuv420p' will be used.
  r47D5H71a5s/9584: 23 steps -> 91 frames (6.0s)  540 KB  0.3s
Multiple -pix_fmt options specified for stream 0, only the last option '-pix_fmt yuv420p' will be used.
  r47D5H71a5s/9767: 46 steps -> 193 frames (12.8s)  1284 KB  0.5s
Multiple -pix_fmt options specified for stream 0, only the last option '-pix_fmt yuv420p' will be used.
  r47D5H71a5s/9995: 25 steps -> 100 frames (6.6s)  577 KB  0.3s
Renderer: NVIDIA GeForce RTX 4070 Ti SUPER/PCIe/SSE2 by NVIDIA Corporation
OpenGL version: 4.6.0 NVIDIA 580.173.02
Using optional features:
    GL_ARB_vertex_array_object
    GL_ARB_separate_shader_objects
    GL_ARB_robustness
    GL_ARB_texture_storage
    GL_ARB_texture_view
    GL_ARB_framebuffer_no_attachments
    GL_ARB_invalidate_subdata
    GL_ARB_texture_storage_multisample
    GL_ARB_multi_bind
    GL_ARB_direct_state_access
    GL_ARB_get_texture_sub_image
    GL_ARB_texture_filter_anisotropic
    GL_KHR_debug
    GL_KHR_parallel_shader_compile
    GL_NV_depth_buffer_float
Using driver workarounds:
    no-forward-compatible-core-context
    nv-egl-incorrect-gl11-function-pointers
    no-layout-qualifiers-on-old-glsl
    nv-zero-context-profile-mask
    nv-implementation-color-read-format-dsa-broken
    nv-cubemap-inconsistent-compressed-image-size
    nv-cubemap-broken-full-compressed-image-query
    nv-compressed-block-size-in-bits
[17:11:49:481724]:[Warning]:[Metadata] SceneDatasetAttributes.cpp(107)::addNewSceneInstanceToDataset : Dataset : 'default' : Lighting Layout Attributes 'no_lights' specified in Scene Attributes but does not exist in dataset, so creating default.
Multiple -pix_fmt options specified for stream 0, only the last option '-pix_fmt yuv420p' will be used.
  rPc6DW4iMge/10334: 42 steps -> 177 frames (11.7s)  773 KB  0.7s
Multiple -pix_fmt options specified for stream 0, only the last option '-pix_fmt yuv420p' will be used.
  rPc6DW4iMge/10376: 44 steps -> 191 frames (12.7s)  947 KB  0.5s
Multiple -pix_fmt options specified for stream 0, only the last option '-pix_fmt yuv420p' will be used.
  rPc6DW4iMge/10409: 35 steps -> 146 frames (9.7s)  676 KB  0.4s
Multiple -pix_fmt options specified for stream 0, only the last option '-pix_fmt yuv420p' will be used.
  rPc6DW4iMge/10433: 36 steps -> 152 frames (10.1s)  779 KB  0.5s
Multiple -pix_fmt options specified for stream 0, only the last option '-pix_fmt yuv420p' will be used.
  rPc6DW4iMge/10493: 45 steps -> 186 frames (12.3s)  1428 KB  0.5s
Multiple -pix_fmt options specified for stream 0, only the last option '-pix_fmt yuv420p' will be used.
  rPc6DW4iMge/10757: 32 steps -> 141 frames (9.3s)  494 KB  0.4s
Multiple -pix_fmt options specified for stream 0, only the last option '-pix_fmt yuv420p' will be used.
  rPc6DW4iMge/10811: 50 steps -> 197 frames (13.1s)  1353 KB  0.4s
Multiple -pix_fmt options specified for stream 0, only the last option '-pix_fmt yuv420p' will be used.
  rPc6DW4iMge/1107: 15 steps -> 59 frames (3.9s)  306 KB  0.3s
Multiple -pix_fmt options specified for stream 0, only the last option '-pix_fmt yuv420p' will be used.
  rPc6DW4iMge/1514: 21 steps -> 84 frames (5.5s)  436 KB  0.3s
Multiple -pix_fmt options specified for stream 0, only the last option '-pix_fmt yuv420p' will be used.
  rPc6DW4iMge/1694: 29 steps -> 130 frames (8.6s)  620 KB  0.4s
Multiple -pix_fmt options specified for stream 0, only the last option '-pix_fmt yuv420p' will be used.
  rPc6DW4iMge/1805: 20 steps -> 84 frames (5.5s)  376 KB  0.3s
Multiple -pix_fmt options specified for stream 0, only the last option '-pix_fmt yuv420p' will be used.
  rPc6DW4iMge/1871: 56 steps -> 237 frames (15.7s)  1317 KB  0.6s
Multiple -pix_fmt options specified for stream 0, only the last option '-pix_fmt yuv420p' will be used.
  rPc6DW4iMge/2141: 17 steps -> 71 frames (4.7s)  263 KB  0.3s
Multiple -pix_fmt options specified for stream 0, only the last option '-pix_fmt yuv420p' will be used.
  rPc6DW4iMge/2426: 31 steps -> 126 frames (8.3s)  867 KB  0.4s
Multiple -pix_fmt options specified for stream 0, only the last option '-pix_fmt yuv420p' will be used.
  rPc6DW4iMge/2627: 23 steps -> 97 frames (6.4s)  662 KB  0.3s
Multiple -pix_fmt options specified for stream 0, only the last option '-pix_fmt yuv420p' will be used.
  rPc6DW4iMge/2693: 22 steps -> 93 frames (6.1s)  443 KB  0.3s
Multiple -pix_fmt options specified for stream 0, only the last option '-pix_fmt yuv420p' will be used.
  rPc6DW4iMge/2738: 34 steps -> 146 frames (9.7s)  646 KB  0.4s
Multiple -pix_fmt options specified for stream 0, only the last option '-pix_fmt yuv420p' will be used.
  rPc6DW4iMge/2774: 17 steps -> 70 frames (4.6s)  285 KB  0.3s
Multiple -pix_fmt options specified for stream 0, only the last option '-pix_fmt yuv420p' will be used.
  rPc6DW4iMge/296: 18 steps -> 68 frames (4.5s)  518 KB  0.3s
Multiple -pix_fmt options specified for stream 0, only the last option '-pix_fmt yuv420p' will be used.
  rPc6DW4iMge/2987: 21 steps -> 92 frames (6.1s)  420 KB  0.3s
Multiple -pix_fmt options specified for stream 0, only the last option '-pix_fmt yuv420p' will be used.
  rPc6DW4iMge/3065: 34 steps -> 145 frames (9.6s)  758 KB  0.4s
Multiple -pix_fmt options specified for stream 0, only the last option '-pix_fmt yuv420p' will be used.
  rPc6DW4iMge/3155: 27 steps -> 115 frames (7.6s)  588 KB  0.4s
Multiple -pix_fmt options specified for stream 0, only the last option '-pix_fmt yuv420p' will be used.
  rPc6DW4iMge/3227: 48 steps -> 204 frames (13.5s)  1164 KB  0.5s
Multiple -pix_fmt options specified for stream 0, only the last option '-pix_fmt yuv420p' will be used.
  rPc6DW4iMge/3239: 21 steps -> 91 frames (6.0s)  390 KB  0.3s
Multiple -pix_fmt options specified for stream 0, only the last option '-pix_fmt yuv420p' will be used.
  rPc6DW4iMge/3434: 20 steps -> 82 frames (5.4s)  549 KB  0.3s
Multiple -pix_fmt options specified for stream 0, only the last option '-pix_fmt yuv420p' will be used.
  rPc6DW4iMge/3446: 33 steps -> 140 frames (9.3s)  568 KB  0.4s
Multiple -pix_fmt options specified for stream 0, only the last option '-pix_fmt yuv420p' will be used.
  rPc6DW4iMge/3473: 56 steps -> 242 frames (16.1s)  1006 KB  0.6s
Multiple -pix_fmt options specified for stream 0, only the last option '-pix_fmt yuv420p' will be used.
  rPc6DW4iMge/3536: 30 steps -> 126 frames (8.3s)  678 KB  0.4s
Multiple -pix_fmt options specified for stream 0, only the last option '-pix_fmt yuv420p' will be used.
  rPc6DW4iMge/3617: 23 steps -> 97 frames (6.4s)  358 KB  0.3s
Multiple -pix_fmt options specified for stream 0, only the last option '-pix_fmt yuv420p' will be used.
  rPc6DW4iMge/3806: 28 steps -> 112 frames (7.4s)  747 KB  0.4s
Multiple -pix_fmt options specified for stream 0, only the last option '-pix_fmt yuv420p' will be used.
  rPc6DW4iMge/4211: 23 steps -> 93 frames (6.1s)  303 KB  0.3s
Multiple -pix_fmt options specified for stream 0, only the last option '-pix_fmt yuv420p' will be used.
  rPc6DW4iMge/4289: 41 steps -> 168 frames (11.1s)  974 KB  0.5s
Multiple -pix_fmt options specified for stream 0, only the last option '-pix_fmt yuv420p' will be used.
  rPc6DW4iMge/4439: 27 steps -> 117 frames (7.7s)  648 KB  0.4s
Multiple -pix_fmt options specified for stream 0, only the last option '-pix_fmt yuv420p' will be used.
  rPc6DW4iMge/4505: 24 steps -> 102 frames (6.7s)  440 KB  0.3s
Multiple -pix_fmt options specified for stream 0, only the last option '-pix_fmt yuv420p' will be used.
  rPc6DW4iMge/457: 55 steps -> 236 frames (15.7s)  1432 KB  0.7s
Multiple -pix_fmt options specified for stream 0, only the last option '-pix_fmt yuv420p' will be used.
  rPc6DW4iMge/4742: 24 steps -> 106 frames (7.0s)  446 KB  0.3s
Multiple -pix_fmt options specified for stream 0, only the last option '-pix_fmt yuv420p' will be used.
  rPc6DW4iMge/4781: 46 steps -> 197 frames (13.1s)  851 KB  0.5s
Multiple -pix_fmt options specified for stream 0, only the last option '-pix_fmt yuv420p' will be used.
  rPc6DW4iMge/4928: 44 steps -> 194 frames (12.9s)  1212 KB  0.5s
Multiple -pix_fmt options specified for stream 0, only the last option '-pix_fmt yuv420p' will be used.
  rPc6DW4iMge/502: 36 steps -> 148 frames (9.8s)  608 KB  0.4s
Multiple -pix_fmt options specified for stream 0, only the last option '-pix_fmt yuv420p' will be used.
  rPc6DW4iMge/5153: 31 steps -> 129 frames (8.5s)  516 KB  0.4s
Multiple -pix_fmt options specified for stream 0, only the last option '-pix_fmt yuv420p' will be used.
  rPc6DW4iMge/5201: 21 steps -> 89 frames (5.9s)  483 KB  0.3s
Multiple -pix_fmt options specified for stream 0, only the last option '-pix_fmt yuv420p' will be used.
  rPc6DW4iMge/5333: 42 steps -> 167 frames (11.1s)  1245 KB  0.5s
Multiple -pix_fmt options specified for stream 0, only the last option '-pix_fmt yuv420p' will be used.
  rPc6DW4iMge/5522: 21 steps -> 89 frames (5.9s)  370 KB  0.3s
Multiple -pix_fmt options specified for stream 0, only the last option '-pix_fmt yuv420p' will be used.
  rPc6DW4iMge/5696: 28 steps -> 107 frames (7.1s)  823 KB  0.4s
Multiple -pix_fmt options specified for stream 0, only the last option '-pix_fmt yuv420p' will be used.
  rPc6DW4iMge/5978: 22 steps -> 93 frames (6.1s)  443 KB  0.3s
Multiple -pix_fmt options specified for stream 0, only the last option '-pix_fmt yuv420p' will be used.
  rPc6DW4iMge/599: 30 steps -> 125 frames (8.3s)  692 KB  0.4s
Multiple -pix_fmt options specified for stream 0, only the last option '-pix_fmt yuv420p' will be used.
  rPc6DW4iMge/6089: 33 steps -> 128 frames (8.5s)  801 KB  0.4s
Multiple -pix_fmt options specified for stream 0, only the last option '-pix_fmt yuv420p' will be used.
  rPc6DW4iMge/6116: 38 steps -> 169 frames (11.2s)  646 KB  0.5s
Multiple -pix_fmt options specified for stream 0, only the last option '-pix_fmt yuv420p' will be used.
  rPc6DW4iMge/6212: 44 steps -> 167 frames (11.1s)  1075 KB  0.5s
Multiple -pix_fmt options specified for stream 0, only the last option '-pix_fmt yuv420p' will be used.
  rPc6DW4iMge/6269: 26 steps -> 104 frames (6.9s)  457 KB  0.3s
Multiple -pix_fmt options specified for stream 0, only the last option '-pix_fmt yuv420p' will be used.
  rPc6DW4iMge/6611: 33 steps -> 138 frames (9.1s)  899 KB  0.4s
Multiple -pix_fmt options specified for stream 0, only the last option '-pix_fmt yuv420p' will be used.
  rPc6DW4iMge/6710: 19 steps -> 73 frames (4.8s)  549 KB  0.3s
Multiple -pix_fmt options specified for stream 0, only the last option '-pix_fmt yuv420p' will be used.
  rPc6DW4iMge/6791: 27 steps -> 108 frames (7.1s)  557 KB  0.3s
Multiple -pix_fmt options specified for stream 0, only the last option '-pix_fmt yuv420p' will be used.
  rPc6DW4iMge/6836: 57 steps -> 241 frames (16.0s)  1580 KB  0.7s
Multiple -pix_fmt options specified for stream 0, only the last option '-pix_fmt yuv420p' will be used.
  rPc6DW4iMge/6860: 22 steps -> 94 frames (6.2s)  613 KB  0.3s
Multiple -pix_fmt options specified for stream 0, only the last option '-pix_fmt yuv420p' will be used.
  rPc6DW4iMge/6953: 18 steps -> 69 frames (4.5s)  364 KB  0.3s
Multiple -pix_fmt options specified for stream 0, only the last option '-pix_fmt yuv420p' will be used.
  rPc6DW4iMge/7118: 27 steps -> 113 frames (7.5s)  722 KB  0.4s
Multiple -pix_fmt options specified for stream 0, only the last option '-pix_fmt yuv420p' will be used.
  rPc6DW4iMge/7250: 54 steps -> 219 frames (14.5s)  1393 KB  0.6s
Multiple -pix_fmt options specified for stream 0, only the last option '-pix_fmt yuv420p' will be used.
  rPc6DW4iMge/7259: 43 steps -> 183 frames (12.1s)  831 KB  0.5s
Multiple -pix_fmt options specified for stream 0, only the last option '-pix_fmt yuv420p' will be used.
  rPc6DW4iMge/73: 25 steps -> 109 frames (7.2s)  341 KB  0.3s
Multiple -pix_fmt options specified for stream 0, only the last option '-pix_fmt yuv420p' will be used.
  rPc6DW4iMge/7334: 29 steps -> 119 frames (7.9s)  564 KB  0.4s
Multiple -pix_fmt options specified for stream 0, only the last option '-pix_fmt yuv420p' will be used.
  rPc6DW4iMge/7607: 22 steps -> 92 frames (6.1s)  421 KB  0.3s
Multiple -pix_fmt options specified for stream 0, only the last option '-pix_fmt yuv420p' will be used.
  rPc6DW4iMge/7673: 39 steps -> 153 frames (10.1s)  700 KB  0.4s
Multiple -pix_fmt options specified for stream 0, only the last option '-pix_fmt yuv420p' will be used.
  rPc6DW4iMge/785: 34 steps -> 152 frames (10.1s)  874 KB  0.4s
Multiple -pix_fmt options specified for stream 0, only the last option '-pix_fmt yuv420p' will be used.
  rPc6DW4iMge/7904: 29 steps -> 121 frames (8.0s)  672 KB  0.4s
Multiple -pix_fmt options specified for stream 0, only the last option '-pix_fmt yuv420p' will be used.
  rPc6DW4iMge/8114: 36 steps -> 154 frames (10.2s)  983 KB  0.5s
Multiple -pix_fmt options specified for stream 0, only the last option '-pix_fmt yuv420p' will be used.
  rPc6DW4iMge/8372: 20 steps -> 84 frames (5.5s)  412 KB  0.3s
Multiple -pix_fmt options specified for stream 0, only the last option '-pix_fmt yuv420p' will be used.
  rPc6DW4iMge/8765: 16 steps -> 68 frames (4.5s)  240 KB  0.3s
Multiple -pix_fmt options specified for stream 0, only the last option '-pix_fmt yuv420p' will be used.
  rPc6DW4iMge/8831: 28 steps -> 112 frames (7.4s)  670 KB  0.3s
Multiple -pix_fmt options specified for stream 0, only the last option '-pix_fmt yuv420p' will be used.
  rPc6DW4iMge/8990: 29 steps -> 123 frames (8.1s)  540 KB  0.4s
Multiple -pix_fmt options specified for stream 0, only the last option '-pix_fmt yuv420p' will be used.
  rPc6DW4iMge/9077: 24 steps -> 108 frames (7.1s)  692 KB  0.3s
Multiple -pix_fmt options specified for stream 0, only the last option '-pix_fmt yuv420p' will be used.
  rPc6DW4iMge/909: 43 steps -> 182 frames (12.1s)  779 KB  0.5s
Multiple -pix_fmt options specified for stream 0, only the last option '-pix_fmt yuv420p' will be used.
  rPc6DW4iMge/9116: 23 steps -> 88 frames (5.8s)  456 KB  0.3s
Multiple -pix_fmt options specified for stream 0, only the last option '-pix_fmt yuv420p' will be used.
  rPc6DW4iMge/9275: 22 steps -> 94 frames (6.2s)  255 KB  0.3s
Multiple -pix_fmt options specified for stream 0, only the last option '-pix_fmt yuv420p' will be used.
  rPc6DW4iMge/9290: 33 steps -> 142 frames (9.4s)  476 KB  0.5s
Multiple -pix_fmt options specified for stream 0, only the last option '-pix_fmt yuv420p' will be used.
  rPc6DW4iMge/9509: 52 steps -> 221 frames (14.7s)  1054 KB  0.6s
Multiple -pix_fmt options specified for stream 0, only the last option '-pix_fmt yuv420p' will be used.
  rPc6DW4iMge/9938: 40 steps -> 170 frames (11.3s)  660 KB  0.5s
Renderer: NVIDIA GeForce RTX 4070 Ti SUPER/PCIe/SSE2 by NVIDIA Corporation
OpenGL version: 4.6.0 NVIDIA 580.173.02
Using optional features:
    GL_ARB_vertex_array_object
    GL_ARB_separate_shader_objects
    GL_ARB_robustness
    GL_ARB_texture_storage
    GL_ARB_texture_view
    GL_ARB_framebuffer_no_attachments
    GL_ARB_invalidate_subdata
    GL_ARB_texture_storage_multisample
    GL_ARB_multi_bind
    GL_ARB_direct_state_access
    GL_ARB_get_texture_sub_image
    GL_ARB_texture_filter_anisotropic
    GL_KHR_debug
    GL_KHR_parallel_shader_compile
    GL_NV_depth_buffer_float
Using driver workarounds:
    no-forward-compatible-core-context
    nv-egl-incorrect-gl11-function-pointers
    no-layout-qualifiers-on-old-glsl
    nv-zero-context-profile-mask
    nv-implementation-color-read-format-dsa-broken
    nv-cubemap-inconsistent-compressed-image-size
    nv-cubemap-broken-full-compressed-image-query
    nv-compressed-block-size-in-bits
[17:12:24:077698]:[Warning]:[Metadata] SceneDatasetAttributes.cpp(107)::addNewSceneInstanceToDataset : Dataset : 'default' : Lighting Layout Attributes 'no_lights' specified in Scene Attributes but does not exist in dataset, so creating default.
Multiple -pix_fmt options specified for stream 0, only the last option '-pix_fmt yuv420p' will be used.
  s8pcmisQ38h/10097: 47 steps -> 194 frames (12.9s)  991 KB  0.7s
Multiple -pix_fmt options specified for stream 0, only the last option '-pix_fmt yuv420p' will be used.
  s8pcmisQ38h/10193: 45 steps -> 191 frames (12.7s)  1005 KB  0.5s
Multiple -pix_fmt options specified for stream 0, only the last option '-pix_fmt yuv420p' will be used.
  s8pcmisQ38h/10736: 31 steps -> 129 frames (8.5s)  796 KB  0.4s
Multiple -pix_fmt options specified for stream 0, only the last option '-pix_fmt yuv420p' will be used.
  s8pcmisQ38h/10769: 27 steps -> 113 frames (7.5s)  475 KB  0.3s
Multiple -pix_fmt options specified for stream 0, only the last option '-pix_fmt yuv420p' will be used.
  s8pcmisQ38h/1183: 48 steps -> 198 frames (13.1s)  1007 KB  0.5s
Multiple -pix_fmt options specified for stream 0, only the last option '-pix_fmt yuv420p' will be used.
  s8pcmisQ38h/1676: 45 steps -> 187 frames (12.4s)  945 KB  0.5s
Multiple -pix_fmt options specified for stream 0, only the last option '-pix_fmt yuv420p' will be used.
  s8pcmisQ38h/1781: 60 steps -> 252 frames (16.7s)  1138 KB  0.6s
Multiple -pix_fmt options specified for stream 0, only the last option '-pix_fmt yuv420p' will be used.
  s8pcmisQ38h/1901: 41 steps -> 169 frames (11.2s)  916 KB  0.5s
Multiple -pix_fmt options specified for stream 0, only the last option '-pix_fmt yuv420p' will be used.
  s8pcmisQ38h/2642: 53 steps -> 219 frames (14.5s)  1891 KB  0.6s
Multiple -pix_fmt options specified for stream 0, only the last option '-pix_fmt yuv420p' will be used.
  s8pcmisQ38h/2759: 22 steps -> 92 frames (6.1s)  941 KB  0.3s
Multiple -pix_fmt options specified for stream 0, only the last option '-pix_fmt yuv420p' will be used.
  s8pcmisQ38h/2846: 46 steps -> 194 frames (12.9s)  891 KB  0.5s
Multiple -pix_fmt options specified for stream 0, only the last option '-pix_fmt yuv420p' will be used.
  s8pcmisQ38h/2945: 24 steps -> 102 frames (6.7s)  661 KB  0.3s
Multiple -pix_fmt options specified for stream 0, only the last option '-pix_fmt yuv420p' will be used.
  s8pcmisQ38h/3404: 58 steps -> 240 frames (15.9s)  1222 KB  0.6s
Multiple -pix_fmt options specified for stream 0, only the last option '-pix_fmt yuv420p' will be used.
  s8pcmisQ38h/4052: 44 steps -> 182 frames (12.1s)  871 KB  0.5s
Multiple -pix_fmt options specified for stream 0, only the last option '-pix_fmt yuv420p' will be used.
  s8pcmisQ38h/4232: 118 steps -> 488 frames (32.5s)  5182 KB  1.2s
Multiple -pix_fmt options specified for stream 0, only the last option '-pix_fmt yuv420p' will be used.
  s8pcmisQ38h/4475: 36 steps -> 148 frames (9.8s)  1188 KB  0.4s
Multiple -pix_fmt options specified for stream 0, only the last option '-pix_fmt yuv420p' will be used.
  s8pcmisQ38h/5105: 44 steps -> 192 frames (12.7s)  959 KB  0.5s
Multiple -pix_fmt options specified for stream 0, only the last option '-pix_fmt yuv420p' will be used.
  s8pcmisQ38h/5108: 51 steps -> 223 frames (14.8s)  2319 KB  0.6s
Multiple -pix_fmt options specified for stream 0, only the last option '-pix_fmt yuv420p' will be used.
  s8pcmisQ38h/5489: 60 steps -> 249 frames (16.5s)  1161 KB  0.6s
Multiple -pix_fmt options specified for stream 0, only the last option '-pix_fmt yuv420p' will be used.
  s8pcmisQ38h/5540: 29 steps -> 126 frames (8.3s)  1386 KB  0.4s
Multiple -pix_fmt options specified for stream 0, only the last option '-pix_fmt yuv420p' will be used.
  s8pcmisQ38h/593: 25 steps -> 107 frames (7.1s)  425 KB  0.3s
Multiple -pix_fmt options specified for stream 0, only the last option '-pix_fmt yuv420p' will be used.
  s8pcmisQ38h/6242: 28 steps -> 117 frames (7.7s)  729 KB  0.4s
Multiple -pix_fmt options specified for stream 0, only the last option '-pix_fmt yuv420p' will be used.
  s8pcmisQ38h/6800: 49 steps -> 203 frames (13.5s)  967 KB  0.6s
Multiple -pix_fmt options specified for stream 0, only the last option '-pix_fmt yuv420p' will be used.
  s8pcmisQ38h/7565: 46 steps -> 193 frames (12.8s)  978 KB  0.5s
Multiple -pix_fmt options specified for stream 0, only the last option '-pix_fmt yuv420p' will be used.
  s8pcmisQ38h/8987: 38 steps -> 159 frames (10.5s)  1130 KB  0.5s
Multiple -pix_fmt options specified for stream 0, only the last option '-pix_fmt yuv420p' will be used.
  s8pcmisQ38h/9263: 71 steps -> 296 frames (19.7s)  1468 KB  0.7s
Multiple -pix_fmt options specified for stream 0, only the last option '-pix_fmt yuv420p' will be used.
  s8pcmisQ38h/9527: 61 steps -> 253 frames (16.8s)  1182 KB  0.6s
Multiple -pix_fmt options specified for stream 0, only the last option '-pix_fmt yuv420p' will be used.
  s8pcmisQ38h/9929: 55 steps -> 234 frames (15.5s)  1047 KB  0.6s
Renderer: NVIDIA GeForce RTX 4070 Ti SUPER/PCIe/SSE2 by NVIDIA Corporation
OpenGL version: 4.6.0 NVIDIA 580.173.02
Using optional features:
    GL_ARB_vertex_array_object
    GL_ARB_separate_shader_objects
    GL_ARB_robustness
    GL_ARB_texture_storage
    GL_ARB_texture_view
    GL_ARB_framebuffer_no_attachments
    GL_ARB_invalidate_subdata
    GL_ARB_texture_storage_multisample
    GL_ARB_multi_bind
    GL_ARB_direct_state_access
    GL_ARB_get_texture_sub_image
    GL_ARB_texture_filter_anisotropic
    GL_KHR_debug
    GL_KHR_parallel_shader_compile
    GL_NV_depth_buffer_float
Using driver workarounds:
    no-forward-compatible-core-context
    nv-egl-incorrect-gl11-function-pointers
    no-layout-qualifiers-on-old-glsl
    nv-zero-context-profile-mask
    nv-implementation-color-read-format-dsa-broken
    nv-cubemap-inconsistent-compressed-image-size
    nv-cubemap-broken-full-compressed-image-query
    nv-compressed-block-size-in-bits
[17:12:41:909373]:[Warning]:[Metadata] SceneDatasetAttributes.cpp(107)::addNewSceneInstanceToDataset : Dataset : 'default' : Lighting Layout Attributes 'no_lights' specified in Scene Attributes but does not exist in dataset, so creating default.
Multiple -pix_fmt options specified for stream 0, only the last option '-pix_fmt yuv420p' will be used.
  sKLMLpTHeUy/10061: 34 steps -> 142 frames (9.4s)  553 KB  0.6s
Multiple -pix_fmt options specified for stream 0, only the last option '-pix_fmt yuv420p' will be used.
  sKLMLpTHeUy/10115: 17 steps -> 69 frames (4.5s)  329 KB  0.3s
Multiple -pix_fmt options specified for stream 0, only the last option '-pix_fmt yuv420p' will be used.
  sKLMLpTHeUy/10142: 26 steps -> 107 frames (7.1s)  660 KB  0.4s
Multiple -pix_fmt options specified for stream 0, only the last option '-pix_fmt yuv420p' will be used.
  sKLMLpTHeUy/10175: 21 steps -> 87 frames (5.7s)  589 KB  0.3s
Multiple -pix_fmt options specified for stream 0, only the last option '-pix_fmt yuv420p' will be used.
  sKLMLpTHeUy/10259: 18 steps -> 80 frames (5.3s)  583 KB  0.3s
Multiple -pix_fmt options specified for stream 0, only the last option '-pix_fmt yuv420p' will be used.
  sKLMLpTHeUy/10520: 24 steps -> 98 frames (6.5s)  659 KB  0.3s
Multiple -pix_fmt options specified for stream 0, only the last option '-pix_fmt yuv420p' will be used.
  sKLMLpTHeUy/10643: 46 steps -> 184 frames (12.2s)  886 KB  0.5s
Multiple -pix_fmt options specified for stream 0, only the last option '-pix_fmt yuv420p' will be used.
  sKLMLpTHeUy/10697: 42 steps -> 166 frames (11.0s)  1232 KB  0.5s
Multiple -pix_fmt options specified for stream 0, only the last option '-pix_fmt yuv420p' will be used.
  sKLMLpTHeUy/1180: 43 steps -> 181 frames (12.0s)  1384 KB  0.5s
Multiple -pix_fmt options specified for stream 0, only the last option '-pix_fmt yuv420p' will be used.
  sKLMLpTHeUy/1349: 20 steps -> 81 frames (5.3s)  565 KB  0.3s
Multiple -pix_fmt options specified for stream 0, only the last option '-pix_fmt yuv420p' will be used.
  sKLMLpTHeUy/1397: 35 steps -> 151 frames (10.0s)  1511 KB  0.5s
Multiple -pix_fmt options specified for stream 0, only the last option '-pix_fmt yuv420p' will be used.
  sKLMLpTHeUy/1601: 41 steps -> 178 frames (11.8s)  643 KB  0.4s
Multiple -pix_fmt options specified for stream 0, only the last option '-pix_fmt yuv420p' will be used.
  sKLMLpTHeUy/1652: 24 steps -> 99 frames (6.5s)  404 KB  0.3s
Multiple -pix_fmt options specified for stream 0, only the last option '-pix_fmt yuv420p' will be used.
  sKLMLpTHeUy/1730: 32 steps -> 133 frames (8.8s)  890 KB  0.4s
Multiple -pix_fmt options specified for stream 0, only the last option '-pix_fmt yuv420p' will be used.
  sKLMLpTHeUy/1751: 26 steps -> 116 frames (7.7s)  446 KB  0.4s
Multiple -pix_fmt options specified for stream 0, only the last option '-pix_fmt yuv420p' will be used.
  sKLMLpTHeUy/1877: 40 steps -> 170 frames (11.3s)  1154 KB  0.5s
Multiple -pix_fmt options specified for stream 0, only the last option '-pix_fmt yuv420p' will be used.
  sKLMLpTHeUy/1898: 34 steps -> 148 frames (9.8s)  1209 KB  0.4s
Multiple -pix_fmt options specified for stream 0, only the last option '-pix_fmt yuv420p' will be used.
  sKLMLpTHeUy/2069: 48 steps -> 202 frames (13.4s)  760 KB  0.5s
Multiple -pix_fmt options specified for stream 0, only the last option '-pix_fmt yuv420p' will be used.
  sKLMLpTHeUy/2150: 28 steps -> 114 frames (7.5s)  824 KB  0.4s
Multiple -pix_fmt options specified for stream 0, only the last option '-pix_fmt yuv420p' will be used.
  sKLMLpTHeUy/2192: 36 steps -> 160 frames (10.6s)  963 KB  0.4s
Multiple -pix_fmt options specified for stream 0, only the last option '-pix_fmt yuv420p' will be used.
  sKLMLpTHeUy/223: 31 steps -> 127 frames (8.4s)  659 KB  0.3s
Multiple -pix_fmt options specified for stream 0, only the last option '-pix_fmt yuv420p' will be used.
  sKLMLpTHeUy/2261: 21 steps -> 88 frames (5.8s)  633 KB  0.3s
Multiple -pix_fmt options specified for stream 0, only the last option '-pix_fmt yuv420p' will be used.
  sKLMLpTHeUy/2279: 25 steps -> 103 frames (6.8s)  547 KB  0.4s
Multiple -pix_fmt options specified for stream 0, only the last option '-pix_fmt yuv420p' will be used.
  sKLMLpTHeUy/2303: 54 steps -> 214 frames (14.2s)  1794 KB  0.6s
Multiple -pix_fmt options specified for stream 0, only the last option '-pix_fmt yuv420p' will be used.
  sKLMLpTHeUy/2420: 34 steps -> 146 frames (9.7s)  624 KB  0.4s
Multiple -pix_fmt options specified for stream 0, only the last option '-pix_fmt yuv420p' will be used.
  sKLMLpTHeUy/2564: 18 steps -> 72 frames (4.7s)  340 KB  0.3s
Multiple -pix_fmt options specified for stream 0, only the last option '-pix_fmt yuv420p' will be used.
  sKLMLpTHeUy/2567: 40 steps -> 169 frames (11.2s)  1174 KB  0.5s
Multiple -pix_fmt options specified for stream 0, only the last option '-pix_fmt yuv420p' will be used.
  sKLMLpTHeUy/2702: 42 steps -> 183 frames (12.1s)  1264 KB  0.5s
Multiple -pix_fmt options specified for stream 0, only the last option '-pix_fmt yuv420p' will be used.
  sKLMLpTHeUy/2786: 37 steps -> 149 frames (9.9s)  1058 KB  0.4s
Multiple -pix_fmt options specified for stream 0, only the last option '-pix_fmt yuv420p' will be used.
  sKLMLpTHeUy/2918: 27 steps -> 108 frames (7.1s)  886 KB  0.4s
Multiple -pix_fmt options specified for stream 0, only the last option '-pix_fmt yuv420p' will be used.
  sKLMLpTHeUy/293: 28 steps -> 112 frames (7.4s)  813 KB  0.3s
Multiple -pix_fmt options specified for stream 0, only the last option '-pix_fmt yuv420p' will be used.
  sKLMLpTHeUy/3017: 22 steps -> 87 frames (5.7s)  701 KB  0.3s
Multiple -pix_fmt options specified for stream 0, only the last option '-pix_fmt yuv420p' will be used.
  sKLMLpTHeUy/3095: 38 steps -> 155 frames (10.3s)  776 KB  0.5s
Multiple -pix_fmt options specified for stream 0, only the last option '-pix_fmt yuv420p' will be used.
  sKLMLpTHeUy/3200: 31 steps -> 125 frames (8.3s)  712 KB  0.4s
Multiple -pix_fmt options specified for stream 0, only the last option '-pix_fmt yuv420p' will be used.
  sKLMLpTHeUy/3278: 23 steps -> 89 frames (5.9s)  561 KB  0.3s
Multiple -pix_fmt options specified for stream 0, only the last option '-pix_fmt yuv420p' will be used.
  sKLMLpTHeUy/3578: 35 steps -> 157 frames (10.4s)  724 KB  0.4s
Multiple -pix_fmt options specified for stream 0, only the last option '-pix_fmt yuv420p' will be used.
  sKLMLpTHeUy/370: 26 steps -> 110 frames (7.3s)  1134 KB  0.4s
Multiple -pix_fmt options specified for stream 0, only the last option '-pix_fmt yuv420p' will be used.
  sKLMLpTHeUy/388: 30 steps -> 123 frames (8.1s)  625 KB  0.4s
Multiple -pix_fmt options specified for stream 0, only the last option '-pix_fmt yuv420p' will be used.
  sKLMLpTHeUy/3893: 30 steps -> 122 frames (8.1s)  527 KB  0.4s
Multiple -pix_fmt options specified for stream 0, only the last option '-pix_fmt yuv420p' will be used.
  sKLMLpTHeUy/418: 53 steps -> 223 frames (14.8s)  993 KB  0.5s
Multiple -pix_fmt options specified for stream 0, only the last option '-pix_fmt yuv420p' will be used.
  sKLMLpTHeUy/424: 42 steps -> 173 frames (11.5s)  1226 KB  0.5s
Multiple -pix_fmt options specified for stream 0, only the last option '-pix_fmt yuv420p' will be used.
  sKLMLpTHeUy/4727: 28 steps -> 117 frames (7.7s)  682 KB  0.4s
Multiple -pix_fmt options specified for stream 0, only the last option '-pix_fmt yuv420p' will be used.
  sKLMLpTHeUy/4904: 33 steps -> 136 frames (9.0s)  606 KB  0.4s
Multiple -pix_fmt options specified for stream 0, only the last option '-pix_fmt yuv420p' will be used.
  sKLMLpTHeUy/5033: 47 steps -> 205 frames (13.6s)  1423 KB  0.5s
Multiple -pix_fmt options specified for stream 0, only the last option '-pix_fmt yuv420p' will be used.
  sKLMLpTHeUy/5345: 40 steps -> 158 frames (10.5s)  1252 KB  0.5s
Multiple -pix_fmt options specified for stream 0, only the last option '-pix_fmt yuv420p' will be used.
  sKLMLpTHeUy/5558: 30 steps -> 121 frames (8.0s)  1006 KB  0.4s
Multiple -pix_fmt options specified for stream 0, only the last option '-pix_fmt yuv420p' will be used.
  sKLMLpTHeUy/5621: 33 steps -> 143 frames (9.5s)  1386 KB  0.4s
Multiple -pix_fmt options specified for stream 0, only the last option '-pix_fmt yuv420p' will be used.
  sKLMLpTHeUy/5873: 43 steps -> 181 frames (12.0s)  649 KB  0.5s
Multiple -pix_fmt options specified for stream 0, only the last option '-pix_fmt yuv420p' will be used.
  sKLMLpTHeUy/5990: 38 steps -> 163 frames (10.8s)  721 KB  0.5s
Multiple -pix_fmt options specified for stream 0, only the last option '-pix_fmt yuv420p' will be used.
  sKLMLpTHeUy/6113: 35 steps -> 143 frames (9.5s)  566 KB  0.4s
Multiple -pix_fmt options specified for stream 0, only the last option '-pix_fmt yuv420p' will be used.
  sKLMLpTHeUy/6164: 49 steps -> 200 frames (13.3s)  1075 KB  0.5s
Multiple -pix_fmt options specified for stream 0, only the last option '-pix_fmt yuv420p' will be used.
  sKLMLpTHeUy/620: 30 steps -> 119 frames (7.9s)  852 KB  0.4s
Multiple -pix_fmt options specified for stream 0, only the last option '-pix_fmt yuv420p' will be used.
  sKLMLpTHeUy/6452: 27 steps -> 111 frames (7.3s)  413 KB  0.4s
Multiple -pix_fmt options specified for stream 0, only the last option '-pix_fmt yuv420p' will be used.
  sKLMLpTHeUy/6467: 36 steps -> 146 frames (9.7s)  1042 KB  0.4s
Multiple -pix_fmt options specified for stream 0, only the last option '-pix_fmt yuv420p' will be used.
  sKLMLpTHeUy/6539: 31 steps -> 118 frames (7.8s)  698 KB  0.4s
Multiple -pix_fmt options specified for stream 0, only the last option '-pix_fmt yuv420p' will be used.
  sKLMLpTHeUy/6557: 22 steps -> 87 frames (5.7s)  538 KB  0.3s
Multiple -pix_fmt options specified for stream 0, only the last option '-pix_fmt yuv420p' will be used.
  sKLMLpTHeUy/6560: 48 steps -> 198 frames (13.1s)  1512 KB  0.6s
Multiple -pix_fmt options specified for stream 0, only the last option '-pix_fmt yuv420p' will be used.
  sKLMLpTHeUy/668: 41 steps -> 169 frames (11.2s)  631 KB  0.5s
Multiple -pix_fmt options specified for stream 0, only the last option '-pix_fmt yuv420p' will be used.
  sKLMLpTHeUy/683: 47 steps -> 186 frames (12.3s)  1848 KB  0.5s
Multiple -pix_fmt options specified for stream 0, only the last option '-pix_fmt yuv420p' will be used.
  sKLMLpTHeUy/6986: 24 steps -> 99 frames (6.5s)  378 KB  0.3s
Multiple -pix_fmt options specified for stream 0, only the last option '-pix_fmt yuv420p' will be used.
  sKLMLpTHeUy/7007: 38 steps -> 163 frames (10.8s)  1290 KB  0.5s
Multiple -pix_fmt options specified for stream 0, only the last option '-pix_fmt yuv420p' will be used.
  sKLMLpTHeUy/7052: 31 steps -> 133 frames (8.8s)  1129 KB  0.4s
Multiple -pix_fmt options specified for stream 0, only the last option '-pix_fmt yuv420p' will be used.
  sKLMLpTHeUy/7115: 23 steps -> 91 frames (6.0s)  711 KB  0.3s
Multiple -pix_fmt options specified for stream 0, only the last option '-pix_fmt yuv420p' will be used.
  sKLMLpTHeUy/7679: 41 steps -> 173 frames (11.5s)  927 KB  0.5s
Multiple -pix_fmt options specified for stream 0, only the last option '-pix_fmt yuv420p' will be used.
  sKLMLpTHeUy/7778: 26 steps -> 104 frames (6.9s)  764 KB  0.4s
Multiple -pix_fmt options specified for stream 0, only the last option '-pix_fmt yuv420p' will be used.
  sKLMLpTHeUy/8138: 25 steps -> 104 frames (6.9s)  690 KB  0.4s
Multiple -pix_fmt options specified for stream 0, only the last option '-pix_fmt yuv420p' will be used.
  sKLMLpTHeUy/8153: 41 steps -> 161 frames (10.7s)  1242 KB  0.5s
Multiple -pix_fmt options specified for stream 0, only the last option '-pix_fmt yuv420p' will be used.
  sKLMLpTHeUy/8417: 19 steps -> 77 frames (5.1s)  477 KB  0.3s
Multiple -pix_fmt options specified for stream 0, only the last option '-pix_fmt yuv420p' will be used.
  sKLMLpTHeUy/8537: 15 steps -> 63 frames (4.1s)  246 KB  0.3s
Multiple -pix_fmt options specified for stream 0, only the last option '-pix_fmt yuv420p' will be used.
  sKLMLpTHeUy/8630: 37 steps -> 158 frames (10.5s)  556 KB  0.5s
Multiple -pix_fmt options specified for stream 0, only the last option '-pix_fmt yuv420p' will be used.
  sKLMLpTHeUy/8792: 68 steps -> 276 frames (18.3s)  1710 KB  0.6s
Multiple -pix_fmt options specified for stream 0, only the last option '-pix_fmt yuv420p' will be used.
  sKLMLpTHeUy/891: 31 steps -> 127 frames (8.4s)  535 KB  0.4s
Multiple -pix_fmt options specified for stream 0, only the last option '-pix_fmt yuv420p' will be used.
  sKLMLpTHeUy/9092: 35 steps -> 144 frames (9.5s)  905 KB  0.4s
Multiple -pix_fmt options specified for stream 0, only the last option '-pix_fmt yuv420p' will be used.
  sKLMLpTHeUy/9314: 45 steps -> 181 frames (12.0s)  1437 KB  0.5s
Multiple -pix_fmt options specified for stream 0, only the last option '-pix_fmt yuv420p' will be used.
  sKLMLpTHeUy/9608: 29 steps -> 118 frames (7.8s)  498 KB  0.4s
Multiple -pix_fmt options specified for stream 0, only the last option '-pix_fmt yuv420p' will be used.
  sKLMLpTHeUy/9671: 45 steps -> 181 frames (12.0s)  730 KB  0.5s
Multiple -pix_fmt options specified for stream 0, only the last option '-pix_fmt yuv420p' will be used.
  sKLMLpTHeUy/9806: 34 steps -> 144 frames (9.5s)  1171 KB  0.4s
Multiple -pix_fmt options specified for stream 0, only the last option '-pix_fmt yuv420p' will be used.
  sKLMLpTHeUy/9812: 49 steps -> 205 frames (13.6s)  846 KB  0.5s
Multiple -pix_fmt options specified for stream 0, only the last option '-pix_fmt yuv420p' will be used.
  sKLMLpTHeUy/9986: 40 steps -> 161 frames (10.7s)  1128 KB  0.5s
Renderer: NVIDIA GeForce RTX 4070 Ti SUPER/PCIe/SSE2 by NVIDIA Corporation
OpenGL version: 4.6.0 NVIDIA 580.173.02
Using optional features:
    GL_ARB_vertex_array_object
    GL_ARB_separate_shader_objects
    GL_ARB_robustness
    GL_ARB_texture_storage
    GL_ARB_texture_view
    GL_ARB_framebuffer_no_attachments
    GL_ARB_invalidate_subdata
    GL_ARB_texture_storage_multisample
    GL_ARB_multi_bind
    GL_ARB_direct_state_access
    GL_ARB_get_texture_sub_image
    GL_ARB_texture_filter_anisotropic
    GL_KHR_debug
    GL_KHR_parallel_shader_compile
    GL_NV_depth_buffer_float
Using driver workarounds:
    no-forward-compatible-core-context
    nv-egl-incorrect-gl11-function-pointers
    no-layout-qualifiers-on-old-glsl
    nv-zero-context-profile-mask
    nv-implementation-color-read-format-dsa-broken
    nv-cubemap-inconsistent-compressed-image-size
    nv-cubemap-broken-full-compressed-image-query
    nv-compressed-block-size-in-bits
[17:13:18:553449]:[Warning]:[Metadata] SceneDatasetAttributes.cpp(107)::addNewSceneInstanceToDataset : Dataset : 'default' : Lighting Layout Attributes 'no_lights' specified in Scene Attributes but does not exist in dataset, so creating default.
Multiple -pix_fmt options specified for stream 0, only the last option '-pix_fmt yuv420p' will be used.
  sT4fr6TAbpF/10001: 44 steps -> 179 frames (11.9s)  805 KB  0.7s
Multiple -pix_fmt options specified for stream 0, only the last option '-pix_fmt yuv420p' will be used.
  sT4fr6TAbpF/10019: 49 steps -> 205 frames (13.6s)  1291 KB  0.6s
Multiple -pix_fmt options specified for stream 0, only the last option '-pix_fmt yuv420p' will be used.
  sT4fr6TAbpF/10118: 62 steps -> 249 frames (16.5s)  1474 KB  0.6s
Multiple -pix_fmt options specified for stream 0, only the last option '-pix_fmt yuv420p' will be used.
  sT4fr6TAbpF/10274: 36 steps -> 153 frames (10.1s)  692 KB  0.4s
Multiple -pix_fmt options specified for stream 0, only the last option '-pix_fmt yuv420p' will be used.
  sT4fr6TAbpF/10454: 36 steps -> 147 frames (9.7s)  695 KB  0.4s
Multiple -pix_fmt options specified for stream 0, only the last option '-pix_fmt yuv420p' will be used.
  sT4fr6TAbpF/10469: 43 steps -> 181 frames (12.0s)  877 KB  0.5s
Multiple -pix_fmt options specified for stream 0, only the last option '-pix_fmt yuv420p' will be used.
  sT4fr6TAbpF/10517: 32 steps -> 134 frames (8.9s)  636 KB  0.4s
Multiple -pix_fmt options specified for stream 0, only the last option '-pix_fmt yuv420p' will be used.
  sT4fr6TAbpF/10745: 29 steps -> 117 frames (7.7s)  777 KB  0.3s
Multiple -pix_fmt options specified for stream 0, only the last option '-pix_fmt yuv420p' will be used.
  sT4fr6TAbpF/1233: 20 steps -> 77 frames (5.1s)  386 KB  0.3s
Multiple -pix_fmt options specified for stream 0, only the last option '-pix_fmt yuv420p' will be used.
  sT4fr6TAbpF/1294: 24 steps -> 101 frames (6.7s)  757 KB  0.4s
Multiple -pix_fmt options specified for stream 0, only the last option '-pix_fmt yuv420p' will be used.
  sT4fr6TAbpF/1421: 20 steps -> 82 frames (5.4s)  657 KB  0.3s
Multiple -pix_fmt options specified for stream 0, only the last option '-pix_fmt yuv420p' will be used.
  sT4fr6TAbpF/1502: 55 steps -> 224 frames (14.9s)  1090 KB  0.6s
Multiple -pix_fmt options specified for stream 0, only the last option '-pix_fmt yuv420p' will be used.
  sT4fr6TAbpF/163: 65 steps -> 274 frames (18.2s)  1735 KB  0.6s
Multiple -pix_fmt options specified for stream 0, only the last option '-pix_fmt yuv420p' will be used.
  sT4fr6TAbpF/166: 37 steps -> 151 frames (10.0s)  605 KB  0.4s
Multiple -pix_fmt options specified for stream 0, only the last option '-pix_fmt yuv420p' will be used.
  sT4fr6TAbpF/1769: 31 steps -> 120 frames (7.9s)  501 KB  0.4s
Multiple -pix_fmt options specified for stream 0, only the last option '-pix_fmt yuv420p' will be used.
  sT4fr6TAbpF/1874: 14 steps -> 52 frames (3.4s)  252 KB  0.3s
Multiple -pix_fmt options specified for stream 0, only the last option '-pix_fmt yuv420p' will be used.
  sT4fr6TAbpF/1994: 40 steps -> 167 frames (11.1s)  1305 KB  0.4s
Multiple -pix_fmt options specified for stream 0, only the last option '-pix_fmt yuv420p' will be used.
  sT4fr6TAbpF/2201: 40 steps -> 162 frames (10.7s)  773 KB  0.5s
Multiple -pix_fmt options specified for stream 0, only the last option '-pix_fmt yuv420p' will be used.
  sT4fr6TAbpF/2267: 11 steps -> 38 frames (2.5s)  162 KB  0.2s
Multiple -pix_fmt options specified for stream 0, only the last option '-pix_fmt yuv420p' will be used.
  sT4fr6TAbpF/2372: 39 steps -> 153 frames (10.1s)  1014 KB  0.4s
Multiple -pix_fmt options specified for stream 0, only the last option '-pix_fmt yuv420p' will be used.
  sT4fr6TAbpF/241: 32 steps -> 126 frames (8.3s)  796 KB  0.4s
Multiple -pix_fmt options specified for stream 0, only the last option '-pix_fmt yuv420p' will be used.
  sT4fr6TAbpF/259: 66 steps -> 270 frames (17.9s)  1648 KB  0.7s
Multiple -pix_fmt options specified for stream 0, only the last option '-pix_fmt yuv420p' will be used.
  sT4fr6TAbpF/2810: 20 steps -> 77 frames (5.1s)  596 KB  0.3s
Multiple -pix_fmt options specified for stream 0, only the last option '-pix_fmt yuv420p' will be used.
  sT4fr6TAbpF/2924: 31 steps -> 123 frames (8.1s)  700 KB  0.4s
Multiple -pix_fmt options specified for stream 0, only the last option '-pix_fmt yuv420p' will be used.
  sT4fr6TAbpF/2930: 16 steps -> 63 frames (4.1s)  304 KB  0.3s
Multiple -pix_fmt options specified for stream 0, only the last option '-pix_fmt yuv420p' will be used.
  sT4fr6TAbpF/3104: 20 steps -> 82 frames (5.4s)  318 KB  0.3s
Multiple -pix_fmt options specified for stream 0, only the last option '-pix_fmt yuv420p' will be used.
  sT4fr6TAbpF/3197: 40 steps -> 168 frames (11.1s)  651 KB  0.5s
Multiple -pix_fmt options specified for stream 0, only the last option '-pix_fmt yuv420p' will be used.
  sT4fr6TAbpF/3452: 15 steps -> 55 frames (3.6s)  369 KB  0.3s
Multiple -pix_fmt options specified for stream 0, only the last option '-pix_fmt yuv420p' will be used.
  sT4fr6TAbpF/3710: 29 steps -> 123 frames (8.1s)  776 KB  0.4s
Multiple -pix_fmt options specified for stream 0, only the last option '-pix_fmt yuv420p' will be used.
  sT4fr6TAbpF/3764: 51 steps -> 219 frames (14.5s)  1630 KB  0.6s
Multiple -pix_fmt options specified for stream 0, only the last option '-pix_fmt yuv420p' will be used.
  sT4fr6TAbpF/3962: 44 steps -> 182 frames (12.1s)  1232 KB  0.5s
Multiple -pix_fmt options specified for stream 0, only the last option '-pix_fmt yuv420p' will be used.
  sT4fr6TAbpF/3974: 30 steps -> 119 frames (7.9s)  732 KB  0.4s
Multiple -pix_fmt options specified for stream 0, only the last option '-pix_fmt yuv420p' will be used.
  sT4fr6TAbpF/4007: 33 steps -> 131 frames (8.7s)  706 KB  0.4s
Multiple -pix_fmt options specified for stream 0, only the last option '-pix_fmt yuv420p' will be used.
  sT4fr6TAbpF/4079: 27 steps -> 103 frames (6.8s)  705 KB  0.4s
Multiple -pix_fmt options specified for stream 0, only the last option '-pix_fmt yuv420p' will be used.
  sT4fr6TAbpF/4256: 48 steps -> 200 frames (13.3s)  1417 KB  0.6s
Multiple -pix_fmt options specified for stream 0, only the last option '-pix_fmt yuv420p' will be used.
  sT4fr6TAbpF/4472: 36 steps -> 143 frames (9.5s)  781 KB  0.4s
Multiple -pix_fmt options specified for stream 0, only the last option '-pix_fmt yuv420p' will be used.
  sT4fr6TAbpF/4565: 51 steps -> 203 frames (13.5s)  1290 KB  0.5s
Multiple -pix_fmt options specified for stream 0, only the last option '-pix_fmt yuv420p' will be used.
  sT4fr6TAbpF/4670: 43 steps -> 177 frames (11.7s)  1120 KB  0.5s
Multiple -pix_fmt options specified for stream 0, only the last option '-pix_fmt yuv420p' will be used.
  sT4fr6TAbpF/4709: 36 steps -> 142 frames (9.4s)  746 KB  0.4s
Multiple -pix_fmt options specified for stream 0, only the last option '-pix_fmt yuv420p' will be used.
  sT4fr6TAbpF/4778: 50 steps -> 207 frames (13.7s)  1166 KB  0.6s
Multiple -pix_fmt options specified for stream 0, only the last option '-pix_fmt yuv420p' will be used.
  sT4fr6TAbpF/4820: 32 steps -> 122 frames (8.1s)  556 KB  0.4s
Multiple -pix_fmt options specified for stream 0, only the last option '-pix_fmt yuv420p' will be used.
  sT4fr6TAbpF/4952: 24 steps -> 94 frames (6.2s)  544 KB  0.3s
Multiple -pix_fmt options specified for stream 0, only the last option '-pix_fmt yuv420p' will be used.
  sT4fr6TAbpF/4985: 44 steps -> 179 frames (11.9s)  1290 KB  0.5s
Multiple -pix_fmt options specified for stream 0, only the last option '-pix_fmt yuv420p' will be used.
  sT4fr6TAbpF/5096: 26 steps -> 102 frames (6.7s)  773 KB  0.4s
Multiple -pix_fmt options specified for stream 0, only the last option '-pix_fmt yuv420p' will be used.
  sT4fr6TAbpF/5171: 25 steps -> 104 frames (6.9s)  952 KB  0.4s
Multiple -pix_fmt options specified for stream 0, only the last option '-pix_fmt yuv420p' will be used.
  sT4fr6TAbpF/5327: 67 steps -> 286 frames (19.0s)  1964 KB  0.8s
Multiple -pix_fmt options specified for stream 0, only the last option '-pix_fmt yuv420p' will be used.
  sT4fr6TAbpF/5444: 57 steps -> 239 frames (15.9s)  1734 KB  0.6s
Multiple -pix_fmt options specified for stream 0, only the last option '-pix_fmt yuv420p' will be used.
  sT4fr6TAbpF/566: 36 steps -> 149 frames (9.9s)  710 KB  0.4s
Multiple -pix_fmt options specified for stream 0, only the last option '-pix_fmt yuv420p' will be used.
  sT4fr6TAbpF/5720: 23 steps -> 98 frames (6.5s)  476 KB  0.3s
Multiple -pix_fmt options specified for stream 0, only the last option '-pix_fmt yuv420p' will be used.
  sT4fr6TAbpF/5732: 23 steps -> 87 frames (5.7s)  399 KB  0.3s
Multiple -pix_fmt options specified for stream 0, only the last option '-pix_fmt yuv420p' will be used.
  sT4fr6TAbpF/5741: 48 steps -> 205 frames (13.6s)  1200 KB  0.6s
Multiple -pix_fmt options specified for stream 0, only the last option '-pix_fmt yuv420p' will be used.
  sT4fr6TAbpF/5876: 24 steps -> 89 frames (5.9s)  556 KB  0.3s
Multiple -pix_fmt options specified for stream 0, only the last option '-pix_fmt yuv420p' will be used.
  sT4fr6TAbpF/5915: 29 steps -> 118 frames (7.8s)  921 KB  0.4s
Multiple -pix_fmt options specified for stream 0, only the last option '-pix_fmt yuv420p' will be used.
  sT4fr6TAbpF/6035: 61 steps -> 246 frames (16.3s)  1654 KB  0.7s
Multiple -pix_fmt options specified for stream 0, only the last option '-pix_fmt yuv420p' will be used.
  sT4fr6TAbpF/623: 41 steps -> 171 frames (11.3s)  819 KB  0.4s
Multiple -pix_fmt options specified for stream 0, only the last option '-pix_fmt yuv420p' will be used.
  sT4fr6TAbpF/6293: 40 steps -> 162 frames (10.7s)  651 KB  0.4s
Multiple -pix_fmt options specified for stream 0, only the last option '-pix_fmt yuv420p' will be used.
  sT4fr6TAbpF/6386: 25 steps -> 106 frames (7.0s)  766 KB  0.4s
Multiple -pix_fmt options specified for stream 0, only the last option '-pix_fmt yuv420p' will be used.
  sT4fr6TAbpF/6404: 21 steps -> 77 frames (5.1s)  544 KB  0.3s
Multiple -pix_fmt options specified for stream 0, only the last option '-pix_fmt yuv420p' will be used.
  sT4fr6TAbpF/6455: 28 steps -> 102 frames (6.7s)  622 KB  0.3s
Multiple -pix_fmt options specified for stream 0, only the last option '-pix_fmt yuv420p' will be used.
  sT4fr6TAbpF/6551: 46 steps -> 179 frames (11.9s)  1002 KB  0.5s
Multiple -pix_fmt options specified for stream 0, only the last option '-pix_fmt yuv420p' will be used.
  sT4fr6TAbpF/662: 29 steps -> 120 frames (7.9s)  612 KB  0.4s
Multiple -pix_fmt options specified for stream 0, only the last option '-pix_fmt yuv420p' will be used.
  sT4fr6TAbpF/6671: 18 steps -> 67 frames (4.4s)  411 KB  0.3s
Multiple -pix_fmt options specified for stream 0, only the last option '-pix_fmt yuv420p' will be used.
  sT4fr6TAbpF/6749: 50 steps -> 201 frames (13.3s)  1261 KB  0.5s
Multiple -pix_fmt options specified for stream 0, only the last option '-pix_fmt yuv420p' will be used.
  sT4fr6TAbpF/7076: 27 steps -> 109 frames (7.2s)  665 KB  0.3s
Multiple -pix_fmt options specified for stream 0, only the last option '-pix_fmt yuv420p' will be used.
  sT4fr6TAbpF/7319: 63 steps -> 272 frames (18.1s)  2155 KB  0.7s
Multiple -pix_fmt options specified for stream 0, only the last option '-pix_fmt yuv420p' will be used.
  sT4fr6TAbpF/7763: 57 steps -> 231 frames (15.3s)  1493 KB  0.6s
Multiple -pix_fmt options specified for stream 0, only the last option '-pix_fmt yuv420p' will be used.
  sT4fr6TAbpF/8132: 31 steps -> 126 frames (8.3s)  584 KB  0.4s
Multiple -pix_fmt options specified for stream 0, only the last option '-pix_fmt yuv420p' will be used.
  sT4fr6TAbpF/8174: 26 steps -> 104 frames (6.9s)  713 KB  0.3s
Multiple -pix_fmt options specified for stream 0, only the last option '-pix_fmt yuv420p' will be used.
  sT4fr6TAbpF/8336: 33 steps -> 131 frames (8.7s)  1109 KB  0.4s
Multiple -pix_fmt options specified for stream 0, only the last option '-pix_fmt yuv420p' will be used.
  sT4fr6TAbpF/8477: 39 steps -> 163 frames (10.8s)  906 KB  0.5s
Multiple -pix_fmt options specified for stream 0, only the last option '-pix_fmt yuv420p' will be used.
  sT4fr6TAbpF/8684: 30 steps -> 130 frames (8.6s)  1108 KB  0.4s
Multiple -pix_fmt options specified for stream 0, only the last option '-pix_fmt yuv420p' will be used.
  sT4fr6TAbpF/8885: 38 steps -> 163 frames (10.8s)  840 KB  0.6s
Multiple -pix_fmt options specified for stream 0, only the last option '-pix_fmt yuv420p' will be used.
  sT4fr6TAbpF/9026: 40 steps -> 166 frames (11.0s)  740 KB  0.5s
Multiple -pix_fmt options specified for stream 0, only the last option '-pix_fmt yuv420p' will be used.
  sT4fr6TAbpF/9197: 39 steps -> 161 frames (10.7s)  1390 KB  0.5s
Multiple -pix_fmt options specified for stream 0, only the last option '-pix_fmt yuv420p' will be used.
  sT4fr6TAbpF/9260: 32 steps -> 136 frames (9.0s)  817 KB  0.4s
Multiple -pix_fmt options specified for stream 0, only the last option '-pix_fmt yuv420p' will be used.
  sT4fr6TAbpF/9308: 19 steps -> 69 frames (4.5s)  507 KB  0.3s
Multiple -pix_fmt options specified for stream 0, only the last option '-pix_fmt yuv420p' will be used.
  sT4fr6TAbpF/9347: 26 steps -> 109 frames (7.2s)  787 KB  0.4s
Multiple -pix_fmt options specified for stream 0, only the last option '-pix_fmt yuv420p' will be used.
  sT4fr6TAbpF/936: 15 steps -> 57 frames (3.7s)  522 KB  0.3s
Multiple -pix_fmt options specified for stream 0, only the last option '-pix_fmt yuv420p' will be used.
  sT4fr6TAbpF/9368: 46 steps -> 189 frames (12.5s)  1410 KB  0.6s
Multiple -pix_fmt options specified for stream 0, only the last option '-pix_fmt yuv420p' will be used.
  sT4fr6TAbpF/9596: 54 steps -> 220 frames (14.6s)  1393 KB  0.5s
Multiple -pix_fmt options specified for stream 0, only the last option '-pix_fmt yuv420p' will be used.
  sT4fr6TAbpF/9698: 28 steps -> 113 frames (7.5s)  701 KB  0.3s
Multiple -pix_fmt options specified for stream 0, only the last option '-pix_fmt yuv420p' will be used.
  sT4fr6TAbpF/972: 30 steps -> 127 frames (8.4s)  502 KB  0.4s
Multiple -pix_fmt options specified for stream 0, only the last option '-pix_fmt yuv420p' will be used.
  sT4fr6TAbpF/9731: 20 steps -> 82 frames (5.4s)  618 KB  0.3s
Multiple -pix_fmt options specified for stream 0, only the last option '-pix_fmt yuv420p' will be used.
  sT4fr6TAbpF/9866: 39 steps -> 162 frames (10.7s)  1152 KB  0.5s
Renderer: NVIDIA GeForce RTX 4070 Ti SUPER/PCIe/SSE2 by NVIDIA Corporation
OpenGL version: 4.6.0 NVIDIA 580.173.02
Using optional features:
    GL_ARB_vertex_array_object
    GL_ARB_separate_shader_objects
    GL_ARB_robustness
    GL_ARB_texture_storage
    GL_ARB_texture_view
    GL_ARB_framebuffer_no_attachments
    GL_ARB_invalidate_subdata
    GL_ARB_texture_storage_multisample
    GL_ARB_multi_bind
    GL_ARB_direct_state_access
    GL_ARB_get_texture_sub_image
    GL_ARB_texture_filter_anisotropic
    GL_KHR_debug
    GL_KHR_parallel_shader_compile
    GL_NV_depth_buffer_float
Using driver workarounds:
    no-forward-compatible-core-context
    nv-egl-incorrect-gl11-function-pointers
    no-layout-qualifiers-on-old-glsl
    nv-zero-context-profile-mask
    nv-implementation-color-read-format-dsa-broken
    nv-cubemap-inconsistent-compressed-image-size
    nv-cubemap-broken-full-compressed-image-query
    nv-compressed-block-size-in-bits
[17:13:58:459480]:[Warning]:[Metadata] SceneDatasetAttributes.cpp(107)::addNewSceneInstanceToDataset : Dataset : 'default' : Lighting Layout Attributes 'no_lights' specified in Scene Attributes but does not exist in dataset, so creating default.
Multiple -pix_fmt options specified for stream 0, only the last option '-pix_fmt yuv420p' will be used.
  uNb9QFRL6hY/10016: 16 steps -> 61 frames (4.0s)  306 KB  0.4s
Multiple -pix_fmt options specified for stream 0, only the last option '-pix_fmt yuv420p' will be used.
  uNb9QFRL6hY/10124: 75 steps -> 307 frames (20.4s)  1694 KB  1.0s
Multiple -pix_fmt options specified for stream 0, only the last option '-pix_fmt yuv420p' will be used.
  uNb9QFRL6hY/10478: 26 steps -> 111 frames (7.3s)  337 KB  0.4s
Multiple -pix_fmt options specified for stream 0, only the last option '-pix_fmt yuv420p' will be used.
  uNb9QFRL6hY/10571: 62 steps -> 258 frames (17.1s)  1524 KB  0.6s
Multiple -pix_fmt options specified for stream 0, only the last option '-pix_fmt yuv420p' will be used.
  uNb9QFRL6hY/10799: 45 steps -> 191 frames (12.7s)  1087 KB  0.5s
Multiple -pix_fmt options specified for stream 0, only the last option '-pix_fmt yuv420p' will be used.
  uNb9QFRL6hY/1216: 26 steps -> 108 frames (7.1s)  564 KB  0.3s
Multiple -pix_fmt options specified for stream 0, only the last option '-pix_fmt yuv420p' will be used.
  uNb9QFRL6hY/1222: 35 steps -> 150 frames (9.9s)  917 KB  0.5s
Multiple -pix_fmt options specified for stream 0, only the last option '-pix_fmt yuv420p' will be used.
  uNb9QFRL6hY/154: 51 steps -> 220 frames (14.6s)  1038 KB  0.6s
Multiple -pix_fmt options specified for stream 0, only the last option '-pix_fmt yuv420p' will be used.
  uNb9QFRL6hY/1613: 66 steps -> 282 frames (18.7s)  1823 KB  0.7s
Multiple -pix_fmt options specified for stream 0, only the last option '-pix_fmt yuv420p' will be used.
  uNb9QFRL6hY/1736: 17 steps -> 68 frames (4.5s)  432 KB  0.3s
Multiple -pix_fmt options specified for stream 0, only the last option '-pix_fmt yuv420p' will be used.
  uNb9QFRL6hY/2231: 42 steps -> 173 frames (11.5s)  652 KB  0.5s
Multiple -pix_fmt options specified for stream 0, only the last option '-pix_fmt yuv420p' will be used.
  uNb9QFRL6hY/2468: 18 steps -> 76 frames (5.0s)  326 KB  0.3s
Multiple -pix_fmt options specified for stream 0, only the last option '-pix_fmt yuv420p' will be used.
  uNb9QFRL6hY/2699: 36 steps -> 154 frames (10.2s)  571 KB  0.5s
Multiple -pix_fmt options specified for stream 0, only the last option '-pix_fmt yuv420p' will be used.
  uNb9QFRL6hY/2720: 22 steps -> 92 frames (6.1s)  293 KB  0.3s
Multiple -pix_fmt options specified for stream 0, only the last option '-pix_fmt yuv420p' will be used.
  uNb9QFRL6hY/2879: 42 steps -> 168 frames (11.1s)  740 KB  0.5s
Multiple -pix_fmt options specified for stream 0, only the last option '-pix_fmt yuv420p' will be used.
  uNb9QFRL6hY/2936: 21 steps -> 90 frames (5.9s)  269 KB  0.3s
Multiple -pix_fmt options specified for stream 0, only the last option '-pix_fmt yuv420p' will be used.
  uNb9QFRL6hY/3053: 39 steps -> 163 frames (10.8s)  685 KB  0.4s
Multiple -pix_fmt options specified for stream 0, only the last option '-pix_fmt yuv420p' will be used.
  uNb9QFRL6hY/3803: 42 steps -> 170 frames (11.3s)  841 KB  0.5s
Multiple -pix_fmt options specified for stream 0, only the last option '-pix_fmt yuv420p' will be used.
  uNb9QFRL6hY/3983: 21 steps -> 92 frames (6.1s)  413 KB  0.3s
Multiple -pix_fmt options specified for stream 0, only the last option '-pix_fmt yuv420p' will be used.
  uNb9QFRL6hY/4187: 39 steps -> 163 frames (10.8s)  658 KB  0.5s
Multiple -pix_fmt options specified for stream 0, only the last option '-pix_fmt yuv420p' will be used.
  uNb9QFRL6hY/4484: 23 steps -> 95 frames (6.3s)  426 KB  0.3s
Multiple -pix_fmt options specified for stream 0, only the last option '-pix_fmt yuv420p' will be used.
  uNb9QFRL6hY/4529: 33 steps -> 144 frames (9.5s)  531 KB  0.4s
Multiple -pix_fmt options specified for stream 0, only the last option '-pix_fmt yuv420p' will be used.
  uNb9QFRL6hY/4757: 20 steps -> 81 frames (5.3s)  447 KB  0.3s
Multiple -pix_fmt options specified for stream 0, only the last option '-pix_fmt yuv420p' will be used.
  uNb9QFRL6hY/5387: 21 steps -> 88 frames (5.8s)  577 KB  0.3s
Multiple -pix_fmt options specified for stream 0, only the last option '-pix_fmt yuv420p' will be used.
  uNb9QFRL6hY/5507: 16 steps -> 66 frames (4.3s)  262 KB  0.3s
Multiple -pix_fmt options specified for stream 0, only the last option '-pix_fmt yuv420p' will be used.
  uNb9QFRL6hY/5711: 45 steps -> 189 frames (12.5s)  1022 KB  0.6s
Multiple -pix_fmt options specified for stream 0, only the last option '-pix_fmt yuv420p' will be used.
  uNb9QFRL6hY/632: 59 steps -> 244 frames (16.2s)  1342 KB  0.6s
Multiple -pix_fmt options specified for stream 0, only the last option '-pix_fmt yuv420p' will be used.
  uNb9QFRL6hY/6401: 28 steps -> 113 frames (7.5s)  574 KB  0.4s
Multiple -pix_fmt options specified for stream 0, only the last option '-pix_fmt yuv420p' will be used.
  uNb9QFRL6hY/6512: 37 steps -> 154 frames (10.2s)  584 KB  0.4s
Multiple -pix_fmt options specified for stream 0, only the last option '-pix_fmt yuv420p' will be used.
  uNb9QFRL6hY/6587: 47 steps -> 194 frames (12.9s)  742 KB  0.5s
Multiple -pix_fmt options specified for stream 0, only the last option '-pix_fmt yuv420p' will be used.
  uNb9QFRL6hY/6635: 22 steps -> 92 frames (6.1s)  343 KB  0.3s
Multiple -pix_fmt options specified for stream 0, only the last option '-pix_fmt yuv420p' will be used.
  uNb9QFRL6hY/6779: 22 steps -> 97 frames (6.4s)  391 KB  0.3s
Multiple -pix_fmt options specified for stream 0, only the last option '-pix_fmt yuv420p' will be used.
  uNb9QFRL6hY/6839: 17 steps -> 69 frames (4.5s)  325 KB  0.3s
Multiple -pix_fmt options specified for stream 0, only the last option '-pix_fmt yuv420p' will be used.
  uNb9QFRL6hY/6878: 61 steps -> 261 frames (17.3s)  1732 KB  0.7s
Multiple -pix_fmt options specified for stream 0, only the last option '-pix_fmt yuv420p' will be used.
  uNb9QFRL6hY/689: 20 steps -> 80 frames (5.3s)  355 KB  0.3s
Multiple -pix_fmt options specified for stream 0, only the last option '-pix_fmt yuv420p' will be used.
  uNb9QFRL6hY/7289: 62 steps -> 260 frames (17.3s)  1878 KB  0.6s
Multiple -pix_fmt options specified for stream 0, only the last option '-pix_fmt yuv420p' will be used.
  uNb9QFRL6hY/7364: 42 steps -> 175 frames (11.6s)  863 KB  0.5s
Multiple -pix_fmt options specified for stream 0, only the last option '-pix_fmt yuv420p' will be used.
  uNb9QFRL6hY/7454: 38 steps -> 153 frames (10.1s)  843 KB  0.5s
Multiple -pix_fmt options specified for stream 0, only the last option '-pix_fmt yuv420p' will be used.
  uNb9QFRL6hY/7709: 29 steps -> 122 frames (8.1s)  430 KB  0.4s
Multiple -pix_fmt options specified for stream 0, only the last option '-pix_fmt yuv420p' will be used.
  uNb9QFRL6hY/7730: 20 steps -> 84 frames (5.5s)  224 KB  0.3s
Multiple -pix_fmt options specified for stream 0, only the last option '-pix_fmt yuv420p' will be used.
  uNb9QFRL6hY/791: 77 steps -> 322 frames (21.4s)  1660 KB  0.8s
Multiple -pix_fmt options specified for stream 0, only the last option '-pix_fmt yuv420p' will be used.
  uNb9QFRL6hY/794: 34 steps -> 145 frames (9.6s)  648 KB  0.4s
Multiple -pix_fmt options specified for stream 0, only the last option '-pix_fmt yuv420p' will be used.
  uNb9QFRL6hY/8033: 9 steps -> 31 frames (2.0s)  108 KB  0.2s
Multiple -pix_fmt options specified for stream 0, only the last option '-pix_fmt yuv420p' will be used.
  uNb9QFRL6hY/8186: 39 steps -> 164 frames (10.9s)  934 KB  0.5s
Multiple -pix_fmt options specified for stream 0, only the last option '-pix_fmt yuv420p' will be used.
  uNb9QFRL6hY/8366: 38 steps -> 157 frames (10.4s)  920 KB  0.5s
Multiple -pix_fmt options specified for stream 0, only the last option '-pix_fmt yuv420p' will be used.
  uNb9QFRL6hY/8399: 48 steps -> 194 frames (12.9s)  989 KB  0.5s
Multiple -pix_fmt options specified for stream 0, only the last option '-pix_fmt yuv420p' will be used.
  uNb9QFRL6hY/8801: 21 steps -> 89 frames (5.9s)  318 KB  0.3s
Multiple -pix_fmt options specified for stream 0, only the last option '-pix_fmt yuv420p' will be used.
  uNb9QFRL6hY/8819: 54 steps -> 223 frames (14.8s)  1279 KB  0.6s
Multiple -pix_fmt options specified for stream 0, only the last option '-pix_fmt yuv420p' will be used.
  uNb9QFRL6hY/9083: 60 steps -> 240 frames (15.9s)  1145 KB  0.6s
Multiple -pix_fmt options specified for stream 0, only the last option '-pix_fmt yuv420p' will be used.
  uNb9QFRL6hY/9533: 45 steps -> 189 frames (12.5s)  757 KB  0.5s
Multiple -pix_fmt options specified for stream 0, only the last option '-pix_fmt yuv420p' will be used.
  uNb9QFRL6hY/9776: 34 steps -> 137 frames (9.1s)  651 KB  0.4s
Multiple -pix_fmt options specified for stream 0, only the last option '-pix_fmt yuv420p' will be used.
  uNb9QFRL6hY/9860: 26 steps -> 103 frames (6.8s)  439 KB  0.4s
Multiple -pix_fmt options specified for stream 0, only the last option '-pix_fmt yuv420p' will be used.
  uNb9QFRL6hY/9905: 39 steps -> 168 frames (11.1s)  574 KB  0.5s
Renderer: NVIDIA GeForce RTX 4070 Ti SUPER/PCIe/SSE2 by NVIDIA Corporation
OpenGL version: 4.6.0 NVIDIA 580.173.02
Using optional features:
    GL_ARB_vertex_array_object
    GL_ARB_separate_shader_objects
    GL_ARB_robustness
    GL_ARB_texture_storage
    GL_ARB_texture_view
    GL_ARB_framebuffer_no_attachments
    GL_ARB_invalidate_subdata
    GL_ARB_texture_storage_multisample
    GL_ARB_multi_bind
    GL_ARB_direct_state_access
    GL_ARB_get_texture_sub_image
    GL_ARB_texture_filter_anisotropic
    GL_KHR_debug
    GL_KHR_parallel_shader_compile
    GL_NV_depth_buffer_float
Using driver workarounds:
    no-forward-compatible-core-context
    nv-egl-incorrect-gl11-function-pointers
    no-layout-qualifiers-on-old-glsl
    nv-zero-context-profile-mask
    nv-implementation-color-read-format-dsa-broken
    nv-cubemap-inconsistent-compressed-image-size
    nv-cubemap-broken-full-compressed-image-query
    nv-compressed-block-size-in-bits
[17:14:30:247812]:[Warning]:[Metadata] SceneDatasetAttributes.cpp(107)::addNewSceneInstanceToDataset : Dataset : 'default' : Lighting Layout Attributes 'no_lights' specified in Scene Attributes but does not exist in dataset, so creating default.
Multiple -pix_fmt options specified for stream 0, only the last option '-pix_fmt yuv420p' will be used.
  ur6pFq6Qu1A/1325: 52 steps -> 209 frames (13.9s)  962 KB  0.8s
Multiple -pix_fmt options specified for stream 0, only the last option '-pix_fmt yuv420p' will be used.
  ur6pFq6Qu1A/1385: 41 steps -> 163 frames (10.8s)  1031 KB  0.4s
Multiple -pix_fmt options specified for stream 0, only the last option '-pix_fmt yuv420p' will be used.
  ur6pFq6Qu1A/1526: 55 steps -> 227 frames (15.1s)  1476 KB  0.6s
Multiple -pix_fmt options specified for stream 0, only the last option '-pix_fmt yuv420p' will be used.
  ur6pFq6Qu1A/1571: 41 steps -> 172 frames (11.4s)  854 KB  0.4s
Multiple -pix_fmt options specified for stream 0, only the last option '-pix_fmt yuv420p' will be used.
  ur6pFq6Qu1A/1679: 36 steps -> 136 frames (9.0s)  573 KB  0.4s
Multiple -pix_fmt options specified for stream 0, only the last option '-pix_fmt yuv420p' will be used.
  ur6pFq6Qu1A/1718: 55 steps -> 219 frames (14.5s)  1066 KB  0.5s
Multiple -pix_fmt options specified for stream 0, only the last option '-pix_fmt yuv420p' will be used.
  ur6pFq6Qu1A/1754: 27 steps -> 111 frames (7.3s)  450 KB  0.3s
Multiple -pix_fmt options specified for stream 0, only the last option '-pix_fmt yuv420p' will be used.
  ur6pFq6Qu1A/1832: 29 steps -> 118 frames (7.8s)  642 KB  0.4s
Multiple -pix_fmt options specified for stream 0, only the last option '-pix_fmt yuv420p' will be used.
  ur6pFq6Qu1A/1862: 30 steps -> 123 frames (8.1s)  474 KB  0.4s
Multiple -pix_fmt options specified for stream 0, only the last option '-pix_fmt yuv420p' will be used.
  ur6pFq6Qu1A/19: 38 steps -> 160 frames (10.6s)  999 KB  0.4s
Multiple -pix_fmt options specified for stream 0, only the last option '-pix_fmt yuv420p' will be used.
  ur6pFq6Qu1A/2081: 37 steps -> 148 frames (9.8s)  634 KB  0.4s
Multiple -pix_fmt options specified for stream 0, only the last option '-pix_fmt yuv420p' will be used.
  ur6pFq6Qu1A/226: 24 steps -> 97 frames (6.4s)  406 KB  0.3s
Multiple -pix_fmt options specified for stream 0, only the last option '-pix_fmt yuv420p' will be used.
  ur6pFq6Qu1A/2663: 51 steps -> 206 frames (13.7s)  1293 KB  0.5s
Multiple -pix_fmt options specified for stream 0, only the last option '-pix_fmt yuv420p' will be used.
  ur6pFq6Qu1A/2816: 37 steps -> 150 frames (9.9s)  868 KB  0.4s
Multiple -pix_fmt options specified for stream 0, only the last option '-pix_fmt yuv420p' will be used.
  ur6pFq6Qu1A/2951: 62 steps -> 251 frames (16.7s)  921 KB  0.6s
Multiple -pix_fmt options specified for stream 0, only the last option '-pix_fmt yuv420p' will be used.
  ur6pFq6Qu1A/2981: 61 steps -> 241 frames (16.0s)  1417 KB  0.6s
Multiple -pix_fmt options specified for stream 0, only the last option '-pix_fmt yuv420p' will be used.
  ur6pFq6Qu1A/299: 90 steps -> 369 frames (24.5s)  1872 KB  0.8s
Multiple -pix_fmt options specified for stream 0, only the last option '-pix_fmt yuv420p' will be used.
  ur6pFq6Qu1A/3080: 54 steps -> 218 frames (14.5s)  791 KB  0.6s
Multiple -pix_fmt options specified for stream 0, only the last option '-pix_fmt yuv420p' will be used.
  ur6pFq6Qu1A/3173: 38 steps -> 148 frames (9.8s)  855 KB  0.4s
Multiple -pix_fmt options specified for stream 0, only the last option '-pix_fmt yuv420p' will be used.
  ur6pFq6Qu1A/3209: 55 steps -> 224 frames (14.9s)  1182 KB  0.6s
Multiple -pix_fmt options specified for stream 0, only the last option '-pix_fmt yuv420p' will be used.
  ur6pFq6Qu1A/3293: 37 steps -> 152 frames (10.1s)  767 KB  0.4s
Multiple -pix_fmt options specified for stream 0, only the last option '-pix_fmt yuv420p' will be used.
  ur6pFq6Qu1A/3317: 61 steps -> 251 frames (16.7s)  1646 KB  0.6s
Multiple -pix_fmt options specified for stream 0, only the last option '-pix_fmt yuv420p' will be used.
  ur6pFq6Qu1A/3449: 49 steps -> 196 frames (13.0s)  1044 KB  0.5s
Multiple -pix_fmt options specified for stream 0, only the last option '-pix_fmt yuv420p' will be used.
  ur6pFq6Qu1A/363: 35 steps -> 142 frames (9.4s)  624 KB  0.4s
Multiple -pix_fmt options specified for stream 0, only the last option '-pix_fmt yuv420p' will be used.
  ur6pFq6Qu1A/3665: 30 steps -> 118 frames (7.8s)  866 KB  0.4s
Multiple -pix_fmt options specified for stream 0, only the last option '-pix_fmt yuv420p' will be used.
  ur6pFq6Qu1A/3860: 45 steps -> 188 frames (12.5s)  902 KB  0.5s
Multiple -pix_fmt options specified for stream 0, only the last option '-pix_fmt yuv420p' will be used.
  ur6pFq6Qu1A/4082: 17 steps -> 63 frames (4.1s)  436 KB  0.3s
Multiple -pix_fmt options specified for stream 0, only the last option '-pix_fmt yuv420p' will be used.
  ur6pFq6Qu1A/4253: 46 steps -> 182 frames (12.1s)  1042 KB  0.5s
Multiple -pix_fmt options specified for stream 0, only the last option '-pix_fmt yuv420p' will be used.
  ur6pFq6Qu1A/43: 78 steps -> 321 frames (21.3s)  1730 KB  0.8s
Multiple -pix_fmt options specified for stream 0, only the last option '-pix_fmt yuv420p' will be used.
  ur6pFq6Qu1A/4343: 49 steps -> 191 frames (12.7s)  1099 KB  0.5s
Multiple -pix_fmt options specified for stream 0, only the last option '-pix_fmt yuv420p' will be used.
  ur6pFq6Qu1A/4382: 47 steps -> 197 frames (13.1s)  983 KB  0.5s
Multiple -pix_fmt options specified for stream 0, only the last option '-pix_fmt yuv420p' will be used.
  ur6pFq6Qu1A/4412: 24 steps -> 97 frames (6.4s)  339 KB  0.3s
Multiple -pix_fmt options specified for stream 0, only the last option '-pix_fmt yuv420p' will be used.
  ur6pFq6Qu1A/4535: 69 steps -> 281 frames (18.7s)  1526 KB  0.7s
Multiple -pix_fmt options specified for stream 0, only the last option '-pix_fmt yuv420p' will be used.
  ur6pFq6Qu1A/4589: 62 steps -> 262 frames (17.4s)  1511 KB  0.6s
Multiple -pix_fmt options specified for stream 0, only the last option '-pix_fmt yuv420p' will be used.
  ur6pFq6Qu1A/460: 31 steps -> 124 frames (8.2s)  696 KB  0.4s
Multiple -pix_fmt options specified for stream 0, only the last option '-pix_fmt yuv420p' will be used.
  ur6pFq6Qu1A/463: 44 steps -> 170 frames (11.3s)  1097 KB  0.4s
Multiple -pix_fmt options specified for stream 0, only the last option '-pix_fmt yuv420p' will be used.
  ur6pFq6Qu1A/4712: 36 steps -> 143 frames (9.5s)  697 KB  0.4s
Multiple -pix_fmt options specified for stream 0, only the last option '-pix_fmt yuv420p' will be used.
  ur6pFq6Qu1A/4796: 17 steps -> 65 frames (4.3s)  382 KB  0.3s
Multiple -pix_fmt options specified for stream 0, only the last option '-pix_fmt yuv420p' will be used.
  ur6pFq6Qu1A/49: 56 steps -> 213 frames (14.1s)  1167 KB  0.7s
Multiple -pix_fmt options specified for stream 0, only the last option '-pix_fmt yuv420p' will be used.
  ur6pFq6Qu1A/5024: 50 steps -> 197 frames (13.1s)  1442 KB  0.6s
Multiple -pix_fmt options specified for stream 0, only the last option '-pix_fmt yuv420p' will be used.
  ur6pFq6Qu1A/5234: 57 steps -> 223 frames (14.8s)  1601 KB  0.6s
Multiple -pix_fmt options specified for stream 0, only the last option '-pix_fmt yuv420p' will be used.
  ur6pFq6Qu1A/5249: 41 steps -> 172 frames (11.4s)  702 KB  0.5s
Multiple -pix_fmt options specified for stream 0, only the last option '-pix_fmt yuv420p' will be used.
  ur6pFq6Qu1A/5288: 25 steps -> 99 frames (6.5s)  369 KB  0.3s
Multiple -pix_fmt options specified for stream 0, only the last option '-pix_fmt yuv420p' will be used.
  ur6pFq6Qu1A/5372: 33 steps -> 126 frames (8.3s)  739 KB  0.4s
Multiple -pix_fmt options specified for stream 0, only the last option '-pix_fmt yuv420p' will be used.
  ur6pFq6Qu1A/5735: 38 steps -> 152 frames (10.1s)  760 KB  0.5s
Multiple -pix_fmt options specified for stream 0, only the last option '-pix_fmt yuv420p' will be used.
  ur6pFq6Qu1A/5789: 35 steps -> 147 frames (9.7s)  944 KB  0.4s
Multiple -pix_fmt options specified for stream 0, only the last option '-pix_fmt yuv420p' will be used.
  ur6pFq6Qu1A/5963: 59 steps -> 242 frames (16.1s)  1332 KB  0.5s
Multiple -pix_fmt options specified for stream 0, only the last option '-pix_fmt yuv420p' will be used.
  ur6pFq6Qu1A/6017: 48 steps -> 204 frames (13.5s)  874 KB  0.5s
Multiple -pix_fmt options specified for stream 0, only the last option '-pix_fmt yuv420p' will be used.
  ur6pFq6Qu1A/6026: 19 steps -> 69 frames (4.5s)  543 KB  0.3s
Multiple -pix_fmt options specified for stream 0, only the last option '-pix_fmt yuv420p' will be used.
  ur6pFq6Qu1A/6158: 19 steps -> 77 frames (5.1s)  322 KB  0.3s
Multiple -pix_fmt options specified for stream 0, only the last option '-pix_fmt yuv420p' will be used.
  ur6pFq6Qu1A/6245: 61 steps -> 263 frames (17.5s)  1295 KB  0.7s
Multiple -pix_fmt options specified for stream 0, only the last option '-pix_fmt yuv420p' will be used.
  ur6pFq6Qu1A/6311: 58 steps -> 237 frames (15.7s)  1227 KB  0.6s
Multiple -pix_fmt options specified for stream 0, only the last option '-pix_fmt yuv420p' will be used.
  ur6pFq6Qu1A/6350: 33 steps -> 125 frames (8.3s)  908 KB  0.4s
Multiple -pix_fmt options specified for stream 0, only the last option '-pix_fmt yuv420p' will be used.
  ur6pFq6Qu1A/6494: 63 steps -> 257 frames (17.1s)  1435 KB  0.6s
Multiple -pix_fmt options specified for stream 0, only the last option '-pix_fmt yuv420p' will be used.
  ur6pFq6Qu1A/6662: 34 steps -> 136 frames (9.0s)  572 KB  0.4s
Multiple -pix_fmt options specified for stream 0, only the last option '-pix_fmt yuv420p' will be used.
  ur6pFq6Qu1A/6737: 21 steps -> 79 frames (5.2s)  385 KB  0.3s
Multiple -pix_fmt options specified for stream 0, only the last option '-pix_fmt yuv420p' will be used.
  ur6pFq6Qu1A/6767: 55 steps -> 213 frames (14.1s)  1377 KB  0.6s
Multiple -pix_fmt options specified for stream 0, only the last option '-pix_fmt yuv420p' will be used.
  ur6pFq6Qu1A/686: 35 steps -> 146 frames (9.7s)  799 KB  0.4s
Multiple -pix_fmt options specified for stream 0, only the last option '-pix_fmt yuv420p' will be used.
  ur6pFq6Qu1A/6866: 29 steps -> 107 frames (7.1s)  457 KB  0.3s
Multiple -pix_fmt options specified for stream 0, only the last option '-pix_fmt yuv420p' will be used.
  ur6pFq6Qu1A/6971: 68 steps -> 279 frames (18.5s)  1836 KB  0.7s
Multiple -pix_fmt options specified for stream 0, only the last option '-pix_fmt yuv420p' will be used.
  ur6pFq6Qu1A/6980: 43 steps -> 178 frames (11.8s)  1174 KB  0.5s
Multiple -pix_fmt options specified for stream 0, only the last option '-pix_fmt yuv420p' will be used.
  ur6pFq6Qu1A/734: 40 steps -> 151 frames (10.0s)  980 KB  0.4s
Multiple -pix_fmt options specified for stream 0, only the last option '-pix_fmt yuv420p' will be used.
  ur6pFq6Qu1A/7466: 23 steps -> 85 frames (5.6s)  570 KB  0.3s
Multiple -pix_fmt options specified for stream 0, only the last option '-pix_fmt yuv420p' will be used.
  ur6pFq6Qu1A/749: 38 steps -> 149 frames (9.9s)  1018 KB  0.4s
Multiple -pix_fmt options specified for stream 0, only the last option '-pix_fmt yuv420p' will be used.
  ur6pFq6Qu1A/7637: 54 steps -> 211 frames (14.0s)  1230 KB  0.6s
Multiple -pix_fmt options specified for stream 0, only the last option '-pix_fmt yuv420p' will be used.
  ur6pFq6Qu1A/7643: 69 steps -> 283 frames (18.8s)  1975 KB  0.7s
Multiple -pix_fmt options specified for stream 0, only the last option '-pix_fmt yuv420p' will be used.
  ur6pFq6Qu1A/7712: 58 steps -> 238 frames (15.8s)  1162 KB  0.6s
Multiple -pix_fmt options specified for stream 0, only the last option '-pix_fmt yuv420p' will be used.
  ur6pFq6Qu1A/7820: 48 steps -> 202 frames (13.4s)  1386 KB  0.5s
Multiple -pix_fmt options specified for stream 0, only the last option '-pix_fmt yuv420p' will be used.
  ur6pFq6Qu1A/8102: 34 steps -> 138 frames (9.1s)  794 KB  0.4s
Multiple -pix_fmt options specified for stream 0, only the last option '-pix_fmt yuv420p' will be used.
  ur6pFq6Qu1A/8270: 45 steps -> 183 frames (12.1s)  955 KB  0.5s
Multiple -pix_fmt options specified for stream 0, only the last option '-pix_fmt yuv420p' will be used.
  ur6pFq6Qu1A/8387: 60 steps -> 248 frames (16.5s)  1088 KB  0.6s
Multiple -pix_fmt options specified for stream 0, only the last option '-pix_fmt yuv420p' will be used.
  ur6pFq6Qu1A/8423: 20 steps -> 88 frames (5.8s)  385 KB  0.3s
Multiple -pix_fmt options specified for stream 0, only the last option '-pix_fmt yuv420p' will be used.
  ur6pFq6Qu1A/8429: 56 steps -> 210 frames (13.9s)  1437 KB  0.5s
Multiple -pix_fmt options specified for stream 0, only the last option '-pix_fmt yuv420p' will be used.
  ur6pFq6Qu1A/8465: 63 steps -> 262 frames (17.4s)  1359 KB  0.6s
Multiple -pix_fmt options specified for stream 0, only the last option '-pix_fmt yuv420p' will be used.
  ur6pFq6Qu1A/8624: 29 steps -> 118 frames (7.8s)  545 KB  0.4s
Multiple -pix_fmt options specified for stream 0, only the last option '-pix_fmt yuv420p' will be used.
  ur6pFq6Qu1A/8660: 51 steps -> 215 frames (14.3s)  1072 KB  0.6s
Multiple -pix_fmt options specified for stream 0, only the last option '-pix_fmt yuv420p' will be used.
  ur6pFq6Qu1A/8825: 36 steps -> 146 frames (9.7s)  550 KB  0.4s
Multiple -pix_fmt options specified for stream 0, only the last option '-pix_fmt yuv420p' will be used.
  ur6pFq6Qu1A/8930: 52 steps -> 217 frames (14.4s)  1117 KB  0.6s
Multiple -pix_fmt options specified for stream 0, only the last option '-pix_fmt yuv420p' will be used.
  ur6pFq6Qu1A/8939: 74 steps -> 298 frames (19.8s)  1939 KB  0.7s
Multiple -pix_fmt options specified for stream 0, only the last option '-pix_fmt yuv420p' will be used.
  ur6pFq6Qu1A/8951: 46 steps -> 188 frames (12.5s)  1243 KB  0.5s
Multiple -pix_fmt options specified for stream 0, only the last option '-pix_fmt yuv420p' will be used.
  ur6pFq6Qu1A/9002: 41 steps -> 174 frames (11.5s)  724 KB  0.5s
Multiple -pix_fmt options specified for stream 0, only the last option '-pix_fmt yuv420p' will be used.
  ur6pFq6Qu1A/9134: 72 steps -> 292 frames (19.4s)  1602 KB  0.7s
Multiple -pix_fmt options specified for stream 0, only the last option '-pix_fmt yuv420p' will be used.
  ur6pFq6Qu1A/9140: 35 steps -> 147 frames (9.7s)  881 KB  0.4s
Multiple -pix_fmt options specified for stream 0, only the last option '-pix_fmt yuv420p' will be used.
  ur6pFq6Qu1A/9200: 51 steps -> 215 frames (14.3s)  1200 KB  0.5s
Multiple -pix_fmt options specified for stream 0, only the last option '-pix_fmt yuv420p' will be used.
  ur6pFq6Qu1A/9302: 84 steps -> 351 frames (23.3s)  1870 KB  0.8s
Multiple -pix_fmt options specified for stream 0, only the last option '-pix_fmt yuv420p' will be used.
  ur6pFq6Qu1A/9365: 43 steps -> 167 frames (11.1s)  987 KB  0.5s
Multiple -pix_fmt options specified for stream 0, only the last option '-pix_fmt yuv420p' will be used.
  ur6pFq6Qu1A/9392: 18 steps -> 72 frames (4.7s)  266 KB  0.3s
Multiple -pix_fmt options specified for stream 0, only the last option '-pix_fmt yuv420p' will be used.
  ur6pFq6Qu1A/9470: 28 steps -> 105 frames (6.9s)  671 KB  0.3s
Multiple -pix_fmt options specified for stream 0, only the last option '-pix_fmt yuv420p' will be used.
  ur6pFq6Qu1A/9518: 46 steps -> 183 frames (12.1s)  767 KB  0.5s
Multiple -pix_fmt options specified for stream 0, only the last option '-pix_fmt yuv420p' will be used.
  ur6pFq6Qu1A/9674: 39 steps -> 161 frames (10.7s)  1021 KB  0.5s
Multiple -pix_fmt options specified for stream 0, only the last option '-pix_fmt yuv420p' will be used.
  ur6pFq6Qu1A/9713: 41 steps -> 178 frames (11.8s)  893 KB  0.5s
Multiple -pix_fmt options specified for stream 0, only the last option '-pix_fmt yuv420p' will be used.
  ur6pFq6Qu1A/9809: 59 steps -> 247 frames (16.4s)  1329 KB  0.6s
Multiple -pix_fmt options specified for stream 0, only the last option '-pix_fmt yuv420p' will be used.
  ur6pFq6Qu1A/9899: 82 steps -> 334 frames (22.2s)  1924 KB  0.8s
Renderer: NVIDIA GeForce RTX 4070 Ti SUPER/PCIe/SSE2 by NVIDIA Corporation
OpenGL version: 4.6.0 NVIDIA 580.173.02
Using optional features:
    GL_ARB_vertex_array_object
    GL_ARB_separate_shader_objects
    GL_ARB_robustness
    GL_ARB_texture_storage
    GL_ARB_texture_view
    GL_ARB_framebuffer_no_attachments
    GL_ARB_invalidate_subdata
    GL_ARB_texture_storage_multisample
    GL_ARB_multi_bind
    GL_ARB_direct_state_access
    GL_ARB_get_texture_sub_image
    GL_ARB_texture_filter_anisotropic
    GL_KHR_debug
    GL_KHR_parallel_shader_compile
    GL_NV_depth_buffer_float
Using driver workarounds:
    no-forward-compatible-core-context
    nv-egl-incorrect-gl11-function-pointers
    no-layout-qualifiers-on-old-glsl
    nv-zero-context-profile-mask
    nv-implementation-color-read-format-dsa-broken
    nv-cubemap-inconsistent-compressed-image-size
    nv-cubemap-broken-full-compressed-image-query
    nv-compressed-block-size-in-bits
[17:15:21:192461]:[Warning]:[Metadata] SceneDatasetAttributes.cpp(107)::addNewSceneInstanceToDataset : Dataset : 'default' : Lighting Layout Attributes 'no_lights' specified in Scene Attributes but does not exist in dataset, so creating default.
Multiple -pix_fmt options specified for stream 0, only the last option '-pix_fmt yuv420p' will be used.
  vyrNrziPKCB/10076: 82 steps -> 345 frames (22.9s)  2551 KB  1.0s
Multiple -pix_fmt options specified for stream 0, only the last option '-pix_fmt yuv420p' will be used.
  vyrNrziPKCB/10130: 68 steps -> 273 frames (18.1s)  2051 KB  0.7s
Multiple -pix_fmt options specified for stream 0, only the last option '-pix_fmt yuv420p' will be used.
  vyrNrziPKCB/10157: 56 steps -> 233 frames (15.5s)  1749 KB  0.6s
Multiple -pix_fmt options specified for stream 0, only the last option '-pix_fmt yuv420p' will be used.
  vyrNrziPKCB/10238: 34 steps -> 139 frames (9.2s)  1534 KB  0.4s
Multiple -pix_fmt options specified for stream 0, only the last option '-pix_fmt yuv420p' will be used.
  vyrNrziPKCB/10316: 20 steps -> 72 frames (4.7s)  488 KB  0.3s
Multiple -pix_fmt options specified for stream 0, only the last option '-pix_fmt yuv420p' will be used.
  vyrNrziPKCB/10337: 56 steps -> 237 frames (15.7s)  1910 KB  0.6s
Multiple -pix_fmt options specified for stream 0, only the last option '-pix_fmt yuv420p' will be used.
  vyrNrziPKCB/10367: 99 steps -> 419 frames (27.9s)  3547 KB  0.9s
Multiple -pix_fmt options specified for stream 0, only the last option '-pix_fmt yuv420p' will be used.
  vyrNrziPKCB/10466: 25 steps -> 103 frames (6.8s)  759 KB  0.4s
Multiple -pix_fmt options specified for stream 0, only the last option '-pix_fmt yuv420p' will be used.
  vyrNrziPKCB/1056: 36 steps -> 154 frames (10.2s)  760 KB  0.4s
Multiple -pix_fmt options specified for stream 0, only the last option '-pix_fmt yuv420p' will be used.
  vyrNrziPKCB/10796: 62 steps -> 263 frames (17.5s)  1889 KB  0.7s
Multiple -pix_fmt options specified for stream 0, only the last option '-pix_fmt yuv420p' will be used.
  vyrNrziPKCB/1207: 56 steps -> 241 frames (16.0s)  1725 KB  0.6s
Multiple -pix_fmt options specified for stream 0, only the last option '-pix_fmt yuv420p' will be used.
  vyrNrziPKCB/1529: 70 steps -> 292 frames (19.4s)  2523 KB  0.7s
Multiple -pix_fmt options specified for stream 0, only the last option '-pix_fmt yuv420p' will be used.
  vyrNrziPKCB/1700: 47 steps -> 198 frames (13.1s)  1496 KB  0.5s
Multiple -pix_fmt options specified for stream 0, only the last option '-pix_fmt yuv420p' will be used.
  vyrNrziPKCB/1721: 30 steps -> 125 frames (8.3s)  771 KB  0.4s
Multiple -pix_fmt options specified for stream 0, only the last option '-pix_fmt yuv420p' will be used.
  vyrNrziPKCB/1850: 58 steps -> 224 frames (14.9s)  2027 KB  0.7s
Multiple -pix_fmt options specified for stream 0, only the last option '-pix_fmt yuv420p' will be used.
  vyrNrziPKCB/2015: 36 steps -> 148 frames (9.8s)  1565 KB  0.4s
Multiple -pix_fmt options specified for stream 0, only the last option '-pix_fmt yuv420p' will be used.
  vyrNrziPKCB/2309: 54 steps -> 219 frames (14.5s)  1694 KB  0.6s
Multiple -pix_fmt options specified for stream 0, only the last option '-pix_fmt yuv420p' will be used.
  vyrNrziPKCB/2351: 30 steps -> 123 frames (8.1s)  729 KB  0.4s
Multiple -pix_fmt options specified for stream 0, only the last option '-pix_fmt yuv420p' will be used.
  vyrNrziPKCB/262: 23 steps -> 92 frames (6.1s)  548 KB  0.3s
Multiple -pix_fmt options specified for stream 0, only the last option '-pix_fmt yuv420p' will be used.
  vyrNrziPKCB/2825: 45 steps -> 174 frames (11.5s)  1311 KB  0.5s
Multiple -pix_fmt options specified for stream 0, only the last option '-pix_fmt yuv420p' will be used.
  vyrNrziPKCB/3047: 67 steps -> 270 frames (17.9s)  2204 KB  0.7s
Multiple -pix_fmt options specified for stream 0, only the last option '-pix_fmt yuv420p' will be used.
  vyrNrziPKCB/3461: 39 steps -> 155 frames (10.3s)  696 KB  0.4s
Multiple -pix_fmt options specified for stream 0, only the last option '-pix_fmt yuv420p' will be used.
  vyrNrziPKCB/3548: 56 steps -> 242 frames (16.1s)  1533 KB  0.6s
Multiple -pix_fmt options specified for stream 0, only the last option '-pix_fmt yuv420p' will be used.
  vyrNrziPKCB/3674: 52 steps -> 218 frames (14.5s)  1434 KB  0.6s
Multiple -pix_fmt options specified for stream 0, only the last option '-pix_fmt yuv420p' will be used.
  vyrNrziPKCB/3920: 32 steps -> 134 frames (8.9s)  975 KB  0.4s
Multiple -pix_fmt options specified for stream 0, only the last option '-pix_fmt yuv420p' will be used.
  vyrNrziPKCB/394: 52 steps -> 210 frames (13.9s)  1858 KB  0.6s
Multiple -pix_fmt options specified for stream 0, only the last option '-pix_fmt yuv420p' will be used.
  vyrNrziPKCB/4223: 14 steps -> 54 frames (3.5s)  385 KB  0.3s
Multiple -pix_fmt options specified for stream 0, only the last option '-pix_fmt yuv420p' will be used.
  vyrNrziPKCB/4331: 50 steps -> 200 frames (13.3s)  1583 KB  0.6s
Multiple -pix_fmt options specified for stream 0, only the last option '-pix_fmt yuv420p' will be used.
  vyrNrziPKCB/4775: 72 steps -> 279 frames (18.5s)  2498 KB  0.7s
Multiple -pix_fmt options specified for stream 0, only the last option '-pix_fmt yuv420p' will be used.
  vyrNrziPKCB/5015: 47 steps -> 189 frames (12.5s)  1928 KB  0.5s
Multiple -pix_fmt options specified for stream 0, only the last option '-pix_fmt yuv420p' will be used.
  vyrNrziPKCB/5027: 56 steps -> 222 frames (14.7s)  1624 KB  0.6s
Multiple -pix_fmt options specified for stream 0, only the last option '-pix_fmt yuv420p' will be used.
  vyrNrziPKCB/5030: 37 steps -> 141 frames (9.3s)  1180 KB  0.5s
Multiple -pix_fmt options specified for stream 0, only the last option '-pix_fmt yuv420p' will be used.
  vyrNrziPKCB/5060: 16 steps -> 64 frames (4.2s)  539 KB  0.3s
Multiple -pix_fmt options specified for stream 0, only the last option '-pix_fmt yuv420p' will be used.
  vyrNrziPKCB/5132: 43 steps -> 181 frames (12.0s)  1415 KB  0.5s
Multiple -pix_fmt options specified for stream 0, only the last option '-pix_fmt yuv420p' will be used.
  vyrNrziPKCB/5204: 61 steps -> 247 frames (16.4s)  1969 KB  0.7s
Multiple -pix_fmt options specified for stream 0, only the last option '-pix_fmt yuv420p' will be used.
  vyrNrziPKCB/5216: 66 steps -> 259 frames (17.2s)  2052 KB  0.7s
Multiple -pix_fmt options specified for stream 0, only the last option '-pix_fmt yuv420p' will be used.
  vyrNrziPKCB/5315: 28 steps -> 111 frames (7.3s)  828 KB  0.4s
Multiple -pix_fmt options specified for stream 0, only the last option '-pix_fmt yuv420p' will be used.
  vyrNrziPKCB/5342: 56 steps -> 232 frames (15.4s)  2049 KB  0.7s
Multiple -pix_fmt options specified for stream 0, only the last option '-pix_fmt yuv420p' will be used.
  vyrNrziPKCB/5393: 15 steps -> 61 frames (4.0s)  394 KB  0.3s
Multiple -pix_fmt options specified for stream 0, only the last option '-pix_fmt yuv420p' will be used.
  vyrNrziPKCB/5453: 66 steps -> 271 frames (18.0s)  2216 KB  0.8s
Multiple -pix_fmt options specified for stream 0, only the last option '-pix_fmt yuv420p' will be used.
  vyrNrziPKCB/5648: 58 steps -> 241 frames (16.0s)  1803 KB  0.7s
Multiple -pix_fmt options specified for stream 0, only the last option '-pix_fmt yuv420p' will be used.
  vyrNrziPKCB/5882: 34 steps -> 134 frames (8.9s)  906 KB  0.4s
Multiple -pix_fmt options specified for stream 0, only the last option '-pix_fmt yuv420p' will be used.
  vyrNrziPKCB/6095: 55 steps -> 222 frames (14.7s)  1959 KB  0.6s
Multiple -pix_fmt options specified for stream 0, only the last option '-pix_fmt yuv420p' will be used.
  vyrNrziPKCB/6119: 56 steps -> 227 frames (15.1s)  2027 KB  0.6s
Multiple -pix_fmt options specified for stream 0, only the last option '-pix_fmt yuv420p' will be used.
  vyrNrziPKCB/6236: 47 steps -> 186 frames (12.3s)  1242 KB  0.5s
Multiple -pix_fmt options specified for stream 0, only the last option '-pix_fmt yuv420p' will be used.
  vyrNrziPKCB/6317: 49 steps -> 191 frames (12.7s)  1689 KB  0.5s
Multiple -pix_fmt options specified for stream 0, only the last option '-pix_fmt yuv420p' will be used.
  vyrNrziPKCB/6440: 32 steps -> 121 frames (8.0s)  901 KB  0.4s
Multiple -pix_fmt options specified for stream 0, only the last option '-pix_fmt yuv420p' will be used.
  vyrNrziPKCB/6449: 47 steps -> 193 frames (12.8s)  1583 KB  0.6s
Multiple -pix_fmt options specified for stream 0, only the last option '-pix_fmt yuv420p' will be used.
  vyrNrziPKCB/6623: 21 steps -> 92 frames (6.1s)  327 KB  0.3s
Multiple -pix_fmt options specified for stream 0, only the last option '-pix_fmt yuv420p' will be used.
  vyrNrziPKCB/671: 26 steps -> 110 frames (7.3s)  908 KB  0.4s
Multiple -pix_fmt options specified for stream 0, only the last option '-pix_fmt yuv420p' will be used.
  vyrNrziPKCB/6725: 75 steps -> 310 frames (20.6s)  2809 KB  0.9s
Multiple -pix_fmt options specified for stream 0, only the last option '-pix_fmt yuv420p' will be used.
  vyrNrziPKCB/6845: 64 steps -> 263 frames (17.5s)  2222 KB  0.7s
Multiple -pix_fmt options specified for stream 0, only the last option '-pix_fmt yuv420p' will be used.
  vyrNrziPKCB/6869: 32 steps -> 136 frames (9.0s)  817 KB  0.4s
Multiple -pix_fmt options specified for stream 0, only the last option '-pix_fmt yuv420p' will be used.
  vyrNrziPKCB/6872: 25 steps -> 109 frames (7.2s)  484 KB  0.4s
Multiple -pix_fmt options specified for stream 0, only the last option '-pix_fmt yuv420p' will be used.
  vyrNrziPKCB/6941: 33 steps -> 131 frames (8.7s)  894 KB  0.4s
Multiple -pix_fmt options specified for stream 0, only the last option '-pix_fmt yuv420p' will be used.
  vyrNrziPKCB/6989: 39 steps -> 158 frames (10.5s)  1133 KB  0.5s
Multiple -pix_fmt options specified for stream 0, only the last option '-pix_fmt yuv420p' will be used.
  vyrNrziPKCB/7019: 72 steps -> 302 frames (20.1s)  2262 KB  0.8s
Multiple -pix_fmt options specified for stream 0, only the last option '-pix_fmt yuv420p' will be used.
  vyrNrziPKCB/7148: 51 steps -> 202 frames (13.4s)  1709 KB  0.6s
Multiple -pix_fmt options specified for stream 0, only the last option '-pix_fmt yuv420p' will be used.
  vyrNrziPKCB/7418: 37 steps -> 161 frames (10.7s)  1008 KB  0.5s
Multiple -pix_fmt options specified for stream 0, only the last option '-pix_fmt yuv420p' will be used.
  vyrNrziPKCB/7421: 33 steps -> 135 frames (8.9s)  1213 KB  0.4s
Multiple -pix_fmt options specified for stream 0, only the last option '-pix_fmt yuv420p' will be used.
  vyrNrziPKCB/7451: 70 steps -> 299 frames (19.9s)  1978 KB  0.7s
Multiple -pix_fmt options specified for stream 0, only the last option '-pix_fmt yuv420p' will be used.
  vyrNrziPKCB/7793: 57 steps -> 245 frames (16.3s)  1747 KB  0.7s
Multiple -pix_fmt options specified for stream 0, only the last option '-pix_fmt yuv420p' will be used.
  vyrNrziPKCB/7886: 83 steps -> 341 frames (22.7s)  2559 KB  0.8s
Multiple -pix_fmt options specified for stream 0, only the last option '-pix_fmt yuv420p' will be used.
  vyrNrziPKCB/7931: 39 steps -> 161 frames (10.7s)  1015 KB  0.5s
Multiple -pix_fmt options specified for stream 0, only the last option '-pix_fmt yuv420p' will be used.
  vyrNrziPKCB/7940: 32 steps -> 138 frames (9.1s)  596 KB  0.4s
Multiple -pix_fmt options specified for stream 0, only the last option '-pix_fmt yuv420p' will be used.
  vyrNrziPKCB/8135: 49 steps -> 208 frames (13.8s)  1426 KB  0.6s
Multiple -pix_fmt options specified for stream 0, only the last option '-pix_fmt yuv420p' will be used.
  vyrNrziPKCB/8297: 63 steps -> 271 frames (18.0s)  1945 KB  0.7s
Multiple -pix_fmt options specified for stream 0, only the last option '-pix_fmt yuv420p' will be used.
  vyrNrziPKCB/833: 54 steps -> 217 frames (14.4s)  1814 KB  0.6s
Multiple -pix_fmt options specified for stream 0, only the last option '-pix_fmt yuv420p' will be used.
  vyrNrziPKCB/8420: 25 steps -> 98 frames (6.5s)  745 KB  0.3s
Multiple -pix_fmt options specified for stream 0, only the last option '-pix_fmt yuv420p' will be used.
  vyrNrziPKCB/8540: 62 steps -> 272 frames (18.1s)  1751 KB  0.7s
Multiple -pix_fmt options specified for stream 0, only the last option '-pix_fmt yuv420p' will be used.
  vyrNrziPKCB/8543: 47 steps -> 187 frames (12.4s)  1528 KB  0.5s
Multiple -pix_fmt options specified for stream 0, only the last option '-pix_fmt yuv420p' will be used.
  vyrNrziPKCB/8672: 54 steps -> 225 frames (14.9s)  1212 KB  0.5s
Multiple -pix_fmt options specified for stream 0, only the last option '-pix_fmt yuv420p' will be used.
  vyrNrziPKCB/8858: 37 steps -> 151 frames (10.0s)  1095 KB  0.5s
Multiple -pix_fmt options specified for stream 0, only the last option '-pix_fmt yuv420p' will be used.
  vyrNrziPKCB/8882: 35 steps -> 153 frames (10.1s)  1233 KB  0.5s
Multiple -pix_fmt options specified for stream 0, only the last option '-pix_fmt yuv420p' will be used.
  vyrNrziPKCB/9203: 29 steps -> 120 frames (7.9s)  779 KB  0.4s
Multiple -pix_fmt options specified for stream 0, only the last option '-pix_fmt yuv420p' will be used.
  vyrNrziPKCB/957: 33 steps -> 132 frames (8.7s)  1161 KB  0.4s
Multiple -pix_fmt options specified for stream 0, only the last option '-pix_fmt yuv420p' will be used.
  vyrNrziPKCB/9719: 45 steps -> 170 frames (11.3s)  1891 KB  0.5s
Multiple -pix_fmt options specified for stream 0, only the last option '-pix_fmt yuv420p' will be used.
  vyrNrziPKCB/9854: 76 steps -> 307 frames (20.4s)  2381 KB  0.8s

3602 episodes  596,980 frames  4404.5 MB  2182.4s
per episode: 166 frames  1194 KB  0.61s
per frame:   7.2 KB  3.7 ms

extrapolated to 3,602 episodes: 0.60 M frames, 4.4 GB, 0.6 GPU-hours
