ARM "v3_step1500_direct_r3"  policy=direct  think=False  burst fwd=2 turn=2  patience=2  adapter=checkpoints/reasoner_sft_v3/step1500
split=val_unseen  episodes=40  scans=6

Loading weights:   0%|          | 0/670 [00:00<?, ?it/s]Loading weights:  10%|█         | 67/670 [00:00<00:00, 657.85it/s]Loading weights:  24%|██▍       | 164/670 [00:00<00:00, 829.02it/s]Loading weights:  37%|███▋      | 247/670 [00:00<00:00, 772.86it/s]Loading weights: 100%|██████████| 670/670 [00:00<00:00, 1640.59it/s]
[transformers] Kwargs passed to `processor.__call__` have to be in `processor_kwargs` dict, not in `**kwargs`
[transformers] Kwargs passed to `processor.__call__` have to be in `processor_kwargs` dict, not in `**kwargs`
[transformers] Kwargs passed to `processor.__call__` have to be in `processor_kwargs` dict, not in `**kwargs`
[transformers] Kwargs passed to `processor.__call__` have to be in `processor_kwargs` dict, not in `**kwargs`
[transformers] Kwargs passed to `processor.__call__` have to be in `processor_kwargs` dict, not in `**kwargs`
[transformers] Kwargs passed to `processor.__call__` have to be in `processor_kwargs` dict, not in `**kwargs`
[transformers] Kwargs passed to `processor.__call__` have to be in `processor_kwargs` dict, not in `**kwargs`
[transformers] Kwargs passed to `processor.__call__` have to be in `processor_kwargs` dict, not in `**kwargs`
[transformers] Kwargs passed to `processor.__call__` have to be in `processor_kwargs` dict, not in `**kwargs`
  [1/40] 2azQ1b91cZZ within_radius  min_d  2.86  calls   9  5s/ep
[transformers] Kwargs passed to `processor.__call__` have to be in `processor_kwargs` dict, not in `**kwargs`
[transformers] Kwargs passed to `processor.__call__` have to be in `processor_kwargs` dict, not in `**kwargs`
[transformers] Kwargs passed to `processor.__call__` have to be in `processor_kwargs` dict, not in `**kwargs`
[transformers] Kwargs passed to `processor.__call__` have to be in `processor_kwargs` dict, not in `**kwargs`
[transformers] Kwargs passed to `processor.__call__` have to be in `processor_kwargs` dict, not in `**kwargs`
[transformers] Kwargs passed to `processor.__call__` have to be in `processor_kwargs` dict, not in `**kwargs`
[transformers] Kwargs passed to `processor.__call__` have to be in `processor_kwargs` dict, not in `**kwargs`
[transformers] Kwargs passed to `processor.__call__` have to be in `processor_kwargs` dict, not in `**kwargs`
[transformers] Kwargs passed to `processor.__call__` have to be in `processor_kwargs` dict, not in `**kwargs`
  [2/40] 2azQ1b91cZZ within_radius  min_d  2.86  calls   9  3s/ep
[transformers] Kwargs passed to `processor.__call__` have to be in `processor_kwargs` dict, not in `**kwargs`
[transformers] Kwargs passed to `processor.__call__` have to be in `processor_kwargs` dict, not in `**kwargs`
[transformers] Kwargs passed to `processor.__call__` have to be in `processor_kwargs` dict, not in `**kwargs`
[transformers] Kwargs passed to `processor.__call__` have to be in `processor_kwargs` dict, not in `**kwargs`
[transformers] Kwargs passed to `processor.__call__` have to be in `processor_kwargs` dict, not in `**kwargs`
[transformers] Kwargs passed to `processor.__call__` have to be in `processor_kwargs` dict, not in `**kwargs`
[transformers] Kwargs passed to `processor.__call__` have to be in `processor_kwargs` dict, not in `**kwargs`
[transformers] Kwargs passed to `processor.__call__` have to be in `processor_kwargs` dict, not in `**kwargs`
[transformers] Kwargs passed to `processor.__call__` have to be in `processor_kwargs` dict, not in `**kwargs`
  [3/40] 2azQ1b91cZZ within_radius  min_d  2.86  calls   9  3s/ep
[transformers] Kwargs passed to `processor.__call__` have to be in `processor_kwargs` dict, not in `**kwargs`
[transformers] Kwargs passed to `processor.__call__` have to be in `processor_kwargs` dict, not in `**kwargs`
[transformers] Kwargs passed to `processor.__call__` have to be in `processor_kwargs` dict, not in `**kwargs`
[transformers] Kwargs passed to `processor.__call__` have to be in `processor_kwargs` dict, not in `**kwargs`
[transformers] Kwargs passed to `processor.__call__` have to be in `processor_kwargs` dict, not in `**kwargs`
[transformers] Kwargs passed to `processor.__call__` have to be in `processor_kwargs` dict, not in `**kwargs`
[transformers] Kwargs passed to `processor.__call__` have to be in `processor_kwargs` dict, not in `**kwargs`
[transformers] Kwargs passed to `processor.__call__` have to be in `processor_kwargs` dict, not in `**kwargs`
[transformers] Kwargs passed to `processor.__call__` have to be in `processor_kwargs` dict, not in `**kwargs`
[transformers] Kwargs passed to `processor.__call__` have to be in `processor_kwargs` dict, not in `**kwargs`
[transformers] Kwargs passed to `processor.__call__` have to be in `processor_kwargs` dict, not in `**kwargs`
[transformers] Kwargs passed to `processor.__call__` have to be in `processor_kwargs` dict, not in `**kwargs`
[transformers] Kwargs passed to `processor.__call__` have to be in `processor_kwargs` dict, not in `**kwargs`
[transformers] Kwargs passed to `processor.__call__` have to be in `processor_kwargs` dict, not in `**kwargs`
[transformers] Kwargs passed to `processor.__call__` have to be in `processor_kwargs` dict, not in `**kwargs`
[transformers] Kwargs passed to `processor.__call__` have to be in `processor_kwargs` dict, not in `**kwargs`
[transformers] Kwargs passed to `processor.__call__` have to be in `processor_kwargs` dict, not in `**kwargs`
  [4/40] 2azQ1b91cZZ within_radius  min_d  2.85  calls  17  3s/ep
[transformers] Kwargs passed to `processor.__call__` have to be in `processor_kwargs` dict, not in `**kwargs`
[transformers] Kwargs passed to `processor.__call__` have to be in `processor_kwargs` dict, not in `**kwargs`
[transformers] Kwargs passed to `processor.__call__` have to be in `processor_kwargs` dict, not in `**kwargs`
[transformers] Kwargs passed to `processor.__call__` have to be in `processor_kwargs` dict, not in `**kwargs`
[transformers] Kwargs passed to `processor.__call__` have to be in `processor_kwargs` dict, not in `**kwargs`
[transformers] Kwargs passed to `processor.__call__` have to be in `processor_kwargs` dict, not in `**kwargs`
[transformers] Kwargs passed to `processor.__call__` have to be in `processor_kwargs` dict, not in `**kwargs`
[transformers] Kwargs passed to `processor.__call__` have to be in `processor_kwargs` dict, not in `**kwargs`
[transformers] Kwargs passed to `processor.__call__` have to be in `processor_kwargs` dict, not in `**kwargs`
[transformers] Kwargs passed to `processor.__call__` have to be in `processor_kwargs` dict, not in `**kwargs`
[transformers] Kwargs passed to `processor.__call__` have to be in `processor_kwargs` dict, not in `**kwargs`
[transformers] Kwargs passed to `processor.__call__` have to be in `processor_kwargs` dict, not in `**kwargs`
[transformers] Kwargs passed to `processor.__call__` have to be in `processor_kwargs` dict, not in `**kwargs`
[transformers] Kwargs passed to `processor.__call__` have to be in `processor_kwargs` dict, not in `**kwargs`
[transformers] Kwargs passed to `processor.__call__` have to be in `processor_kwargs` dict, not in `**kwargs`
[transformers] Kwargs passed to `processor.__call__` have to be in `processor_kwargs` dict, not in `**kwargs`
[transformers] Kwargs passed to `processor.__call__` have to be in `processor_kwargs` dict, not in `**kwargs`
[transformers] Kwargs passed to `processor.__call__` have to be in `processor_kwargs` dict, not in `**kwargs`
[transformers] Kwargs passed to `processor.__call__` have to be in `processor_kwargs` dict, not in `**kwargs`
  [5/40] 2azQ1b91cZZ within_radius  min_d  2.85  calls  19  3s/ep
[transformers] Kwargs passed to `processor.__call__` have to be in `processor_kwargs` dict, not in `**kwargs`
[transformers] Kwargs passed to `processor.__call__` have to be in `processor_kwargs` dict, not in `**kwargs`
[transformers] Kwargs passed to `processor.__call__` have to be in `processor_kwargs` dict, not in `**kwargs`
[transformers] Kwargs passed to `processor.__call__` have to be in `processor_kwargs` dict, not in `**kwargs`
[transformers] Kwargs passed to `processor.__call__` have to be in `processor_kwargs` dict, not in `**kwargs`
[transformers] Kwargs passed to `processor.__call__` have to be in `processor_kwargs` dict, not in `**kwargs`
[transformers] Kwargs passed to `processor.__call__` have to be in `processor_kwargs` dict, not in `**kwargs`
[transformers] Kwargs passed to `processor.__call__` have to be in `processor_kwargs` dict, not in `**kwargs`
[transformers] Kwargs passed to `processor.__call__` have to be in `processor_kwargs` dict, not in `**kwargs`
[transformers] Kwargs passed to `processor.__call__` have to be in `processor_kwargs` dict, not in `**kwargs`
[transformers] Kwargs passed to `processor.__call__` have to be in `processor_kwargs` dict, not in `**kwargs`
[transformers] Kwargs passed to `processor.__call__` have to be in `processor_kwargs` dict, not in `**kwargs`
[transformers] Kwargs passed to `processor.__call__` have to be in `processor_kwargs` dict, not in `**kwargs`
[transformers] Kwargs passed to `processor.__call__` have to be in `processor_kwargs` dict, not in `**kwargs`
[transformers] Kwargs passed to `processor.__call__` have to be in `processor_kwargs` dict, not in `**kwargs`
[transformers] Kwargs passed to `processor.__call__` have to be in `processor_kwargs` dict, not in `**kwargs`
[transformers] Kwargs passed to `processor.__call__` have to be in `processor_kwargs` dict, not in `**kwargs`
  [6/40] 2azQ1b91cZZ within_radius  min_d  2.85  calls  17  4s/ep
[transformers] Kwargs passed to `processor.__call__` have to be in `processor_kwargs` dict, not in `**kwargs`
[transformers] Kwargs passed to `processor.__call__` have to be in `processor_kwargs` dict, not in `**kwargs`
[transformers] Kwargs passed to `processor.__call__` have to be in `processor_kwargs` dict, not in `**kwargs`
[transformers] Kwargs passed to `processor.__call__` have to be in `processor_kwargs` dict, not in `**kwargs`
[transformers] Kwargs passed to `processor.__call__` have to be in `processor_kwargs` dict, not in `**kwargs`
[transformers] Kwargs passed to `processor.__call__` have to be in `processor_kwargs` dict, not in `**kwargs`
[transformers] Kwargs passed to `processor.__call__` have to be in `processor_kwargs` dict, not in `**kwargs`
[transformers] Kwargs passed to `processor.__call__` have to be in `processor_kwargs` dict, not in `**kwargs`
[transformers] Kwargs passed to `processor.__call__` have to be in `processor_kwargs` dict, not in `**kwargs`
[transformers] Kwargs passed to `processor.__call__` have to be in `processor_kwargs` dict, not in `**kwargs`
[transformers] Kwargs passed to `processor.__call__` have to be in `processor_kwargs` dict, not in `**kwargs`
[transformers] Kwargs passed to `processor.__call__` have to be in `processor_kwargs` dict, not in `**kwargs`
[transformers] Kwargs passed to `processor.__call__` have to be in `processor_kwargs` dict, not in `**kwargs`
[transformers] Kwargs passed to `processor.__call__` have to be in `processor_kwargs` dict, not in `**kwargs`
[transformers] Kwargs passed to `processor.__call__` have to be in `processor_kwargs` dict, not in `**kwargs`
[transformers] Kwargs passed to `processor.__call__` have to be in `processor_kwargs` dict, not in `**kwargs`
[transformers] Kwargs passed to `processor.__call__` have to be in `processor_kwargs` dict, not in `**kwargs`
[transformers] Kwargs passed to `processor.__call__` have to be in `processor_kwargs` dict, not in `**kwargs`
[transformers] Kwargs passed to `processor.__call__` have to be in `processor_kwargs` dict, not in `**kwargs`
[transformers] Kwargs passed to `processor.__call__` have to be in `processor_kwargs` dict, not in `**kwargs`
[transformers] Kwargs passed to `processor.__call__` have to be in `processor_kwargs` dict, not in `**kwargs`
[transformers] Kwargs passed to `processor.__call__` have to be in `processor_kwargs` dict, not in `**kwargs`
[transformers] Kwargs passed to `processor.__call__` have to be in `processor_kwargs` dict, not in `**kwargs`
[transformers] Kwargs passed to `processor.__call__` have to be in `processor_kwargs` dict, not in `**kwargs`
[transformers] Kwargs passed to `processor.__call__` have to be in `processor_kwargs` dict, not in `**kwargs`
[transformers] Kwargs passed to `processor.__call__` have to be in `processor_kwargs` dict, not in `**kwargs`
[transformers] Kwargs passed to `processor.__call__` have to be in `processor_kwargs` dict, not in `**kwargs`
[transformers] Kwargs passed to `processor.__call__` have to be in `processor_kwargs` dict, not in `**kwargs`
[transformers] Kwargs passed to `processor.__call__` have to be in `processor_kwargs` dict, not in `**kwargs`
[transformers] Kwargs passed to `processor.__call__` have to be in `processor_kwargs` dict, not in `**kwargs`
[transformers] Kwargs passed to `processor.__call__` have to be in `processor_kwargs` dict, not in `**kwargs`
[transformers] Kwargs passed to `processor.__call__` have to be in `processor_kwargs` dict, not in `**kwargs`
[transformers] Kwargs passed to `processor.__call__` have to be in `processor_kwargs` dict, not in `**kwargs`
[transformers] Kwargs passed to `processor.__call__` have to be in `processor_kwargs` dict, not in `**kwargs`
[transformers] Kwargs passed to `processor.__call__` have to be in `processor_kwargs` dict, not in `**kwargs`
[transformers] Kwargs passed to `processor.__call__` have to be in `processor_kwargs` dict, not in `**kwargs`
[transformers] Kwargs passed to `processor.__call__` have to be in `processor_kwargs` dict, not in `**kwargs`
[transformers] Kwargs passed to `processor.__call__` have to be in `processor_kwargs` dict, not in `**kwargs`
[transformers] Kwargs passed to `processor.__call__` have to be in `processor_kwargs` dict, not in `**kwargs`
[transformers] Kwargs passed to `processor.__call__` have to be in `processor_kwargs` dict, not in `**kwargs`
[transformers] Kwargs passed to `processor.__call__` have to be in `processor_kwargs` dict, not in `**kwargs`
[transformers] Kwargs passed to `processor.__call__` have to be in `processor_kwargs` dict, not in `**kwargs`
[transformers] Kwargs passed to `processor.__call__` have to be in `processor_kwargs` dict, not in `**kwargs`
[transformers] Kwargs passed to `processor.__call__` have to be in `processor_kwargs` dict, not in `**kwargs`
[transformers] Kwargs passed to `processor.__call__` have to be in `processor_kwargs` dict, not in `**kwargs`
[transformers] Kwargs passed to `processor.__call__` have to be in `processor_kwargs` dict, not in `**kwargs`
[transformers] Kwargs passed to `processor.__call__` have to be in `processor_kwargs` dict, not in `**kwargs`
[transformers] Kwargs passed to `processor.__call__` have to be in `processor_kwargs` dict, not in `**kwargs`
[transformers] Kwargs passed to `processor.__call__` have to be in `processor_kwargs` dict, not in `**kwargs`
[transformers] Kwargs passed to `processor.__call__` have to be in `processor_kwargs` dict, not in `**kwargs`
  [7/40] QUCTc6BB5sX       timeout  min_d 10.36  calls  50  5s/ep
[transformers] Kwargs passed to `processor.__call__` have to be in `processor_kwargs` dict, not in `**kwargs`
[transformers] Kwargs passed to `processor.__call__` have to be in `processor_kwargs` dict, not in `**kwargs`
[transformers] Kwargs passed to `processor.__call__` have to be in `processor_kwargs` dict, not in `**kwargs`
[transformers] Kwargs passed to `processor.__call__` have to be in `processor_kwargs` dict, not in `**kwargs`
[transformers] Kwargs passed to `processor.__call__` have to be in `processor_kwargs` dict, not in `**kwargs`
[transformers] Kwargs passed to `processor.__call__` have to be in `processor_kwargs` dict, not in `**kwargs`
[transformers] Kwargs passed to `processor.__call__` have to be in `processor_kwargs` dict, not in `**kwargs`
[transformers] Kwargs passed to `processor.__call__` have to be in `processor_kwargs` dict, not in `**kwargs`
[transformers] Kwargs passed to `processor.__call__` have to be in `processor_kwargs` dict, not in `**kwargs`
[transformers] Kwargs passed to `processor.__call__` have to be in `processor_kwargs` dict, not in `**kwargs`
[transformers] Kwargs passed to `processor.__call__` have to be in `processor_kwargs` dict, not in `**kwargs`
[transformers] Kwargs passed to `processor.__call__` have to be in `processor_kwargs` dict, not in `**kwargs`
[transformers] Kwargs passed to `processor.__call__` have to be in `processor_kwargs` dict, not in `**kwargs`
[transformers] Kwargs passed to `processor.__call__` have to be in `processor_kwargs` dict, not in `**kwargs`
[transformers] Kwargs passed to `processor.__call__` have to be in `processor_kwargs` dict, not in `**kwargs`
[transformers] Kwargs passed to `processor.__call__` have to be in `processor_kwargs` dict, not in `**kwargs`
[transformers] Kwargs passed to `processor.__call__` have to be in `processor_kwargs` dict, not in `**kwargs`
[transformers] Kwargs passed to `processor.__call__` have to be in `processor_kwargs` dict, not in `**kwargs`
[transformers] Kwargs passed to `processor.__call__` have to be in `processor_kwargs` dict, not in `**kwargs`
[transformers] Kwargs passed to `processor.__call__` have to be in `processor_kwargs` dict, not in `**kwargs`
[transformers] Kwargs passed to `processor.__call__` have to be in `processor_kwargs` dict, not in `**kwargs`
[transformers] Kwargs passed to `processor.__call__` have to be in `processor_kwargs` dict, not in `**kwargs`
[transformers] Kwargs passed to `processor.__call__` have to be in `processor_kwargs` dict, not in `**kwargs`
[transformers] Kwargs passed to `processor.__call__` have to be in `processor_kwargs` dict, not in `**kwargs`
[transformers] Kwargs passed to `processor.__call__` have to be in `processor_kwargs` dict, not in `**kwargs`
[transformers] Kwargs passed to `processor.__call__` have to be in `processor_kwargs` dict, not in `**kwargs`
[transformers] Kwargs passed to `processor.__call__` have to be in `processor_kwargs` dict, not in `**kwargs`
[transformers] Kwargs passed to `processor.__call__` have to be in `processor_kwargs` dict, not in `**kwargs`
[transformers] Kwargs passed to `processor.__call__` have to be in `processor_kwargs` dict, not in `**kwargs`
[transformers] Kwargs passed to `processor.__call__` have to be in `processor_kwargs` dict, not in `**kwargs`
[transformers] Kwargs passed to `processor.__call__` have to be in `processor_kwargs` dict, not in `**kwargs`
[transformers] Kwargs passed to `processor.__call__` have to be in `processor_kwargs` dict, not in `**kwargs`
[transformers] Kwargs passed to `processor.__call__` have to be in `processor_kwargs` dict, not in `**kwargs`
[transformers] Kwargs passed to `processor.__call__` have to be in `processor_kwargs` dict, not in `**kwargs`
[transformers] Kwargs passed to `processor.__call__` have to be in `processor_kwargs` dict, not in `**kwargs`
[transformers] Kwargs passed to `processor.__call__` have to be in `processor_kwargs` dict, not in `**kwargs`
[transformers] Kwargs passed to `processor.__call__` have to be in `processor_kwargs` dict, not in `**kwargs`
[transformers] Kwargs passed to `processor.__call__` have to be in `processor_kwargs` dict, not in `**kwargs`
[transformers] Kwargs passed to `processor.__call__` have to be in `processor_kwargs` dict, not in `**kwargs`
[transformers] Kwargs passed to `processor.__call__` have to be in `processor_kwargs` dict, not in `**kwargs`
[transformers] Kwargs passed to `processor.__call__` have to be in `processor_kwargs` dict, not in `**kwargs`
[transformers] Kwargs passed to `processor.__call__` have to be in `processor_kwargs` dict, not in `**kwargs`
[transformers] Kwargs passed to `processor.__call__` have to be in `processor_kwargs` dict, not in `**kwargs`
[transformers] Kwargs passed to `processor.__call__` have to be in `processor_kwargs` dict, not in `**kwargs`
[transformers] Kwargs passed to `processor.__call__` have to be in `processor_kwargs` dict, not in `**kwargs`
[transformers] Kwargs passed to `processor.__call__` have to be in `processor_kwargs` dict, not in `**kwargs`
[transformers] Kwargs passed to `processor.__call__` have to be in `processor_kwargs` dict, not in `**kwargs`
  [8/40] QUCTc6BB5sX within_radius  min_d  2.80  calls  47  6s/ep
[transformers] Kwargs passed to `processor.__call__` have to be in `processor_kwargs` dict, not in `**kwargs`
[transformers] Kwargs passed to `processor.__call__` have to be in `processor_kwargs` dict, not in `**kwargs`
[transformers] Kwargs passed to `processor.__call__` have to be in `processor_kwargs` dict, not in `**kwargs`
[transformers] Kwargs passed to `processor.__call__` have to be in `processor_kwargs` dict, not in `**kwargs`
[transformers] Kwargs passed to `processor.__call__` have to be in `processor_kwargs` dict, not in `**kwargs`
[transformers] Kwargs passed to `processor.__call__` have to be in `processor_kwargs` dict, not in `**kwargs`
[transformers] Kwargs passed to `processor.__call__` have to be in `processor_kwargs` dict, not in `**kwargs`
[transformers] Kwargs passed to `processor.__call__` have to be in `processor_kwargs` dict, not in `**kwargs`
[transformers] Kwargs passed to `processor.__call__` have to be in `processor_kwargs` dict, not in `**kwargs`
[transformers] Kwargs passed to `processor.__call__` have to be in `processor_kwargs` dict, not in `**kwargs`
[transformers] Kwargs passed to `processor.__call__` have to be in `processor_kwargs` dict, not in `**kwargs`
[transformers] Kwargs passed to `processor.__call__` have to be in `processor_kwargs` dict, not in `**kwargs`
[transformers] Kwargs passed to `processor.__call__` have to be in `processor_kwargs` dict, not in `**kwargs`
[transformers] Kwargs passed to `processor.__call__` have to be in `processor_kwargs` dict, not in `**kwargs`
[transformers] Kwargs passed to `processor.__call__` have to be in `processor_kwargs` dict, not in `**kwargs`
[transformers] Kwargs passed to `processor.__call__` have to be in `processor_kwargs` dict, not in `**kwargs`
[transformers] Kwargs passed to `processor.__call__` have to be in `processor_kwargs` dict, not in `**kwargs`
[transformers] Kwargs passed to `processor.__call__` have to be in `processor_kwargs` dict, not in `**kwargs`
[transformers] Kwargs passed to `processor.__call__` have to be in `processor_kwargs` dict, not in `**kwargs`
[transformers] Kwargs passed to `processor.__call__` have to be in `processor_kwargs` dict, not in `**kwargs`
[transformers] Kwargs passed to `processor.__call__` have to be in `processor_kwargs` dict, not in `**kwargs`
[transformers] Kwargs passed to `processor.__call__` have to be in `processor_kwargs` dict, not in `**kwargs`
[transformers] Kwargs passed to `processor.__call__` have to be in `processor_kwargs` dict, not in `**kwargs`
[transformers] Kwargs passed to `processor.__call__` have to be in `processor_kwargs` dict, not in `**kwargs`
[transformers] Kwargs passed to `processor.__call__` have to be in `processor_kwargs` dict, not in `**kwargs`
[transformers] Kwargs passed to `processor.__call__` have to be in `processor_kwargs` dict, not in `**kwargs`
[transformers] Kwargs passed to `processor.__call__` have to be in `processor_kwargs` dict, not in `**kwargs`
[transformers] Kwargs passed to `processor.__call__` have to be in `processor_kwargs` dict, not in `**kwargs`
[transformers] Kwargs passed to `processor.__call__` have to be in `processor_kwargs` dict, not in `**kwargs`
[transformers] Kwargs passed to `processor.__call__` have to be in `processor_kwargs` dict, not in `**kwargs`
[transformers] Kwargs passed to `processor.__call__` have to be in `processor_kwargs` dict, not in `**kwargs`
[transformers] Kwargs passed to `processor.__call__` have to be in `processor_kwargs` dict, not in `**kwargs`
[transformers] Kwargs passed to `processor.__call__` have to be in `processor_kwargs` dict, not in `**kwargs`
[transformers] Kwargs passed to `processor.__call__` have to be in `processor_kwargs` dict, not in `**kwargs`
[transformers] Kwargs passed to `processor.__call__` have to be in `processor_kwargs` dict, not in `**kwargs`
[transformers] Kwargs passed to `processor.__call__` have to be in `processor_kwargs` dict, not in `**kwargs`
[transformers] Kwargs passed to `processor.__call__` have to be in `processor_kwargs` dict, not in `**kwargs`
[transformers] Kwargs passed to `processor.__call__` have to be in `processor_kwargs` dict, not in `**kwargs`
[transformers] Kwargs passed to `processor.__call__` have to be in `processor_kwargs` dict, not in `**kwargs`
[transformers] Kwargs passed to `processor.__call__` have to be in `processor_kwargs` dict, not in `**kwargs`
[transformers] Kwargs passed to `processor.__call__` have to be in `processor_kwargs` dict, not in `**kwargs`
[transformers] Kwargs passed to `processor.__call__` have to be in `processor_kwargs` dict, not in `**kwargs`
[transformers] Kwargs passed to `processor.__call__` have to be in `processor_kwargs` dict, not in `**kwargs`
[transformers] Kwargs passed to `processor.__call__` have to be in `processor_kwargs` dict, not in `**kwargs`
[transformers] Kwargs passed to `processor.__call__` have to be in `processor_kwargs` dict, not in `**kwargs`
[transformers] Kwargs passed to `processor.__call__` have to be in `processor_kwargs` dict, not in `**kwargs`
[transformers] Kwargs passed to `processor.__call__` have to be in `processor_kwargs` dict, not in `**kwargs`
[transformers] Kwargs passed to `processor.__call__` have to be in `processor_kwargs` dict, not in `**kwargs`
[transformers] Kwargs passed to `processor.__call__` have to be in `processor_kwargs` dict, not in `**kwargs`
[transformers] Kwargs passed to `processor.__call__` have to be in `processor_kwargs` dict, not in `**kwargs`
  [9/40] QUCTc6BB5sX       timeout  min_d  8.14  calls  50  6s/ep
[transformers] Kwargs passed to `processor.__call__` have to be in `processor_kwargs` dict, not in `**kwargs`
[transformers] Kwargs passed to `processor.__call__` have to be in `processor_kwargs` dict, not in `**kwargs`
[transformers] Kwargs passed to `processor.__call__` have to be in `processor_kwargs` dict, not in `**kwargs`
[transformers] Kwargs passed to `processor.__call__` have to be in `processor_kwargs` dict, not in `**kwargs`
[transformers] Kwargs passed to `processor.__call__` have to be in `processor_kwargs` dict, not in `**kwargs`
[transformers] Kwargs passed to `processor.__call__` have to be in `processor_kwargs` dict, not in `**kwargs`
[transformers] Kwargs passed to `processor.__call__` have to be in `processor_kwargs` dict, not in `**kwargs`
[transformers] Kwargs passed to `processor.__call__` have to be in `processor_kwargs` dict, not in `**kwargs`
[transformers] Kwargs passed to `processor.__call__` have to be in `processor_kwargs` dict, not in `**kwargs`
[transformers] Kwargs passed to `processor.__call__` have to be in `processor_kwargs` dict, not in `**kwargs`
[transformers] Kwargs passed to `processor.__call__` have to be in `processor_kwargs` dict, not in `**kwargs`
[transformers] Kwargs passed to `processor.__call__` have to be in `processor_kwargs` dict, not in `**kwargs`
[transformers] Kwargs passed to `processor.__call__` have to be in `processor_kwargs` dict, not in `**kwargs`
[transformers] Kwargs passed to `processor.__call__` have to be in `processor_kwargs` dict, not in `**kwargs`
[transformers] Kwargs passed to `processor.__call__` have to be in `processor_kwargs` dict, not in `**kwargs`
[transformers] Kwargs passed to `processor.__call__` have to be in `processor_kwargs` dict, not in `**kwargs`
[transformers] Kwargs passed to `processor.__call__` have to be in `processor_kwargs` dict, not in `**kwargs`
[transformers] Kwargs passed to `processor.__call__` have to be in `processor_kwargs` dict, not in `**kwargs`
[transformers] Kwargs passed to `processor.__call__` have to be in `processor_kwargs` dict, not in `**kwargs`
[transformers] Kwargs passed to `processor.__call__` have to be in `processor_kwargs` dict, not in `**kwargs`
[transformers] Kwargs passed to `processor.__call__` have to be in `processor_kwargs` dict, not in `**kwargs`
[transformers] Kwargs passed to `processor.__call__` have to be in `processor_kwargs` dict, not in `**kwargs`
[transformers] Kwargs passed to `processor.__call__` have to be in `processor_kwargs` dict, not in `**kwargs`
[transformers] Kwargs passed to `processor.__call__` have to be in `processor_kwargs` dict, not in `**kwargs`
[transformers] Kwargs passed to `processor.__call__` have to be in `processor_kwargs` dict, not in `**kwargs`
[transformers] Kwargs passed to `processor.__call__` have to be in `processor_kwargs` dict, not in `**kwargs`
[transformers] Kwargs passed to `processor.__call__` have to be in `processor_kwargs` dict, not in `**kwargs`
[transformers] Kwargs passed to `processor.__call__` have to be in `processor_kwargs` dict, not in `**kwargs`
[transformers] Kwargs passed to `processor.__call__` have to be in `processor_kwargs` dict, not in `**kwargs`
[transformers] Kwargs passed to `processor.__call__` have to be in `processor_kwargs` dict, not in `**kwargs`
[transformers] Kwargs passed to `processor.__call__` have to be in `processor_kwargs` dict, not in `**kwargs`
[transformers] Kwargs passed to `processor.__call__` have to be in `processor_kwargs` dict, not in `**kwargs`
[transformers] Kwargs passed to `processor.__call__` have to be in `processor_kwargs` dict, not in `**kwargs`
[transformers] Kwargs passed to `processor.__call__` have to be in `processor_kwargs` dict, not in `**kwargs`
[transformers] Kwargs passed to `processor.__call__` have to be in `processor_kwargs` dict, not in `**kwargs`
[transformers] Kwargs passed to `processor.__call__` have to be in `processor_kwargs` dict, not in `**kwargs`
[transformers] Kwargs passed to `processor.__call__` have to be in `processor_kwargs` dict, not in `**kwargs`
[transformers] Kwargs passed to `processor.__call__` have to be in `processor_kwargs` dict, not in `**kwargs`
[transformers] Kwargs passed to `processor.__call__` have to be in `processor_kwargs` dict, not in `**kwargs`
[transformers] Kwargs passed to `processor.__call__` have to be in `processor_kwargs` dict, not in `**kwargs`
[transformers] Kwargs passed to `processor.__call__` have to be in `processor_kwargs` dict, not in `**kwargs`
[transformers] Kwargs passed to `processor.__call__` have to be in `processor_kwargs` dict, not in `**kwargs`
[transformers] Kwargs passed to `processor.__call__` have to be in `processor_kwargs` dict, not in `**kwargs`
[transformers] Kwargs passed to `processor.__call__` have to be in `processor_kwargs` dict, not in `**kwargs`
[transformers] Kwargs passed to `processor.__call__` have to be in `processor_kwargs` dict, not in `**kwargs`
[transformers] Kwargs passed to `processor.__call__` have to be in `processor_kwargs` dict, not in `**kwargs`
[transformers] Kwargs passed to `processor.__call__` have to be in `processor_kwargs` dict, not in `**kwargs`
[transformers] Kwargs passed to `processor.__call__` have to be in `processor_kwargs` dict, not in `**kwargs`
[transformers] Kwargs passed to `processor.__call__` have to be in `processor_kwargs` dict, not in `**kwargs`
[transformers] Kwargs passed to `processor.__call__` have to be in `processor_kwargs` dict, not in `**kwargs`
  [10/40] TbHJrupSAjP       timeout  min_d  5.13  calls  50  7s/ep
[transformers] Kwargs passed to `processor.__call__` have to be in `processor_kwargs` dict, not in `**kwargs`
[transformers] Kwargs passed to `processor.__call__` have to be in `processor_kwargs` dict, not in `**kwargs`
[transformers] Kwargs passed to `processor.__call__` have to be in `processor_kwargs` dict, not in `**kwargs`
[transformers] Kwargs passed to `processor.__call__` have to be in `processor_kwargs` dict, not in `**kwargs`
[transformers] Kwargs passed to `processor.__call__` have to be in `processor_kwargs` dict, not in `**kwargs`
[transformers] Kwargs passed to `processor.__call__` have to be in `processor_kwargs` dict, not in `**kwargs`
[transformers] Kwargs passed to `processor.__call__` have to be in `processor_kwargs` dict, not in `**kwargs`
[transformers] Kwargs passed to `processor.__call__` have to be in `processor_kwargs` dict, not in `**kwargs`
[transformers] Kwargs passed to `processor.__call__` have to be in `processor_kwargs` dict, not in `**kwargs`
[transformers] Kwargs passed to `processor.__call__` have to be in `processor_kwargs` dict, not in `**kwargs`
[transformers] Kwargs passed to `processor.__call__` have to be in `processor_kwargs` dict, not in `**kwargs`
[transformers] Kwargs passed to `processor.__call__` have to be in `processor_kwargs` dict, not in `**kwargs`
[transformers] Kwargs passed to `processor.__call__` have to be in `processor_kwargs` dict, not in `**kwargs`
[transformers] Kwargs passed to `processor.__call__` have to be in `processor_kwargs` dict, not in `**kwargs`
[transformers] Kwargs passed to `processor.__call__` have to be in `processor_kwargs` dict, not in `**kwargs`
[transformers] Kwargs passed to `processor.__call__` have to be in `processor_kwargs` dict, not in `**kwargs`
[transformers] Kwargs passed to `processor.__call__` have to be in `processor_kwargs` dict, not in `**kwargs`
[transformers] Kwargs passed to `processor.__call__` have to be in `processor_kwargs` dict, not in `**kwargs`
[transformers] Kwargs passed to `processor.__call__` have to be in `processor_kwargs` dict, not in `**kwargs`
[transformers] Kwargs passed to `processor.__call__` have to be in `processor_kwargs` dict, not in `**kwargs`
[transformers] Kwargs passed to `processor.__call__` have to be in `processor_kwargs` dict, not in `**kwargs`
[transformers] Kwargs passed to `processor.__call__` have to be in `processor_kwargs` dict, not in `**kwargs`
[transformers] Kwargs passed to `processor.__call__` have to be in `processor_kwargs` dict, not in `**kwargs`
[transformers] Kwargs passed to `processor.__call__` have to be in `processor_kwargs` dict, not in `**kwargs`
[transformers] Kwargs passed to `processor.__call__` have to be in `processor_kwargs` dict, not in `**kwargs`
[transformers] Kwargs passed to `processor.__call__` have to be in `processor_kwargs` dict, not in `**kwargs`
[transformers] Kwargs passed to `processor.__call__` have to be in `processor_kwargs` dict, not in `**kwargs`
[transformers] Kwargs passed to `processor.__call__` have to be in `processor_kwargs` dict, not in `**kwargs`
[transformers] Kwargs passed to `processor.__call__` have to be in `processor_kwargs` dict, not in `**kwargs`
[transformers] Kwargs passed to `processor.__call__` have to be in `processor_kwargs` dict, not in `**kwargs`
[transformers] Kwargs passed to `processor.__call__` have to be in `processor_kwargs` dict, not in `**kwargs`
[transformers] Kwargs passed to `processor.__call__` have to be in `processor_kwargs` dict, not in `**kwargs`
[transformers] Kwargs passed to `processor.__call__` have to be in `processor_kwargs` dict, not in `**kwargs`
[transformers] Kwargs passed to `processor.__call__` have to be in `processor_kwargs` dict, not in `**kwargs`
[transformers] Kwargs passed to `processor.__call__` have to be in `processor_kwargs` dict, not in `**kwargs`
[transformers] Kwargs passed to `processor.__call__` have to be in `processor_kwargs` dict, not in `**kwargs`
[transformers] Kwargs passed to `processor.__call__` have to be in `processor_kwargs` dict, not in `**kwargs`
[transformers] Kwargs passed to `processor.__call__` have to be in `processor_kwargs` dict, not in `**kwargs`
[transformers] Kwargs passed to `processor.__call__` have to be in `processor_kwargs` dict, not in `**kwargs`
[transformers] Kwargs passed to `processor.__call__` have to be in `processor_kwargs` dict, not in `**kwargs`
[transformers] Kwargs passed to `processor.__call__` have to be in `processor_kwargs` dict, not in `**kwargs`
[transformers] Kwargs passed to `processor.__call__` have to be in `processor_kwargs` dict, not in `**kwargs`
[transformers] Kwargs passed to `processor.__call__` have to be in `processor_kwargs` dict, not in `**kwargs`
[transformers] Kwargs passed to `processor.__call__` have to be in `processor_kwargs` dict, not in `**kwargs`
[transformers] Kwargs passed to `processor.__call__` have to be in `processor_kwargs` dict, not in `**kwargs`
[transformers] Kwargs passed to `processor.__call__` have to be in `processor_kwargs` dict, not in `**kwargs`
[transformers] Kwargs passed to `processor.__call__` have to be in `processor_kwargs` dict, not in `**kwargs`
[transformers] Kwargs passed to `processor.__call__` have to be in `processor_kwargs` dict, not in `**kwargs`
[transformers] Kwargs passed to `processor.__call__` have to be in `processor_kwargs` dict, not in `**kwargs`
[transformers] Kwargs passed to `processor.__call__` have to be in `processor_kwargs` dict, not in `**kwargs`
  [11/40] TbHJrupSAjP       timeout  min_d  5.20  calls  50  7s/ep
[transformers] Kwargs passed to `processor.__call__` have to be in `processor_kwargs` dict, not in `**kwargs`
[transformers] Kwargs passed to `processor.__call__` have to be in `processor_kwargs` dict, not in `**kwargs`
[transformers] Kwargs passed to `processor.__call__` have to be in `processor_kwargs` dict, not in `**kwargs`
[transformers] Kwargs passed to `processor.__call__` have to be in `processor_kwargs` dict, not in `**kwargs`
[transformers] Kwargs passed to `processor.__call__` have to be in `processor_kwargs` dict, not in `**kwargs`
[transformers] Kwargs passed to `processor.__call__` have to be in `processor_kwargs` dict, not in `**kwargs`
[transformers] Kwargs passed to `processor.__call__` have to be in `processor_kwargs` dict, not in `**kwargs`
[transformers] Kwargs passed to `processor.__call__` have to be in `processor_kwargs` dict, not in `**kwargs`
[transformers] Kwargs passed to `processor.__call__` have to be in `processor_kwargs` dict, not in `**kwargs`
[transformers] Kwargs passed to `processor.__call__` have to be in `processor_kwargs` dict, not in `**kwargs`
[transformers] Kwargs passed to `processor.__call__` have to be in `processor_kwargs` dict, not in `**kwargs`
[transformers] Kwargs passed to `processor.__call__` have to be in `processor_kwargs` dict, not in `**kwargs`
[transformers] Kwargs passed to `processor.__call__` have to be in `processor_kwargs` dict, not in `**kwargs`
[transformers] Kwargs passed to `processor.__call__` have to be in `processor_kwargs` dict, not in `**kwargs`
[transformers] Kwargs passed to `processor.__call__` have to be in `processor_kwargs` dict, not in `**kwargs`
[transformers] Kwargs passed to `processor.__call__` have to be in `processor_kwargs` dict, not in `**kwargs`
[transformers] Kwargs passed to `processor.__call__` have to be in `processor_kwargs` dict, not in `**kwargs`
[transformers] Kwargs passed to `processor.__call__` have to be in `processor_kwargs` dict, not in `**kwargs`
[transformers] Kwargs passed to `processor.__call__` have to be in `processor_kwargs` dict, not in `**kwargs`
[transformers] Kwargs passed to `processor.__call__` have to be in `processor_kwargs` dict, not in `**kwargs`
[transformers] Kwargs passed to `processor.__call__` have to be in `processor_kwargs` dict, not in `**kwargs`
[transformers] Kwargs passed to `processor.__call__` have to be in `processor_kwargs` dict, not in `**kwargs`
[transformers] Kwargs passed to `processor.__call__` have to be in `processor_kwargs` dict, not in `**kwargs`
[transformers] Kwargs passed to `processor.__call__` have to be in `processor_kwargs` dict, not in `**kwargs`
[transformers] Kwargs passed to `processor.__call__` have to be in `processor_kwargs` dict, not in `**kwargs`
[transformers] Kwargs passed to `processor.__call__` have to be in `processor_kwargs` dict, not in `**kwargs`
[transformers] Kwargs passed to `processor.__call__` have to be in `processor_kwargs` dict, not in `**kwargs`
[transformers] Kwargs passed to `processor.__call__` have to be in `processor_kwargs` dict, not in `**kwargs`
[transformers] Kwargs passed to `processor.__call__` have to be in `processor_kwargs` dict, not in `**kwargs`
[transformers] Kwargs passed to `processor.__call__` have to be in `processor_kwargs` dict, not in `**kwargs`
[transformers] Kwargs passed to `processor.__call__` have to be in `processor_kwargs` dict, not in `**kwargs`
[transformers] Kwargs passed to `processor.__call__` have to be in `processor_kwargs` dict, not in `**kwargs`
[transformers] Kwargs passed to `processor.__call__` have to be in `processor_kwargs` dict, not in `**kwargs`
[transformers] Kwargs passed to `processor.__call__` have to be in `processor_kwargs` dict, not in `**kwargs`
[transformers] Kwargs passed to `processor.__call__` have to be in `processor_kwargs` dict, not in `**kwargs`
[transformers] Kwargs passed to `processor.__call__` have to be in `processor_kwargs` dict, not in `**kwargs`
[transformers] Kwargs passed to `processor.__call__` have to be in `processor_kwargs` dict, not in `**kwargs`
[transformers] Kwargs passed to `processor.__call__` have to be in `processor_kwargs` dict, not in `**kwargs`
[transformers] Kwargs passed to `processor.__call__` have to be in `processor_kwargs` dict, not in `**kwargs`
[transformers] Kwargs passed to `processor.__call__` have to be in `processor_kwargs` dict, not in `**kwargs`
[transformers] Kwargs passed to `processor.__call__` have to be in `processor_kwargs` dict, not in `**kwargs`
[transformers] Kwargs passed to `processor.__call__` have to be in `processor_kwargs` dict, not in `**kwargs`
[transformers] Kwargs passed to `processor.__call__` have to be in `processor_kwargs` dict, not in `**kwargs`
[transformers] Kwargs passed to `processor.__call__` have to be in `processor_kwargs` dict, not in `**kwargs`
[transformers] Kwargs passed to `processor.__call__` have to be in `processor_kwargs` dict, not in `**kwargs`
[transformers] Kwargs passed to `processor.__call__` have to be in `processor_kwargs` dict, not in `**kwargs`
[transformers] Kwargs passed to `processor.__call__` have to be in `processor_kwargs` dict, not in `**kwargs`
[transformers] Kwargs passed to `processor.__call__` have to be in `processor_kwargs` dict, not in `**kwargs`
[transformers] Kwargs passed to `processor.__call__` have to be in `processor_kwargs` dict, not in `**kwargs`
[transformers] Kwargs passed to `processor.__call__` have to be in `processor_kwargs` dict, not in `**kwargs`
  [12/40] TbHJrupSAjP       timeout  min_d  5.07  calls  50  8s/ep
[transformers] Kwargs passed to `processor.__call__` have to be in `processor_kwargs` dict, not in `**kwargs`
[transformers] Kwargs passed to `processor.__call__` have to be in `processor_kwargs` dict, not in `**kwargs`
[transformers] Kwargs passed to `processor.__call__` have to be in `processor_kwargs` dict, not in `**kwargs`
[transformers] Kwargs passed to `processor.__call__` have to be in `processor_kwargs` dict, not in `**kwargs`
[transformers] Kwargs passed to `processor.__call__` have to be in `processor_kwargs` dict, not in `**kwargs`
[transformers] Kwargs passed to `processor.__call__` have to be in `processor_kwargs` dict, not in `**kwargs`
[transformers] Kwargs passed to `processor.__call__` have to be in `processor_kwargs` dict, not in `**kwargs`
[transformers] Kwargs passed to `processor.__call__` have to be in `processor_kwargs` dict, not in `**kwargs`
[transformers] Kwargs passed to `processor.__call__` have to be in `processor_kwargs` dict, not in `**kwargs`
[transformers] Kwargs passed to `processor.__call__` have to be in `processor_kwargs` dict, not in `**kwargs`
[transformers] Kwargs passed to `processor.__call__` have to be in `processor_kwargs` dict, not in `**kwargs`
[transformers] Kwargs passed to `processor.__call__` have to be in `processor_kwargs` dict, not in `**kwargs`
[transformers] Kwargs passed to `processor.__call__` have to be in `processor_kwargs` dict, not in `**kwargs`
[transformers] Kwargs passed to `processor.__call__` have to be in `processor_kwargs` dict, not in `**kwargs`
[transformers] Kwargs passed to `processor.__call__` have to be in `processor_kwargs` dict, not in `**kwargs`
[transformers] Kwargs passed to `processor.__call__` have to be in `processor_kwargs` dict, not in `**kwargs`
[transformers] Kwargs passed to `processor.__call__` have to be in `processor_kwargs` dict, not in `**kwargs`
[transformers] Kwargs passed to `processor.__call__` have to be in `processor_kwargs` dict, not in `**kwargs`
[transformers] Kwargs passed to `processor.__call__` have to be in `processor_kwargs` dict, not in `**kwargs`
[transformers] Kwargs passed to `processor.__call__` have to be in `processor_kwargs` dict, not in `**kwargs`
[transformers] Kwargs passed to `processor.__call__` have to be in `processor_kwargs` dict, not in `**kwargs`
[transformers] Kwargs passed to `processor.__call__` have to be in `processor_kwargs` dict, not in `**kwargs`
[transformers] Kwargs passed to `processor.__call__` have to be in `processor_kwargs` dict, not in `**kwargs`
[transformers] Kwargs passed to `processor.__call__` have to be in `processor_kwargs` dict, not in `**kwargs`
[transformers] Kwargs passed to `processor.__call__` have to be in `processor_kwargs` dict, not in `**kwargs`
[transformers] Kwargs passed to `processor.__call__` have to be in `processor_kwargs` dict, not in `**kwargs`
[transformers] Kwargs passed to `processor.__call__` have to be in `processor_kwargs` dict, not in `**kwargs`
[transformers] Kwargs passed to `processor.__call__` have to be in `processor_kwargs` dict, not in `**kwargs`
[transformers] Kwargs passed to `processor.__call__` have to be in `processor_kwargs` dict, not in `**kwargs`
  [13/40] TbHJrupSAjP within_radius  min_d  2.97  calls  29  8s/ep
[transformers] Kwargs passed to `processor.__call__` have to be in `processor_kwargs` dict, not in `**kwargs`
[transformers] Kwargs passed to `processor.__call__` have to be in `processor_kwargs` dict, not in `**kwargs`
[transformers] Kwargs passed to `processor.__call__` have to be in `processor_kwargs` dict, not in `**kwargs`
[transformers] Kwargs passed to `processor.__call__` have to be in `processor_kwargs` dict, not in `**kwargs`
[transformers] Kwargs passed to `processor.__call__` have to be in `processor_kwargs` dict, not in `**kwargs`
[transformers] Kwargs passed to `processor.__call__` have to be in `processor_kwargs` dict, not in `**kwargs`
[transformers] Kwargs passed to `processor.__call__` have to be in `processor_kwargs` dict, not in `**kwargs`
[transformers] Kwargs passed to `processor.__call__` have to be in `processor_kwargs` dict, not in `**kwargs`
[transformers] Kwargs passed to `processor.__call__` have to be in `processor_kwargs` dict, not in `**kwargs`
[transformers] Kwargs passed to `processor.__call__` have to be in `processor_kwargs` dict, not in `**kwargs`
[transformers] Kwargs passed to `processor.__call__` have to be in `processor_kwargs` dict, not in `**kwargs`
[transformers] Kwargs passed to `processor.__call__` have to be in `processor_kwargs` dict, not in `**kwargs`
[transformers] Kwargs passed to `processor.__call__` have to be in `processor_kwargs` dict, not in `**kwargs`
[transformers] Kwargs passed to `processor.__call__` have to be in `processor_kwargs` dict, not in `**kwargs`
[transformers] Kwargs passed to `processor.__call__` have to be in `processor_kwargs` dict, not in `**kwargs`
[transformers] Kwargs passed to `processor.__call__` have to be in `processor_kwargs` dict, not in `**kwargs`
[transformers] Kwargs passed to `processor.__call__` have to be in `processor_kwargs` dict, not in `**kwargs`
[transformers] Kwargs passed to `processor.__call__` have to be in `processor_kwargs` dict, not in `**kwargs`
[transformers] Kwargs passed to `processor.__call__` have to be in `processor_kwargs` dict, not in `**kwargs`
[transformers] Kwargs passed to `processor.__call__` have to be in `processor_kwargs` dict, not in `**kwargs`
[transformers] Kwargs passed to `processor.__call__` have to be in `processor_kwargs` dict, not in `**kwargs`
[transformers] Kwargs passed to `processor.__call__` have to be in `processor_kwargs` dict, not in `**kwargs`
[transformers] Kwargs passed to `processor.__call__` have to be in `processor_kwargs` dict, not in `**kwargs`
[transformers] Kwargs passed to `processor.__call__` have to be in `processor_kwargs` dict, not in `**kwargs`
[transformers] Kwargs passed to `processor.__call__` have to be in `processor_kwargs` dict, not in `**kwargs`
[transformers] Kwargs passed to `processor.__call__` have to be in `processor_kwargs` dict, not in `**kwargs`
  [14/40] TbHJrupSAjP within_radius  min_d  2.98  calls  26  8s/ep
[transformers] Kwargs passed to `processor.__call__` have to be in `processor_kwargs` dict, not in `**kwargs`
[transformers] Kwargs passed to `processor.__call__` have to be in `processor_kwargs` dict, not in `**kwargs`
[transformers] Kwargs passed to `processor.__call__` have to be in `processor_kwargs` dict, not in `**kwargs`
[transformers] Kwargs passed to `processor.__call__` have to be in `processor_kwargs` dict, not in `**kwargs`
[transformers] Kwargs passed to `processor.__call__` have to be in `processor_kwargs` dict, not in `**kwargs`
[transformers] Kwargs passed to `processor.__call__` have to be in `processor_kwargs` dict, not in `**kwargs`
[transformers] Kwargs passed to `processor.__call__` have to be in `processor_kwargs` dict, not in `**kwargs`
[transformers] Kwargs passed to `processor.__call__` have to be in `processor_kwargs` dict, not in `**kwargs`
[transformers] Kwargs passed to `processor.__call__` have to be in `processor_kwargs` dict, not in `**kwargs`
[transformers] Kwargs passed to `processor.__call__` have to be in `processor_kwargs` dict, not in `**kwargs`
[transformers] Kwargs passed to `processor.__call__` have to be in `processor_kwargs` dict, not in `**kwargs`
[transformers] Kwargs passed to `processor.__call__` have to be in `processor_kwargs` dict, not in `**kwargs`
[transformers] Kwargs passed to `processor.__call__` have to be in `processor_kwargs` dict, not in `**kwargs`
[transformers] Kwargs passed to `processor.__call__` have to be in `processor_kwargs` dict, not in `**kwargs`
[transformers] Kwargs passed to `processor.__call__` have to be in `processor_kwargs` dict, not in `**kwargs`
[transformers] Kwargs passed to `processor.__call__` have to be in `processor_kwargs` dict, not in `**kwargs`
[transformers] Kwargs passed to `processor.__call__` have to be in `processor_kwargs` dict, not in `**kwargs`
[transformers] Kwargs passed to `processor.__call__` have to be in `processor_kwargs` dict, not in `**kwargs`
[transformers] Kwargs passed to `processor.__call__` have to be in `processor_kwargs` dict, not in `**kwargs`
[transformers] Kwargs passed to `processor.__call__` have to be in `processor_kwargs` dict, not in `**kwargs`
[transformers] Kwargs passed to `processor.__call__` have to be in `processor_kwargs` dict, not in `**kwargs`
[transformers] Kwargs passed to `processor.__call__` have to be in `processor_kwargs` dict, not in `**kwargs`
[transformers] Kwargs passed to `processor.__call__` have to be in `processor_kwargs` dict, not in `**kwargs`
[transformers] Kwargs passed to `processor.__call__` have to be in `processor_kwargs` dict, not in `**kwargs`
[transformers] Kwargs passed to `processor.__call__` have to be in `processor_kwargs` dict, not in `**kwargs`
[transformers] Kwargs passed to `processor.__call__` have to be in `processor_kwargs` dict, not in `**kwargs`
  [15/40] TbHJrupSAjP within_radius  min_d  2.76  calls  26  8s/ep
[transformers] Kwargs passed to `processor.__call__` have to be in `processor_kwargs` dict, not in `**kwargs`
[transformers] Kwargs passed to `processor.__call__` have to be in `processor_kwargs` dict, not in `**kwargs`
[transformers] Kwargs passed to `processor.__call__` have to be in `processor_kwargs` dict, not in `**kwargs`
[transformers] Kwargs passed to `processor.__call__` have to be in `processor_kwargs` dict, not in `**kwargs`
[transformers] Kwargs passed to `processor.__call__` have to be in `processor_kwargs` dict, not in `**kwargs`
[transformers] Kwargs passed to `processor.__call__` have to be in `processor_kwargs` dict, not in `**kwargs`
[transformers] Kwargs passed to `processor.__call__` have to be in `processor_kwargs` dict, not in `**kwargs`
[transformers] Kwargs passed to `processor.__call__` have to be in `processor_kwargs` dict, not in `**kwargs`
[transformers] Kwargs passed to `processor.__call__` have to be in `processor_kwargs` dict, not in `**kwargs`
[transformers] Kwargs passed to `processor.__call__` have to be in `processor_kwargs` dict, not in `**kwargs`
[transformers] Kwargs passed to `processor.__call__` have to be in `processor_kwargs` dict, not in `**kwargs`
[transformers] Kwargs passed to `processor.__call__` have to be in `processor_kwargs` dict, not in `**kwargs`
[transformers] Kwargs passed to `processor.__call__` have to be in `processor_kwargs` dict, not in `**kwargs`
[transformers] Kwargs passed to `processor.__call__` have to be in `processor_kwargs` dict, not in `**kwargs`
  [16/40] TbHJrupSAjP within_radius  min_d  2.98  calls  14  7s/ep
[transformers] Kwargs passed to `processor.__call__` have to be in `processor_kwargs` dict, not in `**kwargs`
[transformers] Kwargs passed to `processor.__call__` have to be in `processor_kwargs` dict, not in `**kwargs`
[transformers] Kwargs passed to `processor.__call__` have to be in `processor_kwargs` dict, not in `**kwargs`
[transformers] Kwargs passed to `processor.__call__` have to be in `processor_kwargs` dict, not in `**kwargs`
[transformers] Kwargs passed to `processor.__call__` have to be in `processor_kwargs` dict, not in `**kwargs`
[transformers] Kwargs passed to `processor.__call__` have to be in `processor_kwargs` dict, not in `**kwargs`
[transformers] Kwargs passed to `processor.__call__` have to be in `processor_kwargs` dict, not in `**kwargs`
[transformers] Kwargs passed to `processor.__call__` have to be in `processor_kwargs` dict, not in `**kwargs`
[transformers] Kwargs passed to `processor.__call__` have to be in `processor_kwargs` dict, not in `**kwargs`
[transformers] Kwargs passed to `processor.__call__` have to be in `processor_kwargs` dict, not in `**kwargs`
[transformers] Kwargs passed to `processor.__call__` have to be in `processor_kwargs` dict, not in `**kwargs`
[transformers] Kwargs passed to `processor.__call__` have to be in `processor_kwargs` dict, not in `**kwargs`
[transformers] Kwargs passed to `processor.__call__` have to be in `processor_kwargs` dict, not in `**kwargs`
[transformers] Kwargs passed to `processor.__call__` have to be in `processor_kwargs` dict, not in `**kwargs`
[transformers] Kwargs passed to `processor.__call__` have to be in `processor_kwargs` dict, not in `**kwargs`
[transformers] Kwargs passed to `processor.__call__` have to be in `processor_kwargs` dict, not in `**kwargs`
[transformers] Kwargs passed to `processor.__call__` have to be in `processor_kwargs` dict, not in `**kwargs`
[transformers] Kwargs passed to `processor.__call__` have to be in `processor_kwargs` dict, not in `**kwargs`
[transformers] Kwargs passed to `processor.__call__` have to be in `processor_kwargs` dict, not in `**kwargs`
[transformers] Kwargs passed to `processor.__call__` have to be in `processor_kwargs` dict, not in `**kwargs`
[transformers] Kwargs passed to `processor.__call__` have to be in `processor_kwargs` dict, not in `**kwargs`
[transformers] Kwargs passed to `processor.__call__` have to be in `processor_kwargs` dict, not in `**kwargs`
[transformers] Kwargs passed to `processor.__call__` have to be in `processor_kwargs` dict, not in `**kwargs`
[transformers] Kwargs passed to `processor.__call__` have to be in `processor_kwargs` dict, not in `**kwargs`
[transformers] Kwargs passed to `processor.__call__` have to be in `processor_kwargs` dict, not in `**kwargs`
[transformers] Kwargs passed to `processor.__call__` have to be in `processor_kwargs` dict, not in `**kwargs`
[transformers] Kwargs passed to `processor.__call__` have to be in `processor_kwargs` dict, not in `**kwargs`
[transformers] Kwargs passed to `processor.__call__` have to be in `processor_kwargs` dict, not in `**kwargs`
[transformers] Kwargs passed to `processor.__call__` have to be in `processor_kwargs` dict, not in `**kwargs`
[transformers] Kwargs passed to `processor.__call__` have to be in `processor_kwargs` dict, not in `**kwargs`
[transformers] Kwargs passed to `processor.__call__` have to be in `processor_kwargs` dict, not in `**kwargs`
[transformers] Kwargs passed to `processor.__call__` have to be in `processor_kwargs` dict, not in `**kwargs`
[transformers] Kwargs passed to `processor.__call__` have to be in `processor_kwargs` dict, not in `**kwargs`
[transformers] Kwargs passed to `processor.__call__` have to be in `processor_kwargs` dict, not in `**kwargs`
[transformers] Kwargs passed to `processor.__call__` have to be in `processor_kwargs` dict, not in `**kwargs`
[transformers] Kwargs passed to `processor.__call__` have to be in `processor_kwargs` dict, not in `**kwargs`
[transformers] Kwargs passed to `processor.__call__` have to be in `processor_kwargs` dict, not in `**kwargs`
[transformers] Kwargs passed to `processor.__call__` have to be in `processor_kwargs` dict, not in `**kwargs`
[transformers] Kwargs passed to `processor.__call__` have to be in `processor_kwargs` dict, not in `**kwargs`
[transformers] Kwargs passed to `processor.__call__` have to be in `processor_kwargs` dict, not in `**kwargs`
[transformers] Kwargs passed to `processor.__call__` have to be in `processor_kwargs` dict, not in `**kwargs`
[transformers] Kwargs passed to `processor.__call__` have to be in `processor_kwargs` dict, not in `**kwargs`
[transformers] Kwargs passed to `processor.__call__` have to be in `processor_kwargs` dict, not in `**kwargs`
[transformers] Kwargs passed to `processor.__call__` have to be in `processor_kwargs` dict, not in `**kwargs`
[transformers] Kwargs passed to `processor.__call__` have to be in `processor_kwargs` dict, not in `**kwargs`
[transformers] Kwargs passed to `processor.__call__` have to be in `processor_kwargs` dict, not in `**kwargs`
[transformers] Kwargs passed to `processor.__call__` have to be in `processor_kwargs` dict, not in `**kwargs`
[transformers] Kwargs passed to `processor.__call__` have to be in `processor_kwargs` dict, not in `**kwargs`
[transformers] Kwargs passed to `processor.__call__` have to be in `processor_kwargs` dict, not in `**kwargs`
[transformers] Kwargs passed to `processor.__call__` have to be in `processor_kwargs` dict, not in `**kwargs`
  [17/40] TbHJrupSAjP       timeout  min_d  4.27  calls  50  7s/ep
[transformers] Kwargs passed to `processor.__call__` have to be in `processor_kwargs` dict, not in `**kwargs`
[transformers] Kwargs passed to `processor.__call__` have to be in `processor_kwargs` dict, not in `**kwargs`
[transformers] Kwargs passed to `processor.__call__` have to be in `processor_kwargs` dict, not in `**kwargs`
[transformers] Kwargs passed to `processor.__call__` have to be in `processor_kwargs` dict, not in `**kwargs`
[transformers] Kwargs passed to `processor.__call__` have to be in `processor_kwargs` dict, not in `**kwargs`
[transformers] Kwargs passed to `processor.__call__` have to be in `processor_kwargs` dict, not in `**kwargs`
[transformers] Kwargs passed to `processor.__call__` have to be in `processor_kwargs` dict, not in `**kwargs`
[transformers] Kwargs passed to `processor.__call__` have to be in `processor_kwargs` dict, not in `**kwargs`
[transformers] Kwargs passed to `processor.__call__` have to be in `processor_kwargs` dict, not in `**kwargs`
[transformers] Kwargs passed to `processor.__call__` have to be in `processor_kwargs` dict, not in `**kwargs`
[transformers] Kwargs passed to `processor.__call__` have to be in `processor_kwargs` dict, not in `**kwargs`
[transformers] Kwargs passed to `processor.__call__` have to be in `processor_kwargs` dict, not in `**kwargs`
[transformers] Kwargs passed to `processor.__call__` have to be in `processor_kwargs` dict, not in `**kwargs`
  [18/40] TbHJrupSAjP within_radius  min_d  2.81  calls  13  7s/ep
[transformers] Kwargs passed to `processor.__call__` have to be in `processor_kwargs` dict, not in `**kwargs`
[transformers] Kwargs passed to `processor.__call__` have to be in `processor_kwargs` dict, not in `**kwargs`
[transformers] Kwargs passed to `processor.__call__` have to be in `processor_kwargs` dict, not in `**kwargs`
[transformers] Kwargs passed to `processor.__call__` have to be in `processor_kwargs` dict, not in `**kwargs`
[transformers] Kwargs passed to `processor.__call__` have to be in `processor_kwargs` dict, not in `**kwargs`
[transformers] Kwargs passed to `processor.__call__` have to be in `processor_kwargs` dict, not in `**kwargs`
[transformers] Kwargs passed to `processor.__call__` have to be in `processor_kwargs` dict, not in `**kwargs`
[transformers] Kwargs passed to `processor.__call__` have to be in `processor_kwargs` dict, not in `**kwargs`
[transformers] Kwargs passed to `processor.__call__` have to be in `processor_kwargs` dict, not in `**kwargs`
[transformers] Kwargs passed to `processor.__call__` have to be in `processor_kwargs` dict, not in `**kwargs`
[transformers] Kwargs passed to `processor.__call__` have to be in `processor_kwargs` dict, not in `**kwargs`
[transformers] Kwargs passed to `processor.__call__` have to be in `processor_kwargs` dict, not in `**kwargs`
[transformers] Kwargs passed to `processor.__call__` have to be in `processor_kwargs` dict, not in `**kwargs`
[transformers] Kwargs passed to `processor.__call__` have to be in `processor_kwargs` dict, not in `**kwargs`
[transformers] Kwargs passed to `processor.__call__` have to be in `processor_kwargs` dict, not in `**kwargs`
[transformers] Kwargs passed to `processor.__call__` have to be in `processor_kwargs` dict, not in `**kwargs`
[transformers] Kwargs passed to `processor.__call__` have to be in `processor_kwargs` dict, not in `**kwargs`
[transformers] Kwargs passed to `processor.__call__` have to be in `processor_kwargs` dict, not in `**kwargs`
[transformers] Kwargs passed to `processor.__call__` have to be in `processor_kwargs` dict, not in `**kwargs`
[transformers] Kwargs passed to `processor.__call__` have to be in `processor_kwargs` dict, not in `**kwargs`
[transformers] Kwargs passed to `processor.__call__` have to be in `processor_kwargs` dict, not in `**kwargs`
[transformers] Kwargs passed to `processor.__call__` have to be in `processor_kwargs` dict, not in `**kwargs`
[transformers] Kwargs passed to `processor.__call__` have to be in `processor_kwargs` dict, not in `**kwargs`
[transformers] Kwargs passed to `processor.__call__` have to be in `processor_kwargs` dict, not in `**kwargs`
[transformers] Kwargs passed to `processor.__call__` have to be in `processor_kwargs` dict, not in `**kwargs`
[transformers] Kwargs passed to `processor.__call__` have to be in `processor_kwargs` dict, not in `**kwargs`
[transformers] Kwargs passed to `processor.__call__` have to be in `processor_kwargs` dict, not in `**kwargs`
[transformers] Kwargs passed to `processor.__call__` have to be in `processor_kwargs` dict, not in `**kwargs`
[transformers] Kwargs passed to `processor.__call__` have to be in `processor_kwargs` dict, not in `**kwargs`
[transformers] Kwargs passed to `processor.__call__` have to be in `processor_kwargs` dict, not in `**kwargs`
[transformers] Kwargs passed to `processor.__call__` have to be in `processor_kwargs` dict, not in `**kwargs`
[transformers] Kwargs passed to `processor.__call__` have to be in `processor_kwargs` dict, not in `**kwargs`
[transformers] Kwargs passed to `processor.__call__` have to be in `processor_kwargs` dict, not in `**kwargs`
[transformers] Kwargs passed to `processor.__call__` have to be in `processor_kwargs` dict, not in `**kwargs`
[transformers] Kwargs passed to `processor.__call__` have to be in `processor_kwargs` dict, not in `**kwargs`
[transformers] Kwargs passed to `processor.__call__` have to be in `processor_kwargs` dict, not in `**kwargs`
[transformers] Kwargs passed to `processor.__call__` have to be in `processor_kwargs` dict, not in `**kwargs`
[transformers] Kwargs passed to `processor.__call__` have to be in `processor_kwargs` dict, not in `**kwargs`
[transformers] Kwargs passed to `processor.__call__` have to be in `processor_kwargs` dict, not in `**kwargs`
[transformers] Kwargs passed to `processor.__call__` have to be in `processor_kwargs` dict, not in `**kwargs`
[transformers] Kwargs passed to `processor.__call__` have to be in `processor_kwargs` dict, not in `**kwargs`
[transformers] Kwargs passed to `processor.__call__` have to be in `processor_kwargs` dict, not in `**kwargs`
[transformers] Kwargs passed to `processor.__call__` have to be in `processor_kwargs` dict, not in `**kwargs`
[transformers] Kwargs passed to `processor.__call__` have to be in `processor_kwargs` dict, not in `**kwargs`
[transformers] Kwargs passed to `processor.__call__` have to be in `processor_kwargs` dict, not in `**kwargs`
[transformers] Kwargs passed to `processor.__call__` have to be in `processor_kwargs` dict, not in `**kwargs`
[transformers] Kwargs passed to `processor.__call__` have to be in `processor_kwargs` dict, not in `**kwargs`
[transformers] Kwargs passed to `processor.__call__` have to be in `processor_kwargs` dict, not in `**kwargs`
[transformers] Kwargs passed to `processor.__call__` have to be in `processor_kwargs` dict, not in `**kwargs`
[transformers] Kwargs passed to `processor.__call__` have to be in `processor_kwargs` dict, not in `**kwargs`
[transformers] Kwargs passed to `processor.__call__` have to be in `processor_kwargs` dict, not in `**kwargs`
[transformers] Kwargs passed to `processor.__call__` have to be in `processor_kwargs` dict, not in `**kwargs`
  [19/40] oLBMNvg9in8       timeout  min_d  7.56  calls  52  8s/ep
[transformers] Kwargs passed to `processor.__call__` have to be in `processor_kwargs` dict, not in `**kwargs`
[transformers] Kwargs passed to `processor.__call__` have to be in `processor_kwargs` dict, not in `**kwargs`
[transformers] Kwargs passed to `processor.__call__` have to be in `processor_kwargs` dict, not in `**kwargs`
[transformers] Kwargs passed to `processor.__call__` have to be in `processor_kwargs` dict, not in `**kwargs`
[transformers] Kwargs passed to `processor.__call__` have to be in `processor_kwargs` dict, not in `**kwargs`
[transformers] Kwargs passed to `processor.__call__` have to be in `processor_kwargs` dict, not in `**kwargs`
[transformers] Kwargs passed to `processor.__call__` have to be in `processor_kwargs` dict, not in `**kwargs`
[transformers] Kwargs passed to `processor.__call__` have to be in `processor_kwargs` dict, not in `**kwargs`
[transformers] Kwargs passed to `processor.__call__` have to be in `processor_kwargs` dict, not in `**kwargs`
[transformers] Kwargs passed to `processor.__call__` have to be in `processor_kwargs` dict, not in `**kwargs`
[transformers] Kwargs passed to `processor.__call__` have to be in `processor_kwargs` dict, not in `**kwargs`
[transformers] Kwargs passed to `processor.__call__` have to be in `processor_kwargs` dict, not in `**kwargs`
[transformers] Kwargs passed to `processor.__call__` have to be in `processor_kwargs` dict, not in `**kwargs`
[transformers] Kwargs passed to `processor.__call__` have to be in `processor_kwargs` dict, not in `**kwargs`
[transformers] Kwargs passed to `processor.__call__` have to be in `processor_kwargs` dict, not in `**kwargs`
[transformers] Kwargs passed to `processor.__call__` have to be in `processor_kwargs` dict, not in `**kwargs`
[transformers] Kwargs passed to `processor.__call__` have to be in `processor_kwargs` dict, not in `**kwargs`
[transformers] Kwargs passed to `processor.__call__` have to be in `processor_kwargs` dict, not in `**kwargs`
[transformers] Kwargs passed to `processor.__call__` have to be in `processor_kwargs` dict, not in `**kwargs`
[transformers] Kwargs passed to `processor.__call__` have to be in `processor_kwargs` dict, not in `**kwargs`
[transformers] Kwargs passed to `processor.__call__` have to be in `processor_kwargs` dict, not in `**kwargs`
[transformers] Kwargs passed to `processor.__call__` have to be in `processor_kwargs` dict, not in `**kwargs`
[transformers] Kwargs passed to `processor.__call__` have to be in `processor_kwargs` dict, not in `**kwargs`
[transformers] Kwargs passed to `processor.__call__` have to be in `processor_kwargs` dict, not in `**kwargs`
[transformers] Kwargs passed to `processor.__call__` have to be in `processor_kwargs` dict, not in `**kwargs`
[transformers] Kwargs passed to `processor.__call__` have to be in `processor_kwargs` dict, not in `**kwargs`
[transformers] Kwargs passed to `processor.__call__` have to be in `processor_kwargs` dict, not in `**kwargs`
[transformers] Kwargs passed to `processor.__call__` have to be in `processor_kwargs` dict, not in `**kwargs`
[transformers] Kwargs passed to `processor.__call__` have to be in `processor_kwargs` dict, not in `**kwargs`
[transformers] Kwargs passed to `processor.__call__` have to be in `processor_kwargs` dict, not in `**kwargs`
[transformers] Kwargs passed to `processor.__call__` have to be in `processor_kwargs` dict, not in `**kwargs`
[transformers] Kwargs passed to `processor.__call__` have to be in `processor_kwargs` dict, not in `**kwargs`
[transformers] Kwargs passed to `processor.__call__` have to be in `processor_kwargs` dict, not in `**kwargs`
[transformers] Kwargs passed to `processor.__call__` have to be in `processor_kwargs` dict, not in `**kwargs`
[transformers] Kwargs passed to `processor.__call__` have to be in `processor_kwargs` dict, not in `**kwargs`
[transformers] Kwargs passed to `processor.__call__` have to be in `processor_kwargs` dict, not in `**kwargs`
[transformers] Kwargs passed to `processor.__call__` have to be in `processor_kwargs` dict, not in `**kwargs`
[transformers] Kwargs passed to `processor.__call__` have to be in `processor_kwargs` dict, not in `**kwargs`
[transformers] Kwargs passed to `processor.__call__` have to be in `processor_kwargs` dict, not in `**kwargs`
[transformers] Kwargs passed to `processor.__call__` have to be in `processor_kwargs` dict, not in `**kwargs`
[transformers] Kwargs passed to `processor.__call__` have to be in `processor_kwargs` dict, not in `**kwargs`
[transformers] Kwargs passed to `processor.__call__` have to be in `processor_kwargs` dict, not in `**kwargs`
[transformers] Kwargs passed to `processor.__call__` have to be in `processor_kwargs` dict, not in `**kwargs`
[transformers] Kwargs passed to `processor.__call__` have to be in `processor_kwargs` dict, not in `**kwargs`
[transformers] Kwargs passed to `processor.__call__` have to be in `processor_kwargs` dict, not in `**kwargs`
[transformers] Kwargs passed to `processor.__call__` have to be in `processor_kwargs` dict, not in `**kwargs`
[transformers] Kwargs passed to `processor.__call__` have to be in `processor_kwargs` dict, not in `**kwargs`
[transformers] Kwargs passed to `processor.__call__` have to be in `processor_kwargs` dict, not in `**kwargs`
[transformers] Kwargs passed to `processor.__call__` have to be in `processor_kwargs` dict, not in `**kwargs`
[transformers] Kwargs passed to `processor.__call__` have to be in `processor_kwargs` dict, not in `**kwargs`
[transformers] Kwargs passed to `processor.__call__` have to be in `processor_kwargs` dict, not in `**kwargs`
  [20/40] oLBMNvg9in8       timeout  min_d 10.09  calls  51  8s/ep
[transformers] Kwargs passed to `processor.__call__` have to be in `processor_kwargs` dict, not in `**kwargs`
[transformers] Kwargs passed to `processor.__call__` have to be in `processor_kwargs` dict, not in `**kwargs`
[transformers] Kwargs passed to `processor.__call__` have to be in `processor_kwargs` dict, not in `**kwargs`
[transformers] Kwargs passed to `processor.__call__` have to be in `processor_kwargs` dict, not in `**kwargs`
[transformers] Kwargs passed to `processor.__call__` have to be in `processor_kwargs` dict, not in `**kwargs`
[transformers] Kwargs passed to `processor.__call__` have to be in `processor_kwargs` dict, not in `**kwargs`
[transformers] Kwargs passed to `processor.__call__` have to be in `processor_kwargs` dict, not in `**kwargs`
[transformers] Kwargs passed to `processor.__call__` have to be in `processor_kwargs` dict, not in `**kwargs`
[transformers] Kwargs passed to `processor.__call__` have to be in `processor_kwargs` dict, not in `**kwargs`
[transformers] Kwargs passed to `processor.__call__` have to be in `processor_kwargs` dict, not in `**kwargs`
[transformers] Kwargs passed to `processor.__call__` have to be in `processor_kwargs` dict, not in `**kwargs`
[transformers] Kwargs passed to `processor.__call__` have to be in `processor_kwargs` dict, not in `**kwargs`
[transformers] Kwargs passed to `processor.__call__` have to be in `processor_kwargs` dict, not in `**kwargs`
[transformers] Kwargs passed to `processor.__call__` have to be in `processor_kwargs` dict, not in `**kwargs`
[transformers] Kwargs passed to `processor.__call__` have to be in `processor_kwargs` dict, not in `**kwargs`
[transformers] Kwargs passed to `processor.__call__` have to be in `processor_kwargs` dict, not in `**kwargs`
[transformers] Kwargs passed to `processor.__call__` have to be in `processor_kwargs` dict, not in `**kwargs`
[transformers] Kwargs passed to `processor.__call__` have to be in `processor_kwargs` dict, not in `**kwargs`
[transformers] Kwargs passed to `processor.__call__` have to be in `processor_kwargs` dict, not in `**kwargs`
[transformers] Kwargs passed to `processor.__call__` have to be in `processor_kwargs` dict, not in `**kwargs`
[transformers] Kwargs passed to `processor.__call__` have to be in `processor_kwargs` dict, not in `**kwargs`
[transformers] Kwargs passed to `processor.__call__` have to be in `processor_kwargs` dict, not in `**kwargs`
[transformers] Kwargs passed to `processor.__call__` have to be in `processor_kwargs` dict, not in `**kwargs`
[transformers] Kwargs passed to `processor.__call__` have to be in `processor_kwargs` dict, not in `**kwargs`
[transformers] Kwargs passed to `processor.__call__` have to be in `processor_kwargs` dict, not in `**kwargs`
[transformers] Kwargs passed to `processor.__call__` have to be in `processor_kwargs` dict, not in `**kwargs`
[transformers] Kwargs passed to `processor.__call__` have to be in `processor_kwargs` dict, not in `**kwargs`
[transformers] Kwargs passed to `processor.__call__` have to be in `processor_kwargs` dict, not in `**kwargs`
[transformers] Kwargs passed to `processor.__call__` have to be in `processor_kwargs` dict, not in `**kwargs`
[transformers] Kwargs passed to `processor.__call__` have to be in `processor_kwargs` dict, not in `**kwargs`
[transformers] Kwargs passed to `processor.__call__` have to be in `processor_kwargs` dict, not in `**kwargs`
[transformers] Kwargs passed to `processor.__call__` have to be in `processor_kwargs` dict, not in `**kwargs`
[transformers] Kwargs passed to `processor.__call__` have to be in `processor_kwargs` dict, not in `**kwargs`
[transformers] Kwargs passed to `processor.__call__` have to be in `processor_kwargs` dict, not in `**kwargs`
[transformers] Kwargs passed to `processor.__call__` have to be in `processor_kwargs` dict, not in `**kwargs`
[transformers] Kwargs passed to `processor.__call__` have to be in `processor_kwargs` dict, not in `**kwargs`
[transformers] Kwargs passed to `processor.__call__` have to be in `processor_kwargs` dict, not in `**kwargs`
[transformers] Kwargs passed to `processor.__call__` have to be in `processor_kwargs` dict, not in `**kwargs`
[transformers] Kwargs passed to `processor.__call__` have to be in `processor_kwargs` dict, not in `**kwargs`
[transformers] Kwargs passed to `processor.__call__` have to be in `processor_kwargs` dict, not in `**kwargs`
[transformers] Kwargs passed to `processor.__call__` have to be in `processor_kwargs` dict, not in `**kwargs`
[transformers] Kwargs passed to `processor.__call__` have to be in `processor_kwargs` dict, not in `**kwargs`
[transformers] Kwargs passed to `processor.__call__` have to be in `processor_kwargs` dict, not in `**kwargs`
[transformers] Kwargs passed to `processor.__call__` have to be in `processor_kwargs` dict, not in `**kwargs`
[transformers] Kwargs passed to `processor.__call__` have to be in `processor_kwargs` dict, not in `**kwargs`
[transformers] Kwargs passed to `processor.__call__` have to be in `processor_kwargs` dict, not in `**kwargs`
[transformers] Kwargs passed to `processor.__call__` have to be in `processor_kwargs` dict, not in `**kwargs`
[transformers] Kwargs passed to `processor.__call__` have to be in `processor_kwargs` dict, not in `**kwargs`
[transformers] Kwargs passed to `processor.__call__` have to be in `processor_kwargs` dict, not in `**kwargs`
[transformers] Kwargs passed to `processor.__call__` have to be in `processor_kwargs` dict, not in `**kwargs`
  [21/40] oLBMNvg9in8       timeout  min_d  7.30  calls  50  8s/ep
[transformers] Kwargs passed to `processor.__call__` have to be in `processor_kwargs` dict, not in `**kwargs`
[transformers] Kwargs passed to `processor.__call__` have to be in `processor_kwargs` dict, not in `**kwargs`
[transformers] Kwargs passed to `processor.__call__` have to be in `processor_kwargs` dict, not in `**kwargs`
[transformers] Kwargs passed to `processor.__call__` have to be in `processor_kwargs` dict, not in `**kwargs`
[transformers] Kwargs passed to `processor.__call__` have to be in `processor_kwargs` dict, not in `**kwargs`
[transformers] Kwargs passed to `processor.__call__` have to be in `processor_kwargs` dict, not in `**kwargs`
[transformers] Kwargs passed to `processor.__call__` have to be in `processor_kwargs` dict, not in `**kwargs`
[transformers] Kwargs passed to `processor.__call__` have to be in `processor_kwargs` dict, not in `**kwargs`
[transformers] Kwargs passed to `processor.__call__` have to be in `processor_kwargs` dict, not in `**kwargs`
[transformers] Kwargs passed to `processor.__call__` have to be in `processor_kwargs` dict, not in `**kwargs`
[transformers] Kwargs passed to `processor.__call__` have to be in `processor_kwargs` dict, not in `**kwargs`
[transformers] Kwargs passed to `processor.__call__` have to be in `processor_kwargs` dict, not in `**kwargs`
[transformers] Kwargs passed to `processor.__call__` have to be in `processor_kwargs` dict, not in `**kwargs`
[transformers] Kwargs passed to `processor.__call__` have to be in `processor_kwargs` dict, not in `**kwargs`
[transformers] Kwargs passed to `processor.__call__` have to be in `processor_kwargs` dict, not in `**kwargs`
[transformers] Kwargs passed to `processor.__call__` have to be in `processor_kwargs` dict, not in `**kwargs`
[transformers] Kwargs passed to `processor.__call__` have to be in `processor_kwargs` dict, not in `**kwargs`
[transformers] Kwargs passed to `processor.__call__` have to be in `processor_kwargs` dict, not in `**kwargs`
[transformers] Kwargs passed to `processor.__call__` have to be in `processor_kwargs` dict, not in `**kwargs`
[transformers] Kwargs passed to `processor.__call__` have to be in `processor_kwargs` dict, not in `**kwargs`
[transformers] Kwargs passed to `processor.__call__` have to be in `processor_kwargs` dict, not in `**kwargs`
[transformers] Kwargs passed to `processor.__call__` have to be in `processor_kwargs` dict, not in `**kwargs`
[transformers] Kwargs passed to `processor.__call__` have to be in `processor_kwargs` dict, not in `**kwargs`
[transformers] Kwargs passed to `processor.__call__` have to be in `processor_kwargs` dict, not in `**kwargs`
[transformers] Kwargs passed to `processor.__call__` have to be in `processor_kwargs` dict, not in `**kwargs`
[transformers] Kwargs passed to `processor.__call__` have to be in `processor_kwargs` dict, not in `**kwargs`
[transformers] Kwargs passed to `processor.__call__` have to be in `processor_kwargs` dict, not in `**kwargs`
[transformers] Kwargs passed to `processor.__call__` have to be in `processor_kwargs` dict, not in `**kwargs`
[transformers] Kwargs passed to `processor.__call__` have to be in `processor_kwargs` dict, not in `**kwargs`
[transformers] Kwargs passed to `processor.__call__` have to be in `processor_kwargs` dict, not in `**kwargs`
[transformers] Kwargs passed to `processor.__call__` have to be in `processor_kwargs` dict, not in `**kwargs`
[transformers] Kwargs passed to `processor.__call__` have to be in `processor_kwargs` dict, not in `**kwargs`
[transformers] Kwargs passed to `processor.__call__` have to be in `processor_kwargs` dict, not in `**kwargs`
[transformers] Kwargs passed to `processor.__call__` have to be in `processor_kwargs` dict, not in `**kwargs`
[transformers] Kwargs passed to `processor.__call__` have to be in `processor_kwargs` dict, not in `**kwargs`
[transformers] Kwargs passed to `processor.__call__` have to be in `processor_kwargs` dict, not in `**kwargs`
[transformers] Kwargs passed to `processor.__call__` have to be in `processor_kwargs` dict, not in `**kwargs`
[transformers] Kwargs passed to `processor.__call__` have to be in `processor_kwargs` dict, not in `**kwargs`
[transformers] Kwargs passed to `processor.__call__` have to be in `processor_kwargs` dict, not in `**kwargs`
[transformers] Kwargs passed to `processor.__call__` have to be in `processor_kwargs` dict, not in `**kwargs`
[transformers] Kwargs passed to `processor.__call__` have to be in `processor_kwargs` dict, not in `**kwargs`
[transformers] Kwargs passed to `processor.__call__` have to be in `processor_kwargs` dict, not in `**kwargs`
[transformers] Kwargs passed to `processor.__call__` have to be in `processor_kwargs` dict, not in `**kwargs`
[transformers] Kwargs passed to `processor.__call__` have to be in `processor_kwargs` dict, not in `**kwargs`
[transformers] Kwargs passed to `processor.__call__` have to be in `processor_kwargs` dict, not in `**kwargs`
[transformers] Kwargs passed to `processor.__call__` have to be in `processor_kwargs` dict, not in `**kwargs`
[transformers] Kwargs passed to `processor.__call__` have to be in `processor_kwargs` dict, not in `**kwargs`
[transformers] Kwargs passed to `processor.__call__` have to be in `processor_kwargs` dict, not in `**kwargs`
[transformers] Kwargs passed to `processor.__call__` have to be in `processor_kwargs` dict, not in `**kwargs`
[transformers] Kwargs passed to `processor.__call__` have to be in `processor_kwargs` dict, not in `**kwargs`
  [22/40] x8F5xyUWy9e       timeout  min_d  3.43  calls  50  8s/ep
[transformers] Kwargs passed to `processor.__call__` have to be in `processor_kwargs` dict, not in `**kwargs`
[transformers] Kwargs passed to `processor.__call__` have to be in `processor_kwargs` dict, not in `**kwargs`
[transformers] Kwargs passed to `processor.__call__` have to be in `processor_kwargs` dict, not in `**kwargs`
[transformers] Kwargs passed to `processor.__call__` have to be in `processor_kwargs` dict, not in `**kwargs`
[transformers] Kwargs passed to `processor.__call__` have to be in `processor_kwargs` dict, not in `**kwargs`
[transformers] Kwargs passed to `processor.__call__` have to be in `processor_kwargs` dict, not in `**kwargs`
[transformers] Kwargs passed to `processor.__call__` have to be in `processor_kwargs` dict, not in `**kwargs`
[transformers] Kwargs passed to `processor.__call__` have to be in `processor_kwargs` dict, not in `**kwargs`
[transformers] Kwargs passed to `processor.__call__` have to be in `processor_kwargs` dict, not in `**kwargs`
[transformers] Kwargs passed to `processor.__call__` have to be in `processor_kwargs` dict, not in `**kwargs`
[transformers] Kwargs passed to `processor.__call__` have to be in `processor_kwargs` dict, not in `**kwargs`
[transformers] Kwargs passed to `processor.__call__` have to be in `processor_kwargs` dict, not in `**kwargs`
[transformers] Kwargs passed to `processor.__call__` have to be in `processor_kwargs` dict, not in `**kwargs`
[transformers] Kwargs passed to `processor.__call__` have to be in `processor_kwargs` dict, not in `**kwargs`
[transformers] Kwargs passed to `processor.__call__` have to be in `processor_kwargs` dict, not in `**kwargs`
[transformers] Kwargs passed to `processor.__call__` have to be in `processor_kwargs` dict, not in `**kwargs`
[transformers] Kwargs passed to `processor.__call__` have to be in `processor_kwargs` dict, not in `**kwargs`
[transformers] Kwargs passed to `processor.__call__` have to be in `processor_kwargs` dict, not in `**kwargs`
[transformers] Kwargs passed to `processor.__call__` have to be in `processor_kwargs` dict, not in `**kwargs`
[transformers] Kwargs passed to `processor.__call__` have to be in `processor_kwargs` dict, not in `**kwargs`
[transformers] Kwargs passed to `processor.__call__` have to be in `processor_kwargs` dict, not in `**kwargs`
[transformers] Kwargs passed to `processor.__call__` have to be in `processor_kwargs` dict, not in `**kwargs`
[transformers] Kwargs passed to `processor.__call__` have to be in `processor_kwargs` dict, not in `**kwargs`
[transformers] Kwargs passed to `processor.__call__` have to be in `processor_kwargs` dict, not in `**kwargs`
[transformers] Kwargs passed to `processor.__call__` have to be in `processor_kwargs` dict, not in `**kwargs`
[transformers] Kwargs passed to `processor.__call__` have to be in `processor_kwargs` dict, not in `**kwargs`
[transformers] Kwargs passed to `processor.__call__` have to be in `processor_kwargs` dict, not in `**kwargs`
[transformers] Kwargs passed to `processor.__call__` have to be in `processor_kwargs` dict, not in `**kwargs`
[transformers] Kwargs passed to `processor.__call__` have to be in `processor_kwargs` dict, not in `**kwargs`
[transformers] Kwargs passed to `processor.__call__` have to be in `processor_kwargs` dict, not in `**kwargs`
[transformers] Kwargs passed to `processor.__call__` have to be in `processor_kwargs` dict, not in `**kwargs`
[transformers] Kwargs passed to `processor.__call__` have to be in `processor_kwargs` dict, not in `**kwargs`
[transformers] Kwargs passed to `processor.__call__` have to be in `processor_kwargs` dict, not in `**kwargs`
[transformers] Kwargs passed to `processor.__call__` have to be in `processor_kwargs` dict, not in `**kwargs`
[transformers] Kwargs passed to `processor.__call__` have to be in `processor_kwargs` dict, not in `**kwargs`
[transformers] Kwargs passed to `processor.__call__` have to be in `processor_kwargs` dict, not in `**kwargs`
[transformers] Kwargs passed to `processor.__call__` have to be in `processor_kwargs` dict, not in `**kwargs`
[transformers] Kwargs passed to `processor.__call__` have to be in `processor_kwargs` dict, not in `**kwargs`
[transformers] Kwargs passed to `processor.__call__` have to be in `processor_kwargs` dict, not in `**kwargs`
[transformers] Kwargs passed to `processor.__call__` have to be in `processor_kwargs` dict, not in `**kwargs`
[transformers] Kwargs passed to `processor.__call__` have to be in `processor_kwargs` dict, not in `**kwargs`
[transformers] Kwargs passed to `processor.__call__` have to be in `processor_kwargs` dict, not in `**kwargs`
[transformers] Kwargs passed to `processor.__call__` have to be in `processor_kwargs` dict, not in `**kwargs`
[transformers] Kwargs passed to `processor.__call__` have to be in `processor_kwargs` dict, not in `**kwargs`
[transformers] Kwargs passed to `processor.__call__` have to be in `processor_kwargs` dict, not in `**kwargs`
[transformers] Kwargs passed to `processor.__call__` have to be in `processor_kwargs` dict, not in `**kwargs`
[transformers] Kwargs passed to `processor.__call__` have to be in `processor_kwargs` dict, not in `**kwargs`
[transformers] Kwargs passed to `processor.__call__` have to be in `processor_kwargs` dict, not in `**kwargs`
[transformers] Kwargs passed to `processor.__call__` have to be in `processor_kwargs` dict, not in `**kwargs`
[transformers] Kwargs passed to `processor.__call__` have to be in `processor_kwargs` dict, not in `**kwargs`
[transformers] Kwargs passed to `processor.__call__` have to be in `processor_kwargs` dict, not in `**kwargs`
  [23/40] x8F5xyUWy9e       timeout  min_d  8.99  calls  51  8s/ep
[transformers] Kwargs passed to `processor.__call__` have to be in `processor_kwargs` dict, not in `**kwargs`
[transformers] Kwargs passed to `processor.__call__` have to be in `processor_kwargs` dict, not in `**kwargs`
[transformers] Kwargs passed to `processor.__call__` have to be in `processor_kwargs` dict, not in `**kwargs`
[transformers] Kwargs passed to `processor.__call__` have to be in `processor_kwargs` dict, not in `**kwargs`
[transformers] Kwargs passed to `processor.__call__` have to be in `processor_kwargs` dict, not in `**kwargs`
[transformers] Kwargs passed to `processor.__call__` have to be in `processor_kwargs` dict, not in `**kwargs`
[transformers] Kwargs passed to `processor.__call__` have to be in `processor_kwargs` dict, not in `**kwargs`
[transformers] Kwargs passed to `processor.__call__` have to be in `processor_kwargs` dict, not in `**kwargs`
[transformers] Kwargs passed to `processor.__call__` have to be in `processor_kwargs` dict, not in `**kwargs`
[transformers] Kwargs passed to `processor.__call__` have to be in `processor_kwargs` dict, not in `**kwargs`
[transformers] Kwargs passed to `processor.__call__` have to be in `processor_kwargs` dict, not in `**kwargs`
[transformers] Kwargs passed to `processor.__call__` have to be in `processor_kwargs` dict, not in `**kwargs`
[transformers] Kwargs passed to `processor.__call__` have to be in `processor_kwargs` dict, not in `**kwargs`
[transformers] Kwargs passed to `processor.__call__` have to be in `processor_kwargs` dict, not in `**kwargs`
[transformers] Kwargs passed to `processor.__call__` have to be in `processor_kwargs` dict, not in `**kwargs`
[transformers] Kwargs passed to `processor.__call__` have to be in `processor_kwargs` dict, not in `**kwargs`
[transformers] Kwargs passed to `processor.__call__` have to be in `processor_kwargs` dict, not in `**kwargs`
[transformers] Kwargs passed to `processor.__call__` have to be in `processor_kwargs` dict, not in `**kwargs`
[transformers] Kwargs passed to `processor.__call__` have to be in `processor_kwargs` dict, not in `**kwargs`
[transformers] Kwargs passed to `processor.__call__` have to be in `processor_kwargs` dict, not in `**kwargs`
[transformers] Kwargs passed to `processor.__call__` have to be in `processor_kwargs` dict, not in `**kwargs`
[transformers] Kwargs passed to `processor.__call__` have to be in `processor_kwargs` dict, not in `**kwargs`
[transformers] Kwargs passed to `processor.__call__` have to be in `processor_kwargs` dict, not in `**kwargs`
[transformers] Kwargs passed to `processor.__call__` have to be in `processor_kwargs` dict, not in `**kwargs`
[transformers] Kwargs passed to `processor.__call__` have to be in `processor_kwargs` dict, not in `**kwargs`
[transformers] Kwargs passed to `processor.__call__` have to be in `processor_kwargs` dict, not in `**kwargs`
[transformers] Kwargs passed to `processor.__call__` have to be in `processor_kwargs` dict, not in `**kwargs`
[transformers] Kwargs passed to `processor.__call__` have to be in `processor_kwargs` dict, not in `**kwargs`
[transformers] Kwargs passed to `processor.__call__` have to be in `processor_kwargs` dict, not in `**kwargs`
[transformers] Kwargs passed to `processor.__call__` have to be in `processor_kwargs` dict, not in `**kwargs`
[transformers] Kwargs passed to `processor.__call__` have to be in `processor_kwargs` dict, not in `**kwargs`
[transformers] Kwargs passed to `processor.__call__` have to be in `processor_kwargs` dict, not in `**kwargs`
[transformers] Kwargs passed to `processor.__call__` have to be in `processor_kwargs` dict, not in `**kwargs`
[transformers] Kwargs passed to `processor.__call__` have to be in `processor_kwargs` dict, not in `**kwargs`
[transformers] Kwargs passed to `processor.__call__` have to be in `processor_kwargs` dict, not in `**kwargs`
[transformers] Kwargs passed to `processor.__call__` have to be in `processor_kwargs` dict, not in `**kwargs`
[transformers] Kwargs passed to `processor.__call__` have to be in `processor_kwargs` dict, not in `**kwargs`
[transformers] Kwargs passed to `processor.__call__` have to be in `processor_kwargs` dict, not in `**kwargs`
[transformers] Kwargs passed to `processor.__call__` have to be in `processor_kwargs` dict, not in `**kwargs`
[transformers] Kwargs passed to `processor.__call__` have to be in `processor_kwargs` dict, not in `**kwargs`
[transformers] Kwargs passed to `processor.__call__` have to be in `processor_kwargs` dict, not in `**kwargs`
[transformers] Kwargs passed to `processor.__call__` have to be in `processor_kwargs` dict, not in `**kwargs`
[transformers] Kwargs passed to `processor.__call__` have to be in `processor_kwargs` dict, not in `**kwargs`
[transformers] Kwargs passed to `processor.__call__` have to be in `processor_kwargs` dict, not in `**kwargs`
[transformers] Kwargs passed to `processor.__call__` have to be in `processor_kwargs` dict, not in `**kwargs`
[transformers] Kwargs passed to `processor.__call__` have to be in `processor_kwargs` dict, not in `**kwargs`
[transformers] Kwargs passed to `processor.__call__` have to be in `processor_kwargs` dict, not in `**kwargs`
[transformers] Kwargs passed to `processor.__call__` have to be in `processor_kwargs` dict, not in `**kwargs`
[transformers] Kwargs passed to `processor.__call__` have to be in `processor_kwargs` dict, not in `**kwargs`
  [24/40] x8F5xyUWy9e within_radius  min_d  2.79  calls  49  8s/ep
[transformers] Kwargs passed to `processor.__call__` have to be in `processor_kwargs` dict, not in `**kwargs`
[transformers] Kwargs passed to `processor.__call__` have to be in `processor_kwargs` dict, not in `**kwargs`
[transformers] Kwargs passed to `processor.__call__` have to be in `processor_kwargs` dict, not in `**kwargs`
[transformers] Kwargs passed to `processor.__call__` have to be in `processor_kwargs` dict, not in `**kwargs`
[transformers] Kwargs passed to `processor.__call__` have to be in `processor_kwargs` dict, not in `**kwargs`
[transformers] Kwargs passed to `processor.__call__` have to be in `processor_kwargs` dict, not in `**kwargs`
[transformers] Kwargs passed to `processor.__call__` have to be in `processor_kwargs` dict, not in `**kwargs`
[transformers] Kwargs passed to `processor.__call__` have to be in `processor_kwargs` dict, not in `**kwargs`
[transformers] Kwargs passed to `processor.__call__` have to be in `processor_kwargs` dict, not in `**kwargs`
[transformers] Kwargs passed to `processor.__call__` have to be in `processor_kwargs` dict, not in `**kwargs`
[transformers] Kwargs passed to `processor.__call__` have to be in `processor_kwargs` dict, not in `**kwargs`
[transformers] Kwargs passed to `processor.__call__` have to be in `processor_kwargs` dict, not in `**kwargs`
[transformers] Kwargs passed to `processor.__call__` have to be in `processor_kwargs` dict, not in `**kwargs`
[transformers] Kwargs passed to `processor.__call__` have to be in `processor_kwargs` dict, not in `**kwargs`
[transformers] Kwargs passed to `processor.__call__` have to be in `processor_kwargs` dict, not in `**kwargs`
[transformers] Kwargs passed to `processor.__call__` have to be in `processor_kwargs` dict, not in `**kwargs`
[transformers] Kwargs passed to `processor.__call__` have to be in `processor_kwargs` dict, not in `**kwargs`
[transformers] Kwargs passed to `processor.__call__` have to be in `processor_kwargs` dict, not in `**kwargs`
[transformers] Kwargs passed to `processor.__call__` have to be in `processor_kwargs` dict, not in `**kwargs`
[transformers] Kwargs passed to `processor.__call__` have to be in `processor_kwargs` dict, not in `**kwargs`
[transformers] Kwargs passed to `processor.__call__` have to be in `processor_kwargs` dict, not in `**kwargs`
[transformers] Kwargs passed to `processor.__call__` have to be in `processor_kwargs` dict, not in `**kwargs`
[transformers] Kwargs passed to `processor.__call__` have to be in `processor_kwargs` dict, not in `**kwargs`
[transformers] Kwargs passed to `processor.__call__` have to be in `processor_kwargs` dict, not in `**kwargs`
[transformers] Kwargs passed to `processor.__call__` have to be in `processor_kwargs` dict, not in `**kwargs`
[transformers] Kwargs passed to `processor.__call__` have to be in `processor_kwargs` dict, not in `**kwargs`
[transformers] Kwargs passed to `processor.__call__` have to be in `processor_kwargs` dict, not in `**kwargs`
[transformers] Kwargs passed to `processor.__call__` have to be in `processor_kwargs` dict, not in `**kwargs`
[transformers] Kwargs passed to `processor.__call__` have to be in `processor_kwargs` dict, not in `**kwargs`
[transformers] Kwargs passed to `processor.__call__` have to be in `processor_kwargs` dict, not in `**kwargs`
[transformers] Kwargs passed to `processor.__call__` have to be in `processor_kwargs` dict, not in `**kwargs`
[transformers] Kwargs passed to `processor.__call__` have to be in `processor_kwargs` dict, not in `**kwargs`
[transformers] Kwargs passed to `processor.__call__` have to be in `processor_kwargs` dict, not in `**kwargs`
[transformers] Kwargs passed to `processor.__call__` have to be in `processor_kwargs` dict, not in `**kwargs`
[transformers] Kwargs passed to `processor.__call__` have to be in `processor_kwargs` dict, not in `**kwargs`
[transformers] Kwargs passed to `processor.__call__` have to be in `processor_kwargs` dict, not in `**kwargs`
[transformers] Kwargs passed to `processor.__call__` have to be in `processor_kwargs` dict, not in `**kwargs`
[transformers] Kwargs passed to `processor.__call__` have to be in `processor_kwargs` dict, not in `**kwargs`
[transformers] Kwargs passed to `processor.__call__` have to be in `processor_kwargs` dict, not in `**kwargs`
[transformers] Kwargs passed to `processor.__call__` have to be in `processor_kwargs` dict, not in `**kwargs`
[transformers] Kwargs passed to `processor.__call__` have to be in `processor_kwargs` dict, not in `**kwargs`
[transformers] Kwargs passed to `processor.__call__` have to be in `processor_kwargs` dict, not in `**kwargs`
[transformers] Kwargs passed to `processor.__call__` have to be in `processor_kwargs` dict, not in `**kwargs`
[transformers] Kwargs passed to `processor.__call__` have to be in `processor_kwargs` dict, not in `**kwargs`
[transformers] Kwargs passed to `processor.__call__` have to be in `processor_kwargs` dict, not in `**kwargs`
[transformers] Kwargs passed to `processor.__call__` have to be in `processor_kwargs` dict, not in `**kwargs`
[transformers] Kwargs passed to `processor.__call__` have to be in `processor_kwargs` dict, not in `**kwargs`
[transformers] Kwargs passed to `processor.__call__` have to be in `processor_kwargs` dict, not in `**kwargs`
[transformers] Kwargs passed to `processor.__call__` have to be in `processor_kwargs` dict, not in `**kwargs`
[transformers] Kwargs passed to `processor.__call__` have to be in `processor_kwargs` dict, not in `**kwargs`
  [25/40] x8F5xyUWy9e       timeout  min_d  6.36  calls  50  9s/ep
[transformers] Kwargs passed to `processor.__call__` have to be in `processor_kwargs` dict, not in `**kwargs`
[transformers] Kwargs passed to `processor.__call__` have to be in `processor_kwargs` dict, not in `**kwargs`
[transformers] Kwargs passed to `processor.__call__` have to be in `processor_kwargs` dict, not in `**kwargs`
[transformers] Kwargs passed to `processor.__call__` have to be in `processor_kwargs` dict, not in `**kwargs`
[transformers] Kwargs passed to `processor.__call__` have to be in `processor_kwargs` dict, not in `**kwargs`
[transformers] Kwargs passed to `processor.__call__` have to be in `processor_kwargs` dict, not in `**kwargs`
[transformers] Kwargs passed to `processor.__call__` have to be in `processor_kwargs` dict, not in `**kwargs`
[transformers] Kwargs passed to `processor.__call__` have to be in `processor_kwargs` dict, not in `**kwargs`
[transformers] Kwargs passed to `processor.__call__` have to be in `processor_kwargs` dict, not in `**kwargs`
[transformers] Kwargs passed to `processor.__call__` have to be in `processor_kwargs` dict, not in `**kwargs`
[transformers] Kwargs passed to `processor.__call__` have to be in `processor_kwargs` dict, not in `**kwargs`
[transformers] Kwargs passed to `processor.__call__` have to be in `processor_kwargs` dict, not in `**kwargs`
[transformers] Kwargs passed to `processor.__call__` have to be in `processor_kwargs` dict, not in `**kwargs`
[transformers] Kwargs passed to `processor.__call__` have to be in `processor_kwargs` dict, not in `**kwargs`
[transformers] Kwargs passed to `processor.__call__` have to be in `processor_kwargs` dict, not in `**kwargs`
[transformers] Kwargs passed to `processor.__call__` have to be in `processor_kwargs` dict, not in `**kwargs`
  [26/40] x8F5xyUWy9e within_radius  min_d  2.96  calls  16  8s/ep
[transformers] Kwargs passed to `processor.__call__` have to be in `processor_kwargs` dict, not in `**kwargs`
[transformers] Kwargs passed to `processor.__call__` have to be in `processor_kwargs` dict, not in `**kwargs`
[transformers] Kwargs passed to `processor.__call__` have to be in `processor_kwargs` dict, not in `**kwargs`
[transformers] Kwargs passed to `processor.__call__` have to be in `processor_kwargs` dict, not in `**kwargs`
[transformers] Kwargs passed to `processor.__call__` have to be in `processor_kwargs` dict, not in `**kwargs`
[transformers] Kwargs passed to `processor.__call__` have to be in `processor_kwargs` dict, not in `**kwargs`
[transformers] Kwargs passed to `processor.__call__` have to be in `processor_kwargs` dict, not in `**kwargs`
[transformers] Kwargs passed to `processor.__call__` have to be in `processor_kwargs` dict, not in `**kwargs`
[transformers] Kwargs passed to `processor.__call__` have to be in `processor_kwargs` dict, not in `**kwargs`
[transformers] Kwargs passed to `processor.__call__` have to be in `processor_kwargs` dict, not in `**kwargs`
[transformers] Kwargs passed to `processor.__call__` have to be in `processor_kwargs` dict, not in `**kwargs`
[transformers] Kwargs passed to `processor.__call__` have to be in `processor_kwargs` dict, not in `**kwargs`
[transformers] Kwargs passed to `processor.__call__` have to be in `processor_kwargs` dict, not in `**kwargs`
[transformers] Kwargs passed to `processor.__call__` have to be in `processor_kwargs` dict, not in `**kwargs`
[transformers] Kwargs passed to `processor.__call__` have to be in `processor_kwargs` dict, not in `**kwargs`
[transformers] Kwargs passed to `processor.__call__` have to be in `processor_kwargs` dict, not in `**kwargs`
[transformers] Kwargs passed to `processor.__call__` have to be in `processor_kwargs` dict, not in `**kwargs`
[transformers] Kwargs passed to `processor.__call__` have to be in `processor_kwargs` dict, not in `**kwargs`
[transformers] Kwargs passed to `processor.__call__` have to be in `processor_kwargs` dict, not in `**kwargs`
[transformers] Kwargs passed to `processor.__call__` have to be in `processor_kwargs` dict, not in `**kwargs`
[transformers] Kwargs passed to `processor.__call__` have to be in `processor_kwargs` dict, not in `**kwargs`
[transformers] Kwargs passed to `processor.__call__` have to be in `processor_kwargs` dict, not in `**kwargs`
[transformers] Kwargs passed to `processor.__call__` have to be in `processor_kwargs` dict, not in `**kwargs`
[transformers] Kwargs passed to `processor.__call__` have to be in `processor_kwargs` dict, not in `**kwargs`
[transformers] Kwargs passed to `processor.__call__` have to be in `processor_kwargs` dict, not in `**kwargs`
[transformers] Kwargs passed to `processor.__call__` have to be in `processor_kwargs` dict, not in `**kwargs`
[transformers] Kwargs passed to `processor.__call__` have to be in `processor_kwargs` dict, not in `**kwargs`
[transformers] Kwargs passed to `processor.__call__` have to be in `processor_kwargs` dict, not in `**kwargs`
[transformers] Kwargs passed to `processor.__call__` have to be in `processor_kwargs` dict, not in `**kwargs`
[transformers] Kwargs passed to `processor.__call__` have to be in `processor_kwargs` dict, not in `**kwargs`
[transformers] Kwargs passed to `processor.__call__` have to be in `processor_kwargs` dict, not in `**kwargs`
[transformers] Kwargs passed to `processor.__call__` have to be in `processor_kwargs` dict, not in `**kwargs`
[transformers] Kwargs passed to `processor.__call__` have to be in `processor_kwargs` dict, not in `**kwargs`
[transformers] Kwargs passed to `processor.__call__` have to be in `processor_kwargs` dict, not in `**kwargs`
[transformers] Kwargs passed to `processor.__call__` have to be in `processor_kwargs` dict, not in `**kwargs`
[transformers] Kwargs passed to `processor.__call__` have to be in `processor_kwargs` dict, not in `**kwargs`
[transformers] Kwargs passed to `processor.__call__` have to be in `processor_kwargs` dict, not in `**kwargs`
[transformers] Kwargs passed to `processor.__call__` have to be in `processor_kwargs` dict, not in `**kwargs`
[transformers] Kwargs passed to `processor.__call__` have to be in `processor_kwargs` dict, not in `**kwargs`
[transformers] Kwargs passed to `processor.__call__` have to be in `processor_kwargs` dict, not in `**kwargs`
[transformers] Kwargs passed to `processor.__call__` have to be in `processor_kwargs` dict, not in `**kwargs`
[transformers] Kwargs passed to `processor.__call__` have to be in `processor_kwargs` dict, not in `**kwargs`
[transformers] Kwargs passed to `processor.__call__` have to be in `processor_kwargs` dict, not in `**kwargs`
[transformers] Kwargs passed to `processor.__call__` have to be in `processor_kwargs` dict, not in `**kwargs`
[transformers] Kwargs passed to `processor.__call__` have to be in `processor_kwargs` dict, not in `**kwargs`
[transformers] Kwargs passed to `processor.__call__` have to be in `processor_kwargs` dict, not in `**kwargs`
[transformers] Kwargs passed to `processor.__call__` have to be in `processor_kwargs` dict, not in `**kwargs`
[transformers] Kwargs passed to `processor.__call__` have to be in `processor_kwargs` dict, not in `**kwargs`
[transformers] Kwargs passed to `processor.__call__` have to be in `processor_kwargs` dict, not in `**kwargs`
[transformers] Kwargs passed to `processor.__call__` have to be in `processor_kwargs` dict, not in `**kwargs`
  [27/40] x8F5xyUWy9e       timeout  min_d  6.36  calls  50  8s/ep
[transformers] Kwargs passed to `processor.__call__` have to be in `processor_kwargs` dict, not in `**kwargs`
[transformers] Kwargs passed to `processor.__call__` have to be in `processor_kwargs` dict, not in `**kwargs`
[transformers] Kwargs passed to `processor.__call__` have to be in `processor_kwargs` dict, not in `**kwargs`
[transformers] Kwargs passed to `processor.__call__` have to be in `processor_kwargs` dict, not in `**kwargs`
[transformers] Kwargs passed to `processor.__call__` have to be in `processor_kwargs` dict, not in `**kwargs`
[transformers] Kwargs passed to `processor.__call__` have to be in `processor_kwargs` dict, not in `**kwargs`
[transformers] Kwargs passed to `processor.__call__` have to be in `processor_kwargs` dict, not in `**kwargs`
[transformers] Kwargs passed to `processor.__call__` have to be in `processor_kwargs` dict, not in `**kwargs`
[transformers] Kwargs passed to `processor.__call__` have to be in `processor_kwargs` dict, not in `**kwargs`
[transformers] Kwargs passed to `processor.__call__` have to be in `processor_kwargs` dict, not in `**kwargs`
[transformers] Kwargs passed to `processor.__call__` have to be in `processor_kwargs` dict, not in `**kwargs`
[transformers] Kwargs passed to `processor.__call__` have to be in `processor_kwargs` dict, not in `**kwargs`
[transformers] Kwargs passed to `processor.__call__` have to be in `processor_kwargs` dict, not in `**kwargs`
[transformers] Kwargs passed to `processor.__call__` have to be in `processor_kwargs` dict, not in `**kwargs`
[transformers] Kwargs passed to `processor.__call__` have to be in `processor_kwargs` dict, not in `**kwargs`
[transformers] Kwargs passed to `processor.__call__` have to be in `processor_kwargs` dict, not in `**kwargs`
[transformers] Kwargs passed to `processor.__call__` have to be in `processor_kwargs` dict, not in `**kwargs`
[transformers] Kwargs passed to `processor.__call__` have to be in `processor_kwargs` dict, not in `**kwargs`
[transformers] Kwargs passed to `processor.__call__` have to be in `processor_kwargs` dict, not in `**kwargs`
[transformers] Kwargs passed to `processor.__call__` have to be in `processor_kwargs` dict, not in `**kwargs`
[transformers] Kwargs passed to `processor.__call__` have to be in `processor_kwargs` dict, not in `**kwargs`
[transformers] Kwargs passed to `processor.__call__` have to be in `processor_kwargs` dict, not in `**kwargs`
[transformers] Kwargs passed to `processor.__call__` have to be in `processor_kwargs` dict, not in `**kwargs`
[transformers] Kwargs passed to `processor.__call__` have to be in `processor_kwargs` dict, not in `**kwargs`
[transformers] Kwargs passed to `processor.__call__` have to be in `processor_kwargs` dict, not in `**kwargs`
[transformers] Kwargs passed to `processor.__call__` have to be in `processor_kwargs` dict, not in `**kwargs`
[transformers] Kwargs passed to `processor.__call__` have to be in `processor_kwargs` dict, not in `**kwargs`
[transformers] Kwargs passed to `processor.__call__` have to be in `processor_kwargs` dict, not in `**kwargs`
[transformers] Kwargs passed to `processor.__call__` have to be in `processor_kwargs` dict, not in `**kwargs`
[transformers] Kwargs passed to `processor.__call__` have to be in `processor_kwargs` dict, not in `**kwargs`
[transformers] Kwargs passed to `processor.__call__` have to be in `processor_kwargs` dict, not in `**kwargs`
[transformers] Kwargs passed to `processor.__call__` have to be in `processor_kwargs` dict, not in `**kwargs`
[transformers] Kwargs passed to `processor.__call__` have to be in `processor_kwargs` dict, not in `**kwargs`
[transformers] Kwargs passed to `processor.__call__` have to be in `processor_kwargs` dict, not in `**kwargs`
[transformers] Kwargs passed to `processor.__call__` have to be in `processor_kwargs` dict, not in `**kwargs`
[transformers] Kwargs passed to `processor.__call__` have to be in `processor_kwargs` dict, not in `**kwargs`
[transformers] Kwargs passed to `processor.__call__` have to be in `processor_kwargs` dict, not in `**kwargs`
[transformers] Kwargs passed to `processor.__call__` have to be in `processor_kwargs` dict, not in `**kwargs`
[transformers] Kwargs passed to `processor.__call__` have to be in `processor_kwargs` dict, not in `**kwargs`
[transformers] Kwargs passed to `processor.__call__` have to be in `processor_kwargs` dict, not in `**kwargs`
[transformers] Kwargs passed to `processor.__call__` have to be in `processor_kwargs` dict, not in `**kwargs`
[transformers] Kwargs passed to `processor.__call__` have to be in `processor_kwargs` dict, not in `**kwargs`
[transformers] Kwargs passed to `processor.__call__` have to be in `processor_kwargs` dict, not in `**kwargs`
[transformers] Kwargs passed to `processor.__call__` have to be in `processor_kwargs` dict, not in `**kwargs`
[transformers] Kwargs passed to `processor.__call__` have to be in `processor_kwargs` dict, not in `**kwargs`
[transformers] Kwargs passed to `processor.__call__` have to be in `processor_kwargs` dict, not in `**kwargs`
[transformers] Kwargs passed to `processor.__call__` have to be in `processor_kwargs` dict, not in `**kwargs`
[transformers] Kwargs passed to `processor.__call__` have to be in `processor_kwargs` dict, not in `**kwargs`
[transformers] Kwargs passed to `processor.__call__` have to be in `processor_kwargs` dict, not in `**kwargs`
[transformers] Kwargs passed to `processor.__call__` have to be in `processor_kwargs` dict, not in `**kwargs`
[transformers] Kwargs passed to `processor.__call__` have to be in `processor_kwargs` dict, not in `**kwargs`
[transformers] Kwargs passed to `processor.__call__` have to be in `processor_kwargs` dict, not in `**kwargs`
  [28/40] zsNo4HB9uLZ       timeout  min_d  3.78  calls  52  9s/ep
[transformers] Kwargs passed to `processor.__call__` have to be in `processor_kwargs` dict, not in `**kwargs`
[transformers] Kwargs passed to `processor.__call__` have to be in `processor_kwargs` dict, not in `**kwargs`
[transformers] Kwargs passed to `processor.__call__` have to be in `processor_kwargs` dict, not in `**kwargs`
[transformers] Kwargs passed to `processor.__call__` have to be in `processor_kwargs` dict, not in `**kwargs`
[transformers] Kwargs passed to `processor.__call__` have to be in `processor_kwargs` dict, not in `**kwargs`
[transformers] Kwargs passed to `processor.__call__` have to be in `processor_kwargs` dict, not in `**kwargs`
[transformers] Kwargs passed to `processor.__call__` have to be in `processor_kwargs` dict, not in `**kwargs`
[transformers] Kwargs passed to `processor.__call__` have to be in `processor_kwargs` dict, not in `**kwargs`
[transformers] Kwargs passed to `processor.__call__` have to be in `processor_kwargs` dict, not in `**kwargs`
[transformers] Kwargs passed to `processor.__call__` have to be in `processor_kwargs` dict, not in `**kwargs`
[transformers] Kwargs passed to `processor.__call__` have to be in `processor_kwargs` dict, not in `**kwargs`
[transformers] Kwargs passed to `processor.__call__` have to be in `processor_kwargs` dict, not in `**kwargs`
[transformers] Kwargs passed to `processor.__call__` have to be in `processor_kwargs` dict, not in `**kwargs`
[transformers] Kwargs passed to `processor.__call__` have to be in `processor_kwargs` dict, not in `**kwargs`
[transformers] Kwargs passed to `processor.__call__` have to be in `processor_kwargs` dict, not in `**kwargs`
[transformers] Kwargs passed to `processor.__call__` have to be in `processor_kwargs` dict, not in `**kwargs`
[transformers] Kwargs passed to `processor.__call__` have to be in `processor_kwargs` dict, not in `**kwargs`
[transformers] Kwargs passed to `processor.__call__` have to be in `processor_kwargs` dict, not in `**kwargs`
[transformers] Kwargs passed to `processor.__call__` have to be in `processor_kwargs` dict, not in `**kwargs`
[transformers] Kwargs passed to `processor.__call__` have to be in `processor_kwargs` dict, not in `**kwargs`
[transformers] Kwargs passed to `processor.__call__` have to be in `processor_kwargs` dict, not in `**kwargs`
[transformers] Kwargs passed to `processor.__call__` have to be in `processor_kwargs` dict, not in `**kwargs`
[transformers] Kwargs passed to `processor.__call__` have to be in `processor_kwargs` dict, not in `**kwargs`
[transformers] Kwargs passed to `processor.__call__` have to be in `processor_kwargs` dict, not in `**kwargs`
[transformers] Kwargs passed to `processor.__call__` have to be in `processor_kwargs` dict, not in `**kwargs`
[transformers] Kwargs passed to `processor.__call__` have to be in `processor_kwargs` dict, not in `**kwargs`
[transformers] Kwargs passed to `processor.__call__` have to be in `processor_kwargs` dict, not in `**kwargs`
[transformers] Kwargs passed to `processor.__call__` have to be in `processor_kwargs` dict, not in `**kwargs`
[transformers] Kwargs passed to `processor.__call__` have to be in `processor_kwargs` dict, not in `**kwargs`
[transformers] Kwargs passed to `processor.__call__` have to be in `processor_kwargs` dict, not in `**kwargs`
[transformers] Kwargs passed to `processor.__call__` have to be in `processor_kwargs` dict, not in `**kwargs`
[transformers] Kwargs passed to `processor.__call__` have to be in `processor_kwargs` dict, not in `**kwargs`
[transformers] Kwargs passed to `processor.__call__` have to be in `processor_kwargs` dict, not in `**kwargs`
[transformers] Kwargs passed to `processor.__call__` have to be in `processor_kwargs` dict, not in `**kwargs`
[transformers] Kwargs passed to `processor.__call__` have to be in `processor_kwargs` dict, not in `**kwargs`
[transformers] Kwargs passed to `processor.__call__` have to be in `processor_kwargs` dict, not in `**kwargs`
[transformers] Kwargs passed to `processor.__call__` have to be in `processor_kwargs` dict, not in `**kwargs`
[transformers] Kwargs passed to `processor.__call__` have to be in `processor_kwargs` dict, not in `**kwargs`
[transformers] Kwargs passed to `processor.__call__` have to be in `processor_kwargs` dict, not in `**kwargs`
[transformers] Kwargs passed to `processor.__call__` have to be in `processor_kwargs` dict, not in `**kwargs`
[transformers] Kwargs passed to `processor.__call__` have to be in `processor_kwargs` dict, not in `**kwargs`
[transformers] Kwargs passed to `processor.__call__` have to be in `processor_kwargs` dict, not in `**kwargs`
[transformers] Kwargs passed to `processor.__call__` have to be in `processor_kwargs` dict, not in `**kwargs`
[transformers] Kwargs passed to `processor.__call__` have to be in `processor_kwargs` dict, not in `**kwargs`
[transformers] Kwargs passed to `processor.__call__` have to be in `processor_kwargs` dict, not in `**kwargs`
[transformers] Kwargs passed to `processor.__call__` have to be in `processor_kwargs` dict, not in `**kwargs`
[transformers] Kwargs passed to `processor.__call__` have to be in `processor_kwargs` dict, not in `**kwargs`
[transformers] Kwargs passed to `processor.__call__` have to be in `processor_kwargs` dict, not in `**kwargs`
[transformers] Kwargs passed to `processor.__call__` have to be in `processor_kwargs` dict, not in `**kwargs`
[transformers] Kwargs passed to `processor.__call__` have to be in `processor_kwargs` dict, not in `**kwargs`
  [29/40] zsNo4HB9uLZ       timeout  min_d  6.28  calls  50  9s/ep
[transformers] Kwargs passed to `processor.__call__` have to be in `processor_kwargs` dict, not in `**kwargs`
[transformers] Kwargs passed to `processor.__call__` have to be in `processor_kwargs` dict, not in `**kwargs`
[transformers] Kwargs passed to `processor.__call__` have to be in `processor_kwargs` dict, not in `**kwargs`
[transformers] Kwargs passed to `processor.__call__` have to be in `processor_kwargs` dict, not in `**kwargs`
[transformers] Kwargs passed to `processor.__call__` have to be in `processor_kwargs` dict, not in `**kwargs`
[transformers] Kwargs passed to `processor.__call__` have to be in `processor_kwargs` dict, not in `**kwargs`
[transformers] Kwargs passed to `processor.__call__` have to be in `processor_kwargs` dict, not in `**kwargs`
[transformers] Kwargs passed to `processor.__call__` have to be in `processor_kwargs` dict, not in `**kwargs`
[transformers] Kwargs passed to `processor.__call__` have to be in `processor_kwargs` dict, not in `**kwargs`
[transformers] Kwargs passed to `processor.__call__` have to be in `processor_kwargs` dict, not in `**kwargs`
[transformers] Kwargs passed to `processor.__call__` have to be in `processor_kwargs` dict, not in `**kwargs`
[transformers] Kwargs passed to `processor.__call__` have to be in `processor_kwargs` dict, not in `**kwargs`
[transformers] Kwargs passed to `processor.__call__` have to be in `processor_kwargs` dict, not in `**kwargs`
[transformers] Kwargs passed to `processor.__call__` have to be in `processor_kwargs` dict, not in `**kwargs`
[transformers] Kwargs passed to `processor.__call__` have to be in `processor_kwargs` dict, not in `**kwargs`
[transformers] Kwargs passed to `processor.__call__` have to be in `processor_kwargs` dict, not in `**kwargs`
[transformers] Kwargs passed to `processor.__call__` have to be in `processor_kwargs` dict, not in `**kwargs`
[transformers] Kwargs passed to `processor.__call__` have to be in `processor_kwargs` dict, not in `**kwargs`
[transformers] Kwargs passed to `processor.__call__` have to be in `processor_kwargs` dict, not in `**kwargs`
[transformers] Kwargs passed to `processor.__call__` have to be in `processor_kwargs` dict, not in `**kwargs`
[transformers] Kwargs passed to `processor.__call__` have to be in `processor_kwargs` dict, not in `**kwargs`
[transformers] Kwargs passed to `processor.__call__` have to be in `processor_kwargs` dict, not in `**kwargs`
[transformers] Kwargs passed to `processor.__call__` have to be in `processor_kwargs` dict, not in `**kwargs`
[transformers] Kwargs passed to `processor.__call__` have to be in `processor_kwargs` dict, not in `**kwargs`
[transformers] Kwargs passed to `processor.__call__` have to be in `processor_kwargs` dict, not in `**kwargs`
[transformers] Kwargs passed to `processor.__call__` have to be in `processor_kwargs` dict, not in `**kwargs`
[transformers] Kwargs passed to `processor.__call__` have to be in `processor_kwargs` dict, not in `**kwargs`
[transformers] Kwargs passed to `processor.__call__` have to be in `processor_kwargs` dict, not in `**kwargs`
[transformers] Kwargs passed to `processor.__call__` have to be in `processor_kwargs` dict, not in `**kwargs`
[transformers] Kwargs passed to `processor.__call__` have to be in `processor_kwargs` dict, not in `**kwargs`
[transformers] Kwargs passed to `processor.__call__` have to be in `processor_kwargs` dict, not in `**kwargs`
[transformers] Kwargs passed to `processor.__call__` have to be in `processor_kwargs` dict, not in `**kwargs`
[transformers] Kwargs passed to `processor.__call__` have to be in `processor_kwargs` dict, not in `**kwargs`
[transformers] Kwargs passed to `processor.__call__` have to be in `processor_kwargs` dict, not in `**kwargs`
[transformers] Kwargs passed to `processor.__call__` have to be in `processor_kwargs` dict, not in `**kwargs`
[transformers] Kwargs passed to `processor.__call__` have to be in `processor_kwargs` dict, not in `**kwargs`
[transformers] Kwargs passed to `processor.__call__` have to be in `processor_kwargs` dict, not in `**kwargs`
[transformers] Kwargs passed to `processor.__call__` have to be in `processor_kwargs` dict, not in `**kwargs`
[transformers] Kwargs passed to `processor.__call__` have to be in `processor_kwargs` dict, not in `**kwargs`
[transformers] Kwargs passed to `processor.__call__` have to be in `processor_kwargs` dict, not in `**kwargs`
[transformers] Kwargs passed to `processor.__call__` have to be in `processor_kwargs` dict, not in `**kwargs`
[transformers] Kwargs passed to `processor.__call__` have to be in `processor_kwargs` dict, not in `**kwargs`
[transformers] Kwargs passed to `processor.__call__` have to be in `processor_kwargs` dict, not in `**kwargs`
[transformers] Kwargs passed to `processor.__call__` have to be in `processor_kwargs` dict, not in `**kwargs`
[transformers] Kwargs passed to `processor.__call__` have to be in `processor_kwargs` dict, not in `**kwargs`
[transformers] Kwargs passed to `processor.__call__` have to be in `processor_kwargs` dict, not in `**kwargs`
[transformers] Kwargs passed to `processor.__call__` have to be in `processor_kwargs` dict, not in `**kwargs`
[transformers] Kwargs passed to `processor.__call__` have to be in `processor_kwargs` dict, not in `**kwargs`
[transformers] Kwargs passed to `processor.__call__` have to be in `processor_kwargs` dict, not in `**kwargs`
[transformers] Kwargs passed to `processor.__call__` have to be in `processor_kwargs` dict, not in `**kwargs`
  [30/40] zsNo4HB9uLZ       timeout  min_d  6.28  calls  50  9s/ep
[transformers] Kwargs passed to `processor.__call__` have to be in `processor_kwargs` dict, not in `**kwargs`
[transformers] Kwargs passed to `processor.__call__` have to be in `processor_kwargs` dict, not in `**kwargs`
[transformers] Kwargs passed to `processor.__call__` have to be in `processor_kwargs` dict, not in `**kwargs`
[transformers] Kwargs passed to `processor.__call__` have to be in `processor_kwargs` dict, not in `**kwargs`
[transformers] Kwargs passed to `processor.__call__` have to be in `processor_kwargs` dict, not in `**kwargs`
[transformers] Kwargs passed to `processor.__call__` have to be in `processor_kwargs` dict, not in `**kwargs`
[transformers] Kwargs passed to `processor.__call__` have to be in `processor_kwargs` dict, not in `**kwargs`
[transformers] Kwargs passed to `processor.__call__` have to be in `processor_kwargs` dict, not in `**kwargs`
[transformers] Kwargs passed to `processor.__call__` have to be in `processor_kwargs` dict, not in `**kwargs`
[transformers] Kwargs passed to `processor.__call__` have to be in `processor_kwargs` dict, not in `**kwargs`
[transformers] Kwargs passed to `processor.__call__` have to be in `processor_kwargs` dict, not in `**kwargs`
[transformers] Kwargs passed to `processor.__call__` have to be in `processor_kwargs` dict, not in `**kwargs`
[transformers] Kwargs passed to `processor.__call__` have to be in `processor_kwargs` dict, not in `**kwargs`
[transformers] Kwargs passed to `processor.__call__` have to be in `processor_kwargs` dict, not in `**kwargs`
[transformers] Kwargs passed to `processor.__call__` have to be in `processor_kwargs` dict, not in `**kwargs`
[transformers] Kwargs passed to `processor.__call__` have to be in `processor_kwargs` dict, not in `**kwargs`
[transformers] Kwargs passed to `processor.__call__` have to be in `processor_kwargs` dict, not in `**kwargs`
[transformers] Kwargs passed to `processor.__call__` have to be in `processor_kwargs` dict, not in `**kwargs`
[transformers] Kwargs passed to `processor.__call__` have to be in `processor_kwargs` dict, not in `**kwargs`
[transformers] Kwargs passed to `processor.__call__` have to be in `processor_kwargs` dict, not in `**kwargs`
[transformers] Kwargs passed to `processor.__call__` have to be in `processor_kwargs` dict, not in `**kwargs`
[transformers] Kwargs passed to `processor.__call__` have to be in `processor_kwargs` dict, not in `**kwargs`
[transformers] Kwargs passed to `processor.__call__` have to be in `processor_kwargs` dict, not in `**kwargs`
[transformers] Kwargs passed to `processor.__call__` have to be in `processor_kwargs` dict, not in `**kwargs`
[transformers] Kwargs passed to `processor.__call__` have to be in `processor_kwargs` dict, not in `**kwargs`
[transformers] Kwargs passed to `processor.__call__` have to be in `processor_kwargs` dict, not in `**kwargs`
[transformers] Kwargs passed to `processor.__call__` have to be in `processor_kwargs` dict, not in `**kwargs`
[transformers] Kwargs passed to `processor.__call__` have to be in `processor_kwargs` dict, not in `**kwargs`
[transformers] Kwargs passed to `processor.__call__` have to be in `processor_kwargs` dict, not in `**kwargs`
[transformers] Kwargs passed to `processor.__call__` have to be in `processor_kwargs` dict, not in `**kwargs`
[transformers] Kwargs passed to `processor.__call__` have to be in `processor_kwargs` dict, not in `**kwargs`
[transformers] Kwargs passed to `processor.__call__` have to be in `processor_kwargs` dict, not in `**kwargs`
[transformers] Kwargs passed to `processor.__call__` have to be in `processor_kwargs` dict, not in `**kwargs`
[transformers] Kwargs passed to `processor.__call__` have to be in `processor_kwargs` dict, not in `**kwargs`
[transformers] Kwargs passed to `processor.__call__` have to be in `processor_kwargs` dict, not in `**kwargs`
[transformers] Kwargs passed to `processor.__call__` have to be in `processor_kwargs` dict, not in `**kwargs`
[transformers] Kwargs passed to `processor.__call__` have to be in `processor_kwargs` dict, not in `**kwargs`
[transformers] Kwargs passed to `processor.__call__` have to be in `processor_kwargs` dict, not in `**kwargs`
[transformers] Kwargs passed to `processor.__call__` have to be in `processor_kwargs` dict, not in `**kwargs`
[transformers] Kwargs passed to `processor.__call__` have to be in `processor_kwargs` dict, not in `**kwargs`
[transformers] Kwargs passed to `processor.__call__` have to be in `processor_kwargs` dict, not in `**kwargs`
[transformers] Kwargs passed to `processor.__call__` have to be in `processor_kwargs` dict, not in `**kwargs`
[transformers] Kwargs passed to `processor.__call__` have to be in `processor_kwargs` dict, not in `**kwargs`
[transformers] Kwargs passed to `processor.__call__` have to be in `processor_kwargs` dict, not in `**kwargs`
[transformers] Kwargs passed to `processor.__call__` have to be in `processor_kwargs` dict, not in `**kwargs`
[transformers] Kwargs passed to `processor.__call__` have to be in `processor_kwargs` dict, not in `**kwargs`
[transformers] Kwargs passed to `processor.__call__` have to be in `processor_kwargs` dict, not in `**kwargs`
[transformers] Kwargs passed to `processor.__call__` have to be in `processor_kwargs` dict, not in `**kwargs`
[transformers] Kwargs passed to `processor.__call__` have to be in `processor_kwargs` dict, not in `**kwargs`
[transformers] Kwargs passed to `processor.__call__` have to be in `processor_kwargs` dict, not in `**kwargs`
  [31/40] zsNo4HB9uLZ       timeout  min_d  3.32  calls  50  9s/ep
[transformers] Kwargs passed to `processor.__call__` have to be in `processor_kwargs` dict, not in `**kwargs`
[transformers] Kwargs passed to `processor.__call__` have to be in `processor_kwargs` dict, not in `**kwargs`
[transformers] Kwargs passed to `processor.__call__` have to be in `processor_kwargs` dict, not in `**kwargs`
[transformers] Kwargs passed to `processor.__call__` have to be in `processor_kwargs` dict, not in `**kwargs`
[transformers] Kwargs passed to `processor.__call__` have to be in `processor_kwargs` dict, not in `**kwargs`
[transformers] Kwargs passed to `processor.__call__` have to be in `processor_kwargs` dict, not in `**kwargs`
[transformers] Kwargs passed to `processor.__call__` have to be in `processor_kwargs` dict, not in `**kwargs`
[transformers] Kwargs passed to `processor.__call__` have to be in `processor_kwargs` dict, not in `**kwargs`
[transformers] Kwargs passed to `processor.__call__` have to be in `processor_kwargs` dict, not in `**kwargs`
[transformers] Kwargs passed to `processor.__call__` have to be in `processor_kwargs` dict, not in `**kwargs`
[transformers] Kwargs passed to `processor.__call__` have to be in `processor_kwargs` dict, not in `**kwargs`
[transformers] Kwargs passed to `processor.__call__` have to be in `processor_kwargs` dict, not in `**kwargs`
[transformers] Kwargs passed to `processor.__call__` have to be in `processor_kwargs` dict, not in `**kwargs`
[transformers] Kwargs passed to `processor.__call__` have to be in `processor_kwargs` dict, not in `**kwargs`
[transformers] Kwargs passed to `processor.__call__` have to be in `processor_kwargs` dict, not in `**kwargs`
[transformers] Kwargs passed to `processor.__call__` have to be in `processor_kwargs` dict, not in `**kwargs`
[transformers] Kwargs passed to `processor.__call__` have to be in `processor_kwargs` dict, not in `**kwargs`
[transformers] Kwargs passed to `processor.__call__` have to be in `processor_kwargs` dict, not in `**kwargs`
[transformers] Kwargs passed to `processor.__call__` have to be in `processor_kwargs` dict, not in `**kwargs`
[transformers] Kwargs passed to `processor.__call__` have to be in `processor_kwargs` dict, not in `**kwargs`
[transformers] Kwargs passed to `processor.__call__` have to be in `processor_kwargs` dict, not in `**kwargs`
[transformers] Kwargs passed to `processor.__call__` have to be in `processor_kwargs` dict, not in `**kwargs`
[transformers] Kwargs passed to `processor.__call__` have to be in `processor_kwargs` dict, not in `**kwargs`
[transformers] Kwargs passed to `processor.__call__` have to be in `processor_kwargs` dict, not in `**kwargs`
[transformers] Kwargs passed to `processor.__call__` have to be in `processor_kwargs` dict, not in `**kwargs`
[transformers] Kwargs passed to `processor.__call__` have to be in `processor_kwargs` dict, not in `**kwargs`
[transformers] Kwargs passed to `processor.__call__` have to be in `processor_kwargs` dict, not in `**kwargs`
[transformers] Kwargs passed to `processor.__call__` have to be in `processor_kwargs` dict, not in `**kwargs`
[transformers] Kwargs passed to `processor.__call__` have to be in `processor_kwargs` dict, not in `**kwargs`
[transformers] Kwargs passed to `processor.__call__` have to be in `processor_kwargs` dict, not in `**kwargs`
[transformers] Kwargs passed to `processor.__call__` have to be in `processor_kwargs` dict, not in `**kwargs`
[transformers] Kwargs passed to `processor.__call__` have to be in `processor_kwargs` dict, not in `**kwargs`
[transformers] Kwargs passed to `processor.__call__` have to be in `processor_kwargs` dict, not in `**kwargs`
[transformers] Kwargs passed to `processor.__call__` have to be in `processor_kwargs` dict, not in `**kwargs`
[transformers] Kwargs passed to `processor.__call__` have to be in `processor_kwargs` dict, not in `**kwargs`
[transformers] Kwargs passed to `processor.__call__` have to be in `processor_kwargs` dict, not in `**kwargs`
[transformers] Kwargs passed to `processor.__call__` have to be in `processor_kwargs` dict, not in `**kwargs`
[transformers] Kwargs passed to `processor.__call__` have to be in `processor_kwargs` dict, not in `**kwargs`
[transformers] Kwargs passed to `processor.__call__` have to be in `processor_kwargs` dict, not in `**kwargs`
[transformers] Kwargs passed to `processor.__call__` have to be in `processor_kwargs` dict, not in `**kwargs`
[transformers] Kwargs passed to `processor.__call__` have to be in `processor_kwargs` dict, not in `**kwargs`
[transformers] Kwargs passed to `processor.__call__` have to be in `processor_kwargs` dict, not in `**kwargs`
[transformers] Kwargs passed to `processor.__call__` have to be in `processor_kwargs` dict, not in `**kwargs`
[transformers] Kwargs passed to `processor.__call__` have to be in `processor_kwargs` dict, not in `**kwargs`
[transformers] Kwargs passed to `processor.__call__` have to be in `processor_kwargs` dict, not in `**kwargs`
[transformers] Kwargs passed to `processor.__call__` have to be in `processor_kwargs` dict, not in `**kwargs`
[transformers] Kwargs passed to `processor.__call__` have to be in `processor_kwargs` dict, not in `**kwargs`
[transformers] Kwargs passed to `processor.__call__` have to be in `processor_kwargs` dict, not in `**kwargs`
[transformers] Kwargs passed to `processor.__call__` have to be in `processor_kwargs` dict, not in `**kwargs`
[transformers] Kwargs passed to `processor.__call__` have to be in `processor_kwargs` dict, not in `**kwargs`
[transformers] Kwargs passed to `processor.__call__` have to be in `processor_kwargs` dict, not in `**kwargs`
  [32/40] zsNo4HB9uLZ       timeout  min_d  3.32  calls  51  9s/ep
[transformers] Kwargs passed to `processor.__call__` have to be in `processor_kwargs` dict, not in `**kwargs`
[transformers] Kwargs passed to `processor.__call__` have to be in `processor_kwargs` dict, not in `**kwargs`
[transformers] Kwargs passed to `processor.__call__` have to be in `processor_kwargs` dict, not in `**kwargs`
[transformers] Kwargs passed to `processor.__call__` have to be in `processor_kwargs` dict, not in `**kwargs`
[transformers] Kwargs passed to `processor.__call__` have to be in `processor_kwargs` dict, not in `**kwargs`
[transformers] Kwargs passed to `processor.__call__` have to be in `processor_kwargs` dict, not in `**kwargs`
[transformers] Kwargs passed to `processor.__call__` have to be in `processor_kwargs` dict, not in `**kwargs`
[transformers] Kwargs passed to `processor.__call__` have to be in `processor_kwargs` dict, not in `**kwargs`
[transformers] Kwargs passed to `processor.__call__` have to be in `processor_kwargs` dict, not in `**kwargs`
[transformers] Kwargs passed to `processor.__call__` have to be in `processor_kwargs` dict, not in `**kwargs`
[transformers] Kwargs passed to `processor.__call__` have to be in `processor_kwargs` dict, not in `**kwargs`
[transformers] Kwargs passed to `processor.__call__` have to be in `processor_kwargs` dict, not in `**kwargs`
[transformers] Kwargs passed to `processor.__call__` have to be in `processor_kwargs` dict, not in `**kwargs`
[transformers] Kwargs passed to `processor.__call__` have to be in `processor_kwargs` dict, not in `**kwargs`
[transformers] Kwargs passed to `processor.__call__` have to be in `processor_kwargs` dict, not in `**kwargs`
[transformers] Kwargs passed to `processor.__call__` have to be in `processor_kwargs` dict, not in `**kwargs`
[transformers] Kwargs passed to `processor.__call__` have to be in `processor_kwargs` dict, not in `**kwargs`
[transformers] Kwargs passed to `processor.__call__` have to be in `processor_kwargs` dict, not in `**kwargs`
[transformers] Kwargs passed to `processor.__call__` have to be in `processor_kwargs` dict, not in `**kwargs`
[transformers] Kwargs passed to `processor.__call__` have to be in `processor_kwargs` dict, not in `**kwargs`
[transformers] Kwargs passed to `processor.__call__` have to be in `processor_kwargs` dict, not in `**kwargs`
[transformers] Kwargs passed to `processor.__call__` have to be in `processor_kwargs` dict, not in `**kwargs`
[transformers] Kwargs passed to `processor.__call__` have to be in `processor_kwargs` dict, not in `**kwargs`
[transformers] Kwargs passed to `processor.__call__` have to be in `processor_kwargs` dict, not in `**kwargs`
[transformers] Kwargs passed to `processor.__call__` have to be in `processor_kwargs` dict, not in `**kwargs`
[transformers] Kwargs passed to `processor.__call__` have to be in `processor_kwargs` dict, not in `**kwargs`
[transformers] Kwargs passed to `processor.__call__` have to be in `processor_kwargs` dict, not in `**kwargs`
[transformers] Kwargs passed to `processor.__call__` have to be in `processor_kwargs` dict, not in `**kwargs`
[transformers] Kwargs passed to `processor.__call__` have to be in `processor_kwargs` dict, not in `**kwargs`
[transformers] Kwargs passed to `processor.__call__` have to be in `processor_kwargs` dict, not in `**kwargs`
[transformers] Kwargs passed to `processor.__call__` have to be in `processor_kwargs` dict, not in `**kwargs`
[transformers] Kwargs passed to `processor.__call__` have to be in `processor_kwargs` dict, not in `**kwargs`
[transformers] Kwargs passed to `processor.__call__` have to be in `processor_kwargs` dict, not in `**kwargs`
[transformers] Kwargs passed to `processor.__call__` have to be in `processor_kwargs` dict, not in `**kwargs`
[transformers] Kwargs passed to `processor.__call__` have to be in `processor_kwargs` dict, not in `**kwargs`
[transformers] Kwargs passed to `processor.__call__` have to be in `processor_kwargs` dict, not in `**kwargs`
[transformers] Kwargs passed to `processor.__call__` have to be in `processor_kwargs` dict, not in `**kwargs`
[transformers] Kwargs passed to `processor.__call__` have to be in `processor_kwargs` dict, not in `**kwargs`
[transformers] Kwargs passed to `processor.__call__` have to be in `processor_kwargs` dict, not in `**kwargs`
[transformers] Kwargs passed to `processor.__call__` have to be in `processor_kwargs` dict, not in `**kwargs`
[transformers] Kwargs passed to `processor.__call__` have to be in `processor_kwargs` dict, not in `**kwargs`
  [33/40] zsNo4HB9uLZ    model_stop  min_d  3.82  calls  41  9s/ep
[transformers] Kwargs passed to `processor.__call__` have to be in `processor_kwargs` dict, not in `**kwargs`
[transformers] Kwargs passed to `processor.__call__` have to be in `processor_kwargs` dict, not in `**kwargs`
[transformers] Kwargs passed to `processor.__call__` have to be in `processor_kwargs` dict, not in `**kwargs`
[transformers] Kwargs passed to `processor.__call__` have to be in `processor_kwargs` dict, not in `**kwargs`
[transformers] Kwargs passed to `processor.__call__` have to be in `processor_kwargs` dict, not in `**kwargs`
[transformers] Kwargs passed to `processor.__call__` have to be in `processor_kwargs` dict, not in `**kwargs`
[transformers] Kwargs passed to `processor.__call__` have to be in `processor_kwargs` dict, not in `**kwargs`
[transformers] Kwargs passed to `processor.__call__` have to be in `processor_kwargs` dict, not in `**kwargs`
[transformers] Kwargs passed to `processor.__call__` have to be in `processor_kwargs` dict, not in `**kwargs`
[transformers] Kwargs passed to `processor.__call__` have to be in `processor_kwargs` dict, not in `**kwargs`
[transformers] Kwargs passed to `processor.__call__` have to be in `processor_kwargs` dict, not in `**kwargs`
[transformers] Kwargs passed to `processor.__call__` have to be in `processor_kwargs` dict, not in `**kwargs`
[transformers] Kwargs passed to `processor.__call__` have to be in `processor_kwargs` dict, not in `**kwargs`
[transformers] Kwargs passed to `processor.__call__` have to be in `processor_kwargs` dict, not in `**kwargs`
[transformers] Kwargs passed to `processor.__call__` have to be in `processor_kwargs` dict, not in `**kwargs`
[transformers] Kwargs passed to `processor.__call__` have to be in `processor_kwargs` dict, not in `**kwargs`
[transformers] Kwargs passed to `processor.__call__` have to be in `processor_kwargs` dict, not in `**kwargs`
[transformers] Kwargs passed to `processor.__call__` have to be in `processor_kwargs` dict, not in `**kwargs`
[transformers] Kwargs passed to `processor.__call__` have to be in `processor_kwargs` dict, not in `**kwargs`
[transformers] Kwargs passed to `processor.__call__` have to be in `processor_kwargs` dict, not in `**kwargs`
[transformers] Kwargs passed to `processor.__call__` have to be in `processor_kwargs` dict, not in `**kwargs`
[transformers] Kwargs passed to `processor.__call__` have to be in `processor_kwargs` dict, not in `**kwargs`
[transformers] Kwargs passed to `processor.__call__` have to be in `processor_kwargs` dict, not in `**kwargs`
[transformers] Kwargs passed to `processor.__call__` have to be in `processor_kwargs` dict, not in `**kwargs`
[transformers] Kwargs passed to `processor.__call__` have to be in `processor_kwargs` dict, not in `**kwargs`
[transformers] Kwargs passed to `processor.__call__` have to be in `processor_kwargs` dict, not in `**kwargs`
[transformers] Kwargs passed to `processor.__call__` have to be in `processor_kwargs` dict, not in `**kwargs`
[transformers] Kwargs passed to `processor.__call__` have to be in `processor_kwargs` dict, not in `**kwargs`
[transformers] Kwargs passed to `processor.__call__` have to be in `processor_kwargs` dict, not in `**kwargs`
[transformers] Kwargs passed to `processor.__call__` have to be in `processor_kwargs` dict, not in `**kwargs`
[transformers] Kwargs passed to `processor.__call__` have to be in `processor_kwargs` dict, not in `**kwargs`
[transformers] Kwargs passed to `processor.__call__` have to be in `processor_kwargs` dict, not in `**kwargs`
[transformers] Kwargs passed to `processor.__call__` have to be in `processor_kwargs` dict, not in `**kwargs`
[transformers] Kwargs passed to `processor.__call__` have to be in `processor_kwargs` dict, not in `**kwargs`
[transformers] Kwargs passed to `processor.__call__` have to be in `processor_kwargs` dict, not in `**kwargs`
[transformers] Kwargs passed to `processor.__call__` have to be in `processor_kwargs` dict, not in `**kwargs`
[transformers] Kwargs passed to `processor.__call__` have to be in `processor_kwargs` dict, not in `**kwargs`
[transformers] Kwargs passed to `processor.__call__` have to be in `processor_kwargs` dict, not in `**kwargs`
[transformers] Kwargs passed to `processor.__call__` have to be in `processor_kwargs` dict, not in `**kwargs`
[transformers] Kwargs passed to `processor.__call__` have to be in `processor_kwargs` dict, not in `**kwargs`
[transformers] Kwargs passed to `processor.__call__` have to be in `processor_kwargs` dict, not in `**kwargs`
[transformers] Kwargs passed to `processor.__call__` have to be in `processor_kwargs` dict, not in `**kwargs`
[transformers] Kwargs passed to `processor.__call__` have to be in `processor_kwargs` dict, not in `**kwargs`
[transformers] Kwargs passed to `processor.__call__` have to be in `processor_kwargs` dict, not in `**kwargs`
[transformers] Kwargs passed to `processor.__call__` have to be in `processor_kwargs` dict, not in `**kwargs`
[transformers] Kwargs passed to `processor.__call__` have to be in `processor_kwargs` dict, not in `**kwargs`
[transformers] Kwargs passed to `processor.__call__` have to be in `processor_kwargs` dict, not in `**kwargs`
[transformers] Kwargs passed to `processor.__call__` have to be in `processor_kwargs` dict, not in `**kwargs`
[transformers] Kwargs passed to `processor.__call__` have to be in `processor_kwargs` dict, not in `**kwargs`
[transformers] Kwargs passed to `processor.__call__` have to be in `processor_kwargs` dict, not in `**kwargs`
  [34/40] zsNo4HB9uLZ       timeout  min_d 10.70  calls  50  9s/ep
[transformers] Kwargs passed to `processor.__call__` have to be in `processor_kwargs` dict, not in `**kwargs`
[transformers] Kwargs passed to `processor.__call__` have to be in `processor_kwargs` dict, not in `**kwargs`
[transformers] Kwargs passed to `processor.__call__` have to be in `processor_kwargs` dict, not in `**kwargs`
[transformers] Kwargs passed to `processor.__call__` have to be in `processor_kwargs` dict, not in `**kwargs`
[transformers] Kwargs passed to `processor.__call__` have to be in `processor_kwargs` dict, not in `**kwargs`
[transformers] Kwargs passed to `processor.__call__` have to be in `processor_kwargs` dict, not in `**kwargs`
[transformers] Kwargs passed to `processor.__call__` have to be in `processor_kwargs` dict, not in `**kwargs`
[transformers] Kwargs passed to `processor.__call__` have to be in `processor_kwargs` dict, not in `**kwargs`
[transformers] Kwargs passed to `processor.__call__` have to be in `processor_kwargs` dict, not in `**kwargs`
[transformers] Kwargs passed to `processor.__call__` have to be in `processor_kwargs` dict, not in `**kwargs`
[transformers] Kwargs passed to `processor.__call__` have to be in `processor_kwargs` dict, not in `**kwargs`
[transformers] Kwargs passed to `processor.__call__` have to be in `processor_kwargs` dict, not in `**kwargs`
[transformers] Kwargs passed to `processor.__call__` have to be in `processor_kwargs` dict, not in `**kwargs`
[transformers] Kwargs passed to `processor.__call__` have to be in `processor_kwargs` dict, not in `**kwargs`
[transformers] Kwargs passed to `processor.__call__` have to be in `processor_kwargs` dict, not in `**kwargs`
[transformers] Kwargs passed to `processor.__call__` have to be in `processor_kwargs` dict, not in `**kwargs`
[transformers] Kwargs passed to `processor.__call__` have to be in `processor_kwargs` dict, not in `**kwargs`
[transformers] Kwargs passed to `processor.__call__` have to be in `processor_kwargs` dict, not in `**kwargs`
[transformers] Kwargs passed to `processor.__call__` have to be in `processor_kwargs` dict, not in `**kwargs`
[transformers] Kwargs passed to `processor.__call__` have to be in `processor_kwargs` dict, not in `**kwargs`
[transformers] Kwargs passed to `processor.__call__` have to be in `processor_kwargs` dict, not in `**kwargs`
[transformers] Kwargs passed to `processor.__call__` have to be in `processor_kwargs` dict, not in `**kwargs`
[transformers] Kwargs passed to `processor.__call__` have to be in `processor_kwargs` dict, not in `**kwargs`
[transformers] Kwargs passed to `processor.__call__` have to be in `processor_kwargs` dict, not in `**kwargs`
[transformers] Kwargs passed to `processor.__call__` have to be in `processor_kwargs` dict, not in `**kwargs`
[transformers] Kwargs passed to `processor.__call__` have to be in `processor_kwargs` dict, not in `**kwargs`
[transformers] Kwargs passed to `processor.__call__` have to be in `processor_kwargs` dict, not in `**kwargs`
[transformers] Kwargs passed to `processor.__call__` have to be in `processor_kwargs` dict, not in `**kwargs`
[transformers] Kwargs passed to `processor.__call__` have to be in `processor_kwargs` dict, not in `**kwargs`
[transformers] Kwargs passed to `processor.__call__` have to be in `processor_kwargs` dict, not in `**kwargs`
[transformers] Kwargs passed to `processor.__call__` have to be in `processor_kwargs` dict, not in `**kwargs`
[transformers] Kwargs passed to `processor.__call__` have to be in `processor_kwargs` dict, not in `**kwargs`
[transformers] Kwargs passed to `processor.__call__` have to be in `processor_kwargs` dict, not in `**kwargs`
[transformers] Kwargs passed to `processor.__call__` have to be in `processor_kwargs` dict, not in `**kwargs`
[transformers] Kwargs passed to `processor.__call__` have to be in `processor_kwargs` dict, not in `**kwargs`
[transformers] Kwargs passed to `processor.__call__` have to be in `processor_kwargs` dict, not in `**kwargs`
[transformers] Kwargs passed to `processor.__call__` have to be in `processor_kwargs` dict, not in `**kwargs`
[transformers] Kwargs passed to `processor.__call__` have to be in `processor_kwargs` dict, not in `**kwargs`
[transformers] Kwargs passed to `processor.__call__` have to be in `processor_kwargs` dict, not in `**kwargs`
[transformers] Kwargs passed to `processor.__call__` have to be in `processor_kwargs` dict, not in `**kwargs`
[transformers] Kwargs passed to `processor.__call__` have to be in `processor_kwargs` dict, not in `**kwargs`
[transformers] Kwargs passed to `processor.__call__` have to be in `processor_kwargs` dict, not in `**kwargs`
[transformers] Kwargs passed to `processor.__call__` have to be in `processor_kwargs` dict, not in `**kwargs`
[transformers] Kwargs passed to `processor.__call__` have to be in `processor_kwargs` dict, not in `**kwargs`
[transformers] Kwargs passed to `processor.__call__` have to be in `processor_kwargs` dict, not in `**kwargs`
[transformers] Kwargs passed to `processor.__call__` have to be in `processor_kwargs` dict, not in `**kwargs`
[transformers] Kwargs passed to `processor.__call__` have to be in `processor_kwargs` dict, not in `**kwargs`
[transformers] Kwargs passed to `processor.__call__` have to be in `processor_kwargs` dict, not in `**kwargs`
[transformers] Kwargs passed to `processor.__call__` have to be in `processor_kwargs` dict, not in `**kwargs`
[transformers] Kwargs passed to `processor.__call__` have to be in `processor_kwargs` dict, not in `**kwargs`
[transformers] Kwargs passed to `processor.__call__` have to be in `processor_kwargs` dict, not in `**kwargs`
[transformers] Kwargs passed to `processor.__call__` have to be in `processor_kwargs` dict, not in `**kwargs`
  [35/40] zsNo4HB9uLZ    model_stop  min_d 10.70  calls  52  9s/ep
[transformers] Kwargs passed to `processor.__call__` have to be in `processor_kwargs` dict, not in `**kwargs`
[transformers] Kwargs passed to `processor.__call__` have to be in `processor_kwargs` dict, not in `**kwargs`
[transformers] Kwargs passed to `processor.__call__` have to be in `processor_kwargs` dict, not in `**kwargs`
[transformers] Kwargs passed to `processor.__call__` have to be in `processor_kwargs` dict, not in `**kwargs`
[transformers] Kwargs passed to `processor.__call__` have to be in `processor_kwargs` dict, not in `**kwargs`
[transformers] Kwargs passed to `processor.__call__` have to be in `processor_kwargs` dict, not in `**kwargs`
[transformers] Kwargs passed to `processor.__call__` have to be in `processor_kwargs` dict, not in `**kwargs`
[transformers] Kwargs passed to `processor.__call__` have to be in `processor_kwargs` dict, not in `**kwargs`
[transformers] Kwargs passed to `processor.__call__` have to be in `processor_kwargs` dict, not in `**kwargs`
[transformers] Kwargs passed to `processor.__call__` have to be in `processor_kwargs` dict, not in `**kwargs`
[transformers] Kwargs passed to `processor.__call__` have to be in `processor_kwargs` dict, not in `**kwargs`
[transformers] Kwargs passed to `processor.__call__` have to be in `processor_kwargs` dict, not in `**kwargs`
[transformers] Kwargs passed to `processor.__call__` have to be in `processor_kwargs` dict, not in `**kwargs`
[transformers] Kwargs passed to `processor.__call__` have to be in `processor_kwargs` dict, not in `**kwargs`
[transformers] Kwargs passed to `processor.__call__` have to be in `processor_kwargs` dict, not in `**kwargs`
[transformers] Kwargs passed to `processor.__call__` have to be in `processor_kwargs` dict, not in `**kwargs`
[transformers] Kwargs passed to `processor.__call__` have to be in `processor_kwargs` dict, not in `**kwargs`
[transformers] Kwargs passed to `processor.__call__` have to be in `processor_kwargs` dict, not in `**kwargs`
[transformers] Kwargs passed to `processor.__call__` have to be in `processor_kwargs` dict, not in `**kwargs`
[transformers] Kwargs passed to `processor.__call__` have to be in `processor_kwargs` dict, not in `**kwargs`
[transformers] Kwargs passed to `processor.__call__` have to be in `processor_kwargs` dict, not in `**kwargs`
[transformers] Kwargs passed to `processor.__call__` have to be in `processor_kwargs` dict, not in `**kwargs`
[transformers] Kwargs passed to `processor.__call__` have to be in `processor_kwargs` dict, not in `**kwargs`
[transformers] Kwargs passed to `processor.__call__` have to be in `processor_kwargs` dict, not in `**kwargs`
[transformers] Kwargs passed to `processor.__call__` have to be in `processor_kwargs` dict, not in `**kwargs`
[transformers] Kwargs passed to `processor.__call__` have to be in `processor_kwargs` dict, not in `**kwargs`
[transformers] Kwargs passed to `processor.__call__` have to be in `processor_kwargs` dict, not in `**kwargs`
[transformers] Kwargs passed to `processor.__call__` have to be in `processor_kwargs` dict, not in `**kwargs`
[transformers] Kwargs passed to `processor.__call__` have to be in `processor_kwargs` dict, not in `**kwargs`
[transformers] Kwargs passed to `processor.__call__` have to be in `processor_kwargs` dict, not in `**kwargs`
[transformers] Kwargs passed to `processor.__call__` have to be in `processor_kwargs` dict, not in `**kwargs`
[transformers] Kwargs passed to `processor.__call__` have to be in `processor_kwargs` dict, not in `**kwargs`
[transformers] Kwargs passed to `processor.__call__` have to be in `processor_kwargs` dict, not in `**kwargs`
[transformers] Kwargs passed to `processor.__call__` have to be in `processor_kwargs` dict, not in `**kwargs`
[transformers] Kwargs passed to `processor.__call__` have to be in `processor_kwargs` dict, not in `**kwargs`
[transformers] Kwargs passed to `processor.__call__` have to be in `processor_kwargs` dict, not in `**kwargs`
[transformers] Kwargs passed to `processor.__call__` have to be in `processor_kwargs` dict, not in `**kwargs`
[transformers] Kwargs passed to `processor.__call__` have to be in `processor_kwargs` dict, not in `**kwargs`
[transformers] Kwargs passed to `processor.__call__` have to be in `processor_kwargs` dict, not in `**kwargs`
[transformers] Kwargs passed to `processor.__call__` have to be in `processor_kwargs` dict, not in `**kwargs`
[transformers] Kwargs passed to `processor.__call__` have to be in `processor_kwargs` dict, not in `**kwargs`
[transformers] Kwargs passed to `processor.__call__` have to be in `processor_kwargs` dict, not in `**kwargs`
[transformers] Kwargs passed to `processor.__call__` have to be in `processor_kwargs` dict, not in `**kwargs`
[transformers] Kwargs passed to `processor.__call__` have to be in `processor_kwargs` dict, not in `**kwargs`
[transformers] Kwargs passed to `processor.__call__` have to be in `processor_kwargs` dict, not in `**kwargs`
[transformers] Kwargs passed to `processor.__call__` have to be in `processor_kwargs` dict, not in `**kwargs`
[transformers] Kwargs passed to `processor.__call__` have to be in `processor_kwargs` dict, not in `**kwargs`
[transformers] Kwargs passed to `processor.__call__` have to be in `processor_kwargs` dict, not in `**kwargs`
[transformers] Kwargs passed to `processor.__call__` have to be in `processor_kwargs` dict, not in `**kwargs`
[transformers] Kwargs passed to `processor.__call__` have to be in `processor_kwargs` dict, not in `**kwargs`
  [36/40] zsNo4HB9uLZ       timeout  min_d 10.70  calls  50  9s/ep
[transformers] Kwargs passed to `processor.__call__` have to be in `processor_kwargs` dict, not in `**kwargs`
[transformers] Kwargs passed to `processor.__call__` have to be in `processor_kwargs` dict, not in `**kwargs`
  [37/40] zsNo4HB9uLZ    model_stop  min_d  8.86  calls   2  9s/ep
[transformers] Kwargs passed to `processor.__call__` have to be in `processor_kwargs` dict, not in `**kwargs`
[transformers] Kwargs passed to `processor.__call__` have to be in `processor_kwargs` dict, not in `**kwargs`
  [38/40] zsNo4HB9uLZ    model_stop  min_d  8.86  calls   2  9s/ep
[transformers] Kwargs passed to `processor.__call__` have to be in `processor_kwargs` dict, not in `**kwargs`
[transformers] Kwargs passed to `processor.__call__` have to be in `processor_kwargs` dict, not in `**kwargs`
  [39/40] zsNo4HB9uLZ    model_stop  min_d  8.86  calls   2  9s/ep
[transformers] Kwargs passed to `processor.__call__` have to be in `processor_kwargs` dict, not in `**kwargs`
[transformers] Kwargs passed to `processor.__call__` have to be in `processor_kwargs` dict, not in `**kwargs`
[transformers] Kwargs passed to `processor.__call__` have to be in `processor_kwargs` dict, not in `**kwargs`
[transformers] Kwargs passed to `processor.__call__` have to be in `processor_kwargs` dict, not in `**kwargs`
[transformers] Kwargs passed to `processor.__call__` have to be in `processor_kwargs` dict, not in `**kwargs`
[transformers] Kwargs passed to `processor.__call__` have to be in `processor_kwargs` dict, not in `**kwargs`
[transformers] Kwargs passed to `processor.__call__` have to be in `processor_kwargs` dict, not in `**kwargs`
[transformers] Kwargs passed to `processor.__call__` have to be in `processor_kwargs` dict, not in `**kwargs`
[transformers] Kwargs passed to `processor.__call__` have to be in `processor_kwargs` dict, not in `**kwargs`
[transformers] Kwargs passed to `processor.__call__` have to be in `processor_kwargs` dict, not in `**kwargs`
[transformers] Kwargs passed to `processor.__call__` have to be in `processor_kwargs` dict, not in `**kwargs`
[transformers] Kwargs passed to `processor.__call__` have to be in `processor_kwargs` dict, not in `**kwargs`
[transformers] Kwargs passed to `processor.__call__` have to be in `processor_kwargs` dict, not in `**kwargs`
[transformers] Kwargs passed to `processor.__call__` have to be in `processor_kwargs` dict, not in `**kwargs`
[transformers] Kwargs passed to `processor.__call__` have to be in `processor_kwargs` dict, not in `**kwargs`
[transformers] Kwargs passed to `processor.__call__` have to be in `processor_kwargs` dict, not in `**kwargs`
[transformers] Kwargs passed to `processor.__call__` have to be in `processor_kwargs` dict, not in `**kwargs`
[transformers] Kwargs passed to `processor.__call__` have to be in `processor_kwargs` dict, not in `**kwargs`
[transformers] Kwargs passed to `processor.__call__` have to be in `processor_kwargs` dict, not in `**kwargs`
[transformers] Kwargs passed to `processor.__call__` have to be in `processor_kwargs` dict, not in `**kwargs`
[transformers] Kwargs passed to `processor.__call__` have to be in `processor_kwargs` dict, not in `**kwargs`
[transformers] Kwargs passed to `processor.__call__` have to be in `processor_kwargs` dict, not in `**kwargs`
[transformers] Kwargs passed to `processor.__call__` have to be in `processor_kwargs` dict, not in `**kwargs`
[transformers] Kwargs passed to `processor.__call__` have to be in `processor_kwargs` dict, not in `**kwargs`
[transformers] Kwargs passed to `processor.__call__` have to be in `processor_kwargs` dict, not in `**kwargs`
[transformers] Kwargs passed to `processor.__call__` have to be in `processor_kwargs` dict, not in `**kwargs`
[transformers] Kwargs passed to `processor.__call__` have to be in `processor_kwargs` dict, not in `**kwargs`
[transformers] Kwargs passed to `processor.__call__` have to be in `processor_kwargs` dict, not in `**kwargs`
[transformers] Kwargs passed to `processor.__call__` have to be in `processor_kwargs` dict, not in `**kwargs`
[transformers] Kwargs passed to `processor.__call__` have to be in `processor_kwargs` dict, not in `**kwargs`
[transformers] Kwargs passed to `processor.__call__` have to be in `processor_kwargs` dict, not in `**kwargs`
[transformers] Kwargs passed to `processor.__call__` have to be in `processor_kwargs` dict, not in `**kwargs`
[transformers] Kwargs passed to `processor.__call__` have to be in `processor_kwargs` dict, not in `**kwargs`
[transformers] Kwargs passed to `processor.__call__` have to be in `processor_kwargs` dict, not in `**kwargs`
[transformers] Kwargs passed to `processor.__call__` have to be in `processor_kwargs` dict, not in `**kwargs`
  [40/40] zsNo4HB9uLZ    model_stop  min_d  6.39  calls  35  9s/ep

==============================================================
  COSMOS NAV  v3_step1500_direct_r3  policy=direct
    SR    = 0.3500
    SPL   = 0.3465
    OS    = 0.3500
    nDTW  = 0.3219
    NE    = 6.4778

  TERMINATION:
    timeout              20  ( 50.0%)
    within_radius        14  ( 35.0%)
    model_stop            6  ( 15.0%)

  closest approach : mean  5.51  median  4.67
    ever within  3.0m :  35.0%
    ever within  5.0m :  50.0%
    ever within 10.0m :  87.5%
  where it STOPPED : mean  9.19  within 3m 0.0%
  reasoner calls/episode: 36.0   unparsed 0/1441
  commands: move forward 60%  turn right 20%  turn left 18%  stop 2%
==============================================================
  wrote results/runs/v3_step1500_direct_r3.json
