ARM "v3_step1500_direct_r2"  policy=direct  think=False  burst fwd=2 turn=2  patience=2  adapter=checkpoints/reasoner_sft_v3/step1500
split=val_unseen  episodes=40  scans=6

Loading weights:   0%|          | 0/670 [00:00<?, ?it/s]Loading weights:  12%|█▏        | 83/670 [00:00<00:00, 816.11it/s]Loading weights:  27%|██▋       | 179/670 [00:00<00:00, 894.46it/s]Loading weights:  40%|████      | 269/670 [00:00<00:00, 865.30it/s]Loading weights: 100%|██████████| 670/670 [00:00<00:00, 1711.08it/s]
[transformers] Kwargs passed to `processor.__call__` have to be in `processor_kwargs` dict, not in `**kwargs`
[transformers] Kwargs passed to `processor.__call__` have to be in `processor_kwargs` dict, not in `**kwargs`
[transformers] Kwargs passed to `processor.__call__` have to be in `processor_kwargs` dict, not in `**kwargs`
[transformers] Kwargs passed to `processor.__call__` have to be in `processor_kwargs` dict, not in `**kwargs`
[transformers] Kwargs passed to `processor.__call__` have to be in `processor_kwargs` dict, not in `**kwargs`
[transformers] Kwargs passed to `processor.__call__` have to be in `processor_kwargs` dict, not in `**kwargs`
[transformers] Kwargs passed to `processor.__call__` have to be in `processor_kwargs` dict, not in `**kwargs`
[transformers] Kwargs passed to `processor.__call__` have to be in `processor_kwargs` dict, not in `**kwargs`
[transformers] Kwargs passed to `processor.__call__` have to be in `processor_kwargs` dict, not in `**kwargs`
  [1/40] 2azQ1b91cZZ within_radius  min_d  2.86  calls   9  5s/ep
[transformers] Kwargs passed to `processor.__call__` have to be in `processor_kwargs` dict, not in `**kwargs`
[transformers] Kwargs passed to `processor.__call__` have to be in `processor_kwargs` dict, not in `**kwargs`
[transformers] Kwargs passed to `processor.__call__` have to be in `processor_kwargs` dict, not in `**kwargs`
[transformers] Kwargs passed to `processor.__call__` have to be in `processor_kwargs` dict, not in `**kwargs`
[transformers] Kwargs passed to `processor.__call__` have to be in `processor_kwargs` dict, not in `**kwargs`
[transformers] Kwargs passed to `processor.__call__` have to be in `processor_kwargs` dict, not in `**kwargs`
[transformers] Kwargs passed to `processor.__call__` have to be in `processor_kwargs` dict, not in `**kwargs`
[transformers] Kwargs passed to `processor.__call__` have to be in `processor_kwargs` dict, not in `**kwargs`
[transformers] Kwargs passed to `processor.__call__` have to be in `processor_kwargs` dict, not in `**kwargs`
  [2/40] 2azQ1b91cZZ within_radius  min_d  2.86  calls   9  3s/ep
[transformers] Kwargs passed to `processor.__call__` have to be in `processor_kwargs` dict, not in `**kwargs`
[transformers] Kwargs passed to `processor.__call__` have to be in `processor_kwargs` dict, not in `**kwargs`
[transformers] Kwargs passed to `processor.__call__` have to be in `processor_kwargs` dict, not in `**kwargs`
[transformers] Kwargs passed to `processor.__call__` have to be in `processor_kwargs` dict, not in `**kwargs`
[transformers] Kwargs passed to `processor.__call__` have to be in `processor_kwargs` dict, not in `**kwargs`
[transformers] Kwargs passed to `processor.__call__` have to be in `processor_kwargs` dict, not in `**kwargs`
[transformers] Kwargs passed to `processor.__call__` have to be in `processor_kwargs` dict, not in `**kwargs`
[transformers] Kwargs passed to `processor.__call__` have to be in `processor_kwargs` dict, not in `**kwargs`
[transformers] Kwargs passed to `processor.__call__` have to be in `processor_kwargs` dict, not in `**kwargs`
  [3/40] 2azQ1b91cZZ within_radius  min_d  2.86  calls   9  3s/ep
[transformers] Kwargs passed to `processor.__call__` have to be in `processor_kwargs` dict, not in `**kwargs`
[transformers] Kwargs passed to `processor.__call__` have to be in `processor_kwargs` dict, not in `**kwargs`
[transformers] Kwargs passed to `processor.__call__` have to be in `processor_kwargs` dict, not in `**kwargs`
[transformers] Kwargs passed to `processor.__call__` have to be in `processor_kwargs` dict, not in `**kwargs`
[transformers] Kwargs passed to `processor.__call__` have to be in `processor_kwargs` dict, not in `**kwargs`
[transformers] Kwargs passed to `processor.__call__` have to be in `processor_kwargs` dict, not in `**kwargs`
[transformers] Kwargs passed to `processor.__call__` have to be in `processor_kwargs` dict, not in `**kwargs`
[transformers] Kwargs passed to `processor.__call__` have to be in `processor_kwargs` dict, not in `**kwargs`
[transformers] Kwargs passed to `processor.__call__` have to be in `processor_kwargs` dict, not in `**kwargs`
[transformers] Kwargs passed to `processor.__call__` have to be in `processor_kwargs` dict, not in `**kwargs`
[transformers] Kwargs passed to `processor.__call__` have to be in `processor_kwargs` dict, not in `**kwargs`
[transformers] Kwargs passed to `processor.__call__` have to be in `processor_kwargs` dict, not in `**kwargs`
[transformers] Kwargs passed to `processor.__call__` have to be in `processor_kwargs` dict, not in `**kwargs`
[transformers] Kwargs passed to `processor.__call__` have to be in `processor_kwargs` dict, not in `**kwargs`
[transformers] Kwargs passed to `processor.__call__` have to be in `processor_kwargs` dict, not in `**kwargs`
[transformers] Kwargs passed to `processor.__call__` have to be in `processor_kwargs` dict, not in `**kwargs`
[transformers] Kwargs passed to `processor.__call__` have to be in `processor_kwargs` dict, not in `**kwargs`
  [4/40] 2azQ1b91cZZ within_radius  min_d  2.85  calls  17  3s/ep
[transformers] Kwargs passed to `processor.__call__` have to be in `processor_kwargs` dict, not in `**kwargs`
[transformers] Kwargs passed to `processor.__call__` have to be in `processor_kwargs` dict, not in `**kwargs`
[transformers] Kwargs passed to `processor.__call__` have to be in `processor_kwargs` dict, not in `**kwargs`
[transformers] Kwargs passed to `processor.__call__` have to be in `processor_kwargs` dict, not in `**kwargs`
[transformers] Kwargs passed to `processor.__call__` have to be in `processor_kwargs` dict, not in `**kwargs`
[transformers] Kwargs passed to `processor.__call__` have to be in `processor_kwargs` dict, not in `**kwargs`
[transformers] Kwargs passed to `processor.__call__` have to be in `processor_kwargs` dict, not in `**kwargs`
[transformers] Kwargs passed to `processor.__call__` have to be in `processor_kwargs` dict, not in `**kwargs`
[transformers] Kwargs passed to `processor.__call__` have to be in `processor_kwargs` dict, not in `**kwargs`
[transformers] Kwargs passed to `processor.__call__` have to be in `processor_kwargs` dict, not in `**kwargs`
[transformers] Kwargs passed to `processor.__call__` have to be in `processor_kwargs` dict, not in `**kwargs`
[transformers] Kwargs passed to `processor.__call__` have to be in `processor_kwargs` dict, not in `**kwargs`
[transformers] Kwargs passed to `processor.__call__` have to be in `processor_kwargs` dict, not in `**kwargs`
[transformers] Kwargs passed to `processor.__call__` have to be in `processor_kwargs` dict, not in `**kwargs`
[transformers] Kwargs passed to `processor.__call__` have to be in `processor_kwargs` dict, not in `**kwargs`
[transformers] Kwargs passed to `processor.__call__` have to be in `processor_kwargs` dict, not in `**kwargs`
[transformers] Kwargs passed to `processor.__call__` have to be in `processor_kwargs` dict, not in `**kwargs`
[transformers] Kwargs passed to `processor.__call__` have to be in `processor_kwargs` dict, not in `**kwargs`
[transformers] Kwargs passed to `processor.__call__` have to be in `processor_kwargs` dict, not in `**kwargs`
  [5/40] 2azQ1b91cZZ within_radius  min_d  2.85  calls  19  3s/ep
[transformers] Kwargs passed to `processor.__call__` have to be in `processor_kwargs` dict, not in `**kwargs`
[transformers] Kwargs passed to `processor.__call__` have to be in `processor_kwargs` dict, not in `**kwargs`
[transformers] Kwargs passed to `processor.__call__` have to be in `processor_kwargs` dict, not in `**kwargs`
[transformers] Kwargs passed to `processor.__call__` have to be in `processor_kwargs` dict, not in `**kwargs`
[transformers] Kwargs passed to `processor.__call__` have to be in `processor_kwargs` dict, not in `**kwargs`
[transformers] Kwargs passed to `processor.__call__` have to be in `processor_kwargs` dict, not in `**kwargs`
[transformers] Kwargs passed to `processor.__call__` have to be in `processor_kwargs` dict, not in `**kwargs`
[transformers] Kwargs passed to `processor.__call__` have to be in `processor_kwargs` dict, not in `**kwargs`
[transformers] Kwargs passed to `processor.__call__` have to be in `processor_kwargs` dict, not in `**kwargs`
[transformers] Kwargs passed to `processor.__call__` have to be in `processor_kwargs` dict, not in `**kwargs`
[transformers] Kwargs passed to `processor.__call__` have to be in `processor_kwargs` dict, not in `**kwargs`
[transformers] Kwargs passed to `processor.__call__` have to be in `processor_kwargs` dict, not in `**kwargs`
[transformers] Kwargs passed to `processor.__call__` have to be in `processor_kwargs` dict, not in `**kwargs`
[transformers] Kwargs passed to `processor.__call__` have to be in `processor_kwargs` dict, not in `**kwargs`
[transformers] Kwargs passed to `processor.__call__` have to be in `processor_kwargs` dict, not in `**kwargs`
[transformers] Kwargs passed to `processor.__call__` have to be in `processor_kwargs` dict, not in `**kwargs`
[transformers] Kwargs passed to `processor.__call__` have to be in `processor_kwargs` dict, not in `**kwargs`
  [6/40] 2azQ1b91cZZ within_radius  min_d  2.85  calls  17  4s/ep
[transformers] Kwargs passed to `processor.__call__` have to be in `processor_kwargs` dict, not in `**kwargs`
[transformers] Kwargs passed to `processor.__call__` have to be in `processor_kwargs` dict, not in `**kwargs`
[transformers] Kwargs passed to `processor.__call__` have to be in `processor_kwargs` dict, not in `**kwargs`
[transformers] Kwargs passed to `processor.__call__` have to be in `processor_kwargs` dict, not in `**kwargs`
[transformers] Kwargs passed to `processor.__call__` have to be in `processor_kwargs` dict, not in `**kwargs`
[transformers] Kwargs passed to `processor.__call__` have to be in `processor_kwargs` dict, not in `**kwargs`
[transformers] Kwargs passed to `processor.__call__` have to be in `processor_kwargs` dict, not in `**kwargs`
[transformers] Kwargs passed to `processor.__call__` have to be in `processor_kwargs` dict, not in `**kwargs`
[transformers] Kwargs passed to `processor.__call__` have to be in `processor_kwargs` dict, not in `**kwargs`
[transformers] Kwargs passed to `processor.__call__` have to be in `processor_kwargs` dict, not in `**kwargs`
[transformers] Kwargs passed to `processor.__call__` have to be in `processor_kwargs` dict, not in `**kwargs`
[transformers] Kwargs passed to `processor.__call__` have to be in `processor_kwargs` dict, not in `**kwargs`
[transformers] Kwargs passed to `processor.__call__` have to be in `processor_kwargs` dict, not in `**kwargs`
[transformers] Kwargs passed to `processor.__call__` have to be in `processor_kwargs` dict, not in `**kwargs`
[transformers] Kwargs passed to `processor.__call__` have to be in `processor_kwargs` dict, not in `**kwargs`
[transformers] Kwargs passed to `processor.__call__` have to be in `processor_kwargs` dict, not in `**kwargs`
[transformers] Kwargs passed to `processor.__call__` have to be in `processor_kwargs` dict, not in `**kwargs`
[transformers] Kwargs passed to `processor.__call__` have to be in `processor_kwargs` dict, not in `**kwargs`
[transformers] Kwargs passed to `processor.__call__` have to be in `processor_kwargs` dict, not in `**kwargs`
[transformers] Kwargs passed to `processor.__call__` have to be in `processor_kwargs` dict, not in `**kwargs`
[transformers] Kwargs passed to `processor.__call__` have to be in `processor_kwargs` dict, not in `**kwargs`
[transformers] Kwargs passed to `processor.__call__` have to be in `processor_kwargs` dict, not in `**kwargs`
[transformers] Kwargs passed to `processor.__call__` have to be in `processor_kwargs` dict, not in `**kwargs`
[transformers] Kwargs passed to `processor.__call__` have to be in `processor_kwargs` dict, not in `**kwargs`
[transformers] Kwargs passed to `processor.__call__` have to be in `processor_kwargs` dict, not in `**kwargs`
[transformers] Kwargs passed to `processor.__call__` have to be in `processor_kwargs` dict, not in `**kwargs`
[transformers] Kwargs passed to `processor.__call__` have to be in `processor_kwargs` dict, not in `**kwargs`
[transformers] Kwargs passed to `processor.__call__` have to be in `processor_kwargs` dict, not in `**kwargs`
[transformers] Kwargs passed to `processor.__call__` have to be in `processor_kwargs` dict, not in `**kwargs`
[transformers] Kwargs passed to `processor.__call__` have to be in `processor_kwargs` dict, not in `**kwargs`
[transformers] Kwargs passed to `processor.__call__` have to be in `processor_kwargs` dict, not in `**kwargs`
[transformers] Kwargs passed to `processor.__call__` have to be in `processor_kwargs` dict, not in `**kwargs`
[transformers] Kwargs passed to `processor.__call__` have to be in `processor_kwargs` dict, not in `**kwargs`
[transformers] Kwargs passed to `processor.__call__` have to be in `processor_kwargs` dict, not in `**kwargs`
[transformers] Kwargs passed to `processor.__call__` have to be in `processor_kwargs` dict, not in `**kwargs`
[transformers] Kwargs passed to `processor.__call__` have to be in `processor_kwargs` dict, not in `**kwargs`
[transformers] Kwargs passed to `processor.__call__` have to be in `processor_kwargs` dict, not in `**kwargs`
[transformers] Kwargs passed to `processor.__call__` have to be in `processor_kwargs` dict, not in `**kwargs`
[transformers] Kwargs passed to `processor.__call__` have to be in `processor_kwargs` dict, not in `**kwargs`
[transformers] Kwargs passed to `processor.__call__` have to be in `processor_kwargs` dict, not in `**kwargs`
[transformers] Kwargs passed to `processor.__call__` have to be in `processor_kwargs` dict, not in `**kwargs`
[transformers] Kwargs passed to `processor.__call__` have to be in `processor_kwargs` dict, not in `**kwargs`
[transformers] Kwargs passed to `processor.__call__` have to be in `processor_kwargs` dict, not in `**kwargs`
[transformers] Kwargs passed to `processor.__call__` have to be in `processor_kwargs` dict, not in `**kwargs`
[transformers] Kwargs passed to `processor.__call__` have to be in `processor_kwargs` dict, not in `**kwargs`
[transformers] Kwargs passed to `processor.__call__` have to be in `processor_kwargs` dict, not in `**kwargs`
[transformers] Kwargs passed to `processor.__call__` have to be in `processor_kwargs` dict, not in `**kwargs`
[transformers] Kwargs passed to `processor.__call__` have to be in `processor_kwargs` dict, not in `**kwargs`
[transformers] Kwargs passed to `processor.__call__` have to be in `processor_kwargs` dict, not in `**kwargs`
[transformers] Kwargs passed to `processor.__call__` have to be in `processor_kwargs` dict, not in `**kwargs`
[transformers] Kwargs passed to `processor.__call__` have to be in `processor_kwargs` dict, not in `**kwargs`
  [7/40] QUCTc6BB5sX       timeout  min_d  6.92  calls  51  5s/ep
[transformers] Kwargs passed to `processor.__call__` have to be in `processor_kwargs` dict, not in `**kwargs`
[transformers] Kwargs passed to `processor.__call__` have to be in `processor_kwargs` dict, not in `**kwargs`
[transformers] Kwargs passed to `processor.__call__` have to be in `processor_kwargs` dict, not in `**kwargs`
[transformers] Kwargs passed to `processor.__call__` have to be in `processor_kwargs` dict, not in `**kwargs`
[transformers] Kwargs passed to `processor.__call__` have to be in `processor_kwargs` dict, not in `**kwargs`
[transformers] Kwargs passed to `processor.__call__` have to be in `processor_kwargs` dict, not in `**kwargs`
[transformers] Kwargs passed to `processor.__call__` have to be in `processor_kwargs` dict, not in `**kwargs`
[transformers] Kwargs passed to `processor.__call__` have to be in `processor_kwargs` dict, not in `**kwargs`
[transformers] Kwargs passed to `processor.__call__` have to be in `processor_kwargs` dict, not in `**kwargs`
[transformers] Kwargs passed to `processor.__call__` have to be in `processor_kwargs` dict, not in `**kwargs`
[transformers] Kwargs passed to `processor.__call__` have to be in `processor_kwargs` dict, not in `**kwargs`
[transformers] Kwargs passed to `processor.__call__` have to be in `processor_kwargs` dict, not in `**kwargs`
[transformers] Kwargs passed to `processor.__call__` have to be in `processor_kwargs` dict, not in `**kwargs`
[transformers] Kwargs passed to `processor.__call__` have to be in `processor_kwargs` dict, not in `**kwargs`
[transformers] Kwargs passed to `processor.__call__` have to be in `processor_kwargs` dict, not in `**kwargs`
[transformers] Kwargs passed to `processor.__call__` have to be in `processor_kwargs` dict, not in `**kwargs`
[transformers] Kwargs passed to `processor.__call__` have to be in `processor_kwargs` dict, not in `**kwargs`
[transformers] Kwargs passed to `processor.__call__` have to be in `processor_kwargs` dict, not in `**kwargs`
[transformers] Kwargs passed to `processor.__call__` have to be in `processor_kwargs` dict, not in `**kwargs`
[transformers] Kwargs passed to `processor.__call__` have to be in `processor_kwargs` dict, not in `**kwargs`
[transformers] Kwargs passed to `processor.__call__` have to be in `processor_kwargs` dict, not in `**kwargs`
[transformers] Kwargs passed to `processor.__call__` have to be in `processor_kwargs` dict, not in `**kwargs`
[transformers] Kwargs passed to `processor.__call__` have to be in `processor_kwargs` dict, not in `**kwargs`
[transformers] Kwargs passed to `processor.__call__` have to be in `processor_kwargs` dict, not in `**kwargs`
[transformers] Kwargs passed to `processor.__call__` have to be in `processor_kwargs` dict, not in `**kwargs`
[transformers] Kwargs passed to `processor.__call__` have to be in `processor_kwargs` dict, not in `**kwargs`
[transformers] Kwargs passed to `processor.__call__` have to be in `processor_kwargs` dict, not in `**kwargs`
[transformers] Kwargs passed to `processor.__call__` have to be in `processor_kwargs` dict, not in `**kwargs`
[transformers] Kwargs passed to `processor.__call__` have to be in `processor_kwargs` dict, not in `**kwargs`
[transformers] Kwargs passed to `processor.__call__` have to be in `processor_kwargs` dict, not in `**kwargs`
[transformers] Kwargs passed to `processor.__call__` have to be in `processor_kwargs` dict, not in `**kwargs`
[transformers] Kwargs passed to `processor.__call__` have to be in `processor_kwargs` dict, not in `**kwargs`
[transformers] Kwargs passed to `processor.__call__` have to be in `processor_kwargs` dict, not in `**kwargs`
[transformers] Kwargs passed to `processor.__call__` have to be in `processor_kwargs` dict, not in `**kwargs`
[transformers] Kwargs passed to `processor.__call__` have to be in `processor_kwargs` dict, not in `**kwargs`
[transformers] Kwargs passed to `processor.__call__` have to be in `processor_kwargs` dict, not in `**kwargs`
[transformers] Kwargs passed to `processor.__call__` have to be in `processor_kwargs` dict, not in `**kwargs`
[transformers] Kwargs passed to `processor.__call__` have to be in `processor_kwargs` dict, not in `**kwargs`
[transformers] Kwargs passed to `processor.__call__` have to be in `processor_kwargs` dict, not in `**kwargs`
[transformers] Kwargs passed to `processor.__call__` have to be in `processor_kwargs` dict, not in `**kwargs`
[transformers] Kwargs passed to `processor.__call__` have to be in `processor_kwargs` dict, not in `**kwargs`
[transformers] Kwargs passed to `processor.__call__` have to be in `processor_kwargs` dict, not in `**kwargs`
  [8/40] QUCTc6BB5sX within_radius  min_d  2.98  calls  42  6s/ep
[transformers] Kwargs passed to `processor.__call__` have to be in `processor_kwargs` dict, not in `**kwargs`
[transformers] Kwargs passed to `processor.__call__` have to be in `processor_kwargs` dict, not in `**kwargs`
[transformers] Kwargs passed to `processor.__call__` have to be in `processor_kwargs` dict, not in `**kwargs`
[transformers] Kwargs passed to `processor.__call__` have to be in `processor_kwargs` dict, not in `**kwargs`
[transformers] Kwargs passed to `processor.__call__` have to be in `processor_kwargs` dict, not in `**kwargs`
[transformers] Kwargs passed to `processor.__call__` have to be in `processor_kwargs` dict, not in `**kwargs`
[transformers] Kwargs passed to `processor.__call__` have to be in `processor_kwargs` dict, not in `**kwargs`
[transformers] Kwargs passed to `processor.__call__` have to be in `processor_kwargs` dict, not in `**kwargs`
[transformers] Kwargs passed to `processor.__call__` have to be in `processor_kwargs` dict, not in `**kwargs`
[transformers] Kwargs passed to `processor.__call__` have to be in `processor_kwargs` dict, not in `**kwargs`
[transformers] Kwargs passed to `processor.__call__` have to be in `processor_kwargs` dict, not in `**kwargs`
[transformers] Kwargs passed to `processor.__call__` have to be in `processor_kwargs` dict, not in `**kwargs`
[transformers] Kwargs passed to `processor.__call__` have to be in `processor_kwargs` dict, not in `**kwargs`
[transformers] Kwargs passed to `processor.__call__` have to be in `processor_kwargs` dict, not in `**kwargs`
[transformers] Kwargs passed to `processor.__call__` have to be in `processor_kwargs` dict, not in `**kwargs`
[transformers] Kwargs passed to `processor.__call__` have to be in `processor_kwargs` dict, not in `**kwargs`
[transformers] Kwargs passed to `processor.__call__` have to be in `processor_kwargs` dict, not in `**kwargs`
[transformers] Kwargs passed to `processor.__call__` have to be in `processor_kwargs` dict, not in `**kwargs`
[transformers] Kwargs passed to `processor.__call__` have to be in `processor_kwargs` dict, not in `**kwargs`
[transformers] Kwargs passed to `processor.__call__` have to be in `processor_kwargs` dict, not in `**kwargs`
[transformers] Kwargs passed to `processor.__call__` have to be in `processor_kwargs` dict, not in `**kwargs`
[transformers] Kwargs passed to `processor.__call__` have to be in `processor_kwargs` dict, not in `**kwargs`
[transformers] Kwargs passed to `processor.__call__` have to be in `processor_kwargs` dict, not in `**kwargs`
[transformers] Kwargs passed to `processor.__call__` have to be in `processor_kwargs` dict, not in `**kwargs`
[transformers] Kwargs passed to `processor.__call__` have to be in `processor_kwargs` dict, not in `**kwargs`
[transformers] Kwargs passed to `processor.__call__` have to be in `processor_kwargs` dict, not in `**kwargs`
[transformers] Kwargs passed to `processor.__call__` have to be in `processor_kwargs` dict, not in `**kwargs`
[transformers] Kwargs passed to `processor.__call__` have to be in `processor_kwargs` dict, not in `**kwargs`
[transformers] Kwargs passed to `processor.__call__` have to be in `processor_kwargs` dict, not in `**kwargs`
[transformers] Kwargs passed to `processor.__call__` have to be in `processor_kwargs` dict, not in `**kwargs`
[transformers] Kwargs passed to `processor.__call__` have to be in `processor_kwargs` dict, not in `**kwargs`
[transformers] Kwargs passed to `processor.__call__` have to be in `processor_kwargs` dict, not in `**kwargs`
[transformers] Kwargs passed to `processor.__call__` have to be in `processor_kwargs` dict, not in `**kwargs`
[transformers] Kwargs passed to `processor.__call__` have to be in `processor_kwargs` dict, not in `**kwargs`
[transformers] Kwargs passed to `processor.__call__` have to be in `processor_kwargs` dict, not in `**kwargs`
[transformers] Kwargs passed to `processor.__call__` have to be in `processor_kwargs` dict, not in `**kwargs`
[transformers] Kwargs passed to `processor.__call__` have to be in `processor_kwargs` dict, not in `**kwargs`
[transformers] Kwargs passed to `processor.__call__` have to be in `processor_kwargs` dict, not in `**kwargs`
[transformers] Kwargs passed to `processor.__call__` have to be in `processor_kwargs` dict, not in `**kwargs`
[transformers] Kwargs passed to `processor.__call__` have to be in `processor_kwargs` dict, not in `**kwargs`
[transformers] Kwargs passed to `processor.__call__` have to be in `processor_kwargs` dict, not in `**kwargs`
[transformers] Kwargs passed to `processor.__call__` have to be in `processor_kwargs` dict, not in `**kwargs`
[transformers] Kwargs passed to `processor.__call__` have to be in `processor_kwargs` dict, not in `**kwargs`
  [9/40] QUCTc6BB5sX    model_stop  min_d  5.16  calls  43  6s/ep
[transformers] Kwargs passed to `processor.__call__` have to be in `processor_kwargs` dict, not in `**kwargs`
[transformers] Kwargs passed to `processor.__call__` have to be in `processor_kwargs` dict, not in `**kwargs`
[transformers] Kwargs passed to `processor.__call__` have to be in `processor_kwargs` dict, not in `**kwargs`
[transformers] Kwargs passed to `processor.__call__` have to be in `processor_kwargs` dict, not in `**kwargs`
[transformers] Kwargs passed to `processor.__call__` have to be in `processor_kwargs` dict, not in `**kwargs`
[transformers] Kwargs passed to `processor.__call__` have to be in `processor_kwargs` dict, not in `**kwargs`
[transformers] Kwargs passed to `processor.__call__` have to be in `processor_kwargs` dict, not in `**kwargs`
[transformers] Kwargs passed to `processor.__call__` have to be in `processor_kwargs` dict, not in `**kwargs`
[transformers] Kwargs passed to `processor.__call__` have to be in `processor_kwargs` dict, not in `**kwargs`
[transformers] Kwargs passed to `processor.__call__` have to be in `processor_kwargs` dict, not in `**kwargs`
[transformers] Kwargs passed to `processor.__call__` have to be in `processor_kwargs` dict, not in `**kwargs`
[transformers] Kwargs passed to `processor.__call__` have to be in `processor_kwargs` dict, not in `**kwargs`
[transformers] Kwargs passed to `processor.__call__` have to be in `processor_kwargs` dict, not in `**kwargs`
[transformers] Kwargs passed to `processor.__call__` have to be in `processor_kwargs` dict, not in `**kwargs`
[transformers] Kwargs passed to `processor.__call__` have to be in `processor_kwargs` dict, not in `**kwargs`
[transformers] Kwargs passed to `processor.__call__` have to be in `processor_kwargs` dict, not in `**kwargs`
[transformers] Kwargs passed to `processor.__call__` have to be in `processor_kwargs` dict, not in `**kwargs`
[transformers] Kwargs passed to `processor.__call__` have to be in `processor_kwargs` dict, not in `**kwargs`
[transformers] Kwargs passed to `processor.__call__` have to be in `processor_kwargs` dict, not in `**kwargs`
[transformers] Kwargs passed to `processor.__call__` have to be in `processor_kwargs` dict, not in `**kwargs`
[transformers] Kwargs passed to `processor.__call__` have to be in `processor_kwargs` dict, not in `**kwargs`
[transformers] Kwargs passed to `processor.__call__` have to be in `processor_kwargs` dict, not in `**kwargs`
[transformers] Kwargs passed to `processor.__call__` have to be in `processor_kwargs` dict, not in `**kwargs`
[transformers] Kwargs passed to `processor.__call__` have to be in `processor_kwargs` dict, not in `**kwargs`
[transformers] Kwargs passed to `processor.__call__` have to be in `processor_kwargs` dict, not in `**kwargs`
[transformers] Kwargs passed to `processor.__call__` have to be in `processor_kwargs` dict, not in `**kwargs`
[transformers] Kwargs passed to `processor.__call__` have to be in `processor_kwargs` dict, not in `**kwargs`
[transformers] Kwargs passed to `processor.__call__` have to be in `processor_kwargs` dict, not in `**kwargs`
[transformers] Kwargs passed to `processor.__call__` have to be in `processor_kwargs` dict, not in `**kwargs`
[transformers] Kwargs passed to `processor.__call__` have to be in `processor_kwargs` dict, not in `**kwargs`
[transformers] Kwargs passed to `processor.__call__` have to be in `processor_kwargs` dict, not in `**kwargs`
[transformers] Kwargs passed to `processor.__call__` have to be in `processor_kwargs` dict, not in `**kwargs`
[transformers] Kwargs passed to `processor.__call__` have to be in `processor_kwargs` dict, not in `**kwargs`
[transformers] Kwargs passed to `processor.__call__` have to be in `processor_kwargs` dict, not in `**kwargs`
[transformers] Kwargs passed to `processor.__call__` have to be in `processor_kwargs` dict, not in `**kwargs`
[transformers] Kwargs passed to `processor.__call__` have to be in `processor_kwargs` dict, not in `**kwargs`
[transformers] Kwargs passed to `processor.__call__` have to be in `processor_kwargs` dict, not in `**kwargs`
[transformers] Kwargs passed to `processor.__call__` have to be in `processor_kwargs` dict, not in `**kwargs`
[transformers] Kwargs passed to `processor.__call__` have to be in `processor_kwargs` dict, not in `**kwargs`
[transformers] Kwargs passed to `processor.__call__` have to be in `processor_kwargs` dict, not in `**kwargs`
[transformers] Kwargs passed to `processor.__call__` have to be in `processor_kwargs` dict, not in `**kwargs`
[transformers] Kwargs passed to `processor.__call__` have to be in `processor_kwargs` dict, not in `**kwargs`
[transformers] Kwargs passed to `processor.__call__` have to be in `processor_kwargs` dict, not in `**kwargs`
[transformers] Kwargs passed to `processor.__call__` have to be in `processor_kwargs` dict, not in `**kwargs`
[transformers] Kwargs passed to `processor.__call__` have to be in `processor_kwargs` dict, not in `**kwargs`
[transformers] Kwargs passed to `processor.__call__` have to be in `processor_kwargs` dict, not in `**kwargs`
[transformers] Kwargs passed to `processor.__call__` have to be in `processor_kwargs` dict, not in `**kwargs`
[transformers] Kwargs passed to `processor.__call__` have to be in `processor_kwargs` dict, not in `**kwargs`
[transformers] Kwargs passed to `processor.__call__` have to be in `processor_kwargs` dict, not in `**kwargs`
[transformers] Kwargs passed to `processor.__call__` have to be in `processor_kwargs` dict, not in `**kwargs`
  [10/40] TbHJrupSAjP       timeout  min_d  6.26  calls  50  7s/ep
[transformers] Kwargs passed to `processor.__call__` have to be in `processor_kwargs` dict, not in `**kwargs`
[transformers] Kwargs passed to `processor.__call__` have to be in `processor_kwargs` dict, not in `**kwargs`
[transformers] Kwargs passed to `processor.__call__` have to be in `processor_kwargs` dict, not in `**kwargs`
[transformers] Kwargs passed to `processor.__call__` have to be in `processor_kwargs` dict, not in `**kwargs`
[transformers] Kwargs passed to `processor.__call__` have to be in `processor_kwargs` dict, not in `**kwargs`
[transformers] Kwargs passed to `processor.__call__` have to be in `processor_kwargs` dict, not in `**kwargs`
[transformers] Kwargs passed to `processor.__call__` have to be in `processor_kwargs` dict, not in `**kwargs`
[transformers] Kwargs passed to `processor.__call__` have to be in `processor_kwargs` dict, not in `**kwargs`
[transformers] Kwargs passed to `processor.__call__` have to be in `processor_kwargs` dict, not in `**kwargs`
[transformers] Kwargs passed to `processor.__call__` have to be in `processor_kwargs` dict, not in `**kwargs`
[transformers] Kwargs passed to `processor.__call__` have to be in `processor_kwargs` dict, not in `**kwargs`
[transformers] Kwargs passed to `processor.__call__` have to be in `processor_kwargs` dict, not in `**kwargs`
[transformers] Kwargs passed to `processor.__call__` have to be in `processor_kwargs` dict, not in `**kwargs`
[transformers] Kwargs passed to `processor.__call__` have to be in `processor_kwargs` dict, not in `**kwargs`
[transformers] Kwargs passed to `processor.__call__` have to be in `processor_kwargs` dict, not in `**kwargs`
[transformers] Kwargs passed to `processor.__call__` have to be in `processor_kwargs` dict, not in `**kwargs`
[transformers] Kwargs passed to `processor.__call__` have to be in `processor_kwargs` dict, not in `**kwargs`
[transformers] Kwargs passed to `processor.__call__` have to be in `processor_kwargs` dict, not in `**kwargs`
[transformers] Kwargs passed to `processor.__call__` have to be in `processor_kwargs` dict, not in `**kwargs`
[transformers] Kwargs passed to `processor.__call__` have to be in `processor_kwargs` dict, not in `**kwargs`
[transformers] Kwargs passed to `processor.__call__` have to be in `processor_kwargs` dict, not in `**kwargs`
[transformers] Kwargs passed to `processor.__call__` have to be in `processor_kwargs` dict, not in `**kwargs`
[transformers] Kwargs passed to `processor.__call__` have to be in `processor_kwargs` dict, not in `**kwargs`
[transformers] Kwargs passed to `processor.__call__` have to be in `processor_kwargs` dict, not in `**kwargs`
[transformers] Kwargs passed to `processor.__call__` have to be in `processor_kwargs` dict, not in `**kwargs`
[transformers] Kwargs passed to `processor.__call__` have to be in `processor_kwargs` dict, not in `**kwargs`
[transformers] Kwargs passed to `processor.__call__` have to be in `processor_kwargs` dict, not in `**kwargs`
[transformers] Kwargs passed to `processor.__call__` have to be in `processor_kwargs` dict, not in `**kwargs`
[transformers] Kwargs passed to `processor.__call__` have to be in `processor_kwargs` dict, not in `**kwargs`
[transformers] Kwargs passed to `processor.__call__` have to be in `processor_kwargs` dict, not in `**kwargs`
[transformers] Kwargs passed to `processor.__call__` have to be in `processor_kwargs` dict, not in `**kwargs`
[transformers] Kwargs passed to `processor.__call__` have to be in `processor_kwargs` dict, not in `**kwargs`
[transformers] Kwargs passed to `processor.__call__` have to be in `processor_kwargs` dict, not in `**kwargs`
[transformers] Kwargs passed to `processor.__call__` have to be in `processor_kwargs` dict, not in `**kwargs`
[transformers] Kwargs passed to `processor.__call__` have to be in `processor_kwargs` dict, not in `**kwargs`
[transformers] Kwargs passed to `processor.__call__` have to be in `processor_kwargs` dict, not in `**kwargs`
[transformers] Kwargs passed to `processor.__call__` have to be in `processor_kwargs` dict, not in `**kwargs`
[transformers] Kwargs passed to `processor.__call__` have to be in `processor_kwargs` dict, not in `**kwargs`
[transformers] Kwargs passed to `processor.__call__` have to be in `processor_kwargs` dict, not in `**kwargs`
[transformers] Kwargs passed to `processor.__call__` have to be in `processor_kwargs` dict, not in `**kwargs`
[transformers] Kwargs passed to `processor.__call__` have to be in `processor_kwargs` dict, not in `**kwargs`
[transformers] Kwargs passed to `processor.__call__` have to be in `processor_kwargs` dict, not in `**kwargs`
[transformers] Kwargs passed to `processor.__call__` have to be in `processor_kwargs` dict, not in `**kwargs`
[transformers] Kwargs passed to `processor.__call__` have to be in `processor_kwargs` dict, not in `**kwargs`
[transformers] Kwargs passed to `processor.__call__` have to be in `processor_kwargs` dict, not in `**kwargs`
[transformers] Kwargs passed to `processor.__call__` have to be in `processor_kwargs` dict, not in `**kwargs`
[transformers] Kwargs passed to `processor.__call__` have to be in `processor_kwargs` dict, not in `**kwargs`
[transformers] Kwargs passed to `processor.__call__` have to be in `processor_kwargs` dict, not in `**kwargs`
[transformers] Kwargs passed to `processor.__call__` have to be in `processor_kwargs` dict, not in `**kwargs`
[transformers] Kwargs passed to `processor.__call__` have to be in `processor_kwargs` dict, not in `**kwargs`
  [11/40] TbHJrupSAjP       timeout  min_d  6.44  calls  50  7s/ep
[transformers] Kwargs passed to `processor.__call__` have to be in `processor_kwargs` dict, not in `**kwargs`
[transformers] Kwargs passed to `processor.__call__` have to be in `processor_kwargs` dict, not in `**kwargs`
[transformers] Kwargs passed to `processor.__call__` have to be in `processor_kwargs` dict, not in `**kwargs`
[transformers] Kwargs passed to `processor.__call__` have to be in `processor_kwargs` dict, not in `**kwargs`
[transformers] Kwargs passed to `processor.__call__` have to be in `processor_kwargs` dict, not in `**kwargs`
[transformers] Kwargs passed to `processor.__call__` have to be in `processor_kwargs` dict, not in `**kwargs`
[transformers] Kwargs passed to `processor.__call__` have to be in `processor_kwargs` dict, not in `**kwargs`
[transformers] Kwargs passed to `processor.__call__` have to be in `processor_kwargs` dict, not in `**kwargs`
[transformers] Kwargs passed to `processor.__call__` have to be in `processor_kwargs` dict, not in `**kwargs`
[transformers] Kwargs passed to `processor.__call__` have to be in `processor_kwargs` dict, not in `**kwargs`
[transformers] Kwargs passed to `processor.__call__` have to be in `processor_kwargs` dict, not in `**kwargs`
[transformers] Kwargs passed to `processor.__call__` have to be in `processor_kwargs` dict, not in `**kwargs`
[transformers] Kwargs passed to `processor.__call__` have to be in `processor_kwargs` dict, not in `**kwargs`
[transformers] Kwargs passed to `processor.__call__` have to be in `processor_kwargs` dict, not in `**kwargs`
[transformers] Kwargs passed to `processor.__call__` have to be in `processor_kwargs` dict, not in `**kwargs`
[transformers] Kwargs passed to `processor.__call__` have to be in `processor_kwargs` dict, not in `**kwargs`
[transformers] Kwargs passed to `processor.__call__` have to be in `processor_kwargs` dict, not in `**kwargs`
[transformers] Kwargs passed to `processor.__call__` have to be in `processor_kwargs` dict, not in `**kwargs`
[transformers] Kwargs passed to `processor.__call__` have to be in `processor_kwargs` dict, not in `**kwargs`
[transformers] Kwargs passed to `processor.__call__` have to be in `processor_kwargs` dict, not in `**kwargs`
[transformers] Kwargs passed to `processor.__call__` have to be in `processor_kwargs` dict, not in `**kwargs`
[transformers] Kwargs passed to `processor.__call__` have to be in `processor_kwargs` dict, not in `**kwargs`
[transformers] Kwargs passed to `processor.__call__` have to be in `processor_kwargs` dict, not in `**kwargs`
[transformers] Kwargs passed to `processor.__call__` have to be in `processor_kwargs` dict, not in `**kwargs`
[transformers] Kwargs passed to `processor.__call__` have to be in `processor_kwargs` dict, not in `**kwargs`
[transformers] Kwargs passed to `processor.__call__` have to be in `processor_kwargs` dict, not in `**kwargs`
[transformers] Kwargs passed to `processor.__call__` have to be in `processor_kwargs` dict, not in `**kwargs`
[transformers] Kwargs passed to `processor.__call__` have to be in `processor_kwargs` dict, not in `**kwargs`
[transformers] Kwargs passed to `processor.__call__` have to be in `processor_kwargs` dict, not in `**kwargs`
[transformers] Kwargs passed to `processor.__call__` have to be in `processor_kwargs` dict, not in `**kwargs`
[transformers] Kwargs passed to `processor.__call__` have to be in `processor_kwargs` dict, not in `**kwargs`
[transformers] Kwargs passed to `processor.__call__` have to be in `processor_kwargs` dict, not in `**kwargs`
[transformers] Kwargs passed to `processor.__call__` have to be in `processor_kwargs` dict, not in `**kwargs`
[transformers] Kwargs passed to `processor.__call__` have to be in `processor_kwargs` dict, not in `**kwargs`
[transformers] Kwargs passed to `processor.__call__` have to be in `processor_kwargs` dict, not in `**kwargs`
[transformers] Kwargs passed to `processor.__call__` have to be in `processor_kwargs` dict, not in `**kwargs`
[transformers] Kwargs passed to `processor.__call__` have to be in `processor_kwargs` dict, not in `**kwargs`
[transformers] Kwargs passed to `processor.__call__` have to be in `processor_kwargs` dict, not in `**kwargs`
[transformers] Kwargs passed to `processor.__call__` have to be in `processor_kwargs` dict, not in `**kwargs`
[transformers] Kwargs passed to `processor.__call__` have to be in `processor_kwargs` dict, not in `**kwargs`
[transformers] Kwargs passed to `processor.__call__` have to be in `processor_kwargs` dict, not in `**kwargs`
[transformers] Kwargs passed to `processor.__call__` have to be in `processor_kwargs` dict, not in `**kwargs`
[transformers] Kwargs passed to `processor.__call__` have to be in `processor_kwargs` dict, not in `**kwargs`
[transformers] Kwargs passed to `processor.__call__` have to be in `processor_kwargs` dict, not in `**kwargs`
[transformers] Kwargs passed to `processor.__call__` have to be in `processor_kwargs` dict, not in `**kwargs`
[transformers] Kwargs passed to `processor.__call__` have to be in `processor_kwargs` dict, not in `**kwargs`
[transformers] Kwargs passed to `processor.__call__` have to be in `processor_kwargs` dict, not in `**kwargs`
[transformers] Kwargs passed to `processor.__call__` have to be in `processor_kwargs` dict, not in `**kwargs`
[transformers] Kwargs passed to `processor.__call__` have to be in `processor_kwargs` dict, not in `**kwargs`
[transformers] Kwargs passed to `processor.__call__` have to be in `processor_kwargs` dict, not in `**kwargs`
[transformers] Kwargs passed to `processor.__call__` have to be in `processor_kwargs` dict, not in `**kwargs`
  [12/40] TbHJrupSAjP       timeout  min_d  5.20  calls  51  8s/ep
[transformers] Kwargs passed to `processor.__call__` have to be in `processor_kwargs` dict, not in `**kwargs`
[transformers] Kwargs passed to `processor.__call__` have to be in `processor_kwargs` dict, not in `**kwargs`
[transformers] Kwargs passed to `processor.__call__` have to be in `processor_kwargs` dict, not in `**kwargs`
[transformers] Kwargs passed to `processor.__call__` have to be in `processor_kwargs` dict, not in `**kwargs`
[transformers] Kwargs passed to `processor.__call__` have to be in `processor_kwargs` dict, not in `**kwargs`
[transformers] Kwargs passed to `processor.__call__` have to be in `processor_kwargs` dict, not in `**kwargs`
[transformers] Kwargs passed to `processor.__call__` have to be in `processor_kwargs` dict, not in `**kwargs`
[transformers] Kwargs passed to `processor.__call__` have to be in `processor_kwargs` dict, not in `**kwargs`
[transformers] Kwargs passed to `processor.__call__` have to be in `processor_kwargs` dict, not in `**kwargs`
[transformers] Kwargs passed to `processor.__call__` have to be in `processor_kwargs` dict, not in `**kwargs`
[transformers] Kwargs passed to `processor.__call__` have to be in `processor_kwargs` dict, not in `**kwargs`
[transformers] Kwargs passed to `processor.__call__` have to be in `processor_kwargs` dict, not in `**kwargs`
[transformers] Kwargs passed to `processor.__call__` have to be in `processor_kwargs` dict, not in `**kwargs`
[transformers] Kwargs passed to `processor.__call__` have to be in `processor_kwargs` dict, not in `**kwargs`
[transformers] Kwargs passed to `processor.__call__` have to be in `processor_kwargs` dict, not in `**kwargs`
[transformers] Kwargs passed to `processor.__call__` have to be in `processor_kwargs` dict, not in `**kwargs`
[transformers] Kwargs passed to `processor.__call__` have to be in `processor_kwargs` dict, not in `**kwargs`
[transformers] Kwargs passed to `processor.__call__` have to be in `processor_kwargs` dict, not in `**kwargs`
[transformers] Kwargs passed to `processor.__call__` have to be in `processor_kwargs` dict, not in `**kwargs`
[transformers] Kwargs passed to `processor.__call__` have to be in `processor_kwargs` dict, not in `**kwargs`
[transformers] Kwargs passed to `processor.__call__` have to be in `processor_kwargs` dict, not in `**kwargs`
[transformers] Kwargs passed to `processor.__call__` have to be in `processor_kwargs` dict, not in `**kwargs`
[transformers] Kwargs passed to `processor.__call__` have to be in `processor_kwargs` dict, not in `**kwargs`
[transformers] Kwargs passed to `processor.__call__` have to be in `processor_kwargs` dict, not in `**kwargs`
[transformers] Kwargs passed to `processor.__call__` have to be in `processor_kwargs` dict, not in `**kwargs`
[transformers] Kwargs passed to `processor.__call__` have to be in `processor_kwargs` dict, not in `**kwargs`
[transformers] Kwargs passed to `processor.__call__` have to be in `processor_kwargs` dict, not in `**kwargs`
[transformers] Kwargs passed to `processor.__call__` have to be in `processor_kwargs` dict, not in `**kwargs`
[transformers] Kwargs passed to `processor.__call__` have to be in `processor_kwargs` dict, not in `**kwargs`
  [13/40] TbHJrupSAjP within_radius  min_d  2.97  calls  29  8s/ep
[transformers] Kwargs passed to `processor.__call__` have to be in `processor_kwargs` dict, not in `**kwargs`
[transformers] Kwargs passed to `processor.__call__` have to be in `processor_kwargs` dict, not in `**kwargs`
[transformers] Kwargs passed to `processor.__call__` have to be in `processor_kwargs` dict, not in `**kwargs`
[transformers] Kwargs passed to `processor.__call__` have to be in `processor_kwargs` dict, not in `**kwargs`
[transformers] Kwargs passed to `processor.__call__` have to be in `processor_kwargs` dict, not in `**kwargs`
[transformers] Kwargs passed to `processor.__call__` have to be in `processor_kwargs` dict, not in `**kwargs`
[transformers] Kwargs passed to `processor.__call__` have to be in `processor_kwargs` dict, not in `**kwargs`
[transformers] Kwargs passed to `processor.__call__` have to be in `processor_kwargs` dict, not in `**kwargs`
[transformers] Kwargs passed to `processor.__call__` have to be in `processor_kwargs` dict, not in `**kwargs`
[transformers] Kwargs passed to `processor.__call__` have to be in `processor_kwargs` dict, not in `**kwargs`
[transformers] Kwargs passed to `processor.__call__` have to be in `processor_kwargs` dict, not in `**kwargs`
[transformers] Kwargs passed to `processor.__call__` have to be in `processor_kwargs` dict, not in `**kwargs`
[transformers] Kwargs passed to `processor.__call__` have to be in `processor_kwargs` dict, not in `**kwargs`
[transformers] Kwargs passed to `processor.__call__` have to be in `processor_kwargs` dict, not in `**kwargs`
[transformers] Kwargs passed to `processor.__call__` have to be in `processor_kwargs` dict, not in `**kwargs`
[transformers] Kwargs passed to `processor.__call__` have to be in `processor_kwargs` dict, not in `**kwargs`
[transformers] Kwargs passed to `processor.__call__` have to be in `processor_kwargs` dict, not in `**kwargs`
[transformers] Kwargs passed to `processor.__call__` have to be in `processor_kwargs` dict, not in `**kwargs`
[transformers] Kwargs passed to `processor.__call__` have to be in `processor_kwargs` dict, not in `**kwargs`
[transformers] Kwargs passed to `processor.__call__` have to be in `processor_kwargs` dict, not in `**kwargs`
[transformers] Kwargs passed to `processor.__call__` have to be in `processor_kwargs` dict, not in `**kwargs`
[transformers] Kwargs passed to `processor.__call__` have to be in `processor_kwargs` dict, not in `**kwargs`
[transformers] Kwargs passed to `processor.__call__` have to be in `processor_kwargs` dict, not in `**kwargs`
[transformers] Kwargs passed to `processor.__call__` have to be in `processor_kwargs` dict, not in `**kwargs`
[transformers] Kwargs passed to `processor.__call__` have to be in `processor_kwargs` dict, not in `**kwargs`
  [14/40] TbHJrupSAjP within_radius  min_d  2.97  calls  25  7s/ep
[transformers] Kwargs passed to `processor.__call__` have to be in `processor_kwargs` dict, not in `**kwargs`
[transformers] Kwargs passed to `processor.__call__` have to be in `processor_kwargs` dict, not in `**kwargs`
[transformers] Kwargs passed to `processor.__call__` have to be in `processor_kwargs` dict, not in `**kwargs`
[transformers] Kwargs passed to `processor.__call__` have to be in `processor_kwargs` dict, not in `**kwargs`
[transformers] Kwargs passed to `processor.__call__` have to be in `processor_kwargs` dict, not in `**kwargs`
[transformers] Kwargs passed to `processor.__call__` have to be in `processor_kwargs` dict, not in `**kwargs`
[transformers] Kwargs passed to `processor.__call__` have to be in `processor_kwargs` dict, not in `**kwargs`
[transformers] Kwargs passed to `processor.__call__` have to be in `processor_kwargs` dict, not in `**kwargs`
[transformers] Kwargs passed to `processor.__call__` have to be in `processor_kwargs` dict, not in `**kwargs`
[transformers] Kwargs passed to `processor.__call__` have to be in `processor_kwargs` dict, not in `**kwargs`
[transformers] Kwargs passed to `processor.__call__` have to be in `processor_kwargs` dict, not in `**kwargs`
[transformers] Kwargs passed to `processor.__call__` have to be in `processor_kwargs` dict, not in `**kwargs`
[transformers] Kwargs passed to `processor.__call__` have to be in `processor_kwargs` dict, not in `**kwargs`
[transformers] Kwargs passed to `processor.__call__` have to be in `processor_kwargs` dict, not in `**kwargs`
[transformers] Kwargs passed to `processor.__call__` have to be in `processor_kwargs` dict, not in `**kwargs`
[transformers] Kwargs passed to `processor.__call__` have to be in `processor_kwargs` dict, not in `**kwargs`
[transformers] Kwargs passed to `processor.__call__` have to be in `processor_kwargs` dict, not in `**kwargs`
[transformers] Kwargs passed to `processor.__call__` have to be in `processor_kwargs` dict, not in `**kwargs`
[transformers] Kwargs passed to `processor.__call__` have to be in `processor_kwargs` dict, not in `**kwargs`
[transformers] Kwargs passed to `processor.__call__` have to be in `processor_kwargs` dict, not in `**kwargs`
[transformers] Kwargs passed to `processor.__call__` have to be in `processor_kwargs` dict, not in `**kwargs`
[transformers] Kwargs passed to `processor.__call__` have to be in `processor_kwargs` dict, not in `**kwargs`
[transformers] Kwargs passed to `processor.__call__` have to be in `processor_kwargs` dict, not in `**kwargs`
[transformers] Kwargs passed to `processor.__call__` have to be in `processor_kwargs` dict, not in `**kwargs`
[transformers] Kwargs passed to `processor.__call__` have to be in `processor_kwargs` dict, not in `**kwargs`
[transformers] Kwargs passed to `processor.__call__` have to be in `processor_kwargs` dict, not in `**kwargs`
[transformers] Kwargs passed to `processor.__call__` have to be in `processor_kwargs` dict, not in `**kwargs`
[transformers] Kwargs passed to `processor.__call__` have to be in `processor_kwargs` dict, not in `**kwargs`
[transformers] Kwargs passed to `processor.__call__` have to be in `processor_kwargs` dict, not in `**kwargs`
  [15/40] TbHJrupSAjP within_radius  min_d  2.97  calls  29  7s/ep
[transformers] Kwargs passed to `processor.__call__` have to be in `processor_kwargs` dict, not in `**kwargs`
[transformers] Kwargs passed to `processor.__call__` have to be in `processor_kwargs` dict, not in `**kwargs`
[transformers] Kwargs passed to `processor.__call__` have to be in `processor_kwargs` dict, not in `**kwargs`
[transformers] Kwargs passed to `processor.__call__` have to be in `processor_kwargs` dict, not in `**kwargs`
[transformers] Kwargs passed to `processor.__call__` have to be in `processor_kwargs` dict, not in `**kwargs`
[transformers] Kwargs passed to `processor.__call__` have to be in `processor_kwargs` dict, not in `**kwargs`
[transformers] Kwargs passed to `processor.__call__` have to be in `processor_kwargs` dict, not in `**kwargs`
[transformers] Kwargs passed to `processor.__call__` have to be in `processor_kwargs` dict, not in `**kwargs`
[transformers] Kwargs passed to `processor.__call__` have to be in `processor_kwargs` dict, not in `**kwargs`
[transformers] Kwargs passed to `processor.__call__` have to be in `processor_kwargs` dict, not in `**kwargs`
[transformers] Kwargs passed to `processor.__call__` have to be in `processor_kwargs` dict, not in `**kwargs`
[transformers] Kwargs passed to `processor.__call__` have to be in `processor_kwargs` dict, not in `**kwargs`
[transformers] Kwargs passed to `processor.__call__` have to be in `processor_kwargs` dict, not in `**kwargs`
[transformers] Kwargs passed to `processor.__call__` have to be in `processor_kwargs` dict, not in `**kwargs`
[transformers] Kwargs passed to `processor.__call__` have to be in `processor_kwargs` dict, not in `**kwargs`
[transformers] Kwargs passed to `processor.__call__` have to be in `processor_kwargs` dict, not in `**kwargs`
[transformers] Kwargs passed to `processor.__call__` have to be in `processor_kwargs` dict, not in `**kwargs`
[transformers] Kwargs passed to `processor.__call__` have to be in `processor_kwargs` dict, not in `**kwargs`
  [16/40] TbHJrupSAjP within_radius  min_d  2.98  calls  18  7s/ep
[transformers] Kwargs passed to `processor.__call__` have to be in `processor_kwargs` dict, not in `**kwargs`
[transformers] Kwargs passed to `processor.__call__` have to be in `processor_kwargs` dict, not in `**kwargs`
[transformers] Kwargs passed to `processor.__call__` have to be in `processor_kwargs` dict, not in `**kwargs`
[transformers] Kwargs passed to `processor.__call__` have to be in `processor_kwargs` dict, not in `**kwargs`
[transformers] Kwargs passed to `processor.__call__` have to be in `processor_kwargs` dict, not in `**kwargs`
[transformers] Kwargs passed to `processor.__call__` have to be in `processor_kwargs` dict, not in `**kwargs`
[transformers] Kwargs passed to `processor.__call__` have to be in `processor_kwargs` dict, not in `**kwargs`
[transformers] Kwargs passed to `processor.__call__` have to be in `processor_kwargs` dict, not in `**kwargs`
[transformers] Kwargs passed to `processor.__call__` have to be in `processor_kwargs` dict, not in `**kwargs`
[transformers] Kwargs passed to `processor.__call__` have to be in `processor_kwargs` dict, not in `**kwargs`
[transformers] Kwargs passed to `processor.__call__` have to be in `processor_kwargs` dict, not in `**kwargs`
[transformers] Kwargs passed to `processor.__call__` have to be in `processor_kwargs` dict, not in `**kwargs`
[transformers] Kwargs passed to `processor.__call__` have to be in `processor_kwargs` dict, not in `**kwargs`
[transformers] Kwargs passed to `processor.__call__` have to be in `processor_kwargs` dict, not in `**kwargs`
[transformers] Kwargs passed to `processor.__call__` have to be in `processor_kwargs` dict, not in `**kwargs`
[transformers] Kwargs passed to `processor.__call__` have to be in `processor_kwargs` dict, not in `**kwargs`
[transformers] Kwargs passed to `processor.__call__` have to be in `processor_kwargs` dict, not in `**kwargs`
[transformers] Kwargs passed to `processor.__call__` have to be in `processor_kwargs` dict, not in `**kwargs`
[transformers] Kwargs passed to `processor.__call__` have to be in `processor_kwargs` dict, not in `**kwargs`
[transformers] Kwargs passed to `processor.__call__` have to be in `processor_kwargs` dict, not in `**kwargs`
[transformers] Kwargs passed to `processor.__call__` have to be in `processor_kwargs` dict, not in `**kwargs`
[transformers] Kwargs passed to `processor.__call__` have to be in `processor_kwargs` dict, not in `**kwargs`
[transformers] Kwargs passed to `processor.__call__` have to be in `processor_kwargs` dict, not in `**kwargs`
[transformers] Kwargs passed to `processor.__call__` have to be in `processor_kwargs` dict, not in `**kwargs`
[transformers] Kwargs passed to `processor.__call__` have to be in `processor_kwargs` dict, not in `**kwargs`
[transformers] Kwargs passed to `processor.__call__` have to be in `processor_kwargs` dict, not in `**kwargs`
[transformers] Kwargs passed to `processor.__call__` have to be in `processor_kwargs` dict, not in `**kwargs`
[transformers] Kwargs passed to `processor.__call__` have to be in `processor_kwargs` dict, not in `**kwargs`
[transformers] Kwargs passed to `processor.__call__` have to be in `processor_kwargs` dict, not in `**kwargs`
[transformers] Kwargs passed to `processor.__call__` have to be in `processor_kwargs` dict, not in `**kwargs`
[transformers] Kwargs passed to `processor.__call__` have to be in `processor_kwargs` dict, not in `**kwargs`
[transformers] Kwargs passed to `processor.__call__` have to be in `processor_kwargs` dict, not in `**kwargs`
[transformers] Kwargs passed to `processor.__call__` have to be in `processor_kwargs` dict, not in `**kwargs`
[transformers] Kwargs passed to `processor.__call__` have to be in `processor_kwargs` dict, not in `**kwargs`
[transformers] Kwargs passed to `processor.__call__` have to be in `processor_kwargs` dict, not in `**kwargs`
[transformers] Kwargs passed to `processor.__call__` have to be in `processor_kwargs` dict, not in `**kwargs`
[transformers] Kwargs passed to `processor.__call__` have to be in `processor_kwargs` dict, not in `**kwargs`
[transformers] Kwargs passed to `processor.__call__` have to be in `processor_kwargs` dict, not in `**kwargs`
[transformers] Kwargs passed to `processor.__call__` have to be in `processor_kwargs` dict, not in `**kwargs`
[transformers] Kwargs passed to `processor.__call__` have to be in `processor_kwargs` dict, not in `**kwargs`
[transformers] Kwargs passed to `processor.__call__` have to be in `processor_kwargs` dict, not in `**kwargs`
[transformers] Kwargs passed to `processor.__call__` have to be in `processor_kwargs` dict, not in `**kwargs`
[transformers] Kwargs passed to `processor.__call__` have to be in `processor_kwargs` dict, not in `**kwargs`
[transformers] Kwargs passed to `processor.__call__` have to be in `processor_kwargs` dict, not in `**kwargs`
[transformers] Kwargs passed to `processor.__call__` have to be in `processor_kwargs` dict, not in `**kwargs`
[transformers] Kwargs passed to `processor.__call__` have to be in `processor_kwargs` dict, not in `**kwargs`
[transformers] Kwargs passed to `processor.__call__` have to be in `processor_kwargs` dict, not in `**kwargs`
[transformers] Kwargs passed to `processor.__call__` have to be in `processor_kwargs` dict, not in `**kwargs`
[transformers] Kwargs passed to `processor.__call__` have to be in `processor_kwargs` dict, not in `**kwargs`
[transformers] Kwargs passed to `processor.__call__` have to be in `processor_kwargs` dict, not in `**kwargs`
  [17/40] TbHJrupSAjP       timeout  min_d  7.19  calls  50  7s/ep
[transformers] Kwargs passed to `processor.__call__` have to be in `processor_kwargs` dict, not in `**kwargs`
[transformers] Kwargs passed to `processor.__call__` have to be in `processor_kwargs` dict, not in `**kwargs`
[transformers] Kwargs passed to `processor.__call__` have to be in `processor_kwargs` dict, not in `**kwargs`
[transformers] Kwargs passed to `processor.__call__` have to be in `processor_kwargs` dict, not in `**kwargs`
[transformers] Kwargs passed to `processor.__call__` have to be in `processor_kwargs` dict, not in `**kwargs`
[transformers] Kwargs passed to `processor.__call__` have to be in `processor_kwargs` dict, not in `**kwargs`
[transformers] Kwargs passed to `processor.__call__` have to be in `processor_kwargs` dict, not in `**kwargs`
[transformers] Kwargs passed to `processor.__call__` have to be in `processor_kwargs` dict, not in `**kwargs`
[transformers] Kwargs passed to `processor.__call__` have to be in `processor_kwargs` dict, not in `**kwargs`
[transformers] Kwargs passed to `processor.__call__` have to be in `processor_kwargs` dict, not in `**kwargs`
[transformers] Kwargs passed to `processor.__call__` have to be in `processor_kwargs` dict, not in `**kwargs`
[transformers] Kwargs passed to `processor.__call__` have to be in `processor_kwargs` dict, not in `**kwargs`
[transformers] Kwargs passed to `processor.__call__` have to be in `processor_kwargs` dict, not in `**kwargs`
[transformers] Kwargs passed to `processor.__call__` have to be in `processor_kwargs` dict, not in `**kwargs`
[transformers] Kwargs passed to `processor.__call__` have to be in `processor_kwargs` dict, not in `**kwargs`
[transformers] Kwargs passed to `processor.__call__` have to be in `processor_kwargs` dict, not in `**kwargs`
[transformers] Kwargs passed to `processor.__call__` have to be in `processor_kwargs` dict, not in `**kwargs`
[transformers] Kwargs passed to `processor.__call__` have to be in `processor_kwargs` dict, not in `**kwargs`
[transformers] Kwargs passed to `processor.__call__` have to be in `processor_kwargs` dict, not in `**kwargs`
[transformers] Kwargs passed to `processor.__call__` have to be in `processor_kwargs` dict, not in `**kwargs`
[transformers] Kwargs passed to `processor.__call__` have to be in `processor_kwargs` dict, not in `**kwargs`
[transformers] Kwargs passed to `processor.__call__` have to be in `processor_kwargs` dict, not in `**kwargs`
  [18/40] TbHJrupSAjP within_radius  min_d  2.97  calls  22  7s/ep
[transformers] Kwargs passed to `processor.__call__` have to be in `processor_kwargs` dict, not in `**kwargs`
[transformers] Kwargs passed to `processor.__call__` have to be in `processor_kwargs` dict, not in `**kwargs`
[transformers] Kwargs passed to `processor.__call__` have to be in `processor_kwargs` dict, not in `**kwargs`
[transformers] Kwargs passed to `processor.__call__` have to be in `processor_kwargs` dict, not in `**kwargs`
[transformers] Kwargs passed to `processor.__call__` have to be in `processor_kwargs` dict, not in `**kwargs`
[transformers] Kwargs passed to `processor.__call__` have to be in `processor_kwargs` dict, not in `**kwargs`
[transformers] Kwargs passed to `processor.__call__` have to be in `processor_kwargs` dict, not in `**kwargs`
[transformers] Kwargs passed to `processor.__call__` have to be in `processor_kwargs` dict, not in `**kwargs`
[transformers] Kwargs passed to `processor.__call__` have to be in `processor_kwargs` dict, not in `**kwargs`
[transformers] Kwargs passed to `processor.__call__` have to be in `processor_kwargs` dict, not in `**kwargs`
[transformers] Kwargs passed to `processor.__call__` have to be in `processor_kwargs` dict, not in `**kwargs`
[transformers] Kwargs passed to `processor.__call__` have to be in `processor_kwargs` dict, not in `**kwargs`
[transformers] Kwargs passed to `processor.__call__` have to be in `processor_kwargs` dict, not in `**kwargs`
[transformers] Kwargs passed to `processor.__call__` have to be in `processor_kwargs` dict, not in `**kwargs`
[transformers] Kwargs passed to `processor.__call__` have to be in `processor_kwargs` dict, not in `**kwargs`
[transformers] Kwargs passed to `processor.__call__` have to be in `processor_kwargs` dict, not in `**kwargs`
[transformers] Kwargs passed to `processor.__call__` have to be in `processor_kwargs` dict, not in `**kwargs`
[transformers] Kwargs passed to `processor.__call__` have to be in `processor_kwargs` dict, not in `**kwargs`
[transformers] Kwargs passed to `processor.__call__` have to be in `processor_kwargs` dict, not in `**kwargs`
[transformers] Kwargs passed to `processor.__call__` have to be in `processor_kwargs` dict, not in `**kwargs`
[transformers] Kwargs passed to `processor.__call__` have to be in `processor_kwargs` dict, not in `**kwargs`
[transformers] Kwargs passed to `processor.__call__` have to be in `processor_kwargs` dict, not in `**kwargs`
[transformers] Kwargs passed to `processor.__call__` have to be in `processor_kwargs` dict, not in `**kwargs`
[transformers] Kwargs passed to `processor.__call__` have to be in `processor_kwargs` dict, not in `**kwargs`
[transformers] Kwargs passed to `processor.__call__` have to be in `processor_kwargs` dict, not in `**kwargs`
[transformers] Kwargs passed to `processor.__call__` have to be in `processor_kwargs` dict, not in `**kwargs`
[transformers] Kwargs passed to `processor.__call__` have to be in `processor_kwargs` dict, not in `**kwargs`
[transformers] Kwargs passed to `processor.__call__` have to be in `processor_kwargs` dict, not in `**kwargs`
[transformers] Kwargs passed to `processor.__call__` have to be in `processor_kwargs` dict, not in `**kwargs`
[transformers] Kwargs passed to `processor.__call__` have to be in `processor_kwargs` dict, not in `**kwargs`
[transformers] Kwargs passed to `processor.__call__` have to be in `processor_kwargs` dict, not in `**kwargs`
[transformers] Kwargs passed to `processor.__call__` have to be in `processor_kwargs` dict, not in `**kwargs`
[transformers] Kwargs passed to `processor.__call__` have to be in `processor_kwargs` dict, not in `**kwargs`
[transformers] Kwargs passed to `processor.__call__` have to be in `processor_kwargs` dict, not in `**kwargs`
[transformers] Kwargs passed to `processor.__call__` have to be in `processor_kwargs` dict, not in `**kwargs`
[transformers] Kwargs passed to `processor.__call__` have to be in `processor_kwargs` dict, not in `**kwargs`
[transformers] Kwargs passed to `processor.__call__` have to be in `processor_kwargs` dict, not in `**kwargs`
[transformers] Kwargs passed to `processor.__call__` have to be in `processor_kwargs` dict, not in `**kwargs`
[transformers] Kwargs passed to `processor.__call__` have to be in `processor_kwargs` dict, not in `**kwargs`
[transformers] Kwargs passed to `processor.__call__` have to be in `processor_kwargs` dict, not in `**kwargs`
[transformers] Kwargs passed to `processor.__call__` have to be in `processor_kwargs` dict, not in `**kwargs`
[transformers] Kwargs passed to `processor.__call__` have to be in `processor_kwargs` dict, not in `**kwargs`
[transformers] Kwargs passed to `processor.__call__` have to be in `processor_kwargs` dict, not in `**kwargs`
[transformers] Kwargs passed to `processor.__call__` have to be in `processor_kwargs` dict, not in `**kwargs`
[transformers] Kwargs passed to `processor.__call__` have to be in `processor_kwargs` dict, not in `**kwargs`
[transformers] Kwargs passed to `processor.__call__` have to be in `processor_kwargs` dict, not in `**kwargs`
[transformers] Kwargs passed to `processor.__call__` have to be in `processor_kwargs` dict, not in `**kwargs`
[transformers] Kwargs passed to `processor.__call__` have to be in `processor_kwargs` dict, not in `**kwargs`
[transformers] Kwargs passed to `processor.__call__` have to be in `processor_kwargs` dict, not in `**kwargs`
[transformers] Kwargs passed to `processor.__call__` have to be in `processor_kwargs` dict, not in `**kwargs`
[transformers] Kwargs passed to `processor.__call__` have to be in `processor_kwargs` dict, not in `**kwargs`
  [19/40] oLBMNvg9in8       timeout  min_d  7.46  calls  51  8s/ep
[transformers] Kwargs passed to `processor.__call__` have to be in `processor_kwargs` dict, not in `**kwargs`
[transformers] Kwargs passed to `processor.__call__` have to be in `processor_kwargs` dict, not in `**kwargs`
[transformers] Kwargs passed to `processor.__call__` have to be in `processor_kwargs` dict, not in `**kwargs`
[transformers] Kwargs passed to `processor.__call__` have to be in `processor_kwargs` dict, not in `**kwargs`
[transformers] Kwargs passed to `processor.__call__` have to be in `processor_kwargs` dict, not in `**kwargs`
[transformers] Kwargs passed to `processor.__call__` have to be in `processor_kwargs` dict, not in `**kwargs`
[transformers] Kwargs passed to `processor.__call__` have to be in `processor_kwargs` dict, not in `**kwargs`
[transformers] Kwargs passed to `processor.__call__` have to be in `processor_kwargs` dict, not in `**kwargs`
[transformers] Kwargs passed to `processor.__call__` have to be in `processor_kwargs` dict, not in `**kwargs`
[transformers] Kwargs passed to `processor.__call__` have to be in `processor_kwargs` dict, not in `**kwargs`
[transformers] Kwargs passed to `processor.__call__` have to be in `processor_kwargs` dict, not in `**kwargs`
[transformers] Kwargs passed to `processor.__call__` have to be in `processor_kwargs` dict, not in `**kwargs`
[transformers] Kwargs passed to `processor.__call__` have to be in `processor_kwargs` dict, not in `**kwargs`
[transformers] Kwargs passed to `processor.__call__` have to be in `processor_kwargs` dict, not in `**kwargs`
[transformers] Kwargs passed to `processor.__call__` have to be in `processor_kwargs` dict, not in `**kwargs`
[transformers] Kwargs passed to `processor.__call__` have to be in `processor_kwargs` dict, not in `**kwargs`
[transformers] Kwargs passed to `processor.__call__` have to be in `processor_kwargs` dict, not in `**kwargs`
[transformers] Kwargs passed to `processor.__call__` have to be in `processor_kwargs` dict, not in `**kwargs`
[transformers] Kwargs passed to `processor.__call__` have to be in `processor_kwargs` dict, not in `**kwargs`
[transformers] Kwargs passed to `processor.__call__` have to be in `processor_kwargs` dict, not in `**kwargs`
[transformers] Kwargs passed to `processor.__call__` have to be in `processor_kwargs` dict, not in `**kwargs`
[transformers] Kwargs passed to `processor.__call__` have to be in `processor_kwargs` dict, not in `**kwargs`
[transformers] Kwargs passed to `processor.__call__` have to be in `processor_kwargs` dict, not in `**kwargs`
[transformers] Kwargs passed to `processor.__call__` have to be in `processor_kwargs` dict, not in `**kwargs`
[transformers] Kwargs passed to `processor.__call__` have to be in `processor_kwargs` dict, not in `**kwargs`
[transformers] Kwargs passed to `processor.__call__` have to be in `processor_kwargs` dict, not in `**kwargs`
[transformers] Kwargs passed to `processor.__call__` have to be in `processor_kwargs` dict, not in `**kwargs`
[transformers] Kwargs passed to `processor.__call__` have to be in `processor_kwargs` dict, not in `**kwargs`
[transformers] Kwargs passed to `processor.__call__` have to be in `processor_kwargs` dict, not in `**kwargs`
[transformers] Kwargs passed to `processor.__call__` have to be in `processor_kwargs` dict, not in `**kwargs`
[transformers] Kwargs passed to `processor.__call__` have to be in `processor_kwargs` dict, not in `**kwargs`
[transformers] Kwargs passed to `processor.__call__` have to be in `processor_kwargs` dict, not in `**kwargs`
[transformers] Kwargs passed to `processor.__call__` have to be in `processor_kwargs` dict, not in `**kwargs`
[transformers] Kwargs passed to `processor.__call__` have to be in `processor_kwargs` dict, not in `**kwargs`
[transformers] Kwargs passed to `processor.__call__` have to be in `processor_kwargs` dict, not in `**kwargs`
[transformers] Kwargs passed to `processor.__call__` have to be in `processor_kwargs` dict, not in `**kwargs`
[transformers] Kwargs passed to `processor.__call__` have to be in `processor_kwargs` dict, not in `**kwargs`
[transformers] Kwargs passed to `processor.__call__` have to be in `processor_kwargs` dict, not in `**kwargs`
[transformers] Kwargs passed to `processor.__call__` have to be in `processor_kwargs` dict, not in `**kwargs`
[transformers] Kwargs passed to `processor.__call__` have to be in `processor_kwargs` dict, not in `**kwargs`
[transformers] Kwargs passed to `processor.__call__` have to be in `processor_kwargs` dict, not in `**kwargs`
[transformers] Kwargs passed to `processor.__call__` have to be in `processor_kwargs` dict, not in `**kwargs`
[transformers] Kwargs passed to `processor.__call__` have to be in `processor_kwargs` dict, not in `**kwargs`
[transformers] Kwargs passed to `processor.__call__` have to be in `processor_kwargs` dict, not in `**kwargs`
[transformers] Kwargs passed to `processor.__call__` have to be in `processor_kwargs` dict, not in `**kwargs`
[transformers] Kwargs passed to `processor.__call__` have to be in `processor_kwargs` dict, not in `**kwargs`
[transformers] Kwargs passed to `processor.__call__` have to be in `processor_kwargs` dict, not in `**kwargs`
[transformers] Kwargs passed to `processor.__call__` have to be in `processor_kwargs` dict, not in `**kwargs`
[transformers] Kwargs passed to `processor.__call__` have to be in `processor_kwargs` dict, not in `**kwargs`
[transformers] Kwargs passed to `processor.__call__` have to be in `processor_kwargs` dict, not in `**kwargs`
  [20/40] oLBMNvg9in8       timeout  min_d  9.54  calls  50  8s/ep
[transformers] Kwargs passed to `processor.__call__` have to be in `processor_kwargs` dict, not in `**kwargs`
[transformers] Kwargs passed to `processor.__call__` have to be in `processor_kwargs` dict, not in `**kwargs`
[transformers] Kwargs passed to `processor.__call__` have to be in `processor_kwargs` dict, not in `**kwargs`
[transformers] Kwargs passed to `processor.__call__` have to be in `processor_kwargs` dict, not in `**kwargs`
[transformers] Kwargs passed to `processor.__call__` have to be in `processor_kwargs` dict, not in `**kwargs`
[transformers] Kwargs passed to `processor.__call__` have to be in `processor_kwargs` dict, not in `**kwargs`
[transformers] Kwargs passed to `processor.__call__` have to be in `processor_kwargs` dict, not in `**kwargs`
[transformers] Kwargs passed to `processor.__call__` have to be in `processor_kwargs` dict, not in `**kwargs`
[transformers] Kwargs passed to `processor.__call__` have to be in `processor_kwargs` dict, not in `**kwargs`
[transformers] Kwargs passed to `processor.__call__` have to be in `processor_kwargs` dict, not in `**kwargs`
[transformers] Kwargs passed to `processor.__call__` have to be in `processor_kwargs` dict, not in `**kwargs`
[transformers] Kwargs passed to `processor.__call__` have to be in `processor_kwargs` dict, not in `**kwargs`
[transformers] Kwargs passed to `processor.__call__` have to be in `processor_kwargs` dict, not in `**kwargs`
[transformers] Kwargs passed to `processor.__call__` have to be in `processor_kwargs` dict, not in `**kwargs`
[transformers] Kwargs passed to `processor.__call__` have to be in `processor_kwargs` dict, not in `**kwargs`
[transformers] Kwargs passed to `processor.__call__` have to be in `processor_kwargs` dict, not in `**kwargs`
[transformers] Kwargs passed to `processor.__call__` have to be in `processor_kwargs` dict, not in `**kwargs`
[transformers] Kwargs passed to `processor.__call__` have to be in `processor_kwargs` dict, not in `**kwargs`
[transformers] Kwargs passed to `processor.__call__` have to be in `processor_kwargs` dict, not in `**kwargs`
[transformers] Kwargs passed to `processor.__call__` have to be in `processor_kwargs` dict, not in `**kwargs`
[transformers] Kwargs passed to `processor.__call__` have to be in `processor_kwargs` dict, not in `**kwargs`
[transformers] Kwargs passed to `processor.__call__` have to be in `processor_kwargs` dict, not in `**kwargs`
[transformers] Kwargs passed to `processor.__call__` have to be in `processor_kwargs` dict, not in `**kwargs`
[transformers] Kwargs passed to `processor.__call__` have to be in `processor_kwargs` dict, not in `**kwargs`
[transformers] Kwargs passed to `processor.__call__` have to be in `processor_kwargs` dict, not in `**kwargs`
[transformers] Kwargs passed to `processor.__call__` have to be in `processor_kwargs` dict, not in `**kwargs`
[transformers] Kwargs passed to `processor.__call__` have to be in `processor_kwargs` dict, not in `**kwargs`
[transformers] Kwargs passed to `processor.__call__` have to be in `processor_kwargs` dict, not in `**kwargs`
[transformers] Kwargs passed to `processor.__call__` have to be in `processor_kwargs` dict, not in `**kwargs`
[transformers] Kwargs passed to `processor.__call__` have to be in `processor_kwargs` dict, not in `**kwargs`
[transformers] Kwargs passed to `processor.__call__` have to be in `processor_kwargs` dict, not in `**kwargs`
[transformers] Kwargs passed to `processor.__call__` have to be in `processor_kwargs` dict, not in `**kwargs`
[transformers] Kwargs passed to `processor.__call__` have to be in `processor_kwargs` dict, not in `**kwargs`
[transformers] Kwargs passed to `processor.__call__` have to be in `processor_kwargs` dict, not in `**kwargs`
[transformers] Kwargs passed to `processor.__call__` have to be in `processor_kwargs` dict, not in `**kwargs`
[transformers] Kwargs passed to `processor.__call__` have to be in `processor_kwargs` dict, not in `**kwargs`
[transformers] Kwargs passed to `processor.__call__` have to be in `processor_kwargs` dict, not in `**kwargs`
[transformers] Kwargs passed to `processor.__call__` have to be in `processor_kwargs` dict, not in `**kwargs`
[transformers] Kwargs passed to `processor.__call__` have to be in `processor_kwargs` dict, not in `**kwargs`
[transformers] Kwargs passed to `processor.__call__` have to be in `processor_kwargs` dict, not in `**kwargs`
[transformers] Kwargs passed to `processor.__call__` have to be in `processor_kwargs` dict, not in `**kwargs`
[transformers] Kwargs passed to `processor.__call__` have to be in `processor_kwargs` dict, not in `**kwargs`
[transformers] Kwargs passed to `processor.__call__` have to be in `processor_kwargs` dict, not in `**kwargs`
[transformers] Kwargs passed to `processor.__call__` have to be in `processor_kwargs` dict, not in `**kwargs`
[transformers] Kwargs passed to `processor.__call__` have to be in `processor_kwargs` dict, not in `**kwargs`
[transformers] Kwargs passed to `processor.__call__` have to be in `processor_kwargs` dict, not in `**kwargs`
[transformers] Kwargs passed to `processor.__call__` have to be in `processor_kwargs` dict, not in `**kwargs`
[transformers] Kwargs passed to `processor.__call__` have to be in `processor_kwargs` dict, not in `**kwargs`
[transformers] Kwargs passed to `processor.__call__` have to be in `processor_kwargs` dict, not in `**kwargs`
[transformers] Kwargs passed to `processor.__call__` have to be in `processor_kwargs` dict, not in `**kwargs`
  [21/40] oLBMNvg9in8       timeout  min_d  9.54  calls  50  8s/ep
[transformers] Kwargs passed to `processor.__call__` have to be in `processor_kwargs` dict, not in `**kwargs`
[transformers] Kwargs passed to `processor.__call__` have to be in `processor_kwargs` dict, not in `**kwargs`
[transformers] Kwargs passed to `processor.__call__` have to be in `processor_kwargs` dict, not in `**kwargs`
[transformers] Kwargs passed to `processor.__call__` have to be in `processor_kwargs` dict, not in `**kwargs`
[transformers] Kwargs passed to `processor.__call__` have to be in `processor_kwargs` dict, not in `**kwargs`
[transformers] Kwargs passed to `processor.__call__` have to be in `processor_kwargs` dict, not in `**kwargs`
[transformers] Kwargs passed to `processor.__call__` have to be in `processor_kwargs` dict, not in `**kwargs`
[transformers] Kwargs passed to `processor.__call__` have to be in `processor_kwargs` dict, not in `**kwargs`
[transformers] Kwargs passed to `processor.__call__` have to be in `processor_kwargs` dict, not in `**kwargs`
[transformers] Kwargs passed to `processor.__call__` have to be in `processor_kwargs` dict, not in `**kwargs`
[transformers] Kwargs passed to `processor.__call__` have to be in `processor_kwargs` dict, not in `**kwargs`
[transformers] Kwargs passed to `processor.__call__` have to be in `processor_kwargs` dict, not in `**kwargs`
[transformers] Kwargs passed to `processor.__call__` have to be in `processor_kwargs` dict, not in `**kwargs`
[transformers] Kwargs passed to `processor.__call__` have to be in `processor_kwargs` dict, not in `**kwargs`
[transformers] Kwargs passed to `processor.__call__` have to be in `processor_kwargs` dict, not in `**kwargs`
[transformers] Kwargs passed to `processor.__call__` have to be in `processor_kwargs` dict, not in `**kwargs`
[transformers] Kwargs passed to `processor.__call__` have to be in `processor_kwargs` dict, not in `**kwargs`
[transformers] Kwargs passed to `processor.__call__` have to be in `processor_kwargs` dict, not in `**kwargs`
[transformers] Kwargs passed to `processor.__call__` have to be in `processor_kwargs` dict, not in `**kwargs`
[transformers] Kwargs passed to `processor.__call__` have to be in `processor_kwargs` dict, not in `**kwargs`
[transformers] Kwargs passed to `processor.__call__` have to be in `processor_kwargs` dict, not in `**kwargs`
[transformers] Kwargs passed to `processor.__call__` have to be in `processor_kwargs` dict, not in `**kwargs`
[transformers] Kwargs passed to `processor.__call__` have to be in `processor_kwargs` dict, not in `**kwargs`
[transformers] Kwargs passed to `processor.__call__` have to be in `processor_kwargs` dict, not in `**kwargs`
[transformers] Kwargs passed to `processor.__call__` have to be in `processor_kwargs` dict, not in `**kwargs`
[transformers] Kwargs passed to `processor.__call__` have to be in `processor_kwargs` dict, not in `**kwargs`
[transformers] Kwargs passed to `processor.__call__` have to be in `processor_kwargs` dict, not in `**kwargs`
[transformers] Kwargs passed to `processor.__call__` have to be in `processor_kwargs` dict, not in `**kwargs`
[transformers] Kwargs passed to `processor.__call__` have to be in `processor_kwargs` dict, not in `**kwargs`
[transformers] Kwargs passed to `processor.__call__` have to be in `processor_kwargs` dict, not in `**kwargs`
[transformers] Kwargs passed to `processor.__call__` have to be in `processor_kwargs` dict, not in `**kwargs`
[transformers] Kwargs passed to `processor.__call__` have to be in `processor_kwargs` dict, not in `**kwargs`
[transformers] Kwargs passed to `processor.__call__` have to be in `processor_kwargs` dict, not in `**kwargs`
[transformers] Kwargs passed to `processor.__call__` have to be in `processor_kwargs` dict, not in `**kwargs`
[transformers] Kwargs passed to `processor.__call__` have to be in `processor_kwargs` dict, not in `**kwargs`
[transformers] Kwargs passed to `processor.__call__` have to be in `processor_kwargs` dict, not in `**kwargs`
[transformers] Kwargs passed to `processor.__call__` have to be in `processor_kwargs` dict, not in `**kwargs`
[transformers] Kwargs passed to `processor.__call__` have to be in `processor_kwargs` dict, not in `**kwargs`
  [22/40] x8F5xyUWy9e within_radius  min_d  2.85  calls  38  8s/ep
[transformers] Kwargs passed to `processor.__call__` have to be in `processor_kwargs` dict, not in `**kwargs`
[transformers] Kwargs passed to `processor.__call__` have to be in `processor_kwargs` dict, not in `**kwargs`
[transformers] Kwargs passed to `processor.__call__` have to be in `processor_kwargs` dict, not in `**kwargs`
[transformers] Kwargs passed to `processor.__call__` have to be in `processor_kwargs` dict, not in `**kwargs`
[transformers] Kwargs passed to `processor.__call__` have to be in `processor_kwargs` dict, not in `**kwargs`
[transformers] Kwargs passed to `processor.__call__` have to be in `processor_kwargs` dict, not in `**kwargs`
[transformers] Kwargs passed to `processor.__call__` have to be in `processor_kwargs` dict, not in `**kwargs`
[transformers] Kwargs passed to `processor.__call__` have to be in `processor_kwargs` dict, not in `**kwargs`
[transformers] Kwargs passed to `processor.__call__` have to be in `processor_kwargs` dict, not in `**kwargs`
[transformers] Kwargs passed to `processor.__call__` have to be in `processor_kwargs` dict, not in `**kwargs`
[transformers] Kwargs passed to `processor.__call__` have to be in `processor_kwargs` dict, not in `**kwargs`
[transformers] Kwargs passed to `processor.__call__` have to be in `processor_kwargs` dict, not in `**kwargs`
[transformers] Kwargs passed to `processor.__call__` have to be in `processor_kwargs` dict, not in `**kwargs`
[transformers] Kwargs passed to `processor.__call__` have to be in `processor_kwargs` dict, not in `**kwargs`
[transformers] Kwargs passed to `processor.__call__` have to be in `processor_kwargs` dict, not in `**kwargs`
[transformers] Kwargs passed to `processor.__call__` have to be in `processor_kwargs` dict, not in `**kwargs`
[transformers] Kwargs passed to `processor.__call__` have to be in `processor_kwargs` dict, not in `**kwargs`
[transformers] Kwargs passed to `processor.__call__` have to be in `processor_kwargs` dict, not in `**kwargs`
[transformers] Kwargs passed to `processor.__call__` have to be in `processor_kwargs` dict, not in `**kwargs`
[transformers] Kwargs passed to `processor.__call__` have to be in `processor_kwargs` dict, not in `**kwargs`
[transformers] Kwargs passed to `processor.__call__` have to be in `processor_kwargs` dict, not in `**kwargs`
[transformers] Kwargs passed to `processor.__call__` have to be in `processor_kwargs` dict, not in `**kwargs`
[transformers] Kwargs passed to `processor.__call__` have to be in `processor_kwargs` dict, not in `**kwargs`
[transformers] Kwargs passed to `processor.__call__` have to be in `processor_kwargs` dict, not in `**kwargs`
[transformers] Kwargs passed to `processor.__call__` have to be in `processor_kwargs` dict, not in `**kwargs`
[transformers] Kwargs passed to `processor.__call__` have to be in `processor_kwargs` dict, not in `**kwargs`
[transformers] Kwargs passed to `processor.__call__` have to be in `processor_kwargs` dict, not in `**kwargs`
[transformers] Kwargs passed to `processor.__call__` have to be in `processor_kwargs` dict, not in `**kwargs`
[transformers] Kwargs passed to `processor.__call__` have to be in `processor_kwargs` dict, not in `**kwargs`
[transformers] Kwargs passed to `processor.__call__` have to be in `processor_kwargs` dict, not in `**kwargs`
[transformers] Kwargs passed to `processor.__call__` have to be in `processor_kwargs` dict, not in `**kwargs`
[transformers] Kwargs passed to `processor.__call__` have to be in `processor_kwargs` dict, not in `**kwargs`
[transformers] Kwargs passed to `processor.__call__` have to be in `processor_kwargs` dict, not in `**kwargs`
[transformers] Kwargs passed to `processor.__call__` have to be in `processor_kwargs` dict, not in `**kwargs`
[transformers] Kwargs passed to `processor.__call__` have to be in `processor_kwargs` dict, not in `**kwargs`
[transformers] Kwargs passed to `processor.__call__` have to be in `processor_kwargs` dict, not in `**kwargs`
[transformers] Kwargs passed to `processor.__call__` have to be in `processor_kwargs` dict, not in `**kwargs`
[transformers] Kwargs passed to `processor.__call__` have to be in `processor_kwargs` dict, not in `**kwargs`
[transformers] Kwargs passed to `processor.__call__` have to be in `processor_kwargs` dict, not in `**kwargs`
[transformers] Kwargs passed to `processor.__call__` have to be in `processor_kwargs` dict, not in `**kwargs`
[transformers] Kwargs passed to `processor.__call__` have to be in `processor_kwargs` dict, not in `**kwargs`
[transformers] Kwargs passed to `processor.__call__` have to be in `processor_kwargs` dict, not in `**kwargs`
[transformers] Kwargs passed to `processor.__call__` have to be in `processor_kwargs` dict, not in `**kwargs`
[transformers] Kwargs passed to `processor.__call__` have to be in `processor_kwargs` dict, not in `**kwargs`
[transformers] Kwargs passed to `processor.__call__` have to be in `processor_kwargs` dict, not in `**kwargs`
[transformers] Kwargs passed to `processor.__call__` have to be in `processor_kwargs` dict, not in `**kwargs`
[transformers] Kwargs passed to `processor.__call__` have to be in `processor_kwargs` dict, not in `**kwargs`
[transformers] Kwargs passed to `processor.__call__` have to be in `processor_kwargs` dict, not in `**kwargs`
[transformers] Kwargs passed to `processor.__call__` have to be in `processor_kwargs` dict, not in `**kwargs`
[transformers] Kwargs passed to `processor.__call__` have to be in `processor_kwargs` dict, not in `**kwargs`
[transformers] Kwargs passed to `processor.__call__` have to be in `processor_kwargs` dict, not in `**kwargs`
  [23/40] x8F5xyUWy9e       timeout  min_d  3.87  calls  51  8s/ep
[transformers] Kwargs passed to `processor.__call__` have to be in `processor_kwargs` dict, not in `**kwargs`
[transformers] Kwargs passed to `processor.__call__` have to be in `processor_kwargs` dict, not in `**kwargs`
[transformers] Kwargs passed to `processor.__call__` have to be in `processor_kwargs` dict, not in `**kwargs`
[transformers] Kwargs passed to `processor.__call__` have to be in `processor_kwargs` dict, not in `**kwargs`
[transformers] Kwargs passed to `processor.__call__` have to be in `processor_kwargs` dict, not in `**kwargs`
[transformers] Kwargs passed to `processor.__call__` have to be in `processor_kwargs` dict, not in `**kwargs`
[transformers] Kwargs passed to `processor.__call__` have to be in `processor_kwargs` dict, not in `**kwargs`
[transformers] Kwargs passed to `processor.__call__` have to be in `processor_kwargs` dict, not in `**kwargs`
[transformers] Kwargs passed to `processor.__call__` have to be in `processor_kwargs` dict, not in `**kwargs`
[transformers] Kwargs passed to `processor.__call__` have to be in `processor_kwargs` dict, not in `**kwargs`
[transformers] Kwargs passed to `processor.__call__` have to be in `processor_kwargs` dict, not in `**kwargs`
[transformers] Kwargs passed to `processor.__call__` have to be in `processor_kwargs` dict, not in `**kwargs`
[transformers] Kwargs passed to `processor.__call__` have to be in `processor_kwargs` dict, not in `**kwargs`
[transformers] Kwargs passed to `processor.__call__` have to be in `processor_kwargs` dict, not in `**kwargs`
[transformers] Kwargs passed to `processor.__call__` have to be in `processor_kwargs` dict, not in `**kwargs`
[transformers] Kwargs passed to `processor.__call__` have to be in `processor_kwargs` dict, not in `**kwargs`
[transformers] Kwargs passed to `processor.__call__` have to be in `processor_kwargs` dict, not in `**kwargs`
[transformers] Kwargs passed to `processor.__call__` have to be in `processor_kwargs` dict, not in `**kwargs`
[transformers] Kwargs passed to `processor.__call__` have to be in `processor_kwargs` dict, not in `**kwargs`
[transformers] Kwargs passed to `processor.__call__` have to be in `processor_kwargs` dict, not in `**kwargs`
[transformers] Kwargs passed to `processor.__call__` have to be in `processor_kwargs` dict, not in `**kwargs`
[transformers] Kwargs passed to `processor.__call__` have to be in `processor_kwargs` dict, not in `**kwargs`
[transformers] Kwargs passed to `processor.__call__` have to be in `processor_kwargs` dict, not in `**kwargs`
[transformers] Kwargs passed to `processor.__call__` have to be in `processor_kwargs` dict, not in `**kwargs`
[transformers] Kwargs passed to `processor.__call__` have to be in `processor_kwargs` dict, not in `**kwargs`
[transformers] Kwargs passed to `processor.__call__` have to be in `processor_kwargs` dict, not in `**kwargs`
[transformers] Kwargs passed to `processor.__call__` have to be in `processor_kwargs` dict, not in `**kwargs`
[transformers] Kwargs passed to `processor.__call__` have to be in `processor_kwargs` dict, not in `**kwargs`
[transformers] Kwargs passed to `processor.__call__` have to be in `processor_kwargs` dict, not in `**kwargs`
[transformers] Kwargs passed to `processor.__call__` have to be in `processor_kwargs` dict, not in `**kwargs`
[transformers] Kwargs passed to `processor.__call__` have to be in `processor_kwargs` dict, not in `**kwargs`
[transformers] Kwargs passed to `processor.__call__` have to be in `processor_kwargs` dict, not in `**kwargs`
[transformers] Kwargs passed to `processor.__call__` have to be in `processor_kwargs` dict, not in `**kwargs`
[transformers] Kwargs passed to `processor.__call__` have to be in `processor_kwargs` dict, not in `**kwargs`
[transformers] Kwargs passed to `processor.__call__` have to be in `processor_kwargs` dict, not in `**kwargs`
[transformers] Kwargs passed to `processor.__call__` have to be in `processor_kwargs` dict, not in `**kwargs`
[transformers] Kwargs passed to `processor.__call__` have to be in `processor_kwargs` dict, not in `**kwargs`
[transformers] Kwargs passed to `processor.__call__` have to be in `processor_kwargs` dict, not in `**kwargs`
[transformers] Kwargs passed to `processor.__call__` have to be in `processor_kwargs` dict, not in `**kwargs`
[transformers] Kwargs passed to `processor.__call__` have to be in `processor_kwargs` dict, not in `**kwargs`
[transformers] Kwargs passed to `processor.__call__` have to be in `processor_kwargs` dict, not in `**kwargs`
[transformers] Kwargs passed to `processor.__call__` have to be in `processor_kwargs` dict, not in `**kwargs`
[transformers] Kwargs passed to `processor.__call__` have to be in `processor_kwargs` dict, not in `**kwargs`
[transformers] Kwargs passed to `processor.__call__` have to be in `processor_kwargs` dict, not in `**kwargs`
[transformers] Kwargs passed to `processor.__call__` have to be in `processor_kwargs` dict, not in `**kwargs`
[transformers] Kwargs passed to `processor.__call__` have to be in `processor_kwargs` dict, not in `**kwargs`
[transformers] Kwargs passed to `processor.__call__` have to be in `processor_kwargs` dict, not in `**kwargs`
[transformers] Kwargs passed to `processor.__call__` have to be in `processor_kwargs` dict, not in `**kwargs`
  [24/40] x8F5xyUWy9e within_radius  min_d  2.79  calls  48  8s/ep
[transformers] Kwargs passed to `processor.__call__` have to be in `processor_kwargs` dict, not in `**kwargs`
[transformers] Kwargs passed to `processor.__call__` have to be in `processor_kwargs` dict, not in `**kwargs`
[transformers] Kwargs passed to `processor.__call__` have to be in `processor_kwargs` dict, not in `**kwargs`
[transformers] Kwargs passed to `processor.__call__` have to be in `processor_kwargs` dict, not in `**kwargs`
[transformers] Kwargs passed to `processor.__call__` have to be in `processor_kwargs` dict, not in `**kwargs`
[transformers] Kwargs passed to `processor.__call__` have to be in `processor_kwargs` dict, not in `**kwargs`
[transformers] Kwargs passed to `processor.__call__` have to be in `processor_kwargs` dict, not in `**kwargs`
[transformers] Kwargs passed to `processor.__call__` have to be in `processor_kwargs` dict, not in `**kwargs`
[transformers] Kwargs passed to `processor.__call__` have to be in `processor_kwargs` dict, not in `**kwargs`
[transformers] Kwargs passed to `processor.__call__` have to be in `processor_kwargs` dict, not in `**kwargs`
[transformers] Kwargs passed to `processor.__call__` have to be in `processor_kwargs` dict, not in `**kwargs`
[transformers] Kwargs passed to `processor.__call__` have to be in `processor_kwargs` dict, not in `**kwargs`
[transformers] Kwargs passed to `processor.__call__` have to be in `processor_kwargs` dict, not in `**kwargs`
[transformers] Kwargs passed to `processor.__call__` have to be in `processor_kwargs` dict, not in `**kwargs`
[transformers] Kwargs passed to `processor.__call__` have to be in `processor_kwargs` dict, not in `**kwargs`
[transformers] Kwargs passed to `processor.__call__` have to be in `processor_kwargs` dict, not in `**kwargs`
[transformers] Kwargs passed to `processor.__call__` have to be in `processor_kwargs` dict, not in `**kwargs`
[transformers] Kwargs passed to `processor.__call__` have to be in `processor_kwargs` dict, not in `**kwargs`
[transformers] Kwargs passed to `processor.__call__` have to be in `processor_kwargs` dict, not in `**kwargs`
[transformers] Kwargs passed to `processor.__call__` have to be in `processor_kwargs` dict, not in `**kwargs`
[transformers] Kwargs passed to `processor.__call__` have to be in `processor_kwargs` dict, not in `**kwargs`
[transformers] Kwargs passed to `processor.__call__` have to be in `processor_kwargs` dict, not in `**kwargs`
[transformers] Kwargs passed to `processor.__call__` have to be in `processor_kwargs` dict, not in `**kwargs`
[transformers] Kwargs passed to `processor.__call__` have to be in `processor_kwargs` dict, not in `**kwargs`
[transformers] Kwargs passed to `processor.__call__` have to be in `processor_kwargs` dict, not in `**kwargs`
[transformers] Kwargs passed to `processor.__call__` have to be in `processor_kwargs` dict, not in `**kwargs`
[transformers] Kwargs passed to `processor.__call__` have to be in `processor_kwargs` dict, not in `**kwargs`
[transformers] Kwargs passed to `processor.__call__` have to be in `processor_kwargs` dict, not in `**kwargs`
[transformers] Kwargs passed to `processor.__call__` have to be in `processor_kwargs` dict, not in `**kwargs`
[transformers] Kwargs passed to `processor.__call__` have to be in `processor_kwargs` dict, not in `**kwargs`
[transformers] Kwargs passed to `processor.__call__` have to be in `processor_kwargs` dict, not in `**kwargs`
[transformers] Kwargs passed to `processor.__call__` have to be in `processor_kwargs` dict, not in `**kwargs`
[transformers] Kwargs passed to `processor.__call__` have to be in `processor_kwargs` dict, not in `**kwargs`
[transformers] Kwargs passed to `processor.__call__` have to be in `processor_kwargs` dict, not in `**kwargs`
[transformers] Kwargs passed to `processor.__call__` have to be in `processor_kwargs` dict, not in `**kwargs`
[transformers] Kwargs passed to `processor.__call__` have to be in `processor_kwargs` dict, not in `**kwargs`
[transformers] Kwargs passed to `processor.__call__` have to be in `processor_kwargs` dict, not in `**kwargs`
[transformers] Kwargs passed to `processor.__call__` have to be in `processor_kwargs` dict, not in `**kwargs`
[transformers] Kwargs passed to `processor.__call__` have to be in `processor_kwargs` dict, not in `**kwargs`
[transformers] Kwargs passed to `processor.__call__` have to be in `processor_kwargs` dict, not in `**kwargs`
[transformers] Kwargs passed to `processor.__call__` have to be in `processor_kwargs` dict, not in `**kwargs`
[transformers] Kwargs passed to `processor.__call__` have to be in `processor_kwargs` dict, not in `**kwargs`
[transformers] Kwargs passed to `processor.__call__` have to be in `processor_kwargs` dict, not in `**kwargs`
[transformers] Kwargs passed to `processor.__call__` have to be in `processor_kwargs` dict, not in `**kwargs`
[transformers] Kwargs passed to `processor.__call__` have to be in `processor_kwargs` dict, not in `**kwargs`
[transformers] Kwargs passed to `processor.__call__` have to be in `processor_kwargs` dict, not in `**kwargs`
[transformers] Kwargs passed to `processor.__call__` have to be in `processor_kwargs` dict, not in `**kwargs`
[transformers] Kwargs passed to `processor.__call__` have to be in `processor_kwargs` dict, not in `**kwargs`
[transformers] Kwargs passed to `processor.__call__` have to be in `processor_kwargs` dict, not in `**kwargs`
[transformers] Kwargs passed to `processor.__call__` have to be in `processor_kwargs` dict, not in `**kwargs`
  [25/40] x8F5xyUWy9e       timeout  min_d  6.36  calls  50  8s/ep
[transformers] Kwargs passed to `processor.__call__` have to be in `processor_kwargs` dict, not in `**kwargs`
[transformers] Kwargs passed to `processor.__call__` have to be in `processor_kwargs` dict, not in `**kwargs`
[transformers] Kwargs passed to `processor.__call__` have to be in `processor_kwargs` dict, not in `**kwargs`
[transformers] Kwargs passed to `processor.__call__` have to be in `processor_kwargs` dict, not in `**kwargs`
[transformers] Kwargs passed to `processor.__call__` have to be in `processor_kwargs` dict, not in `**kwargs`
[transformers] Kwargs passed to `processor.__call__` have to be in `processor_kwargs` dict, not in `**kwargs`
[transformers] Kwargs passed to `processor.__call__` have to be in `processor_kwargs` dict, not in `**kwargs`
[transformers] Kwargs passed to `processor.__call__` have to be in `processor_kwargs` dict, not in `**kwargs`
[transformers] Kwargs passed to `processor.__call__` have to be in `processor_kwargs` dict, not in `**kwargs`
[transformers] Kwargs passed to `processor.__call__` have to be in `processor_kwargs` dict, not in `**kwargs`
[transformers] Kwargs passed to `processor.__call__` have to be in `processor_kwargs` dict, not in `**kwargs`
[transformers] Kwargs passed to `processor.__call__` have to be in `processor_kwargs` dict, not in `**kwargs`
[transformers] Kwargs passed to `processor.__call__` have to be in `processor_kwargs` dict, not in `**kwargs`
[transformers] Kwargs passed to `processor.__call__` have to be in `processor_kwargs` dict, not in `**kwargs`
[transformers] Kwargs passed to `processor.__call__` have to be in `processor_kwargs` dict, not in `**kwargs`
[transformers] Kwargs passed to `processor.__call__` have to be in `processor_kwargs` dict, not in `**kwargs`
[transformers] Kwargs passed to `processor.__call__` have to be in `processor_kwargs` dict, not in `**kwargs`
[transformers] Kwargs passed to `processor.__call__` have to be in `processor_kwargs` dict, not in `**kwargs`
[transformers] Kwargs passed to `processor.__call__` have to be in `processor_kwargs` dict, not in `**kwargs`
[transformers] Kwargs passed to `processor.__call__` have to be in `processor_kwargs` dict, not in `**kwargs`
[transformers] Kwargs passed to `processor.__call__` have to be in `processor_kwargs` dict, not in `**kwargs`
  [26/40] x8F5xyUWy9e within_radius  min_d  2.97  calls  21  8s/ep
[transformers] Kwargs passed to `processor.__call__` have to be in `processor_kwargs` dict, not in `**kwargs`
[transformers] Kwargs passed to `processor.__call__` have to be in `processor_kwargs` dict, not in `**kwargs`
[transformers] Kwargs passed to `processor.__call__` have to be in `processor_kwargs` dict, not in `**kwargs`
[transformers] Kwargs passed to `processor.__call__` have to be in `processor_kwargs` dict, not in `**kwargs`
[transformers] Kwargs passed to `processor.__call__` have to be in `processor_kwargs` dict, not in `**kwargs`
[transformers] Kwargs passed to `processor.__call__` have to be in `processor_kwargs` dict, not in `**kwargs`
[transformers] Kwargs passed to `processor.__call__` have to be in `processor_kwargs` dict, not in `**kwargs`
[transformers] Kwargs passed to `processor.__call__` have to be in `processor_kwargs` dict, not in `**kwargs`
[transformers] Kwargs passed to `processor.__call__` have to be in `processor_kwargs` dict, not in `**kwargs`
[transformers] Kwargs passed to `processor.__call__` have to be in `processor_kwargs` dict, not in `**kwargs`
[transformers] Kwargs passed to `processor.__call__` have to be in `processor_kwargs` dict, not in `**kwargs`
[transformers] Kwargs passed to `processor.__call__` have to be in `processor_kwargs` dict, not in `**kwargs`
[transformers] Kwargs passed to `processor.__call__` have to be in `processor_kwargs` dict, not in `**kwargs`
[transformers] Kwargs passed to `processor.__call__` have to be in `processor_kwargs` dict, not in `**kwargs`
[transformers] Kwargs passed to `processor.__call__` have to be in `processor_kwargs` dict, not in `**kwargs`
[transformers] Kwargs passed to `processor.__call__` have to be in `processor_kwargs` dict, not in `**kwargs`
[transformers] Kwargs passed to `processor.__call__` have to be in `processor_kwargs` dict, not in `**kwargs`
[transformers] Kwargs passed to `processor.__call__` have to be in `processor_kwargs` dict, not in `**kwargs`
[transformers] Kwargs passed to `processor.__call__` have to be in `processor_kwargs` dict, not in `**kwargs`
[transformers] Kwargs passed to `processor.__call__` have to be in `processor_kwargs` dict, not in `**kwargs`
[transformers] Kwargs passed to `processor.__call__` have to be in `processor_kwargs` dict, not in `**kwargs`
[transformers] Kwargs passed to `processor.__call__` have to be in `processor_kwargs` dict, not in `**kwargs`
[transformers] Kwargs passed to `processor.__call__` have to be in `processor_kwargs` dict, not in `**kwargs`
[transformers] Kwargs passed to `processor.__call__` have to be in `processor_kwargs` dict, not in `**kwargs`
[transformers] Kwargs passed to `processor.__call__` have to be in `processor_kwargs` dict, not in `**kwargs`
[transformers] Kwargs passed to `processor.__call__` have to be in `processor_kwargs` dict, not in `**kwargs`
[transformers] Kwargs passed to `processor.__call__` have to be in `processor_kwargs` dict, not in `**kwargs`
[transformers] Kwargs passed to `processor.__call__` have to be in `processor_kwargs` dict, not in `**kwargs`
[transformers] Kwargs passed to `processor.__call__` have to be in `processor_kwargs` dict, not in `**kwargs`
[transformers] Kwargs passed to `processor.__call__` have to be in `processor_kwargs` dict, not in `**kwargs`
[transformers] Kwargs passed to `processor.__call__` have to be in `processor_kwargs` dict, not in `**kwargs`
[transformers] Kwargs passed to `processor.__call__` have to be in `processor_kwargs` dict, not in `**kwargs`
[transformers] Kwargs passed to `processor.__call__` have to be in `processor_kwargs` dict, not in `**kwargs`
[transformers] Kwargs passed to `processor.__call__` have to be in `processor_kwargs` dict, not in `**kwargs`
[transformers] Kwargs passed to `processor.__call__` have to be in `processor_kwargs` dict, not in `**kwargs`
[transformers] Kwargs passed to `processor.__call__` have to be in `processor_kwargs` dict, not in `**kwargs`
[transformers] Kwargs passed to `processor.__call__` have to be in `processor_kwargs` dict, not in `**kwargs`
[transformers] Kwargs passed to `processor.__call__` have to be in `processor_kwargs` dict, not in `**kwargs`
[transformers] Kwargs passed to `processor.__call__` have to be in `processor_kwargs` dict, not in `**kwargs`
[transformers] Kwargs passed to `processor.__call__` have to be in `processor_kwargs` dict, not in `**kwargs`
[transformers] Kwargs passed to `processor.__call__` have to be in `processor_kwargs` dict, not in `**kwargs`
[transformers] Kwargs passed to `processor.__call__` have to be in `processor_kwargs` dict, not in `**kwargs`
[transformers] Kwargs passed to `processor.__call__` have to be in `processor_kwargs` dict, not in `**kwargs`
[transformers] Kwargs passed to `processor.__call__` have to be in `processor_kwargs` dict, not in `**kwargs`
[transformers] Kwargs passed to `processor.__call__` have to be in `processor_kwargs` dict, not in `**kwargs`
[transformers] Kwargs passed to `processor.__call__` have to be in `processor_kwargs` dict, not in `**kwargs`
[transformers] Kwargs passed to `processor.__call__` have to be in `processor_kwargs` dict, not in `**kwargs`
[transformers] Kwargs passed to `processor.__call__` have to be in `processor_kwargs` dict, not in `**kwargs`
[transformers] Kwargs passed to `processor.__call__` have to be in `processor_kwargs` dict, not in `**kwargs`
[transformers] Kwargs passed to `processor.__call__` have to be in `processor_kwargs` dict, not in `**kwargs`
  [27/40] x8F5xyUWy9e       timeout  min_d  6.36  calls  50  8s/ep
[transformers] Kwargs passed to `processor.__call__` have to be in `processor_kwargs` dict, not in `**kwargs`
[transformers] Kwargs passed to `processor.__call__` have to be in `processor_kwargs` dict, not in `**kwargs`
[transformers] Kwargs passed to `processor.__call__` have to be in `processor_kwargs` dict, not in `**kwargs`
[transformers] Kwargs passed to `processor.__call__` have to be in `processor_kwargs` dict, not in `**kwargs`
[transformers] Kwargs passed to `processor.__call__` have to be in `processor_kwargs` dict, not in `**kwargs`
[transformers] Kwargs passed to `processor.__call__` have to be in `processor_kwargs` dict, not in `**kwargs`
[transformers] Kwargs passed to `processor.__call__` have to be in `processor_kwargs` dict, not in `**kwargs`
[transformers] Kwargs passed to `processor.__call__` have to be in `processor_kwargs` dict, not in `**kwargs`
[transformers] Kwargs passed to `processor.__call__` have to be in `processor_kwargs` dict, not in `**kwargs`
[transformers] Kwargs passed to `processor.__call__` have to be in `processor_kwargs` dict, not in `**kwargs`
[transformers] Kwargs passed to `processor.__call__` have to be in `processor_kwargs` dict, not in `**kwargs`
[transformers] Kwargs passed to `processor.__call__` have to be in `processor_kwargs` dict, not in `**kwargs`
[transformers] Kwargs passed to `processor.__call__` have to be in `processor_kwargs` dict, not in `**kwargs`
[transformers] Kwargs passed to `processor.__call__` have to be in `processor_kwargs` dict, not in `**kwargs`
[transformers] Kwargs passed to `processor.__call__` have to be in `processor_kwargs` dict, not in `**kwargs`
[transformers] Kwargs passed to `processor.__call__` have to be in `processor_kwargs` dict, not in `**kwargs`
[transformers] Kwargs passed to `processor.__call__` have to be in `processor_kwargs` dict, not in `**kwargs`
[transformers] Kwargs passed to `processor.__call__` have to be in `processor_kwargs` dict, not in `**kwargs`
  [28/40] zsNo4HB9uLZ within_radius  min_d  2.86  calls  18  8s/ep
[transformers] Kwargs passed to `processor.__call__` have to be in `processor_kwargs` dict, not in `**kwargs`
[transformers] Kwargs passed to `processor.__call__` have to be in `processor_kwargs` dict, not in `**kwargs`
[transformers] Kwargs passed to `processor.__call__` have to be in `processor_kwargs` dict, not in `**kwargs`
[transformers] Kwargs passed to `processor.__call__` have to be in `processor_kwargs` dict, not in `**kwargs`
[transformers] Kwargs passed to `processor.__call__` have to be in `processor_kwargs` dict, not in `**kwargs`
[transformers] Kwargs passed to `processor.__call__` have to be in `processor_kwargs` dict, not in `**kwargs`
[transformers] Kwargs passed to `processor.__call__` have to be in `processor_kwargs` dict, not in `**kwargs`
[transformers] Kwargs passed to `processor.__call__` have to be in `processor_kwargs` dict, not in `**kwargs`
[transformers] Kwargs passed to `processor.__call__` have to be in `processor_kwargs` dict, not in `**kwargs`
[transformers] Kwargs passed to `processor.__call__` have to be in `processor_kwargs` dict, not in `**kwargs`
[transformers] Kwargs passed to `processor.__call__` have to be in `processor_kwargs` dict, not in `**kwargs`
[transformers] Kwargs passed to `processor.__call__` have to be in `processor_kwargs` dict, not in `**kwargs`
[transformers] Kwargs passed to `processor.__call__` have to be in `processor_kwargs` dict, not in `**kwargs`
[transformers] Kwargs passed to `processor.__call__` have to be in `processor_kwargs` dict, not in `**kwargs`
[transformers] Kwargs passed to `processor.__call__` have to be in `processor_kwargs` dict, not in `**kwargs`
[transformers] Kwargs passed to `processor.__call__` have to be in `processor_kwargs` dict, not in `**kwargs`
[transformers] Kwargs passed to `processor.__call__` have to be in `processor_kwargs` dict, not in `**kwargs`
[transformers] Kwargs passed to `processor.__call__` have to be in `processor_kwargs` dict, not in `**kwargs`
[transformers] Kwargs passed to `processor.__call__` have to be in `processor_kwargs` dict, not in `**kwargs`
[transformers] Kwargs passed to `processor.__call__` have to be in `processor_kwargs` dict, not in `**kwargs`
[transformers] Kwargs passed to `processor.__call__` have to be in `processor_kwargs` dict, not in `**kwargs`
[transformers] Kwargs passed to `processor.__call__` have to be in `processor_kwargs` dict, not in `**kwargs`
[transformers] Kwargs passed to `processor.__call__` have to be in `processor_kwargs` dict, not in `**kwargs`
[transformers] Kwargs passed to `processor.__call__` have to be in `processor_kwargs` dict, not in `**kwargs`
[transformers] Kwargs passed to `processor.__call__` have to be in `processor_kwargs` dict, not in `**kwargs`
[transformers] Kwargs passed to `processor.__call__` have to be in `processor_kwargs` dict, not in `**kwargs`
[transformers] Kwargs passed to `processor.__call__` have to be in `processor_kwargs` dict, not in `**kwargs`
[transformers] Kwargs passed to `processor.__call__` have to be in `processor_kwargs` dict, not in `**kwargs`
[transformers] Kwargs passed to `processor.__call__` have to be in `processor_kwargs` dict, not in `**kwargs`
[transformers] Kwargs passed to `processor.__call__` have to be in `processor_kwargs` dict, not in `**kwargs`
[transformers] Kwargs passed to `processor.__call__` have to be in `processor_kwargs` dict, not in `**kwargs`
[transformers] Kwargs passed to `processor.__call__` have to be in `processor_kwargs` dict, not in `**kwargs`
[transformers] Kwargs passed to `processor.__call__` have to be in `processor_kwargs` dict, not in `**kwargs`
[transformers] Kwargs passed to `processor.__call__` have to be in `processor_kwargs` dict, not in `**kwargs`
[transformers] Kwargs passed to `processor.__call__` have to be in `processor_kwargs` dict, not in `**kwargs`
[transformers] Kwargs passed to `processor.__call__` have to be in `processor_kwargs` dict, not in `**kwargs`
[transformers] Kwargs passed to `processor.__call__` have to be in `processor_kwargs` dict, not in `**kwargs`
[transformers] Kwargs passed to `processor.__call__` have to be in `processor_kwargs` dict, not in `**kwargs`
[transformers] Kwargs passed to `processor.__call__` have to be in `processor_kwargs` dict, not in `**kwargs`
[transformers] Kwargs passed to `processor.__call__` have to be in `processor_kwargs` dict, not in `**kwargs`
[transformers] Kwargs passed to `processor.__call__` have to be in `processor_kwargs` dict, not in `**kwargs`
[transformers] Kwargs passed to `processor.__call__` have to be in `processor_kwargs` dict, not in `**kwargs`
[transformers] Kwargs passed to `processor.__call__` have to be in `processor_kwargs` dict, not in `**kwargs`
[transformers] Kwargs passed to `processor.__call__` have to be in `processor_kwargs` dict, not in `**kwargs`
[transformers] Kwargs passed to `processor.__call__` have to be in `processor_kwargs` dict, not in `**kwargs`
[transformers] Kwargs passed to `processor.__call__` have to be in `processor_kwargs` dict, not in `**kwargs`
[transformers] Kwargs passed to `processor.__call__` have to be in `processor_kwargs` dict, not in `**kwargs`
[transformers] Kwargs passed to `processor.__call__` have to be in `processor_kwargs` dict, not in `**kwargs`
[transformers] Kwargs passed to `processor.__call__` have to be in `processor_kwargs` dict, not in `**kwargs`
[transformers] Kwargs passed to `processor.__call__` have to be in `processor_kwargs` dict, not in `**kwargs`
  [29/40] zsNo4HB9uLZ       timeout  min_d  5.06  calls  50  8s/ep
[transformers] Kwargs passed to `processor.__call__` have to be in `processor_kwargs` dict, not in `**kwargs`
[transformers] Kwargs passed to `processor.__call__` have to be in `processor_kwargs` dict, not in `**kwargs`
[transformers] Kwargs passed to `processor.__call__` have to be in `processor_kwargs` dict, not in `**kwargs`
[transformers] Kwargs passed to `processor.__call__` have to be in `processor_kwargs` dict, not in `**kwargs`
[transformers] Kwargs passed to `processor.__call__` have to be in `processor_kwargs` dict, not in `**kwargs`
[transformers] Kwargs passed to `processor.__call__` have to be in `processor_kwargs` dict, not in `**kwargs`
[transformers] Kwargs passed to `processor.__call__` have to be in `processor_kwargs` dict, not in `**kwargs`
[transformers] Kwargs passed to `processor.__call__` have to be in `processor_kwargs` dict, not in `**kwargs`
[transformers] Kwargs passed to `processor.__call__` have to be in `processor_kwargs` dict, not in `**kwargs`
[transformers] Kwargs passed to `processor.__call__` have to be in `processor_kwargs` dict, not in `**kwargs`
[transformers] Kwargs passed to `processor.__call__` have to be in `processor_kwargs` dict, not in `**kwargs`
[transformers] Kwargs passed to `processor.__call__` have to be in `processor_kwargs` dict, not in `**kwargs`
[transformers] Kwargs passed to `processor.__call__` have to be in `processor_kwargs` dict, not in `**kwargs`
[transformers] Kwargs passed to `processor.__call__` have to be in `processor_kwargs` dict, not in `**kwargs`
[transformers] Kwargs passed to `processor.__call__` have to be in `processor_kwargs` dict, not in `**kwargs`
[transformers] Kwargs passed to `processor.__call__` have to be in `processor_kwargs` dict, not in `**kwargs`
[transformers] Kwargs passed to `processor.__call__` have to be in `processor_kwargs` dict, not in `**kwargs`
[transformers] Kwargs passed to `processor.__call__` have to be in `processor_kwargs` dict, not in `**kwargs`
[transformers] Kwargs passed to `processor.__call__` have to be in `processor_kwargs` dict, not in `**kwargs`
[transformers] Kwargs passed to `processor.__call__` have to be in `processor_kwargs` dict, not in `**kwargs`
[transformers] Kwargs passed to `processor.__call__` have to be in `processor_kwargs` dict, not in `**kwargs`
[transformers] Kwargs passed to `processor.__call__` have to be in `processor_kwargs` dict, not in `**kwargs`
[transformers] Kwargs passed to `processor.__call__` have to be in `processor_kwargs` dict, not in `**kwargs`
[transformers] Kwargs passed to `processor.__call__` have to be in `processor_kwargs` dict, not in `**kwargs`
[transformers] Kwargs passed to `processor.__call__` have to be in `processor_kwargs` dict, not in `**kwargs`
[transformers] Kwargs passed to `processor.__call__` have to be in `processor_kwargs` dict, not in `**kwargs`
[transformers] Kwargs passed to `processor.__call__` have to be in `processor_kwargs` dict, not in `**kwargs`
[transformers] Kwargs passed to `processor.__call__` have to be in `processor_kwargs` dict, not in `**kwargs`
[transformers] Kwargs passed to `processor.__call__` have to be in `processor_kwargs` dict, not in `**kwargs`
[transformers] Kwargs passed to `processor.__call__` have to be in `processor_kwargs` dict, not in `**kwargs`
[transformers] Kwargs passed to `processor.__call__` have to be in `processor_kwargs` dict, not in `**kwargs`
[transformers] Kwargs passed to `processor.__call__` have to be in `processor_kwargs` dict, not in `**kwargs`
[transformers] Kwargs passed to `processor.__call__` have to be in `processor_kwargs` dict, not in `**kwargs`
[transformers] Kwargs passed to `processor.__call__` have to be in `processor_kwargs` dict, not in `**kwargs`
[transformers] Kwargs passed to `processor.__call__` have to be in `processor_kwargs` dict, not in `**kwargs`
[transformers] Kwargs passed to `processor.__call__` have to be in `processor_kwargs` dict, not in `**kwargs`
[transformers] Kwargs passed to `processor.__call__` have to be in `processor_kwargs` dict, not in `**kwargs`
[transformers] Kwargs passed to `processor.__call__` have to be in `processor_kwargs` dict, not in `**kwargs`
[transformers] Kwargs passed to `processor.__call__` have to be in `processor_kwargs` dict, not in `**kwargs`
[transformers] Kwargs passed to `processor.__call__` have to be in `processor_kwargs` dict, not in `**kwargs`
[transformers] Kwargs passed to `processor.__call__` have to be in `processor_kwargs` dict, not in `**kwargs`
[transformers] Kwargs passed to `processor.__call__` have to be in `processor_kwargs` dict, not in `**kwargs`
[transformers] Kwargs passed to `processor.__call__` have to be in `processor_kwargs` dict, not in `**kwargs`
[transformers] Kwargs passed to `processor.__call__` have to be in `processor_kwargs` dict, not in `**kwargs`
[transformers] Kwargs passed to `processor.__call__` have to be in `processor_kwargs` dict, not in `**kwargs`
[transformers] Kwargs passed to `processor.__call__` have to be in `processor_kwargs` dict, not in `**kwargs`
[transformers] Kwargs passed to `processor.__call__` have to be in `processor_kwargs` dict, not in `**kwargs`
[transformers] Kwargs passed to `processor.__call__` have to be in `processor_kwargs` dict, not in `**kwargs`
[transformers] Kwargs passed to `processor.__call__` have to be in `processor_kwargs` dict, not in `**kwargs`
[transformers] Kwargs passed to `processor.__call__` have to be in `processor_kwargs` dict, not in `**kwargs`
  [30/40] zsNo4HB9uLZ       timeout  min_d  5.08  calls  50  9s/ep
[transformers] Kwargs passed to `processor.__call__` have to be in `processor_kwargs` dict, not in `**kwargs`
[transformers] Kwargs passed to `processor.__call__` have to be in `processor_kwargs` dict, not in `**kwargs`
[transformers] Kwargs passed to `processor.__call__` have to be in `processor_kwargs` dict, not in `**kwargs`
[transformers] Kwargs passed to `processor.__call__` have to be in `processor_kwargs` dict, not in `**kwargs`
[transformers] Kwargs passed to `processor.__call__` have to be in `processor_kwargs` dict, not in `**kwargs`
[transformers] Kwargs passed to `processor.__call__` have to be in `processor_kwargs` dict, not in `**kwargs`
[transformers] Kwargs passed to `processor.__call__` have to be in `processor_kwargs` dict, not in `**kwargs`
[transformers] Kwargs passed to `processor.__call__` have to be in `processor_kwargs` dict, not in `**kwargs`
[transformers] Kwargs passed to `processor.__call__` have to be in `processor_kwargs` dict, not in `**kwargs`
[transformers] Kwargs passed to `processor.__call__` have to be in `processor_kwargs` dict, not in `**kwargs`
[transformers] Kwargs passed to `processor.__call__` have to be in `processor_kwargs` dict, not in `**kwargs`
[transformers] Kwargs passed to `processor.__call__` have to be in `processor_kwargs` dict, not in `**kwargs`
[transformers] Kwargs passed to `processor.__call__` have to be in `processor_kwargs` dict, not in `**kwargs`
[transformers] Kwargs passed to `processor.__call__` have to be in `processor_kwargs` dict, not in `**kwargs`
[transformers] Kwargs passed to `processor.__call__` have to be in `processor_kwargs` dict, not in `**kwargs`
[transformers] Kwargs passed to `processor.__call__` have to be in `processor_kwargs` dict, not in `**kwargs`
[transformers] Kwargs passed to `processor.__call__` have to be in `processor_kwargs` dict, not in `**kwargs`
[transformers] Kwargs passed to `processor.__call__` have to be in `processor_kwargs` dict, not in `**kwargs`
[transformers] Kwargs passed to `processor.__call__` have to be in `processor_kwargs` dict, not in `**kwargs`
[transformers] Kwargs passed to `processor.__call__` have to be in `processor_kwargs` dict, not in `**kwargs`
[transformers] Kwargs passed to `processor.__call__` have to be in `processor_kwargs` dict, not in `**kwargs`
[transformers] Kwargs passed to `processor.__call__` have to be in `processor_kwargs` dict, not in `**kwargs`
[transformers] Kwargs passed to `processor.__call__` have to be in `processor_kwargs` dict, not in `**kwargs`
[transformers] Kwargs passed to `processor.__call__` have to be in `processor_kwargs` dict, not in `**kwargs`
[transformers] Kwargs passed to `processor.__call__` have to be in `processor_kwargs` dict, not in `**kwargs`
[transformers] Kwargs passed to `processor.__call__` have to be in `processor_kwargs` dict, not in `**kwargs`
[transformers] Kwargs passed to `processor.__call__` have to be in `processor_kwargs` dict, not in `**kwargs`
[transformers] Kwargs passed to `processor.__call__` have to be in `processor_kwargs` dict, not in `**kwargs`
[transformers] Kwargs passed to `processor.__call__` have to be in `processor_kwargs` dict, not in `**kwargs`
[transformers] Kwargs passed to `processor.__call__` have to be in `processor_kwargs` dict, not in `**kwargs`
[transformers] Kwargs passed to `processor.__call__` have to be in `processor_kwargs` dict, not in `**kwargs`
[transformers] Kwargs passed to `processor.__call__` have to be in `processor_kwargs` dict, not in `**kwargs`
[transformers] Kwargs passed to `processor.__call__` have to be in `processor_kwargs` dict, not in `**kwargs`
[transformers] Kwargs passed to `processor.__call__` have to be in `processor_kwargs` dict, not in `**kwargs`
[transformers] Kwargs passed to `processor.__call__` have to be in `processor_kwargs` dict, not in `**kwargs`
[transformers] Kwargs passed to `processor.__call__` have to be in `processor_kwargs` dict, not in `**kwargs`
[transformers] Kwargs passed to `processor.__call__` have to be in `processor_kwargs` dict, not in `**kwargs`
[transformers] Kwargs passed to `processor.__call__` have to be in `processor_kwargs` dict, not in `**kwargs`
[transformers] Kwargs passed to `processor.__call__` have to be in `processor_kwargs` dict, not in `**kwargs`
[transformers] Kwargs passed to `processor.__call__` have to be in `processor_kwargs` dict, not in `**kwargs`
[transformers] Kwargs passed to `processor.__call__` have to be in `processor_kwargs` dict, not in `**kwargs`
[transformers] Kwargs passed to `processor.__call__` have to be in `processor_kwargs` dict, not in `**kwargs`
[transformers] Kwargs passed to `processor.__call__` have to be in `processor_kwargs` dict, not in `**kwargs`
[transformers] Kwargs passed to `processor.__call__` have to be in `processor_kwargs` dict, not in `**kwargs`
[transformers] Kwargs passed to `processor.__call__` have to be in `processor_kwargs` dict, not in `**kwargs`
[transformers] Kwargs passed to `processor.__call__` have to be in `processor_kwargs` dict, not in `**kwargs`
[transformers] Kwargs passed to `processor.__call__` have to be in `processor_kwargs` dict, not in `**kwargs`
[transformers] Kwargs passed to `processor.__call__` have to be in `processor_kwargs` dict, not in `**kwargs`
[transformers] Kwargs passed to `processor.__call__` have to be in `processor_kwargs` dict, not in `**kwargs`
[transformers] Kwargs passed to `processor.__call__` have to be in `processor_kwargs` dict, not in `**kwargs`
[transformers] Kwargs passed to `processor.__call__` have to be in `processor_kwargs` dict, not in `**kwargs`
  [31/40] zsNo4HB9uLZ    model_stop  min_d  3.32  calls  51  9s/ep
[transformers] Kwargs passed to `processor.__call__` have to be in `processor_kwargs` dict, not in `**kwargs`
[transformers] Kwargs passed to `processor.__call__` have to be in `processor_kwargs` dict, not in `**kwargs`
[transformers] Kwargs passed to `processor.__call__` have to be in `processor_kwargs` dict, not in `**kwargs`
[transformers] Kwargs passed to `processor.__call__` have to be in `processor_kwargs` dict, not in `**kwargs`
[transformers] Kwargs passed to `processor.__call__` have to be in `processor_kwargs` dict, not in `**kwargs`
[transformers] Kwargs passed to `processor.__call__` have to be in `processor_kwargs` dict, not in `**kwargs`
[transformers] Kwargs passed to `processor.__call__` have to be in `processor_kwargs` dict, not in `**kwargs`
[transformers] Kwargs passed to `processor.__call__` have to be in `processor_kwargs` dict, not in `**kwargs`
[transformers] Kwargs passed to `processor.__call__` have to be in `processor_kwargs` dict, not in `**kwargs`
[transformers] Kwargs passed to `processor.__call__` have to be in `processor_kwargs` dict, not in `**kwargs`
[transformers] Kwargs passed to `processor.__call__` have to be in `processor_kwargs` dict, not in `**kwargs`
[transformers] Kwargs passed to `processor.__call__` have to be in `processor_kwargs` dict, not in `**kwargs`
[transformers] Kwargs passed to `processor.__call__` have to be in `processor_kwargs` dict, not in `**kwargs`
[transformers] Kwargs passed to `processor.__call__` have to be in `processor_kwargs` dict, not in `**kwargs`
[transformers] Kwargs passed to `processor.__call__` have to be in `processor_kwargs` dict, not in `**kwargs`
[transformers] Kwargs passed to `processor.__call__` have to be in `processor_kwargs` dict, not in `**kwargs`
[transformers] Kwargs passed to `processor.__call__` have to be in `processor_kwargs` dict, not in `**kwargs`
[transformers] Kwargs passed to `processor.__call__` have to be in `processor_kwargs` dict, not in `**kwargs`
[transformers] Kwargs passed to `processor.__call__` have to be in `processor_kwargs` dict, not in `**kwargs`
[transformers] Kwargs passed to `processor.__call__` have to be in `processor_kwargs` dict, not in `**kwargs`
[transformers] Kwargs passed to `processor.__call__` have to be in `processor_kwargs` dict, not in `**kwargs`
[transformers] Kwargs passed to `processor.__call__` have to be in `processor_kwargs` dict, not in `**kwargs`
[transformers] Kwargs passed to `processor.__call__` have to be in `processor_kwargs` dict, not in `**kwargs`
[transformers] Kwargs passed to `processor.__call__` have to be in `processor_kwargs` dict, not in `**kwargs`
[transformers] Kwargs passed to `processor.__call__` have to be in `processor_kwargs` dict, not in `**kwargs`
[transformers] Kwargs passed to `processor.__call__` have to be in `processor_kwargs` dict, not in `**kwargs`
[transformers] Kwargs passed to `processor.__call__` have to be in `processor_kwargs` dict, not in `**kwargs`
[transformers] Kwargs passed to `processor.__call__` have to be in `processor_kwargs` dict, not in `**kwargs`
[transformers] Kwargs passed to `processor.__call__` have to be in `processor_kwargs` dict, not in `**kwargs`
[transformers] Kwargs passed to `processor.__call__` have to be in `processor_kwargs` dict, not in `**kwargs`
[transformers] Kwargs passed to `processor.__call__` have to be in `processor_kwargs` dict, not in `**kwargs`
[transformers] Kwargs passed to `processor.__call__` have to be in `processor_kwargs` dict, not in `**kwargs`
[transformers] Kwargs passed to `processor.__call__` have to be in `processor_kwargs` dict, not in `**kwargs`
[transformers] Kwargs passed to `processor.__call__` have to be in `processor_kwargs` dict, not in `**kwargs`
[transformers] Kwargs passed to `processor.__call__` have to be in `processor_kwargs` dict, not in `**kwargs`
[transformers] Kwargs passed to `processor.__call__` have to be in `processor_kwargs` dict, not in `**kwargs`
[transformers] Kwargs passed to `processor.__call__` have to be in `processor_kwargs` dict, not in `**kwargs`
[transformers] Kwargs passed to `processor.__call__` have to be in `processor_kwargs` dict, not in `**kwargs`
[transformers] Kwargs passed to `processor.__call__` have to be in `processor_kwargs` dict, not in `**kwargs`
[transformers] Kwargs passed to `processor.__call__` have to be in `processor_kwargs` dict, not in `**kwargs`
[transformers] Kwargs passed to `processor.__call__` have to be in `processor_kwargs` dict, not in `**kwargs`
[transformers] Kwargs passed to `processor.__call__` have to be in `processor_kwargs` dict, not in `**kwargs`
[transformers] Kwargs passed to `processor.__call__` have to be in `processor_kwargs` dict, not in `**kwargs`
[transformers] Kwargs passed to `processor.__call__` have to be in `processor_kwargs` dict, not in `**kwargs`
[transformers] Kwargs passed to `processor.__call__` have to be in `processor_kwargs` dict, not in `**kwargs`
[transformers] Kwargs passed to `processor.__call__` have to be in `processor_kwargs` dict, not in `**kwargs`
[transformers] Kwargs passed to `processor.__call__` have to be in `processor_kwargs` dict, not in `**kwargs`
[transformers] Kwargs passed to `processor.__call__` have to be in `processor_kwargs` dict, not in `**kwargs`
[transformers] Kwargs passed to `processor.__call__` have to be in `processor_kwargs` dict, not in `**kwargs`
[transformers] Kwargs passed to `processor.__call__` have to be in `processor_kwargs` dict, not in `**kwargs`
[transformers] Kwargs passed to `processor.__call__` have to be in `processor_kwargs` dict, not in `**kwargs`
  [32/40] zsNo4HB9uLZ    model_stop  min_d  3.32  calls  51  9s/ep
[transformers] Kwargs passed to `processor.__call__` have to be in `processor_kwargs` dict, not in `**kwargs`
[transformers] Kwargs passed to `processor.__call__` have to be in `processor_kwargs` dict, not in `**kwargs`
  [33/40] zsNo4HB9uLZ    model_stop  min_d 12.04  calls   2  8s/ep
[transformers] Kwargs passed to `processor.__call__` have to be in `processor_kwargs` dict, not in `**kwargs`
[transformers] Kwargs passed to `processor.__call__` have to be in `processor_kwargs` dict, not in `**kwargs`
[transformers] Kwargs passed to `processor.__call__` have to be in `processor_kwargs` dict, not in `**kwargs`
[transformers] Kwargs passed to `processor.__call__` have to be in `processor_kwargs` dict, not in `**kwargs`
[transformers] Kwargs passed to `processor.__call__` have to be in `processor_kwargs` dict, not in `**kwargs`
[transformers] Kwargs passed to `processor.__call__` have to be in `processor_kwargs` dict, not in `**kwargs`
[transformers] Kwargs passed to `processor.__call__` have to be in `processor_kwargs` dict, not in `**kwargs`
[transformers] Kwargs passed to `processor.__call__` have to be in `processor_kwargs` dict, not in `**kwargs`
[transformers] Kwargs passed to `processor.__call__` have to be in `processor_kwargs` dict, not in `**kwargs`
[transformers] Kwargs passed to `processor.__call__` have to be in `processor_kwargs` dict, not in `**kwargs`
[transformers] Kwargs passed to `processor.__call__` have to be in `processor_kwargs` dict, not in `**kwargs`
[transformers] Kwargs passed to `processor.__call__` have to be in `processor_kwargs` dict, not in `**kwargs`
[transformers] Kwargs passed to `processor.__call__` have to be in `processor_kwargs` dict, not in `**kwargs`
[transformers] Kwargs passed to `processor.__call__` have to be in `processor_kwargs` dict, not in `**kwargs`
[transformers] Kwargs passed to `processor.__call__` have to be in `processor_kwargs` dict, not in `**kwargs`
[transformers] Kwargs passed to `processor.__call__` have to be in `processor_kwargs` dict, not in `**kwargs`
[transformers] Kwargs passed to `processor.__call__` have to be in `processor_kwargs` dict, not in `**kwargs`
[transformers] Kwargs passed to `processor.__call__` have to be in `processor_kwargs` dict, not in `**kwargs`
[transformers] Kwargs passed to `processor.__call__` have to be in `processor_kwargs` dict, not in `**kwargs`
[transformers] Kwargs passed to `processor.__call__` have to be in `processor_kwargs` dict, not in `**kwargs`
[transformers] Kwargs passed to `processor.__call__` have to be in `processor_kwargs` dict, not in `**kwargs`
[transformers] Kwargs passed to `processor.__call__` have to be in `processor_kwargs` dict, not in `**kwargs`
[transformers] Kwargs passed to `processor.__call__` have to be in `processor_kwargs` dict, not in `**kwargs`
[transformers] Kwargs passed to `processor.__call__` have to be in `processor_kwargs` dict, not in `**kwargs`
[transformers] Kwargs passed to `processor.__call__` have to be in `processor_kwargs` dict, not in `**kwargs`
[transformers] Kwargs passed to `processor.__call__` have to be in `processor_kwargs` dict, not in `**kwargs`
[transformers] Kwargs passed to `processor.__call__` have to be in `processor_kwargs` dict, not in `**kwargs`
[transformers] Kwargs passed to `processor.__call__` have to be in `processor_kwargs` dict, not in `**kwargs`
[transformers] Kwargs passed to `processor.__call__` have to be in `processor_kwargs` dict, not in `**kwargs`
[transformers] Kwargs passed to `processor.__call__` have to be in `processor_kwargs` dict, not in `**kwargs`
[transformers] Kwargs passed to `processor.__call__` have to be in `processor_kwargs` dict, not in `**kwargs`
[transformers] Kwargs passed to `processor.__call__` have to be in `processor_kwargs` dict, not in `**kwargs`
[transformers] Kwargs passed to `processor.__call__` have to be in `processor_kwargs` dict, not in `**kwargs`
[transformers] Kwargs passed to `processor.__call__` have to be in `processor_kwargs` dict, not in `**kwargs`
[transformers] Kwargs passed to `processor.__call__` have to be in `processor_kwargs` dict, not in `**kwargs`
[transformers] Kwargs passed to `processor.__call__` have to be in `processor_kwargs` dict, not in `**kwargs`
[transformers] Kwargs passed to `processor.__call__` have to be in `processor_kwargs` dict, not in `**kwargs`
[transformers] Kwargs passed to `processor.__call__` have to be in `processor_kwargs` dict, not in `**kwargs`
[transformers] Kwargs passed to `processor.__call__` have to be in `processor_kwargs` dict, not in `**kwargs`
[transformers] Kwargs passed to `processor.__call__` have to be in `processor_kwargs` dict, not in `**kwargs`
[transformers] Kwargs passed to `processor.__call__` have to be in `processor_kwargs` dict, not in `**kwargs`
[transformers] Kwargs passed to `processor.__call__` have to be in `processor_kwargs` dict, not in `**kwargs`
[transformers] Kwargs passed to `processor.__call__` have to be in `processor_kwargs` dict, not in `**kwargs`
[transformers] Kwargs passed to `processor.__call__` have to be in `processor_kwargs` dict, not in `**kwargs`
[transformers] Kwargs passed to `processor.__call__` have to be in `processor_kwargs` dict, not in `**kwargs`
[transformers] Kwargs passed to `processor.__call__` have to be in `processor_kwargs` dict, not in `**kwargs`
[transformers] Kwargs passed to `processor.__call__` have to be in `processor_kwargs` dict, not in `**kwargs`
[transformers] Kwargs passed to `processor.__call__` have to be in `processor_kwargs` dict, not in `**kwargs`
[transformers] Kwargs passed to `processor.__call__` have to be in `processor_kwargs` dict, not in `**kwargs`
[transformers] Kwargs passed to `processor.__call__` have to be in `processor_kwargs` dict, not in `**kwargs`
  [34/40] zsNo4HB9uLZ       timeout  min_d 10.70  calls  50  9s/ep
[transformers] Kwargs passed to `processor.__call__` have to be in `processor_kwargs` dict, not in `**kwargs`
[transformers] Kwargs passed to `processor.__call__` have to be in `processor_kwargs` dict, not in `**kwargs`
[transformers] Kwargs passed to `processor.__call__` have to be in `processor_kwargs` dict, not in `**kwargs`
[transformers] Kwargs passed to `processor.__call__` have to be in `processor_kwargs` dict, not in `**kwargs`
[transformers] Kwargs passed to `processor.__call__` have to be in `processor_kwargs` dict, not in `**kwargs`
[transformers] Kwargs passed to `processor.__call__` have to be in `processor_kwargs` dict, not in `**kwargs`
[transformers] Kwargs passed to `processor.__call__` have to be in `processor_kwargs` dict, not in `**kwargs`
[transformers] Kwargs passed to `processor.__call__` have to be in `processor_kwargs` dict, not in `**kwargs`
[transformers] Kwargs passed to `processor.__call__` have to be in `processor_kwargs` dict, not in `**kwargs`
[transformers] Kwargs passed to `processor.__call__` have to be in `processor_kwargs` dict, not in `**kwargs`
[transformers] Kwargs passed to `processor.__call__` have to be in `processor_kwargs` dict, not in `**kwargs`
[transformers] Kwargs passed to `processor.__call__` have to be in `processor_kwargs` dict, not in `**kwargs`
[transformers] Kwargs passed to `processor.__call__` have to be in `processor_kwargs` dict, not in `**kwargs`
[transformers] Kwargs passed to `processor.__call__` have to be in `processor_kwargs` dict, not in `**kwargs`
[transformers] Kwargs passed to `processor.__call__` have to be in `processor_kwargs` dict, not in `**kwargs`
[transformers] Kwargs passed to `processor.__call__` have to be in `processor_kwargs` dict, not in `**kwargs`
[transformers] Kwargs passed to `processor.__call__` have to be in `processor_kwargs` dict, not in `**kwargs`
[transformers] Kwargs passed to `processor.__call__` have to be in `processor_kwargs` dict, not in `**kwargs`
[transformers] Kwargs passed to `processor.__call__` have to be in `processor_kwargs` dict, not in `**kwargs`
[transformers] Kwargs passed to `processor.__call__` have to be in `processor_kwargs` dict, not in `**kwargs`
[transformers] Kwargs passed to `processor.__call__` have to be in `processor_kwargs` dict, not in `**kwargs`
[transformers] Kwargs passed to `processor.__call__` have to be in `processor_kwargs` dict, not in `**kwargs`
[transformers] Kwargs passed to `processor.__call__` have to be in `processor_kwargs` dict, not in `**kwargs`
[transformers] Kwargs passed to `processor.__call__` have to be in `processor_kwargs` dict, not in `**kwargs`
[transformers] Kwargs passed to `processor.__call__` have to be in `processor_kwargs` dict, not in `**kwargs`
[transformers] Kwargs passed to `processor.__call__` have to be in `processor_kwargs` dict, not in `**kwargs`
[transformers] Kwargs passed to `processor.__call__` have to be in `processor_kwargs` dict, not in `**kwargs`
[transformers] Kwargs passed to `processor.__call__` have to be in `processor_kwargs` dict, not in `**kwargs`
[transformers] Kwargs passed to `processor.__call__` have to be in `processor_kwargs` dict, not in `**kwargs`
[transformers] Kwargs passed to `processor.__call__` have to be in `processor_kwargs` dict, not in `**kwargs`
[transformers] Kwargs passed to `processor.__call__` have to be in `processor_kwargs` dict, not in `**kwargs`
[transformers] Kwargs passed to `processor.__call__` have to be in `processor_kwargs` dict, not in `**kwargs`
[transformers] Kwargs passed to `processor.__call__` have to be in `processor_kwargs` dict, not in `**kwargs`
[transformers] Kwargs passed to `processor.__call__` have to be in `processor_kwargs` dict, not in `**kwargs`
[transformers] Kwargs passed to `processor.__call__` have to be in `processor_kwargs` dict, not in `**kwargs`
[transformers] Kwargs passed to `processor.__call__` have to be in `processor_kwargs` dict, not in `**kwargs`
[transformers] Kwargs passed to `processor.__call__` have to be in `processor_kwargs` dict, not in `**kwargs`
[transformers] Kwargs passed to `processor.__call__` have to be in `processor_kwargs` dict, not in `**kwargs`
[transformers] Kwargs passed to `processor.__call__` have to be in `processor_kwargs` dict, not in `**kwargs`
[transformers] Kwargs passed to `processor.__call__` have to be in `processor_kwargs` dict, not in `**kwargs`
[transformers] Kwargs passed to `processor.__call__` have to be in `processor_kwargs` dict, not in `**kwargs`
[transformers] Kwargs passed to `processor.__call__` have to be in `processor_kwargs` dict, not in `**kwargs`
[transformers] Kwargs passed to `processor.__call__` have to be in `processor_kwargs` dict, not in `**kwargs`
[transformers] Kwargs passed to `processor.__call__` have to be in `processor_kwargs` dict, not in `**kwargs`
[transformers] Kwargs passed to `processor.__call__` have to be in `processor_kwargs` dict, not in `**kwargs`
[transformers] Kwargs passed to `processor.__call__` have to be in `processor_kwargs` dict, not in `**kwargs`
[transformers] Kwargs passed to `processor.__call__` have to be in `processor_kwargs` dict, not in `**kwargs`
[transformers] Kwargs passed to `processor.__call__` have to be in `processor_kwargs` dict, not in `**kwargs`
[transformers] Kwargs passed to `processor.__call__` have to be in `processor_kwargs` dict, not in `**kwargs`
[transformers] Kwargs passed to `processor.__call__` have to be in `processor_kwargs` dict, not in `**kwargs`
  [35/40] zsNo4HB9uLZ       timeout  min_d 10.70  calls  50  9s/ep
[transformers] Kwargs passed to `processor.__call__` have to be in `processor_kwargs` dict, not in `**kwargs`
[transformers] Kwargs passed to `processor.__call__` have to be in `processor_kwargs` dict, not in `**kwargs`
[transformers] Kwargs passed to `processor.__call__` have to be in `processor_kwargs` dict, not in `**kwargs`
[transformers] Kwargs passed to `processor.__call__` have to be in `processor_kwargs` dict, not in `**kwargs`
[transformers] Kwargs passed to `processor.__call__` have to be in `processor_kwargs` dict, not in `**kwargs`
[transformers] Kwargs passed to `processor.__call__` have to be in `processor_kwargs` dict, not in `**kwargs`
[transformers] Kwargs passed to `processor.__call__` have to be in `processor_kwargs` dict, not in `**kwargs`
[transformers] Kwargs passed to `processor.__call__` have to be in `processor_kwargs` dict, not in `**kwargs`
[transformers] Kwargs passed to `processor.__call__` have to be in `processor_kwargs` dict, not in `**kwargs`
[transformers] Kwargs passed to `processor.__call__` have to be in `processor_kwargs` dict, not in `**kwargs`
[transformers] Kwargs passed to `processor.__call__` have to be in `processor_kwargs` dict, not in `**kwargs`
[transformers] Kwargs passed to `processor.__call__` have to be in `processor_kwargs` dict, not in `**kwargs`
[transformers] Kwargs passed to `processor.__call__` have to be in `processor_kwargs` dict, not in `**kwargs`
[transformers] Kwargs passed to `processor.__call__` have to be in `processor_kwargs` dict, not in `**kwargs`
[transformers] Kwargs passed to `processor.__call__` have to be in `processor_kwargs` dict, not in `**kwargs`
[transformers] Kwargs passed to `processor.__call__` have to be in `processor_kwargs` dict, not in `**kwargs`
[transformers] Kwargs passed to `processor.__call__` have to be in `processor_kwargs` dict, not in `**kwargs`
[transformers] Kwargs passed to `processor.__call__` have to be in `processor_kwargs` dict, not in `**kwargs`
[transformers] Kwargs passed to `processor.__call__` have to be in `processor_kwargs` dict, not in `**kwargs`
[transformers] Kwargs passed to `processor.__call__` have to be in `processor_kwargs` dict, not in `**kwargs`
[transformers] Kwargs passed to `processor.__call__` have to be in `processor_kwargs` dict, not in `**kwargs`
[transformers] Kwargs passed to `processor.__call__` have to be in `processor_kwargs` dict, not in `**kwargs`
[transformers] Kwargs passed to `processor.__call__` have to be in `processor_kwargs` dict, not in `**kwargs`
[transformers] Kwargs passed to `processor.__call__` have to be in `processor_kwargs` dict, not in `**kwargs`
[transformers] Kwargs passed to `processor.__call__` have to be in `processor_kwargs` dict, not in `**kwargs`
[transformers] Kwargs passed to `processor.__call__` have to be in `processor_kwargs` dict, not in `**kwargs`
[transformers] Kwargs passed to `processor.__call__` have to be in `processor_kwargs` dict, not in `**kwargs`
[transformers] Kwargs passed to `processor.__call__` have to be in `processor_kwargs` dict, not in `**kwargs`
[transformers] Kwargs passed to `processor.__call__` have to be in `processor_kwargs` dict, not in `**kwargs`
[transformers] Kwargs passed to `processor.__call__` have to be in `processor_kwargs` dict, not in `**kwargs`
[transformers] Kwargs passed to `processor.__call__` have to be in `processor_kwargs` dict, not in `**kwargs`
[transformers] Kwargs passed to `processor.__call__` have to be in `processor_kwargs` dict, not in `**kwargs`
[transformers] Kwargs passed to `processor.__call__` have to be in `processor_kwargs` dict, not in `**kwargs`
[transformers] Kwargs passed to `processor.__call__` have to be in `processor_kwargs` dict, not in `**kwargs`
[transformers] Kwargs passed to `processor.__call__` have to be in `processor_kwargs` dict, not in `**kwargs`
[transformers] Kwargs passed to `processor.__call__` have to be in `processor_kwargs` dict, not in `**kwargs`
[transformers] Kwargs passed to `processor.__call__` have to be in `processor_kwargs` dict, not in `**kwargs`
[transformers] Kwargs passed to `processor.__call__` have to be in `processor_kwargs` dict, not in `**kwargs`
[transformers] Kwargs passed to `processor.__call__` have to be in `processor_kwargs` dict, not in `**kwargs`
[transformers] Kwargs passed to `processor.__call__` have to be in `processor_kwargs` dict, not in `**kwargs`
[transformers] Kwargs passed to `processor.__call__` have to be in `processor_kwargs` dict, not in `**kwargs`
[transformers] Kwargs passed to `processor.__call__` have to be in `processor_kwargs` dict, not in `**kwargs`
[transformers] Kwargs passed to `processor.__call__` have to be in `processor_kwargs` dict, not in `**kwargs`
[transformers] Kwargs passed to `processor.__call__` have to be in `processor_kwargs` dict, not in `**kwargs`
[transformers] Kwargs passed to `processor.__call__` have to be in `processor_kwargs` dict, not in `**kwargs`
[transformers] Kwargs passed to `processor.__call__` have to be in `processor_kwargs` dict, not in `**kwargs`
[transformers] Kwargs passed to `processor.__call__` have to be in `processor_kwargs` dict, not in `**kwargs`
[transformers] Kwargs passed to `processor.__call__` have to be in `processor_kwargs` dict, not in `**kwargs`
[transformers] Kwargs passed to `processor.__call__` have to be in `processor_kwargs` dict, not in `**kwargs`
[transformers] Kwargs passed to `processor.__call__` have to be in `processor_kwargs` dict, not in `**kwargs`
  [36/40] zsNo4HB9uLZ       timeout  min_d 10.70  calls  50  9s/ep
[transformers] Kwargs passed to `processor.__call__` have to be in `processor_kwargs` dict, not in `**kwargs`
[transformers] Kwargs passed to `processor.__call__` have to be in `processor_kwargs` dict, not in `**kwargs`
[transformers] Kwargs passed to `processor.__call__` have to be in `processor_kwargs` dict, not in `**kwargs`
[transformers] Kwargs passed to `processor.__call__` have to be in `processor_kwargs` dict, not in `**kwargs`
[transformers] Kwargs passed to `processor.__call__` have to be in `processor_kwargs` dict, not in `**kwargs`
[transformers] Kwargs passed to `processor.__call__` have to be in `processor_kwargs` dict, not in `**kwargs`
[transformers] Kwargs passed to `processor.__call__` have to be in `processor_kwargs` dict, not in `**kwargs`
[transformers] Kwargs passed to `processor.__call__` have to be in `processor_kwargs` dict, not in `**kwargs`
[transformers] Kwargs passed to `processor.__call__` have to be in `processor_kwargs` dict, not in `**kwargs`
[transformers] Kwargs passed to `processor.__call__` have to be in `processor_kwargs` dict, not in `**kwargs`
[transformers] Kwargs passed to `processor.__call__` have to be in `processor_kwargs` dict, not in `**kwargs`
[transformers] Kwargs passed to `processor.__call__` have to be in `processor_kwargs` dict, not in `**kwargs`
[transformers] Kwargs passed to `processor.__call__` have to be in `processor_kwargs` dict, not in `**kwargs`
[transformers] Kwargs passed to `processor.__call__` have to be in `processor_kwargs` dict, not in `**kwargs`
[transformers] Kwargs passed to `processor.__call__` have to be in `processor_kwargs` dict, not in `**kwargs`
[transformers] Kwargs passed to `processor.__call__` have to be in `processor_kwargs` dict, not in `**kwargs`
  [37/40] zsNo4HB9uLZ within_radius  min_d  2.86  calls  16  9s/ep
[transformers] Kwargs passed to `processor.__call__` have to be in `processor_kwargs` dict, not in `**kwargs`
[transformers] Kwargs passed to `processor.__call__` have to be in `processor_kwargs` dict, not in `**kwargs`
[transformers] Kwargs passed to `processor.__call__` have to be in `processor_kwargs` dict, not in `**kwargs`
[transformers] Kwargs passed to `processor.__call__` have to be in `processor_kwargs` dict, not in `**kwargs`
[transformers] Kwargs passed to `processor.__call__` have to be in `processor_kwargs` dict, not in `**kwargs`
[transformers] Kwargs passed to `processor.__call__` have to be in `processor_kwargs` dict, not in `**kwargs`
[transformers] Kwargs passed to `processor.__call__` have to be in `processor_kwargs` dict, not in `**kwargs`
[transformers] Kwargs passed to `processor.__call__` have to be in `processor_kwargs` dict, not in `**kwargs`
[transformers] Kwargs passed to `processor.__call__` have to be in `processor_kwargs` dict, not in `**kwargs`
[transformers] Kwargs passed to `processor.__call__` have to be in `processor_kwargs` dict, not in `**kwargs`
[transformers] Kwargs passed to `processor.__call__` have to be in `processor_kwargs` dict, not in `**kwargs`
[transformers] Kwargs passed to `processor.__call__` have to be in `processor_kwargs` dict, not in `**kwargs`
[transformers] Kwargs passed to `processor.__call__` have to be in `processor_kwargs` dict, not in `**kwargs`
[transformers] Kwargs passed to `processor.__call__` have to be in `processor_kwargs` dict, not in `**kwargs`
[transformers] Kwargs passed to `processor.__call__` have to be in `processor_kwargs` dict, not in `**kwargs`
[transformers] Kwargs passed to `processor.__call__` have to be in `processor_kwargs` dict, not in `**kwargs`
[transformers] Kwargs passed to `processor.__call__` have to be in `processor_kwargs` dict, not in `**kwargs`
[transformers] Kwargs passed to `processor.__call__` have to be in `processor_kwargs` dict, not in `**kwargs`
[transformers] Kwargs passed to `processor.__call__` have to be in `processor_kwargs` dict, not in `**kwargs`
[transformers] Kwargs passed to `processor.__call__` have to be in `processor_kwargs` dict, not in `**kwargs`
[transformers] Kwargs passed to `processor.__call__` have to be in `processor_kwargs` dict, not in `**kwargs`
[transformers] Kwargs passed to `processor.__call__` have to be in `processor_kwargs` dict, not in `**kwargs`
[transformers] Kwargs passed to `processor.__call__` have to be in `processor_kwargs` dict, not in `**kwargs`
[transformers] Kwargs passed to `processor.__call__` have to be in `processor_kwargs` dict, not in `**kwargs`
[transformers] Kwargs passed to `processor.__call__` have to be in `processor_kwargs` dict, not in `**kwargs`
[transformers] Kwargs passed to `processor.__call__` have to be in `processor_kwargs` dict, not in `**kwargs`
[transformers] Kwargs passed to `processor.__call__` have to be in `processor_kwargs` dict, not in `**kwargs`
[transformers] Kwargs passed to `processor.__call__` have to be in `processor_kwargs` dict, not in `**kwargs`
[transformers] Kwargs passed to `processor.__call__` have to be in `processor_kwargs` dict, not in `**kwargs`
[transformers] Kwargs passed to `processor.__call__` have to be in `processor_kwargs` dict, not in `**kwargs`
[transformers] Kwargs passed to `processor.__call__` have to be in `processor_kwargs` dict, not in `**kwargs`
[transformers] Kwargs passed to `processor.__call__` have to be in `processor_kwargs` dict, not in `**kwargs`
[transformers] Kwargs passed to `processor.__call__` have to be in `processor_kwargs` dict, not in `**kwargs`
[transformers] Kwargs passed to `processor.__call__` have to be in `processor_kwargs` dict, not in `**kwargs`
  [38/40] zsNo4HB9uLZ within_radius  min_d  2.88  calls  34  9s/ep
[transformers] Kwargs passed to `processor.__call__` have to be in `processor_kwargs` dict, not in `**kwargs`
[transformers] Kwargs passed to `processor.__call__` have to be in `processor_kwargs` dict, not in `**kwargs`
[transformers] Kwargs passed to `processor.__call__` have to be in `processor_kwargs` dict, not in `**kwargs`
[transformers] Kwargs passed to `processor.__call__` have to be in `processor_kwargs` dict, not in `**kwargs`
[transformers] Kwargs passed to `processor.__call__` have to be in `processor_kwargs` dict, not in `**kwargs`
[transformers] Kwargs passed to `processor.__call__` have to be in `processor_kwargs` dict, not in `**kwargs`
[transformers] Kwargs passed to `processor.__call__` have to be in `processor_kwargs` dict, not in `**kwargs`
[transformers] Kwargs passed to `processor.__call__` have to be in `processor_kwargs` dict, not in `**kwargs`
[transformers] Kwargs passed to `processor.__call__` have to be in `processor_kwargs` dict, not in `**kwargs`
[transformers] Kwargs passed to `processor.__call__` have to be in `processor_kwargs` dict, not in `**kwargs`
[transformers] Kwargs passed to `processor.__call__` have to be in `processor_kwargs` dict, not in `**kwargs`
[transformers] Kwargs passed to `processor.__call__` have to be in `processor_kwargs` dict, not in `**kwargs`
[transformers] Kwargs passed to `processor.__call__` have to be in `processor_kwargs` dict, not in `**kwargs`
[transformers] Kwargs passed to `processor.__call__` have to be in `processor_kwargs` dict, not in `**kwargs`
[transformers] Kwargs passed to `processor.__call__` have to be in `processor_kwargs` dict, not in `**kwargs`
[transformers] Kwargs passed to `processor.__call__` have to be in `processor_kwargs` dict, not in `**kwargs`
[transformers] Kwargs passed to `processor.__call__` have to be in `processor_kwargs` dict, not in `**kwargs`
  [39/40] zsNo4HB9uLZ within_radius  min_d  2.86  calls  17  8s/ep
[transformers] Kwargs passed to `processor.__call__` have to be in `processor_kwargs` dict, not in `**kwargs`
[transformers] Kwargs passed to `processor.__call__` have to be in `processor_kwargs` dict, not in `**kwargs`
[transformers] Kwargs passed to `processor.__call__` have to be in `processor_kwargs` dict, not in `**kwargs`
[transformers] Kwargs passed to `processor.__call__` have to be in `processor_kwargs` dict, not in `**kwargs`
[transformers] Kwargs passed to `processor.__call__` have to be in `processor_kwargs` dict, not in `**kwargs`
[transformers] Kwargs passed to `processor.__call__` have to be in `processor_kwargs` dict, not in `**kwargs`
[transformers] Kwargs passed to `processor.__call__` have to be in `processor_kwargs` dict, not in `**kwargs`
[transformers] Kwargs passed to `processor.__call__` have to be in `processor_kwargs` dict, not in `**kwargs`
[transformers] Kwargs passed to `processor.__call__` have to be in `processor_kwargs` dict, not in `**kwargs`
[transformers] Kwargs passed to `processor.__call__` have to be in `processor_kwargs` dict, not in `**kwargs`
[transformers] Kwargs passed to `processor.__call__` have to be in `processor_kwargs` dict, not in `**kwargs`
[transformers] Kwargs passed to `processor.__call__` have to be in `processor_kwargs` dict, not in `**kwargs`
[transformers] Kwargs passed to `processor.__call__` have to be in `processor_kwargs` dict, not in `**kwargs`
[transformers] Kwargs passed to `processor.__call__` have to be in `processor_kwargs` dict, not in `**kwargs`
[transformers] Kwargs passed to `processor.__call__` have to be in `processor_kwargs` dict, not in `**kwargs`
[transformers] Kwargs passed to `processor.__call__` have to be in `processor_kwargs` dict, not in `**kwargs`
[transformers] Kwargs passed to `processor.__call__` have to be in `processor_kwargs` dict, not in `**kwargs`
[transformers] Kwargs passed to `processor.__call__` have to be in `processor_kwargs` dict, not in `**kwargs`
[transformers] Kwargs passed to `processor.__call__` have to be in `processor_kwargs` dict, not in `**kwargs`
[transformers] Kwargs passed to `processor.__call__` have to be in `processor_kwargs` dict, not in `**kwargs`
[transformers] Kwargs passed to `processor.__call__` have to be in `processor_kwargs` dict, not in `**kwargs`
[transformers] Kwargs passed to `processor.__call__` have to be in `processor_kwargs` dict, not in `**kwargs`
[transformers] Kwargs passed to `processor.__call__` have to be in `processor_kwargs` dict, not in `**kwargs`
[transformers] Kwargs passed to `processor.__call__` have to be in `processor_kwargs` dict, not in `**kwargs`
[transformers] Kwargs passed to `processor.__call__` have to be in `processor_kwargs` dict, not in `**kwargs`
[transformers] Kwargs passed to `processor.__call__` have to be in `processor_kwargs` dict, not in `**kwargs`
[transformers] Kwargs passed to `processor.__call__` have to be in `processor_kwargs` dict, not in `**kwargs`
[transformers] Kwargs passed to `processor.__call__` have to be in `processor_kwargs` dict, not in `**kwargs`
[transformers] Kwargs passed to `processor.__call__` have to be in `processor_kwargs` dict, not in `**kwargs`
[transformers] Kwargs passed to `processor.__call__` have to be in `processor_kwargs` dict, not in `**kwargs`
[transformers] Kwargs passed to `processor.__call__` have to be in `processor_kwargs` dict, not in `**kwargs`
[transformers] Kwargs passed to `processor.__call__` have to be in `processor_kwargs` dict, not in `**kwargs`
[transformers] Kwargs passed to `processor.__call__` have to be in `processor_kwargs` dict, not in `**kwargs`
[transformers] Kwargs passed to `processor.__call__` have to be in `processor_kwargs` dict, not in `**kwargs`
[transformers] Kwargs passed to `processor.__call__` have to be in `processor_kwargs` dict, not in `**kwargs`
[transformers] Kwargs passed to `processor.__call__` have to be in `processor_kwargs` dict, not in `**kwargs`
[transformers] Kwargs passed to `processor.__call__` have to be in `processor_kwargs` dict, not in `**kwargs`
[transformers] Kwargs passed to `processor.__call__` have to be in `processor_kwargs` dict, not in `**kwargs`
[transformers] Kwargs passed to `processor.__call__` have to be in `processor_kwargs` dict, not in `**kwargs`
[transformers] Kwargs passed to `processor.__call__` have to be in `processor_kwargs` dict, not in `**kwargs`
[transformers] Kwargs passed to `processor.__call__` have to be in `processor_kwargs` dict, not in `**kwargs`
[transformers] Kwargs passed to `processor.__call__` have to be in `processor_kwargs` dict, not in `**kwargs`
[transformers] Kwargs passed to `processor.__call__` have to be in `processor_kwargs` dict, not in `**kwargs`
[transformers] Kwargs passed to `processor.__call__` have to be in `processor_kwargs` dict, not in `**kwargs`
[transformers] Kwargs passed to `processor.__call__` have to be in `processor_kwargs` dict, not in `**kwargs`
[transformers] Kwargs passed to `processor.__call__` have to be in `processor_kwargs` dict, not in `**kwargs`
[transformers] Kwargs passed to `processor.__call__` have to be in `processor_kwargs` dict, not in `**kwargs`
[transformers] Kwargs passed to `processor.__call__` have to be in `processor_kwargs` dict, not in `**kwargs`
[transformers] Kwargs passed to `processor.__call__` have to be in `processor_kwargs` dict, not in `**kwargs`
[transformers] Kwargs passed to `processor.__call__` have to be in `processor_kwargs` dict, not in `**kwargs`
  [40/40] zsNo4HB9uLZ       timeout  min_d  6.39  calls  50  9s/ep

==============================================================
  COSMOS NAV  v3_step1500_direct_r2  policy=direct
    SR    = 0.4750
    SPL   = 0.4744
    OS    = 0.4750
    nDTW  = 0.3821
    NE    = 6.1926

  TERMINATION:
    within_radius        19  ( 47.5%)
    timeout              17  ( 42.5%)
    model_stop            4  ( 10.0%)

  closest approach : mean  5.07  median  3.32
    ever within  3.0m :  47.5%
    ever within  5.0m :  55.0%
    ever within 10.0m :  90.0%
  where it STOPPED : mean  7.91  within 3m 0.0%
  reasoner calls/episode: 36.0   unparsed 0/1438
  commands: move forward 59%  turn right 20%  turn left 20%  stop 1%
==============================================================
  wrote results/runs/v3_step1500_direct_r2.json
