ARM "v3_step1500_strict_r3"  policy=direct  think=False  burst fwd=2 turn=2  patience=2  adapter=checkpoints/reasoner_sft_v3/step1500
split=val_unseen  episodes=40  scans=6

Loading weights:   0%|          | 0/670 [00:00<?, ?it/s]Loading weights:  12%|█▏        | 78/670 [00:00<00:00, 778.20it/s]Loading weights:  26%|██▌       | 175/670 [00:00<00:00, 889.97it/s]Loading weights:  39%|███▉      | 264/670 [00:00<00:00, 842.49it/s]Loading weights: 100%|██████████| 670/670 [00:00<00:00, 1648.90it/s]
[transformers] Kwargs passed to `processor.__call__` have to be in `processor_kwargs` dict, not in `**kwargs`
[transformers] Kwargs passed to `processor.__call__` have to be in `processor_kwargs` dict, not in `**kwargs`
[transformers] Kwargs passed to `processor.__call__` have to be in `processor_kwargs` dict, not in `**kwargs`
[transformers] Kwargs passed to `processor.__call__` have to be in `processor_kwargs` dict, not in `**kwargs`
[transformers] Kwargs passed to `processor.__call__` have to be in `processor_kwargs` dict, not in `**kwargs`
[transformers] Kwargs passed to `processor.__call__` have to be in `processor_kwargs` dict, not in `**kwargs`
[transformers] Kwargs passed to `processor.__call__` have to be in `processor_kwargs` dict, not in `**kwargs`
[transformers] Kwargs passed to `processor.__call__` have to be in `processor_kwargs` dict, not in `**kwargs`
[transformers] Kwargs passed to `processor.__call__` have to be in `processor_kwargs` dict, not in `**kwargs`
[transformers] Kwargs passed to `processor.__call__` have to be in `processor_kwargs` dict, not in `**kwargs`
[transformers] Kwargs passed to `processor.__call__` have to be in `processor_kwargs` dict, not in `**kwargs`
[transformers] Kwargs passed to `processor.__call__` have to be in `processor_kwargs` dict, not in `**kwargs`
[transformers] Kwargs passed to `processor.__call__` have to be in `processor_kwargs` dict, not in `**kwargs`
[transformers] Kwargs passed to `processor.__call__` have to be in `processor_kwargs` dict, not in `**kwargs`
[transformers] Kwargs passed to `processor.__call__` have to be in `processor_kwargs` dict, not in `**kwargs`
[transformers] Kwargs passed to `processor.__call__` have to be in `processor_kwargs` dict, not in `**kwargs`
[transformers] Kwargs passed to `processor.__call__` have to be in `processor_kwargs` dict, not in `**kwargs`
[transformers] Kwargs passed to `processor.__call__` have to be in `processor_kwargs` dict, not in `**kwargs`
[transformers] Kwargs passed to `processor.__call__` have to be in `processor_kwargs` dict, not in `**kwargs`
[transformers] Kwargs passed to `processor.__call__` have to be in `processor_kwargs` dict, not in `**kwargs`
[transformers] Kwargs passed to `processor.__call__` have to be in `processor_kwargs` dict, not in `**kwargs`
[transformers] Kwargs passed to `processor.__call__` have to be in `processor_kwargs` dict, not in `**kwargs`
[transformers] Kwargs passed to `processor.__call__` have to be in `processor_kwargs` dict, not in `**kwargs`
[transformers] Kwargs passed to `processor.__call__` have to be in `processor_kwargs` dict, not in `**kwargs`
[transformers] Kwargs passed to `processor.__call__` have to be in `processor_kwargs` dict, not in `**kwargs`
[transformers] Kwargs passed to `processor.__call__` have to be in `processor_kwargs` dict, not in `**kwargs`
[transformers] Kwargs passed to `processor.__call__` have to be in `processor_kwargs` dict, not in `**kwargs`
[transformers] Kwargs passed to `processor.__call__` have to be in `processor_kwargs` dict, not in `**kwargs`
[transformers] Kwargs passed to `processor.__call__` have to be in `processor_kwargs` dict, not in `**kwargs`
[transformers] Kwargs passed to `processor.__call__` have to be in `processor_kwargs` dict, not in `**kwargs`
[transformers] Kwargs passed to `processor.__call__` have to be in `processor_kwargs` dict, not in `**kwargs`
[transformers] Kwargs passed to `processor.__call__` have to be in `processor_kwargs` dict, not in `**kwargs`
[transformers] Kwargs passed to `processor.__call__` have to be in `processor_kwargs` dict, not in `**kwargs`
[transformers] Kwargs passed to `processor.__call__` have to be in `processor_kwargs` dict, not in `**kwargs`
[transformers] Kwargs passed to `processor.__call__` have to be in `processor_kwargs` dict, not in `**kwargs`
[transformers] Kwargs passed to `processor.__call__` have to be in `processor_kwargs` dict, not in `**kwargs`
[transformers] Kwargs passed to `processor.__call__` have to be in `processor_kwargs` dict, not in `**kwargs`
[transformers] Kwargs passed to `processor.__call__` have to be in `processor_kwargs` dict, not in `**kwargs`
[transformers] Kwargs passed to `processor.__call__` have to be in `processor_kwargs` dict, not in `**kwargs`
[transformers] Kwargs passed to `processor.__call__` have to be in `processor_kwargs` dict, not in `**kwargs`
[transformers] Kwargs passed to `processor.__call__` have to be in `processor_kwargs` dict, not in `**kwargs`
[transformers] Kwargs passed to `processor.__call__` have to be in `processor_kwargs` dict, not in `**kwargs`
[transformers] Kwargs passed to `processor.__call__` have to be in `processor_kwargs` dict, not in `**kwargs`
[transformers] Kwargs passed to `processor.__call__` have to be in `processor_kwargs` dict, not in `**kwargs`
[transformers] Kwargs passed to `processor.__call__` have to be in `processor_kwargs` dict, not in `**kwargs`
[transformers] Kwargs passed to `processor.__call__` have to be in `processor_kwargs` dict, not in `**kwargs`
[transformers] Kwargs passed to `processor.__call__` have to be in `processor_kwargs` dict, not in `**kwargs`
[transformers] Kwargs passed to `processor.__call__` have to be in `processor_kwargs` dict, not in `**kwargs`
[transformers] Kwargs passed to `processor.__call__` have to be in `processor_kwargs` dict, not in `**kwargs`
[transformers] Kwargs passed to `processor.__call__` have to be in `processor_kwargs` dict, not in `**kwargs`
[transformers] Kwargs passed to `processor.__call__` have to be in `processor_kwargs` dict, not in `**kwargs`
  [1/40] 2azQ1b91cZZ       timeout  min_d  0.12  calls  51  14s/ep
[transformers] Kwargs passed to `processor.__call__` have to be in `processor_kwargs` dict, not in `**kwargs`
[transformers] Kwargs passed to `processor.__call__` have to be in `processor_kwargs` dict, not in `**kwargs`
[transformers] Kwargs passed to `processor.__call__` have to be in `processor_kwargs` dict, not in `**kwargs`
[transformers] Kwargs passed to `processor.__call__` have to be in `processor_kwargs` dict, not in `**kwargs`
[transformers] Kwargs passed to `processor.__call__` have to be in `processor_kwargs` dict, not in `**kwargs`
[transformers] Kwargs passed to `processor.__call__` have to be in `processor_kwargs` dict, not in `**kwargs`
[transformers] Kwargs passed to `processor.__call__` have to be in `processor_kwargs` dict, not in `**kwargs`
[transformers] Kwargs passed to `processor.__call__` have to be in `processor_kwargs` dict, not in `**kwargs`
[transformers] Kwargs passed to `processor.__call__` have to be in `processor_kwargs` dict, not in `**kwargs`
[transformers] Kwargs passed to `processor.__call__` have to be in `processor_kwargs` dict, not in `**kwargs`
[transformers] Kwargs passed to `processor.__call__` have to be in `processor_kwargs` dict, not in `**kwargs`
[transformers] Kwargs passed to `processor.__call__` have to be in `processor_kwargs` dict, not in `**kwargs`
[transformers] Kwargs passed to `processor.__call__` have to be in `processor_kwargs` dict, not in `**kwargs`
[transformers] Kwargs passed to `processor.__call__` have to be in `processor_kwargs` dict, not in `**kwargs`
[transformers] Kwargs passed to `processor.__call__` have to be in `processor_kwargs` dict, not in `**kwargs`
[transformers] Kwargs passed to `processor.__call__` have to be in `processor_kwargs` dict, not in `**kwargs`
[transformers] Kwargs passed to `processor.__call__` have to be in `processor_kwargs` dict, not in `**kwargs`
[transformers] Kwargs passed to `processor.__call__` have to be in `processor_kwargs` dict, not in `**kwargs`
[transformers] Kwargs passed to `processor.__call__` have to be in `processor_kwargs` dict, not in `**kwargs`
[transformers] Kwargs passed to `processor.__call__` have to be in `processor_kwargs` dict, not in `**kwargs`
[transformers] Kwargs passed to `processor.__call__` have to be in `processor_kwargs` dict, not in `**kwargs`
[transformers] Kwargs passed to `processor.__call__` have to be in `processor_kwargs` dict, not in `**kwargs`
[transformers] Kwargs passed to `processor.__call__` have to be in `processor_kwargs` dict, not in `**kwargs`
[transformers] Kwargs passed to `processor.__call__` have to be in `processor_kwargs` dict, not in `**kwargs`
[transformers] Kwargs passed to `processor.__call__` have to be in `processor_kwargs` dict, not in `**kwargs`
[transformers] Kwargs passed to `processor.__call__` have to be in `processor_kwargs` dict, not in `**kwargs`
[transformers] Kwargs passed to `processor.__call__` have to be in `processor_kwargs` dict, not in `**kwargs`
[transformers] Kwargs passed to `processor.__call__` have to be in `processor_kwargs` dict, not in `**kwargs`
[transformers] Kwargs passed to `processor.__call__` have to be in `processor_kwargs` dict, not in `**kwargs`
[transformers] Kwargs passed to `processor.__call__` have to be in `processor_kwargs` dict, not in `**kwargs`
[transformers] Kwargs passed to `processor.__call__` have to be in `processor_kwargs` dict, not in `**kwargs`
[transformers] Kwargs passed to `processor.__call__` have to be in `processor_kwargs` dict, not in `**kwargs`
[transformers] Kwargs passed to `processor.__call__` have to be in `processor_kwargs` dict, not in `**kwargs`
[transformers] Kwargs passed to `processor.__call__` have to be in `processor_kwargs` dict, not in `**kwargs`
[transformers] Kwargs passed to `processor.__call__` have to be in `processor_kwargs` dict, not in `**kwargs`
[transformers] Kwargs passed to `processor.__call__` have to be in `processor_kwargs` dict, not in `**kwargs`
[transformers] Kwargs passed to `processor.__call__` have to be in `processor_kwargs` dict, not in `**kwargs`
[transformers] Kwargs passed to `processor.__call__` have to be in `processor_kwargs` dict, not in `**kwargs`
[transformers] Kwargs passed to `processor.__call__` have to be in `processor_kwargs` dict, not in `**kwargs`
[transformers] Kwargs passed to `processor.__call__` have to be in `processor_kwargs` dict, not in `**kwargs`
[transformers] Kwargs passed to `processor.__call__` have to be in `processor_kwargs` dict, not in `**kwargs`
[transformers] Kwargs passed to `processor.__call__` have to be in `processor_kwargs` dict, not in `**kwargs`
[transformers] Kwargs passed to `processor.__call__` have to be in `processor_kwargs` dict, not in `**kwargs`
[transformers] Kwargs passed to `processor.__call__` have to be in `processor_kwargs` dict, not in `**kwargs`
[transformers] Kwargs passed to `processor.__call__` have to be in `processor_kwargs` dict, not in `**kwargs`
[transformers] Kwargs passed to `processor.__call__` have to be in `processor_kwargs` dict, not in `**kwargs`
[transformers] Kwargs passed to `processor.__call__` have to be in `processor_kwargs` dict, not in `**kwargs`
[transformers] Kwargs passed to `processor.__call__` have to be in `processor_kwargs` dict, not in `**kwargs`
[transformers] Kwargs passed to `processor.__call__` have to be in `processor_kwargs` dict, not in `**kwargs`
[transformers] Kwargs passed to `processor.__call__` have to be in `processor_kwargs` dict, not in `**kwargs`
  [2/40] 2azQ1b91cZZ       timeout  min_d  0.12  calls  50  13s/ep
[transformers] Kwargs passed to `processor.__call__` have to be in `processor_kwargs` dict, not in `**kwargs`
[transformers] Kwargs passed to `processor.__call__` have to be in `processor_kwargs` dict, not in `**kwargs`
[transformers] Kwargs passed to `processor.__call__` have to be in `processor_kwargs` dict, not in `**kwargs`
[transformers] Kwargs passed to `processor.__call__` have to be in `processor_kwargs` dict, not in `**kwargs`
[transformers] Kwargs passed to `processor.__call__` have to be in `processor_kwargs` dict, not in `**kwargs`
[transformers] Kwargs passed to `processor.__call__` have to be in `processor_kwargs` dict, not in `**kwargs`
[transformers] Kwargs passed to `processor.__call__` have to be in `processor_kwargs` dict, not in `**kwargs`
[transformers] Kwargs passed to `processor.__call__` have to be in `processor_kwargs` dict, not in `**kwargs`
[transformers] Kwargs passed to `processor.__call__` have to be in `processor_kwargs` dict, not in `**kwargs`
[transformers] Kwargs passed to `processor.__call__` have to be in `processor_kwargs` dict, not in `**kwargs`
[transformers] Kwargs passed to `processor.__call__` have to be in `processor_kwargs` dict, not in `**kwargs`
[transformers] Kwargs passed to `processor.__call__` have to be in `processor_kwargs` dict, not in `**kwargs`
[transformers] Kwargs passed to `processor.__call__` have to be in `processor_kwargs` dict, not in `**kwargs`
[transformers] Kwargs passed to `processor.__call__` have to be in `processor_kwargs` dict, not in `**kwargs`
[transformers] Kwargs passed to `processor.__call__` have to be in `processor_kwargs` dict, not in `**kwargs`
[transformers] Kwargs passed to `processor.__call__` have to be in `processor_kwargs` dict, not in `**kwargs`
[transformers] Kwargs passed to `processor.__call__` have to be in `processor_kwargs` dict, not in `**kwargs`
[transformers] Kwargs passed to `processor.__call__` have to be in `processor_kwargs` dict, not in `**kwargs`
[transformers] Kwargs passed to `processor.__call__` have to be in `processor_kwargs` dict, not in `**kwargs`
[transformers] Kwargs passed to `processor.__call__` have to be in `processor_kwargs` dict, not in `**kwargs`
[transformers] Kwargs passed to `processor.__call__` have to be in `processor_kwargs` dict, not in `**kwargs`
[transformers] Kwargs passed to `processor.__call__` have to be in `processor_kwargs` dict, not in `**kwargs`
[transformers] Kwargs passed to `processor.__call__` have to be in `processor_kwargs` dict, not in `**kwargs`
[transformers] Kwargs passed to `processor.__call__` have to be in `processor_kwargs` dict, not in `**kwargs`
[transformers] Kwargs passed to `processor.__call__` have to be in `processor_kwargs` dict, not in `**kwargs`
[transformers] Kwargs passed to `processor.__call__` have to be in `processor_kwargs` dict, not in `**kwargs`
[transformers] Kwargs passed to `processor.__call__` have to be in `processor_kwargs` dict, not in `**kwargs`
[transformers] Kwargs passed to `processor.__call__` have to be in `processor_kwargs` dict, not in `**kwargs`
[transformers] Kwargs passed to `processor.__call__` have to be in `processor_kwargs` dict, not in `**kwargs`
[transformers] Kwargs passed to `processor.__call__` have to be in `processor_kwargs` dict, not in `**kwargs`
[transformers] Kwargs passed to `processor.__call__` have to be in `processor_kwargs` dict, not in `**kwargs`
[transformers] Kwargs passed to `processor.__call__` have to be in `processor_kwargs` dict, not in `**kwargs`
[transformers] Kwargs passed to `processor.__call__` have to be in `processor_kwargs` dict, not in `**kwargs`
[transformers] Kwargs passed to `processor.__call__` have to be in `processor_kwargs` dict, not in `**kwargs`
[transformers] Kwargs passed to `processor.__call__` have to be in `processor_kwargs` dict, not in `**kwargs`
[transformers] Kwargs passed to `processor.__call__` have to be in `processor_kwargs` dict, not in `**kwargs`
[transformers] Kwargs passed to `processor.__call__` have to be in `processor_kwargs` dict, not in `**kwargs`
[transformers] Kwargs passed to `processor.__call__` have to be in `processor_kwargs` dict, not in `**kwargs`
[transformers] Kwargs passed to `processor.__call__` have to be in `processor_kwargs` dict, not in `**kwargs`
[transformers] Kwargs passed to `processor.__call__` have to be in `processor_kwargs` dict, not in `**kwargs`
[transformers] Kwargs passed to `processor.__call__` have to be in `processor_kwargs` dict, not in `**kwargs`
[transformers] Kwargs passed to `processor.__call__` have to be in `processor_kwargs` dict, not in `**kwargs`
[transformers] Kwargs passed to `processor.__call__` have to be in `processor_kwargs` dict, not in `**kwargs`
[transformers] Kwargs passed to `processor.__call__` have to be in `processor_kwargs` dict, not in `**kwargs`
[transformers] Kwargs passed to `processor.__call__` have to be in `processor_kwargs` dict, not in `**kwargs`
[transformers] Kwargs passed to `processor.__call__` have to be in `processor_kwargs` dict, not in `**kwargs`
[transformers] Kwargs passed to `processor.__call__` have to be in `processor_kwargs` dict, not in `**kwargs`
[transformers] Kwargs passed to `processor.__call__` have to be in `processor_kwargs` dict, not in `**kwargs`
[transformers] Kwargs passed to `processor.__call__` have to be in `processor_kwargs` dict, not in `**kwargs`
[transformers] Kwargs passed to `processor.__call__` have to be in `processor_kwargs` dict, not in `**kwargs`
[transformers] Kwargs passed to `processor.__call__` have to be in `processor_kwargs` dict, not in `**kwargs`
[transformers] Kwargs passed to `processor.__call__` have to be in `processor_kwargs` dict, not in `**kwargs`
[transformers] Kwargs passed to `processor.__call__` have to be in `processor_kwargs` dict, not in `**kwargs`
[transformers] Kwargs passed to `processor.__call__` have to be in `processor_kwargs` dict, not in `**kwargs`
[transformers] Kwargs passed to `processor.__call__` have to be in `processor_kwargs` dict, not in `**kwargs`
  [3/40] 2azQ1b91cZZ       timeout  min_d  0.12  calls  55  13s/ep
[transformers] Kwargs passed to `processor.__call__` have to be in `processor_kwargs` dict, not in `**kwargs`
[transformers] Kwargs passed to `processor.__call__` have to be in `processor_kwargs` dict, not in `**kwargs`
[transformers] Kwargs passed to `processor.__call__` have to be in `processor_kwargs` dict, not in `**kwargs`
[transformers] Kwargs passed to `processor.__call__` have to be in `processor_kwargs` dict, not in `**kwargs`
[transformers] Kwargs passed to `processor.__call__` have to be in `processor_kwargs` dict, not in `**kwargs`
[transformers] Kwargs passed to `processor.__call__` have to be in `processor_kwargs` dict, not in `**kwargs`
[transformers] Kwargs passed to `processor.__call__` have to be in `processor_kwargs` dict, not in `**kwargs`
[transformers] Kwargs passed to `processor.__call__` have to be in `processor_kwargs` dict, not in `**kwargs`
[transformers] Kwargs passed to `processor.__call__` have to be in `processor_kwargs` dict, not in `**kwargs`
[transformers] Kwargs passed to `processor.__call__` have to be in `processor_kwargs` dict, not in `**kwargs`
[transformers] Kwargs passed to `processor.__call__` have to be in `processor_kwargs` dict, not in `**kwargs`
[transformers] Kwargs passed to `processor.__call__` have to be in `processor_kwargs` dict, not in `**kwargs`
[transformers] Kwargs passed to `processor.__call__` have to be in `processor_kwargs` dict, not in `**kwargs`
[transformers] Kwargs passed to `processor.__call__` have to be in `processor_kwargs` dict, not in `**kwargs`
[transformers] Kwargs passed to `processor.__call__` have to be in `processor_kwargs` dict, not in `**kwargs`
[transformers] Kwargs passed to `processor.__call__` have to be in `processor_kwargs` dict, not in `**kwargs`
[transformers] Kwargs passed to `processor.__call__` have to be in `processor_kwargs` dict, not in `**kwargs`
[transformers] Kwargs passed to `processor.__call__` have to be in `processor_kwargs` dict, not in `**kwargs`
[transformers] Kwargs passed to `processor.__call__` have to be in `processor_kwargs` dict, not in `**kwargs`
[transformers] Kwargs passed to `processor.__call__` have to be in `processor_kwargs` dict, not in `**kwargs`
[transformers] Kwargs passed to `processor.__call__` have to be in `processor_kwargs` dict, not in `**kwargs`
[transformers] Kwargs passed to `processor.__call__` have to be in `processor_kwargs` dict, not in `**kwargs`
[transformers] Kwargs passed to `processor.__call__` have to be in `processor_kwargs` dict, not in `**kwargs`
[transformers] Kwargs passed to `processor.__call__` have to be in `processor_kwargs` dict, not in `**kwargs`
[transformers] Kwargs passed to `processor.__call__` have to be in `processor_kwargs` dict, not in `**kwargs`
[transformers] Kwargs passed to `processor.__call__` have to be in `processor_kwargs` dict, not in `**kwargs`
[transformers] Kwargs passed to `processor.__call__` have to be in `processor_kwargs` dict, not in `**kwargs`
[transformers] Kwargs passed to `processor.__call__` have to be in `processor_kwargs` dict, not in `**kwargs`
[transformers] Kwargs passed to `processor.__call__` have to be in `processor_kwargs` dict, not in `**kwargs`
[transformers] Kwargs passed to `processor.__call__` have to be in `processor_kwargs` dict, not in `**kwargs`
[transformers] Kwargs passed to `processor.__call__` have to be in `processor_kwargs` dict, not in `**kwargs`
[transformers] Kwargs passed to `processor.__call__` have to be in `processor_kwargs` dict, not in `**kwargs`
[transformers] Kwargs passed to `processor.__call__` have to be in `processor_kwargs` dict, not in `**kwargs`
[transformers] Kwargs passed to `processor.__call__` have to be in `processor_kwargs` dict, not in `**kwargs`
[transformers] Kwargs passed to `processor.__call__` have to be in `processor_kwargs` dict, not in `**kwargs`
[transformers] Kwargs passed to `processor.__call__` have to be in `processor_kwargs` dict, not in `**kwargs`
[transformers] Kwargs passed to `processor.__call__` have to be in `processor_kwargs` dict, not in `**kwargs`
[transformers] Kwargs passed to `processor.__call__` have to be in `processor_kwargs` dict, not in `**kwargs`
[transformers] Kwargs passed to `processor.__call__` have to be in `processor_kwargs` dict, not in `**kwargs`
[transformers] Kwargs passed to `processor.__call__` have to be in `processor_kwargs` dict, not in `**kwargs`
[transformers] Kwargs passed to `processor.__call__` have to be in `processor_kwargs` dict, not in `**kwargs`
[transformers] Kwargs passed to `processor.__call__` have to be in `processor_kwargs` dict, not in `**kwargs`
[transformers] Kwargs passed to `processor.__call__` have to be in `processor_kwargs` dict, not in `**kwargs`
[transformers] Kwargs passed to `processor.__call__` have to be in `processor_kwargs` dict, not in `**kwargs`
[transformers] Kwargs passed to `processor.__call__` have to be in `processor_kwargs` dict, not in `**kwargs`
[transformers] Kwargs passed to `processor.__call__` have to be in `processor_kwargs` dict, not in `**kwargs`
[transformers] Kwargs passed to `processor.__call__` have to be in `processor_kwargs` dict, not in `**kwargs`
[transformers] Kwargs passed to `processor.__call__` have to be in `processor_kwargs` dict, not in `**kwargs`
[transformers] Kwargs passed to `processor.__call__` have to be in `processor_kwargs` dict, not in `**kwargs`
[transformers] Kwargs passed to `processor.__call__` have to be in `processor_kwargs` dict, not in `**kwargs`
  [4/40] 2azQ1b91cZZ    model_stop  min_d  0.08  calls  50  13s/ep
[transformers] Kwargs passed to `processor.__call__` have to be in `processor_kwargs` dict, not in `**kwargs`
[transformers] Kwargs passed to `processor.__call__` have to be in `processor_kwargs` dict, not in `**kwargs`
[transformers] Kwargs passed to `processor.__call__` have to be in `processor_kwargs` dict, not in `**kwargs`
[transformers] Kwargs passed to `processor.__call__` have to be in `processor_kwargs` dict, not in `**kwargs`
[transformers] Kwargs passed to `processor.__call__` have to be in `processor_kwargs` dict, not in `**kwargs`
[transformers] Kwargs passed to `processor.__call__` have to be in `processor_kwargs` dict, not in `**kwargs`
[transformers] Kwargs passed to `processor.__call__` have to be in `processor_kwargs` dict, not in `**kwargs`
[transformers] Kwargs passed to `processor.__call__` have to be in `processor_kwargs` dict, not in `**kwargs`
[transformers] Kwargs passed to `processor.__call__` have to be in `processor_kwargs` dict, not in `**kwargs`
[transformers] Kwargs passed to `processor.__call__` have to be in `processor_kwargs` dict, not in `**kwargs`
[transformers] Kwargs passed to `processor.__call__` have to be in `processor_kwargs` dict, not in `**kwargs`
[transformers] Kwargs passed to `processor.__call__` have to be in `processor_kwargs` dict, not in `**kwargs`
[transformers] Kwargs passed to `processor.__call__` have to be in `processor_kwargs` dict, not in `**kwargs`
[transformers] Kwargs passed to `processor.__call__` have to be in `processor_kwargs` dict, not in `**kwargs`
[transformers] Kwargs passed to `processor.__call__` have to be in `processor_kwargs` dict, not in `**kwargs`
[transformers] Kwargs passed to `processor.__call__` have to be in `processor_kwargs` dict, not in `**kwargs`
[transformers] Kwargs passed to `processor.__call__` have to be in `processor_kwargs` dict, not in `**kwargs`
[transformers] Kwargs passed to `processor.__call__` have to be in `processor_kwargs` dict, not in `**kwargs`
[transformers] Kwargs passed to `processor.__call__` have to be in `processor_kwargs` dict, not in `**kwargs`
[transformers] Kwargs passed to `processor.__call__` have to be in `processor_kwargs` dict, not in `**kwargs`
[transformers] Kwargs passed to `processor.__call__` have to be in `processor_kwargs` dict, not in `**kwargs`
[transformers] Kwargs passed to `processor.__call__` have to be in `processor_kwargs` dict, not in `**kwargs`
[transformers] Kwargs passed to `processor.__call__` have to be in `processor_kwargs` dict, not in `**kwargs`
[transformers] Kwargs passed to `processor.__call__` have to be in `processor_kwargs` dict, not in `**kwargs`
[transformers] Kwargs passed to `processor.__call__` have to be in `processor_kwargs` dict, not in `**kwargs`
[transformers] Kwargs passed to `processor.__call__` have to be in `processor_kwargs` dict, not in `**kwargs`
[transformers] Kwargs passed to `processor.__call__` have to be in `processor_kwargs` dict, not in `**kwargs`
[transformers] Kwargs passed to `processor.__call__` have to be in `processor_kwargs` dict, not in `**kwargs`
[transformers] Kwargs passed to `processor.__call__` have to be in `processor_kwargs` dict, not in `**kwargs`
[transformers] Kwargs passed to `processor.__call__` have to be in `processor_kwargs` dict, not in `**kwargs`
[transformers] Kwargs passed to `processor.__call__` have to be in `processor_kwargs` dict, not in `**kwargs`
[transformers] Kwargs passed to `processor.__call__` have to be in `processor_kwargs` dict, not in `**kwargs`
[transformers] Kwargs passed to `processor.__call__` have to be in `processor_kwargs` dict, not in `**kwargs`
[transformers] Kwargs passed to `processor.__call__` have to be in `processor_kwargs` dict, not in `**kwargs`
[transformers] Kwargs passed to `processor.__call__` have to be in `processor_kwargs` dict, not in `**kwargs`
[transformers] Kwargs passed to `processor.__call__` have to be in `processor_kwargs` dict, not in `**kwargs`
[transformers] Kwargs passed to `processor.__call__` have to be in `processor_kwargs` dict, not in `**kwargs`
[transformers] Kwargs passed to `processor.__call__` have to be in `processor_kwargs` dict, not in `**kwargs`
[transformers] Kwargs passed to `processor.__call__` have to be in `processor_kwargs` dict, not in `**kwargs`
[transformers] Kwargs passed to `processor.__call__` have to be in `processor_kwargs` dict, not in `**kwargs`
[transformers] Kwargs passed to `processor.__call__` have to be in `processor_kwargs` dict, not in `**kwargs`
[transformers] Kwargs passed to `processor.__call__` have to be in `processor_kwargs` dict, not in `**kwargs`
[transformers] Kwargs passed to `processor.__call__` have to be in `processor_kwargs` dict, not in `**kwargs`
[transformers] Kwargs passed to `processor.__call__` have to be in `processor_kwargs` dict, not in `**kwargs`
[transformers] Kwargs passed to `processor.__call__` have to be in `processor_kwargs` dict, not in `**kwargs`
[transformers] Kwargs passed to `processor.__call__` have to be in `processor_kwargs` dict, not in `**kwargs`
[transformers] Kwargs passed to `processor.__call__` have to be in `processor_kwargs` dict, not in `**kwargs`
[transformers] Kwargs passed to `processor.__call__` have to be in `processor_kwargs` dict, not in `**kwargs`
[transformers] Kwargs passed to `processor.__call__` have to be in `processor_kwargs` dict, not in `**kwargs`
[transformers] Kwargs passed to `processor.__call__` have to be in `processor_kwargs` dict, not in `**kwargs`
  [5/40] 2azQ1b91cZZ       timeout  min_d  5.35  calls  50  12s/ep
[transformers] Kwargs passed to `processor.__call__` have to be in `processor_kwargs` dict, not in `**kwargs`
[transformers] Kwargs passed to `processor.__call__` have to be in `processor_kwargs` dict, not in `**kwargs`
[transformers] Kwargs passed to `processor.__call__` have to be in `processor_kwargs` dict, not in `**kwargs`
[transformers] Kwargs passed to `processor.__call__` have to be in `processor_kwargs` dict, not in `**kwargs`
[transformers] Kwargs passed to `processor.__call__` have to be in `processor_kwargs` dict, not in `**kwargs`
[transformers] Kwargs passed to `processor.__call__` have to be in `processor_kwargs` dict, not in `**kwargs`
[transformers] Kwargs passed to `processor.__call__` have to be in `processor_kwargs` dict, not in `**kwargs`
[transformers] Kwargs passed to `processor.__call__` have to be in `processor_kwargs` dict, not in `**kwargs`
[transformers] Kwargs passed to `processor.__call__` have to be in `processor_kwargs` dict, not in `**kwargs`
[transformers] Kwargs passed to `processor.__call__` have to be in `processor_kwargs` dict, not in `**kwargs`
[transformers] Kwargs passed to `processor.__call__` have to be in `processor_kwargs` dict, not in `**kwargs`
[transformers] Kwargs passed to `processor.__call__` have to be in `processor_kwargs` dict, not in `**kwargs`
[transformers] Kwargs passed to `processor.__call__` have to be in `processor_kwargs` dict, not in `**kwargs`
[transformers] Kwargs passed to `processor.__call__` have to be in `processor_kwargs` dict, not in `**kwargs`
[transformers] Kwargs passed to `processor.__call__` have to be in `processor_kwargs` dict, not in `**kwargs`
[transformers] Kwargs passed to `processor.__call__` have to be in `processor_kwargs` dict, not in `**kwargs`
[transformers] Kwargs passed to `processor.__call__` have to be in `processor_kwargs` dict, not in `**kwargs`
[transformers] Kwargs passed to `processor.__call__` have to be in `processor_kwargs` dict, not in `**kwargs`
[transformers] Kwargs passed to `processor.__call__` have to be in `processor_kwargs` dict, not in `**kwargs`
[transformers] Kwargs passed to `processor.__call__` have to be in `processor_kwargs` dict, not in `**kwargs`
[transformers] Kwargs passed to `processor.__call__` have to be in `processor_kwargs` dict, not in `**kwargs`
[transformers] Kwargs passed to `processor.__call__` have to be in `processor_kwargs` dict, not in `**kwargs`
[transformers] Kwargs passed to `processor.__call__` have to be in `processor_kwargs` dict, not in `**kwargs`
[transformers] Kwargs passed to `processor.__call__` have to be in `processor_kwargs` dict, not in `**kwargs`
[transformers] Kwargs passed to `processor.__call__` have to be in `processor_kwargs` dict, not in `**kwargs`
[transformers] Kwargs passed to `processor.__call__` have to be in `processor_kwargs` dict, not in `**kwargs`
[transformers] Kwargs passed to `processor.__call__` have to be in `processor_kwargs` dict, not in `**kwargs`
[transformers] Kwargs passed to `processor.__call__` have to be in `processor_kwargs` dict, not in `**kwargs`
[transformers] Kwargs passed to `processor.__call__` have to be in `processor_kwargs` dict, not in `**kwargs`
[transformers] Kwargs passed to `processor.__call__` have to be in `processor_kwargs` dict, not in `**kwargs`
[transformers] Kwargs passed to `processor.__call__` have to be in `processor_kwargs` dict, not in `**kwargs`
[transformers] Kwargs passed to `processor.__call__` have to be in `processor_kwargs` dict, not in `**kwargs`
  [6/40] 2azQ1b91cZZ    model_stop  min_d  0.22  calls  32  12s/ep
[transformers] Kwargs passed to `processor.__call__` have to be in `processor_kwargs` dict, not in `**kwargs`
[transformers] Kwargs passed to `processor.__call__` have to be in `processor_kwargs` dict, not in `**kwargs`
[transformers] Kwargs passed to `processor.__call__` have to be in `processor_kwargs` dict, not in `**kwargs`
[transformers] Kwargs passed to `processor.__call__` have to be in `processor_kwargs` dict, not in `**kwargs`
[transformers] Kwargs passed to `processor.__call__` have to be in `processor_kwargs` dict, not in `**kwargs`
[transformers] Kwargs passed to `processor.__call__` have to be in `processor_kwargs` dict, not in `**kwargs`
[transformers] Kwargs passed to `processor.__call__` have to be in `processor_kwargs` dict, not in `**kwargs`
[transformers] Kwargs passed to `processor.__call__` have to be in `processor_kwargs` dict, not in `**kwargs`
[transformers] Kwargs passed to `processor.__call__` have to be in `processor_kwargs` dict, not in `**kwargs`
[transformers] Kwargs passed to `processor.__call__` have to be in `processor_kwargs` dict, not in `**kwargs`
[transformers] Kwargs passed to `processor.__call__` have to be in `processor_kwargs` dict, not in `**kwargs`
[transformers] Kwargs passed to `processor.__call__` have to be in `processor_kwargs` dict, not in `**kwargs`
[transformers] Kwargs passed to `processor.__call__` have to be in `processor_kwargs` dict, not in `**kwargs`
[transformers] Kwargs passed to `processor.__call__` have to be in `processor_kwargs` dict, not in `**kwargs`
[transformers] Kwargs passed to `processor.__call__` have to be in `processor_kwargs` dict, not in `**kwargs`
[transformers] Kwargs passed to `processor.__call__` have to be in `processor_kwargs` dict, not in `**kwargs`
[transformers] Kwargs passed to `processor.__call__` have to be in `processor_kwargs` dict, not in `**kwargs`
[transformers] Kwargs passed to `processor.__call__` have to be in `processor_kwargs` dict, not in `**kwargs`
[transformers] Kwargs passed to `processor.__call__` have to be in `processor_kwargs` dict, not in `**kwargs`
[transformers] Kwargs passed to `processor.__call__` have to be in `processor_kwargs` dict, not in `**kwargs`
[transformers] Kwargs passed to `processor.__call__` have to be in `processor_kwargs` dict, not in `**kwargs`
[transformers] Kwargs passed to `processor.__call__` have to be in `processor_kwargs` dict, not in `**kwargs`
[transformers] Kwargs passed to `processor.__call__` have to be in `processor_kwargs` dict, not in `**kwargs`
[transformers] Kwargs passed to `processor.__call__` have to be in `processor_kwargs` dict, not in `**kwargs`
[transformers] Kwargs passed to `processor.__call__` have to be in `processor_kwargs` dict, not in `**kwargs`
[transformers] Kwargs passed to `processor.__call__` have to be in `processor_kwargs` dict, not in `**kwargs`
[transformers] Kwargs passed to `processor.__call__` have to be in `processor_kwargs` dict, not in `**kwargs`
[transformers] Kwargs passed to `processor.__call__` have to be in `processor_kwargs` dict, not in `**kwargs`
[transformers] Kwargs passed to `processor.__call__` have to be in `processor_kwargs` dict, not in `**kwargs`
[transformers] Kwargs passed to `processor.__call__` have to be in `processor_kwargs` dict, not in `**kwargs`
[transformers] Kwargs passed to `processor.__call__` have to be in `processor_kwargs` dict, not in `**kwargs`
[transformers] Kwargs passed to `processor.__call__` have to be in `processor_kwargs` dict, not in `**kwargs`
[transformers] Kwargs passed to `processor.__call__` have to be in `processor_kwargs` dict, not in `**kwargs`
[transformers] Kwargs passed to `processor.__call__` have to be in `processor_kwargs` dict, not in `**kwargs`
[transformers] Kwargs passed to `processor.__call__` have to be in `processor_kwargs` dict, not in `**kwargs`
[transformers] Kwargs passed to `processor.__call__` have to be in `processor_kwargs` dict, not in `**kwargs`
[transformers] Kwargs passed to `processor.__call__` have to be in `processor_kwargs` dict, not in `**kwargs`
[transformers] Kwargs passed to `processor.__call__` have to be in `processor_kwargs` dict, not in `**kwargs`
[transformers] Kwargs passed to `processor.__call__` have to be in `processor_kwargs` dict, not in `**kwargs`
[transformers] Kwargs passed to `processor.__call__` have to be in `processor_kwargs` dict, not in `**kwargs`
[transformers] Kwargs passed to `processor.__call__` have to be in `processor_kwargs` dict, not in `**kwargs`
[transformers] Kwargs passed to `processor.__call__` have to be in `processor_kwargs` dict, not in `**kwargs`
[transformers] Kwargs passed to `processor.__call__` have to be in `processor_kwargs` dict, not in `**kwargs`
[transformers] Kwargs passed to `processor.__call__` have to be in `processor_kwargs` dict, not in `**kwargs`
[transformers] Kwargs passed to `processor.__call__` have to be in `processor_kwargs` dict, not in `**kwargs`
[transformers] Kwargs passed to `processor.__call__` have to be in `processor_kwargs` dict, not in `**kwargs`
[transformers] Kwargs passed to `processor.__call__` have to be in `processor_kwargs` dict, not in `**kwargs`
[transformers] Kwargs passed to `processor.__call__` have to be in `processor_kwargs` dict, not in `**kwargs`
[transformers] Kwargs passed to `processor.__call__` have to be in `processor_kwargs` dict, not in `**kwargs`
[transformers] Kwargs passed to `processor.__call__` have to be in `processor_kwargs` dict, not in `**kwargs`
  [7/40] QUCTc6BB5sX       timeout  min_d 12.32  calls  50  12s/ep
[transformers] Kwargs passed to `processor.__call__` have to be in `processor_kwargs` dict, not in `**kwargs`
[transformers] Kwargs passed to `processor.__call__` have to be in `processor_kwargs` dict, not in `**kwargs`
[transformers] Kwargs passed to `processor.__call__` have to be in `processor_kwargs` dict, not in `**kwargs`
[transformers] Kwargs passed to `processor.__call__` have to be in `processor_kwargs` dict, not in `**kwargs`
[transformers] Kwargs passed to `processor.__call__` have to be in `processor_kwargs` dict, not in `**kwargs`
[transformers] Kwargs passed to `processor.__call__` have to be in `processor_kwargs` dict, not in `**kwargs`
[transformers] Kwargs passed to `processor.__call__` have to be in `processor_kwargs` dict, not in `**kwargs`
[transformers] Kwargs passed to `processor.__call__` have to be in `processor_kwargs` dict, not in `**kwargs`
[transformers] Kwargs passed to `processor.__call__` have to be in `processor_kwargs` dict, not in `**kwargs`
[transformers] Kwargs passed to `processor.__call__` have to be in `processor_kwargs` dict, not in `**kwargs`
[transformers] Kwargs passed to `processor.__call__` have to be in `processor_kwargs` dict, not in `**kwargs`
[transformers] Kwargs passed to `processor.__call__` have to be in `processor_kwargs` dict, not in `**kwargs`
[transformers] Kwargs passed to `processor.__call__` have to be in `processor_kwargs` dict, not in `**kwargs`
[transformers] Kwargs passed to `processor.__call__` have to be in `processor_kwargs` dict, not in `**kwargs`
[transformers] Kwargs passed to `processor.__call__` have to be in `processor_kwargs` dict, not in `**kwargs`
[transformers] Kwargs passed to `processor.__call__` have to be in `processor_kwargs` dict, not in `**kwargs`
[transformers] Kwargs passed to `processor.__call__` have to be in `processor_kwargs` dict, not in `**kwargs`
[transformers] Kwargs passed to `processor.__call__` have to be in `processor_kwargs` dict, not in `**kwargs`
[transformers] Kwargs passed to `processor.__call__` have to be in `processor_kwargs` dict, not in `**kwargs`
[transformers] Kwargs passed to `processor.__call__` have to be in `processor_kwargs` dict, not in `**kwargs`
[transformers] Kwargs passed to `processor.__call__` have to be in `processor_kwargs` dict, not in `**kwargs`
[transformers] Kwargs passed to `processor.__call__` have to be in `processor_kwargs` dict, not in `**kwargs`
[transformers] Kwargs passed to `processor.__call__` have to be in `processor_kwargs` dict, not in `**kwargs`
[transformers] Kwargs passed to `processor.__call__` have to be in `processor_kwargs` dict, not in `**kwargs`
[transformers] Kwargs passed to `processor.__call__` have to be in `processor_kwargs` dict, not in `**kwargs`
[transformers] Kwargs passed to `processor.__call__` have to be in `processor_kwargs` dict, not in `**kwargs`
[transformers] Kwargs passed to `processor.__call__` have to be in `processor_kwargs` dict, not in `**kwargs`
[transformers] Kwargs passed to `processor.__call__` have to be in `processor_kwargs` dict, not in `**kwargs`
[transformers] Kwargs passed to `processor.__call__` have to be in `processor_kwargs` dict, not in `**kwargs`
[transformers] Kwargs passed to `processor.__call__` have to be in `processor_kwargs` dict, not in `**kwargs`
[transformers] Kwargs passed to `processor.__call__` have to be in `processor_kwargs` dict, not in `**kwargs`
[transformers] Kwargs passed to `processor.__call__` have to be in `processor_kwargs` dict, not in `**kwargs`
[transformers] Kwargs passed to `processor.__call__` have to be in `processor_kwargs` dict, not in `**kwargs`
[transformers] Kwargs passed to `processor.__call__` have to be in `processor_kwargs` dict, not in `**kwargs`
[transformers] Kwargs passed to `processor.__call__` have to be in `processor_kwargs` dict, not in `**kwargs`
[transformers] Kwargs passed to `processor.__call__` have to be in `processor_kwargs` dict, not in `**kwargs`
[transformers] Kwargs passed to `processor.__call__` have to be in `processor_kwargs` dict, not in `**kwargs`
[transformers] Kwargs passed to `processor.__call__` have to be in `processor_kwargs` dict, not in `**kwargs`
[transformers] Kwargs passed to `processor.__call__` have to be in `processor_kwargs` dict, not in `**kwargs`
[transformers] Kwargs passed to `processor.__call__` have to be in `processor_kwargs` dict, not in `**kwargs`
[transformers] Kwargs passed to `processor.__call__` have to be in `processor_kwargs` dict, not in `**kwargs`
[transformers] Kwargs passed to `processor.__call__` have to be in `processor_kwargs` dict, not in `**kwargs`
[transformers] Kwargs passed to `processor.__call__` have to be in `processor_kwargs` dict, not in `**kwargs`
[transformers] Kwargs passed to `processor.__call__` have to be in `processor_kwargs` dict, not in `**kwargs`
[transformers] Kwargs passed to `processor.__call__` have to be in `processor_kwargs` dict, not in `**kwargs`
[transformers] Kwargs passed to `processor.__call__` have to be in `processor_kwargs` dict, not in `**kwargs`
[transformers] Kwargs passed to `processor.__call__` have to be in `processor_kwargs` dict, not in `**kwargs`
[transformers] Kwargs passed to `processor.__call__` have to be in `processor_kwargs` dict, not in `**kwargs`
[transformers] Kwargs passed to `processor.__call__` have to be in `processor_kwargs` dict, not in `**kwargs`
[transformers] Kwargs passed to `processor.__call__` have to be in `processor_kwargs` dict, not in `**kwargs`
  [8/40] QUCTc6BB5sX       timeout  min_d 11.17  calls  50  12s/ep
[transformers] Kwargs passed to `processor.__call__` have to be in `processor_kwargs` dict, not in `**kwargs`
[transformers] Kwargs passed to `processor.__call__` have to be in `processor_kwargs` dict, not in `**kwargs`
[transformers] Kwargs passed to `processor.__call__` have to be in `processor_kwargs` dict, not in `**kwargs`
[transformers] Kwargs passed to `processor.__call__` have to be in `processor_kwargs` dict, not in `**kwargs`
[transformers] Kwargs passed to `processor.__call__` have to be in `processor_kwargs` dict, not in `**kwargs`
[transformers] Kwargs passed to `processor.__call__` have to be in `processor_kwargs` dict, not in `**kwargs`
[transformers] Kwargs passed to `processor.__call__` have to be in `processor_kwargs` dict, not in `**kwargs`
[transformers] Kwargs passed to `processor.__call__` have to be in `processor_kwargs` dict, not in `**kwargs`
[transformers] Kwargs passed to `processor.__call__` have to be in `processor_kwargs` dict, not in `**kwargs`
[transformers] Kwargs passed to `processor.__call__` have to be in `processor_kwargs` dict, not in `**kwargs`
[transformers] Kwargs passed to `processor.__call__` have to be in `processor_kwargs` dict, not in `**kwargs`
[transformers] Kwargs passed to `processor.__call__` have to be in `processor_kwargs` dict, not in `**kwargs`
[transformers] Kwargs passed to `processor.__call__` have to be in `processor_kwargs` dict, not in `**kwargs`
[transformers] Kwargs passed to `processor.__call__` have to be in `processor_kwargs` dict, not in `**kwargs`
[transformers] Kwargs passed to `processor.__call__` have to be in `processor_kwargs` dict, not in `**kwargs`
[transformers] Kwargs passed to `processor.__call__` have to be in `processor_kwargs` dict, not in `**kwargs`
[transformers] Kwargs passed to `processor.__call__` have to be in `processor_kwargs` dict, not in `**kwargs`
[transformers] Kwargs passed to `processor.__call__` have to be in `processor_kwargs` dict, not in `**kwargs`
[transformers] Kwargs passed to `processor.__call__` have to be in `processor_kwargs` dict, not in `**kwargs`
[transformers] Kwargs passed to `processor.__call__` have to be in `processor_kwargs` dict, not in `**kwargs`
[transformers] Kwargs passed to `processor.__call__` have to be in `processor_kwargs` dict, not in `**kwargs`
[transformers] Kwargs passed to `processor.__call__` have to be in `processor_kwargs` dict, not in `**kwargs`
[transformers] Kwargs passed to `processor.__call__` have to be in `processor_kwargs` dict, not in `**kwargs`
[transformers] Kwargs passed to `processor.__call__` have to be in `processor_kwargs` dict, not in `**kwargs`
[transformers] Kwargs passed to `processor.__call__` have to be in `processor_kwargs` dict, not in `**kwargs`
[transformers] Kwargs passed to `processor.__call__` have to be in `processor_kwargs` dict, not in `**kwargs`
[transformers] Kwargs passed to `processor.__call__` have to be in `processor_kwargs` dict, not in `**kwargs`
[transformers] Kwargs passed to `processor.__call__` have to be in `processor_kwargs` dict, not in `**kwargs`
[transformers] Kwargs passed to `processor.__call__` have to be in `processor_kwargs` dict, not in `**kwargs`
[transformers] Kwargs passed to `processor.__call__` have to be in `processor_kwargs` dict, not in `**kwargs`
[transformers] Kwargs passed to `processor.__call__` have to be in `processor_kwargs` dict, not in `**kwargs`
[transformers] Kwargs passed to `processor.__call__` have to be in `processor_kwargs` dict, not in `**kwargs`
[transformers] Kwargs passed to `processor.__call__` have to be in `processor_kwargs` dict, not in `**kwargs`
[transformers] Kwargs passed to `processor.__call__` have to be in `processor_kwargs` dict, not in `**kwargs`
[transformers] Kwargs passed to `processor.__call__` have to be in `processor_kwargs` dict, not in `**kwargs`
[transformers] Kwargs passed to `processor.__call__` have to be in `processor_kwargs` dict, not in `**kwargs`
[transformers] Kwargs passed to `processor.__call__` have to be in `processor_kwargs` dict, not in `**kwargs`
[transformers] Kwargs passed to `processor.__call__` have to be in `processor_kwargs` dict, not in `**kwargs`
[transformers] Kwargs passed to `processor.__call__` have to be in `processor_kwargs` dict, not in `**kwargs`
[transformers] Kwargs passed to `processor.__call__` have to be in `processor_kwargs` dict, not in `**kwargs`
[transformers] Kwargs passed to `processor.__call__` have to be in `processor_kwargs` dict, not in `**kwargs`
[transformers] Kwargs passed to `processor.__call__` have to be in `processor_kwargs` dict, not in `**kwargs`
[transformers] Kwargs passed to `processor.__call__` have to be in `processor_kwargs` dict, not in `**kwargs`
[transformers] Kwargs passed to `processor.__call__` have to be in `processor_kwargs` dict, not in `**kwargs`
[transformers] Kwargs passed to `processor.__call__` have to be in `processor_kwargs` dict, not in `**kwargs`
[transformers] Kwargs passed to `processor.__call__` have to be in `processor_kwargs` dict, not in `**kwargs`
[transformers] Kwargs passed to `processor.__call__` have to be in `processor_kwargs` dict, not in `**kwargs`
[transformers] Kwargs passed to `processor.__call__` have to be in `processor_kwargs` dict, not in `**kwargs`
[transformers] Kwargs passed to `processor.__call__` have to be in `processor_kwargs` dict, not in `**kwargs`
[transformers] Kwargs passed to `processor.__call__` have to be in `processor_kwargs` dict, not in `**kwargs`
  [9/40] QUCTc6BB5sX       timeout  min_d  0.07  calls  50  12s/ep
[transformers] Kwargs passed to `processor.__call__` have to be in `processor_kwargs` dict, not in `**kwargs`
[transformers] Kwargs passed to `processor.__call__` have to be in `processor_kwargs` dict, not in `**kwargs`
[transformers] Kwargs passed to `processor.__call__` have to be in `processor_kwargs` dict, not in `**kwargs`
[transformers] Kwargs passed to `processor.__call__` have to be in `processor_kwargs` dict, not in `**kwargs`
[transformers] Kwargs passed to `processor.__call__` have to be in `processor_kwargs` dict, not in `**kwargs`
[transformers] Kwargs passed to `processor.__call__` have to be in `processor_kwargs` dict, not in `**kwargs`
[transformers] Kwargs passed to `processor.__call__` have to be in `processor_kwargs` dict, not in `**kwargs`
[transformers] Kwargs passed to `processor.__call__` have to be in `processor_kwargs` dict, not in `**kwargs`
[transformers] Kwargs passed to `processor.__call__` have to be in `processor_kwargs` dict, not in `**kwargs`
[transformers] Kwargs passed to `processor.__call__` have to be in `processor_kwargs` dict, not in `**kwargs`
[transformers] Kwargs passed to `processor.__call__` have to be in `processor_kwargs` dict, not in `**kwargs`
[transformers] Kwargs passed to `processor.__call__` have to be in `processor_kwargs` dict, not in `**kwargs`
[transformers] Kwargs passed to `processor.__call__` have to be in `processor_kwargs` dict, not in `**kwargs`
[transformers] Kwargs passed to `processor.__call__` have to be in `processor_kwargs` dict, not in `**kwargs`
[transformers] Kwargs passed to `processor.__call__` have to be in `processor_kwargs` dict, not in `**kwargs`
[transformers] Kwargs passed to `processor.__call__` have to be in `processor_kwargs` dict, not in `**kwargs`
[transformers] Kwargs passed to `processor.__call__` have to be in `processor_kwargs` dict, not in `**kwargs`
[transformers] Kwargs passed to `processor.__call__` have to be in `processor_kwargs` dict, not in `**kwargs`
[transformers] Kwargs passed to `processor.__call__` have to be in `processor_kwargs` dict, not in `**kwargs`
[transformers] Kwargs passed to `processor.__call__` have to be in `processor_kwargs` dict, not in `**kwargs`
[transformers] Kwargs passed to `processor.__call__` have to be in `processor_kwargs` dict, not in `**kwargs`
[transformers] Kwargs passed to `processor.__call__` have to be in `processor_kwargs` dict, not in `**kwargs`
[transformers] Kwargs passed to `processor.__call__` have to be in `processor_kwargs` dict, not in `**kwargs`
[transformers] Kwargs passed to `processor.__call__` have to be in `processor_kwargs` dict, not in `**kwargs`
[transformers] Kwargs passed to `processor.__call__` have to be in `processor_kwargs` dict, not in `**kwargs`
[transformers] Kwargs passed to `processor.__call__` have to be in `processor_kwargs` dict, not in `**kwargs`
[transformers] Kwargs passed to `processor.__call__` have to be in `processor_kwargs` dict, not in `**kwargs`
[transformers] Kwargs passed to `processor.__call__` have to be in `processor_kwargs` dict, not in `**kwargs`
[transformers] Kwargs passed to `processor.__call__` have to be in `processor_kwargs` dict, not in `**kwargs`
[transformers] Kwargs passed to `processor.__call__` have to be in `processor_kwargs` dict, not in `**kwargs`
[transformers] Kwargs passed to `processor.__call__` have to be in `processor_kwargs` dict, not in `**kwargs`
[transformers] Kwargs passed to `processor.__call__` have to be in `processor_kwargs` dict, not in `**kwargs`
[transformers] Kwargs passed to `processor.__call__` have to be in `processor_kwargs` dict, not in `**kwargs`
[transformers] Kwargs passed to `processor.__call__` have to be in `processor_kwargs` dict, not in `**kwargs`
[transformers] Kwargs passed to `processor.__call__` have to be in `processor_kwargs` dict, not in `**kwargs`
[transformers] Kwargs passed to `processor.__call__` have to be in `processor_kwargs` dict, not in `**kwargs`
[transformers] Kwargs passed to `processor.__call__` have to be in `processor_kwargs` dict, not in `**kwargs`
[transformers] Kwargs passed to `processor.__call__` have to be in `processor_kwargs` dict, not in `**kwargs`
[transformers] Kwargs passed to `processor.__call__` have to be in `processor_kwargs` dict, not in `**kwargs`
[transformers] Kwargs passed to `processor.__call__` have to be in `processor_kwargs` dict, not in `**kwargs`
[transformers] Kwargs passed to `processor.__call__` have to be in `processor_kwargs` dict, not in `**kwargs`
[transformers] Kwargs passed to `processor.__call__` have to be in `processor_kwargs` dict, not in `**kwargs`
[transformers] Kwargs passed to `processor.__call__` have to be in `processor_kwargs` dict, not in `**kwargs`
[transformers] Kwargs passed to `processor.__call__` have to be in `processor_kwargs` dict, not in `**kwargs`
[transformers] Kwargs passed to `processor.__call__` have to be in `processor_kwargs` dict, not in `**kwargs`
[transformers] Kwargs passed to `processor.__call__` have to be in `processor_kwargs` dict, not in `**kwargs`
[transformers] Kwargs passed to `processor.__call__` have to be in `processor_kwargs` dict, not in `**kwargs`
[transformers] Kwargs passed to `processor.__call__` have to be in `processor_kwargs` dict, not in `**kwargs`
[transformers] Kwargs passed to `processor.__call__` have to be in `processor_kwargs` dict, not in `**kwargs`
[transformers] Kwargs passed to `processor.__call__` have to be in `processor_kwargs` dict, not in `**kwargs`
  [10/40] TbHJrupSAjP       timeout  min_d  5.20  calls  50  12s/ep
[transformers] Kwargs passed to `processor.__call__` have to be in `processor_kwargs` dict, not in `**kwargs`
[transformers] Kwargs passed to `processor.__call__` have to be in `processor_kwargs` dict, not in `**kwargs`
[transformers] Kwargs passed to `processor.__call__` have to be in `processor_kwargs` dict, not in `**kwargs`
[transformers] Kwargs passed to `processor.__call__` have to be in `processor_kwargs` dict, not in `**kwargs`
[transformers] Kwargs passed to `processor.__call__` have to be in `processor_kwargs` dict, not in `**kwargs`
[transformers] Kwargs passed to `processor.__call__` have to be in `processor_kwargs` dict, not in `**kwargs`
[transformers] Kwargs passed to `processor.__call__` have to be in `processor_kwargs` dict, not in `**kwargs`
[transformers] Kwargs passed to `processor.__call__` have to be in `processor_kwargs` dict, not in `**kwargs`
[transformers] Kwargs passed to `processor.__call__` have to be in `processor_kwargs` dict, not in `**kwargs`
[transformers] Kwargs passed to `processor.__call__` have to be in `processor_kwargs` dict, not in `**kwargs`
[transformers] Kwargs passed to `processor.__call__` have to be in `processor_kwargs` dict, not in `**kwargs`
[transformers] Kwargs passed to `processor.__call__` have to be in `processor_kwargs` dict, not in `**kwargs`
[transformers] Kwargs passed to `processor.__call__` have to be in `processor_kwargs` dict, not in `**kwargs`
[transformers] Kwargs passed to `processor.__call__` have to be in `processor_kwargs` dict, not in `**kwargs`
[transformers] Kwargs passed to `processor.__call__` have to be in `processor_kwargs` dict, not in `**kwargs`
[transformers] Kwargs passed to `processor.__call__` have to be in `processor_kwargs` dict, not in `**kwargs`
[transformers] Kwargs passed to `processor.__call__` have to be in `processor_kwargs` dict, not in `**kwargs`
[transformers] Kwargs passed to `processor.__call__` have to be in `processor_kwargs` dict, not in `**kwargs`
[transformers] Kwargs passed to `processor.__call__` have to be in `processor_kwargs` dict, not in `**kwargs`
[transformers] Kwargs passed to `processor.__call__` have to be in `processor_kwargs` dict, not in `**kwargs`
[transformers] Kwargs passed to `processor.__call__` have to be in `processor_kwargs` dict, not in `**kwargs`
[transformers] Kwargs passed to `processor.__call__` have to be in `processor_kwargs` dict, not in `**kwargs`
[transformers] Kwargs passed to `processor.__call__` have to be in `processor_kwargs` dict, not in `**kwargs`
[transformers] Kwargs passed to `processor.__call__` have to be in `processor_kwargs` dict, not in `**kwargs`
[transformers] Kwargs passed to `processor.__call__` have to be in `processor_kwargs` dict, not in `**kwargs`
[transformers] Kwargs passed to `processor.__call__` have to be in `processor_kwargs` dict, not in `**kwargs`
[transformers] Kwargs passed to `processor.__call__` have to be in `processor_kwargs` dict, not in `**kwargs`
[transformers] Kwargs passed to `processor.__call__` have to be in `processor_kwargs` dict, not in `**kwargs`
[transformers] Kwargs passed to `processor.__call__` have to be in `processor_kwargs` dict, not in `**kwargs`
[transformers] Kwargs passed to `processor.__call__` have to be in `processor_kwargs` dict, not in `**kwargs`
[transformers] Kwargs passed to `processor.__call__` have to be in `processor_kwargs` dict, not in `**kwargs`
[transformers] Kwargs passed to `processor.__call__` have to be in `processor_kwargs` dict, not in `**kwargs`
[transformers] Kwargs passed to `processor.__call__` have to be in `processor_kwargs` dict, not in `**kwargs`
[transformers] Kwargs passed to `processor.__call__` have to be in `processor_kwargs` dict, not in `**kwargs`
[transformers] Kwargs passed to `processor.__call__` have to be in `processor_kwargs` dict, not in `**kwargs`
[transformers] Kwargs passed to `processor.__call__` have to be in `processor_kwargs` dict, not in `**kwargs`
[transformers] Kwargs passed to `processor.__call__` have to be in `processor_kwargs` dict, not in `**kwargs`
[transformers] Kwargs passed to `processor.__call__` have to be in `processor_kwargs` dict, not in `**kwargs`
[transformers] Kwargs passed to `processor.__call__` have to be in `processor_kwargs` dict, not in `**kwargs`
[transformers] Kwargs passed to `processor.__call__` have to be in `processor_kwargs` dict, not in `**kwargs`
[transformers] Kwargs passed to `processor.__call__` have to be in `processor_kwargs` dict, not in `**kwargs`
[transformers] Kwargs passed to `processor.__call__` have to be in `processor_kwargs` dict, not in `**kwargs`
[transformers] Kwargs passed to `processor.__call__` have to be in `processor_kwargs` dict, not in `**kwargs`
[transformers] Kwargs passed to `processor.__call__` have to be in `processor_kwargs` dict, not in `**kwargs`
[transformers] Kwargs passed to `processor.__call__` have to be in `processor_kwargs` dict, not in `**kwargs`
[transformers] Kwargs passed to `processor.__call__` have to be in `processor_kwargs` dict, not in `**kwargs`
[transformers] Kwargs passed to `processor.__call__` have to be in `processor_kwargs` dict, not in `**kwargs`
[transformers] Kwargs passed to `processor.__call__` have to be in `processor_kwargs` dict, not in `**kwargs`
[transformers] Kwargs passed to `processor.__call__` have to be in `processor_kwargs` dict, not in `**kwargs`
[transformers] Kwargs passed to `processor.__call__` have to be in `processor_kwargs` dict, not in `**kwargs`
  [11/40] TbHJrupSAjP       timeout  min_d  6.76  calls  50  12s/ep
[transformers] Kwargs passed to `processor.__call__` have to be in `processor_kwargs` dict, not in `**kwargs`
[transformers] Kwargs passed to `processor.__call__` have to be in `processor_kwargs` dict, not in `**kwargs`
[transformers] Kwargs passed to `processor.__call__` have to be in `processor_kwargs` dict, not in `**kwargs`
[transformers] Kwargs passed to `processor.__call__` have to be in `processor_kwargs` dict, not in `**kwargs`
[transformers] Kwargs passed to `processor.__call__` have to be in `processor_kwargs` dict, not in `**kwargs`
[transformers] Kwargs passed to `processor.__call__` have to be in `processor_kwargs` dict, not in `**kwargs`
[transformers] Kwargs passed to `processor.__call__` have to be in `processor_kwargs` dict, not in `**kwargs`
[transformers] Kwargs passed to `processor.__call__` have to be in `processor_kwargs` dict, not in `**kwargs`
[transformers] Kwargs passed to `processor.__call__` have to be in `processor_kwargs` dict, not in `**kwargs`
[transformers] Kwargs passed to `processor.__call__` have to be in `processor_kwargs` dict, not in `**kwargs`
[transformers] Kwargs passed to `processor.__call__` have to be in `processor_kwargs` dict, not in `**kwargs`
[transformers] Kwargs passed to `processor.__call__` have to be in `processor_kwargs` dict, not in `**kwargs`
[transformers] Kwargs passed to `processor.__call__` have to be in `processor_kwargs` dict, not in `**kwargs`
[transformers] Kwargs passed to `processor.__call__` have to be in `processor_kwargs` dict, not in `**kwargs`
[transformers] Kwargs passed to `processor.__call__` have to be in `processor_kwargs` dict, not in `**kwargs`
[transformers] Kwargs passed to `processor.__call__` have to be in `processor_kwargs` dict, not in `**kwargs`
[transformers] Kwargs passed to `processor.__call__` have to be in `processor_kwargs` dict, not in `**kwargs`
[transformers] Kwargs passed to `processor.__call__` have to be in `processor_kwargs` dict, not in `**kwargs`
[transformers] Kwargs passed to `processor.__call__` have to be in `processor_kwargs` dict, not in `**kwargs`
[transformers] Kwargs passed to `processor.__call__` have to be in `processor_kwargs` dict, not in `**kwargs`
[transformers] Kwargs passed to `processor.__call__` have to be in `processor_kwargs` dict, not in `**kwargs`
[transformers] Kwargs passed to `processor.__call__` have to be in `processor_kwargs` dict, not in `**kwargs`
[transformers] Kwargs passed to `processor.__call__` have to be in `processor_kwargs` dict, not in `**kwargs`
[transformers] Kwargs passed to `processor.__call__` have to be in `processor_kwargs` dict, not in `**kwargs`
[transformers] Kwargs passed to `processor.__call__` have to be in `processor_kwargs` dict, not in `**kwargs`
[transformers] Kwargs passed to `processor.__call__` have to be in `processor_kwargs` dict, not in `**kwargs`
[transformers] Kwargs passed to `processor.__call__` have to be in `processor_kwargs` dict, not in `**kwargs`
[transformers] Kwargs passed to `processor.__call__` have to be in `processor_kwargs` dict, not in `**kwargs`
[transformers] Kwargs passed to `processor.__call__` have to be in `processor_kwargs` dict, not in `**kwargs`
[transformers] Kwargs passed to `processor.__call__` have to be in `processor_kwargs` dict, not in `**kwargs`
[transformers] Kwargs passed to `processor.__call__` have to be in `processor_kwargs` dict, not in `**kwargs`
[transformers] Kwargs passed to `processor.__call__` have to be in `processor_kwargs` dict, not in `**kwargs`
[transformers] Kwargs passed to `processor.__call__` have to be in `processor_kwargs` dict, not in `**kwargs`
[transformers] Kwargs passed to `processor.__call__` have to be in `processor_kwargs` dict, not in `**kwargs`
[transformers] Kwargs passed to `processor.__call__` have to be in `processor_kwargs` dict, not in `**kwargs`
[transformers] Kwargs passed to `processor.__call__` have to be in `processor_kwargs` dict, not in `**kwargs`
[transformers] Kwargs passed to `processor.__call__` have to be in `processor_kwargs` dict, not in `**kwargs`
[transformers] Kwargs passed to `processor.__call__` have to be in `processor_kwargs` dict, not in `**kwargs`
[transformers] Kwargs passed to `processor.__call__` have to be in `processor_kwargs` dict, not in `**kwargs`
[transformers] Kwargs passed to `processor.__call__` have to be in `processor_kwargs` dict, not in `**kwargs`
[transformers] Kwargs passed to `processor.__call__` have to be in `processor_kwargs` dict, not in `**kwargs`
[transformers] Kwargs passed to `processor.__call__` have to be in `processor_kwargs` dict, not in `**kwargs`
[transformers] Kwargs passed to `processor.__call__` have to be in `processor_kwargs` dict, not in `**kwargs`
[transformers] Kwargs passed to `processor.__call__` have to be in `processor_kwargs` dict, not in `**kwargs`
[transformers] Kwargs passed to `processor.__call__` have to be in `processor_kwargs` dict, not in `**kwargs`
[transformers] Kwargs passed to `processor.__call__` have to be in `processor_kwargs` dict, not in `**kwargs`
[transformers] Kwargs passed to `processor.__call__` have to be in `processor_kwargs` dict, not in `**kwargs`
[transformers] Kwargs passed to `processor.__call__` have to be in `processor_kwargs` dict, not in `**kwargs`
[transformers] Kwargs passed to `processor.__call__` have to be in `processor_kwargs` dict, not in `**kwargs`
[transformers] Kwargs passed to `processor.__call__` have to be in `processor_kwargs` dict, not in `**kwargs`
  [12/40] TbHJrupSAjP       timeout  min_d  5.20  calls  50  12s/ep
[transformers] Kwargs passed to `processor.__call__` have to be in `processor_kwargs` dict, not in `**kwargs`
[transformers] Kwargs passed to `processor.__call__` have to be in `processor_kwargs` dict, not in `**kwargs`
[transformers] Kwargs passed to `processor.__call__` have to be in `processor_kwargs` dict, not in `**kwargs`
[transformers] Kwargs passed to `processor.__call__` have to be in `processor_kwargs` dict, not in `**kwargs`
[transformers] Kwargs passed to `processor.__call__` have to be in `processor_kwargs` dict, not in `**kwargs`
[transformers] Kwargs passed to `processor.__call__` have to be in `processor_kwargs` dict, not in `**kwargs`
[transformers] Kwargs passed to `processor.__call__` have to be in `processor_kwargs` dict, not in `**kwargs`
[transformers] Kwargs passed to `processor.__call__` have to be in `processor_kwargs` dict, not in `**kwargs`
[transformers] Kwargs passed to `processor.__call__` have to be in `processor_kwargs` dict, not in `**kwargs`
[transformers] Kwargs passed to `processor.__call__` have to be in `processor_kwargs` dict, not in `**kwargs`
[transformers] Kwargs passed to `processor.__call__` have to be in `processor_kwargs` dict, not in `**kwargs`
[transformers] Kwargs passed to `processor.__call__` have to be in `processor_kwargs` dict, not in `**kwargs`
[transformers] Kwargs passed to `processor.__call__` have to be in `processor_kwargs` dict, not in `**kwargs`
[transformers] Kwargs passed to `processor.__call__` have to be in `processor_kwargs` dict, not in `**kwargs`
[transformers] Kwargs passed to `processor.__call__` have to be in `processor_kwargs` dict, not in `**kwargs`
[transformers] Kwargs passed to `processor.__call__` have to be in `processor_kwargs` dict, not in `**kwargs`
[transformers] Kwargs passed to `processor.__call__` have to be in `processor_kwargs` dict, not in `**kwargs`
[transformers] Kwargs passed to `processor.__call__` have to be in `processor_kwargs` dict, not in `**kwargs`
[transformers] Kwargs passed to `processor.__call__` have to be in `processor_kwargs` dict, not in `**kwargs`
[transformers] Kwargs passed to `processor.__call__` have to be in `processor_kwargs` dict, not in `**kwargs`
[transformers] Kwargs passed to `processor.__call__` have to be in `processor_kwargs` dict, not in `**kwargs`
[transformers] Kwargs passed to `processor.__call__` have to be in `processor_kwargs` dict, not in `**kwargs`
[transformers] Kwargs passed to `processor.__call__` have to be in `processor_kwargs` dict, not in `**kwargs`
[transformers] Kwargs passed to `processor.__call__` have to be in `processor_kwargs` dict, not in `**kwargs`
[transformers] Kwargs passed to `processor.__call__` have to be in `processor_kwargs` dict, not in `**kwargs`
[transformers] Kwargs passed to `processor.__call__` have to be in `processor_kwargs` dict, not in `**kwargs`
[transformers] Kwargs passed to `processor.__call__` have to be in `processor_kwargs` dict, not in `**kwargs`
[transformers] Kwargs passed to `processor.__call__` have to be in `processor_kwargs` dict, not in `**kwargs`
[transformers] Kwargs passed to `processor.__call__` have to be in `processor_kwargs` dict, not in `**kwargs`
[transformers] Kwargs passed to `processor.__call__` have to be in `processor_kwargs` dict, not in `**kwargs`
[transformers] Kwargs passed to `processor.__call__` have to be in `processor_kwargs` dict, not in `**kwargs`
[transformers] Kwargs passed to `processor.__call__` have to be in `processor_kwargs` dict, not in `**kwargs`
[transformers] Kwargs passed to `processor.__call__` have to be in `processor_kwargs` dict, not in `**kwargs`
[transformers] Kwargs passed to `processor.__call__` have to be in `processor_kwargs` dict, not in `**kwargs`
[transformers] Kwargs passed to `processor.__call__` have to be in `processor_kwargs` dict, not in `**kwargs`
[transformers] Kwargs passed to `processor.__call__` have to be in `processor_kwargs` dict, not in `**kwargs`
[transformers] Kwargs passed to `processor.__call__` have to be in `processor_kwargs` dict, not in `**kwargs`
[transformers] Kwargs passed to `processor.__call__` have to be in `processor_kwargs` dict, not in `**kwargs`
[transformers] Kwargs passed to `processor.__call__` have to be in `processor_kwargs` dict, not in `**kwargs`
[transformers] Kwargs passed to `processor.__call__` have to be in `processor_kwargs` dict, not in `**kwargs`
[transformers] Kwargs passed to `processor.__call__` have to be in `processor_kwargs` dict, not in `**kwargs`
[transformers] Kwargs passed to `processor.__call__` have to be in `processor_kwargs` dict, not in `**kwargs`
[transformers] Kwargs passed to `processor.__call__` have to be in `processor_kwargs` dict, not in `**kwargs`
[transformers] Kwargs passed to `processor.__call__` have to be in `processor_kwargs` dict, not in `**kwargs`
[transformers] Kwargs passed to `processor.__call__` have to be in `processor_kwargs` dict, not in `**kwargs`
[transformers] Kwargs passed to `processor.__call__` have to be in `processor_kwargs` dict, not in `**kwargs`
[transformers] Kwargs passed to `processor.__call__` have to be in `processor_kwargs` dict, not in `**kwargs`
[transformers] Kwargs passed to `processor.__call__` have to be in `processor_kwargs` dict, not in `**kwargs`
[transformers] Kwargs passed to `processor.__call__` have to be in `processor_kwargs` dict, not in `**kwargs`
[transformers] Kwargs passed to `processor.__call__` have to be in `processor_kwargs` dict, not in `**kwargs`
  [13/40] TbHJrupSAjP       timeout  min_d  0.72  calls  50  12s/ep
[transformers] Kwargs passed to `processor.__call__` have to be in `processor_kwargs` dict, not in `**kwargs`
[transformers] Kwargs passed to `processor.__call__` have to be in `processor_kwargs` dict, not in `**kwargs`
[transformers] Kwargs passed to `processor.__call__` have to be in `processor_kwargs` dict, not in `**kwargs`
[transformers] Kwargs passed to `processor.__call__` have to be in `processor_kwargs` dict, not in `**kwargs`
[transformers] Kwargs passed to `processor.__call__` have to be in `processor_kwargs` dict, not in `**kwargs`
[transformers] Kwargs passed to `processor.__call__` have to be in `processor_kwargs` dict, not in `**kwargs`
[transformers] Kwargs passed to `processor.__call__` have to be in `processor_kwargs` dict, not in `**kwargs`
[transformers] Kwargs passed to `processor.__call__` have to be in `processor_kwargs` dict, not in `**kwargs`
[transformers] Kwargs passed to `processor.__call__` have to be in `processor_kwargs` dict, not in `**kwargs`
[transformers] Kwargs passed to `processor.__call__` have to be in `processor_kwargs` dict, not in `**kwargs`
[transformers] Kwargs passed to `processor.__call__` have to be in `processor_kwargs` dict, not in `**kwargs`
[transformers] Kwargs passed to `processor.__call__` have to be in `processor_kwargs` dict, not in `**kwargs`
[transformers] Kwargs passed to `processor.__call__` have to be in `processor_kwargs` dict, not in `**kwargs`
[transformers] Kwargs passed to `processor.__call__` have to be in `processor_kwargs` dict, not in `**kwargs`
[transformers] Kwargs passed to `processor.__call__` have to be in `processor_kwargs` dict, not in `**kwargs`
[transformers] Kwargs passed to `processor.__call__` have to be in `processor_kwargs` dict, not in `**kwargs`
[transformers] Kwargs passed to `processor.__call__` have to be in `processor_kwargs` dict, not in `**kwargs`
[transformers] Kwargs passed to `processor.__call__` have to be in `processor_kwargs` dict, not in `**kwargs`
[transformers] Kwargs passed to `processor.__call__` have to be in `processor_kwargs` dict, not in `**kwargs`
[transformers] Kwargs passed to `processor.__call__` have to be in `processor_kwargs` dict, not in `**kwargs`
[transformers] Kwargs passed to `processor.__call__` have to be in `processor_kwargs` dict, not in `**kwargs`
[transformers] Kwargs passed to `processor.__call__` have to be in `processor_kwargs` dict, not in `**kwargs`
[transformers] Kwargs passed to `processor.__call__` have to be in `processor_kwargs` dict, not in `**kwargs`
[transformers] Kwargs passed to `processor.__call__` have to be in `processor_kwargs` dict, not in `**kwargs`
[transformers] Kwargs passed to `processor.__call__` have to be in `processor_kwargs` dict, not in `**kwargs`
[transformers] Kwargs passed to `processor.__call__` have to be in `processor_kwargs` dict, not in `**kwargs`
[transformers] Kwargs passed to `processor.__call__` have to be in `processor_kwargs` dict, not in `**kwargs`
[transformers] Kwargs passed to `processor.__call__` have to be in `processor_kwargs` dict, not in `**kwargs`
[transformers] Kwargs passed to `processor.__call__` have to be in `processor_kwargs` dict, not in `**kwargs`
[transformers] Kwargs passed to `processor.__call__` have to be in `processor_kwargs` dict, not in `**kwargs`
[transformers] Kwargs passed to `processor.__call__` have to be in `processor_kwargs` dict, not in `**kwargs`
[transformers] Kwargs passed to `processor.__call__` have to be in `processor_kwargs` dict, not in `**kwargs`
[transformers] Kwargs passed to `processor.__call__` have to be in `processor_kwargs` dict, not in `**kwargs`
[transformers] Kwargs passed to `processor.__call__` have to be in `processor_kwargs` dict, not in `**kwargs`
[transformers] Kwargs passed to `processor.__call__` have to be in `processor_kwargs` dict, not in `**kwargs`
[transformers] Kwargs passed to `processor.__call__` have to be in `processor_kwargs` dict, not in `**kwargs`
[transformers] Kwargs passed to `processor.__call__` have to be in `processor_kwargs` dict, not in `**kwargs`
[transformers] Kwargs passed to `processor.__call__` have to be in `processor_kwargs` dict, not in `**kwargs`
[transformers] Kwargs passed to `processor.__call__` have to be in `processor_kwargs` dict, not in `**kwargs`
[transformers] Kwargs passed to `processor.__call__` have to be in `processor_kwargs` dict, not in `**kwargs`
[transformers] Kwargs passed to `processor.__call__` have to be in `processor_kwargs` dict, not in `**kwargs`
[transformers] Kwargs passed to `processor.__call__` have to be in `processor_kwargs` dict, not in `**kwargs`
[transformers] Kwargs passed to `processor.__call__` have to be in `processor_kwargs` dict, not in `**kwargs`
[transformers] Kwargs passed to `processor.__call__` have to be in `processor_kwargs` dict, not in `**kwargs`
[transformers] Kwargs passed to `processor.__call__` have to be in `processor_kwargs` dict, not in `**kwargs`
[transformers] Kwargs passed to `processor.__call__` have to be in `processor_kwargs` dict, not in `**kwargs`
[transformers] Kwargs passed to `processor.__call__` have to be in `processor_kwargs` dict, not in `**kwargs`
[transformers] Kwargs passed to `processor.__call__` have to be in `processor_kwargs` dict, not in `**kwargs`
[transformers] Kwargs passed to `processor.__call__` have to be in `processor_kwargs` dict, not in `**kwargs`
[transformers] Kwargs passed to `processor.__call__` have to be in `processor_kwargs` dict, not in `**kwargs`
  [14/40] TbHJrupSAjP       timeout  min_d  0.72  calls  50  12s/ep
[transformers] Kwargs passed to `processor.__call__` have to be in `processor_kwargs` dict, not in `**kwargs`
[transformers] Kwargs passed to `processor.__call__` have to be in `processor_kwargs` dict, not in `**kwargs`
[transformers] Kwargs passed to `processor.__call__` have to be in `processor_kwargs` dict, not in `**kwargs`
[transformers] Kwargs passed to `processor.__call__` have to be in `processor_kwargs` dict, not in `**kwargs`
[transformers] Kwargs passed to `processor.__call__` have to be in `processor_kwargs` dict, not in `**kwargs`
[transformers] Kwargs passed to `processor.__call__` have to be in `processor_kwargs` dict, not in `**kwargs`
[transformers] Kwargs passed to `processor.__call__` have to be in `processor_kwargs` dict, not in `**kwargs`
[transformers] Kwargs passed to `processor.__call__` have to be in `processor_kwargs` dict, not in `**kwargs`
[transformers] Kwargs passed to `processor.__call__` have to be in `processor_kwargs` dict, not in `**kwargs`
[transformers] Kwargs passed to `processor.__call__` have to be in `processor_kwargs` dict, not in `**kwargs`
[transformers] Kwargs passed to `processor.__call__` have to be in `processor_kwargs` dict, not in `**kwargs`
[transformers] Kwargs passed to `processor.__call__` have to be in `processor_kwargs` dict, not in `**kwargs`
[transformers] Kwargs passed to `processor.__call__` have to be in `processor_kwargs` dict, not in `**kwargs`
[transformers] Kwargs passed to `processor.__call__` have to be in `processor_kwargs` dict, not in `**kwargs`
[transformers] Kwargs passed to `processor.__call__` have to be in `processor_kwargs` dict, not in `**kwargs`
[transformers] Kwargs passed to `processor.__call__` have to be in `processor_kwargs` dict, not in `**kwargs`
[transformers] Kwargs passed to `processor.__call__` have to be in `processor_kwargs` dict, not in `**kwargs`
[transformers] Kwargs passed to `processor.__call__` have to be in `processor_kwargs` dict, not in `**kwargs`
[transformers] Kwargs passed to `processor.__call__` have to be in `processor_kwargs` dict, not in `**kwargs`
[transformers] Kwargs passed to `processor.__call__` have to be in `processor_kwargs` dict, not in `**kwargs`
[transformers] Kwargs passed to `processor.__call__` have to be in `processor_kwargs` dict, not in `**kwargs`
[transformers] Kwargs passed to `processor.__call__` have to be in `processor_kwargs` dict, not in `**kwargs`
[transformers] Kwargs passed to `processor.__call__` have to be in `processor_kwargs` dict, not in `**kwargs`
[transformers] Kwargs passed to `processor.__call__` have to be in `processor_kwargs` dict, not in `**kwargs`
[transformers] Kwargs passed to `processor.__call__` have to be in `processor_kwargs` dict, not in `**kwargs`
[transformers] Kwargs passed to `processor.__call__` have to be in `processor_kwargs` dict, not in `**kwargs`
[transformers] Kwargs passed to `processor.__call__` have to be in `processor_kwargs` dict, not in `**kwargs`
[transformers] Kwargs passed to `processor.__call__` have to be in `processor_kwargs` dict, not in `**kwargs`
[transformers] Kwargs passed to `processor.__call__` have to be in `processor_kwargs` dict, not in `**kwargs`
[transformers] Kwargs passed to `processor.__call__` have to be in `processor_kwargs` dict, not in `**kwargs`
[transformers] Kwargs passed to `processor.__call__` have to be in `processor_kwargs` dict, not in `**kwargs`
[transformers] Kwargs passed to `processor.__call__` have to be in `processor_kwargs` dict, not in `**kwargs`
[transformers] Kwargs passed to `processor.__call__` have to be in `processor_kwargs` dict, not in `**kwargs`
[transformers] Kwargs passed to `processor.__call__` have to be in `processor_kwargs` dict, not in `**kwargs`
[transformers] Kwargs passed to `processor.__call__` have to be in `processor_kwargs` dict, not in `**kwargs`
[transformers] Kwargs passed to `processor.__call__` have to be in `processor_kwargs` dict, not in `**kwargs`
[transformers] Kwargs passed to `processor.__call__` have to be in `processor_kwargs` dict, not in `**kwargs`
[transformers] Kwargs passed to `processor.__call__` have to be in `processor_kwargs` dict, not in `**kwargs`
[transformers] Kwargs passed to `processor.__call__` have to be in `processor_kwargs` dict, not in `**kwargs`
[transformers] Kwargs passed to `processor.__call__` have to be in `processor_kwargs` dict, not in `**kwargs`
[transformers] Kwargs passed to `processor.__call__` have to be in `processor_kwargs` dict, not in `**kwargs`
[transformers] Kwargs passed to `processor.__call__` have to be in `processor_kwargs` dict, not in `**kwargs`
[transformers] Kwargs passed to `processor.__call__` have to be in `processor_kwargs` dict, not in `**kwargs`
[transformers] Kwargs passed to `processor.__call__` have to be in `processor_kwargs` dict, not in `**kwargs`
[transformers] Kwargs passed to `processor.__call__` have to be in `processor_kwargs` dict, not in `**kwargs`
[transformers] Kwargs passed to `processor.__call__` have to be in `processor_kwargs` dict, not in `**kwargs`
[transformers] Kwargs passed to `processor.__call__` have to be in `processor_kwargs` dict, not in `**kwargs`
[transformers] Kwargs passed to `processor.__call__` have to be in `processor_kwargs` dict, not in `**kwargs`
[transformers] Kwargs passed to `processor.__call__` have to be in `processor_kwargs` dict, not in `**kwargs`
[transformers] Kwargs passed to `processor.__call__` have to be in `processor_kwargs` dict, not in `**kwargs`
  [15/40] TbHJrupSAjP       timeout  min_d  8.38  calls  50  12s/ep
[transformers] Kwargs passed to `processor.__call__` have to be in `processor_kwargs` dict, not in `**kwargs`
[transformers] Kwargs passed to `processor.__call__` have to be in `processor_kwargs` dict, not in `**kwargs`
[transformers] Kwargs passed to `processor.__call__` have to be in `processor_kwargs` dict, not in `**kwargs`
[transformers] Kwargs passed to `processor.__call__` have to be in `processor_kwargs` dict, not in `**kwargs`
[transformers] Kwargs passed to `processor.__call__` have to be in `processor_kwargs` dict, not in `**kwargs`
[transformers] Kwargs passed to `processor.__call__` have to be in `processor_kwargs` dict, not in `**kwargs`
[transformers] Kwargs passed to `processor.__call__` have to be in `processor_kwargs` dict, not in `**kwargs`
[transformers] Kwargs passed to `processor.__call__` have to be in `processor_kwargs` dict, not in `**kwargs`
[transformers] Kwargs passed to `processor.__call__` have to be in `processor_kwargs` dict, not in `**kwargs`
[transformers] Kwargs passed to `processor.__call__` have to be in `processor_kwargs` dict, not in `**kwargs`
[transformers] Kwargs passed to `processor.__call__` have to be in `processor_kwargs` dict, not in `**kwargs`
[transformers] Kwargs passed to `processor.__call__` have to be in `processor_kwargs` dict, not in `**kwargs`
[transformers] Kwargs passed to `processor.__call__` have to be in `processor_kwargs` dict, not in `**kwargs`
[transformers] Kwargs passed to `processor.__call__` have to be in `processor_kwargs` dict, not in `**kwargs`
[transformers] Kwargs passed to `processor.__call__` have to be in `processor_kwargs` dict, not in `**kwargs`
[transformers] Kwargs passed to `processor.__call__` have to be in `processor_kwargs` dict, not in `**kwargs`
[transformers] Kwargs passed to `processor.__call__` have to be in `processor_kwargs` dict, not in `**kwargs`
[transformers] Kwargs passed to `processor.__call__` have to be in `processor_kwargs` dict, not in `**kwargs`
[transformers] Kwargs passed to `processor.__call__` have to be in `processor_kwargs` dict, not in `**kwargs`
[transformers] Kwargs passed to `processor.__call__` have to be in `processor_kwargs` dict, not in `**kwargs`
[transformers] Kwargs passed to `processor.__call__` have to be in `processor_kwargs` dict, not in `**kwargs`
[transformers] Kwargs passed to `processor.__call__` have to be in `processor_kwargs` dict, not in `**kwargs`
[transformers] Kwargs passed to `processor.__call__` have to be in `processor_kwargs` dict, not in `**kwargs`
[transformers] Kwargs passed to `processor.__call__` have to be in `processor_kwargs` dict, not in `**kwargs`
[transformers] Kwargs passed to `processor.__call__` have to be in `processor_kwargs` dict, not in `**kwargs`
[transformers] Kwargs passed to `processor.__call__` have to be in `processor_kwargs` dict, not in `**kwargs`
[transformers] Kwargs passed to `processor.__call__` have to be in `processor_kwargs` dict, not in `**kwargs`
[transformers] Kwargs passed to `processor.__call__` have to be in `processor_kwargs` dict, not in `**kwargs`
[transformers] Kwargs passed to `processor.__call__` have to be in `processor_kwargs` dict, not in `**kwargs`
[transformers] Kwargs passed to `processor.__call__` have to be in `processor_kwargs` dict, not in `**kwargs`
[transformers] Kwargs passed to `processor.__call__` have to be in `processor_kwargs` dict, not in `**kwargs`
[transformers] Kwargs passed to `processor.__call__` have to be in `processor_kwargs` dict, not in `**kwargs`
[transformers] Kwargs passed to `processor.__call__` have to be in `processor_kwargs` dict, not in `**kwargs`
[transformers] Kwargs passed to `processor.__call__` have to be in `processor_kwargs` dict, not in `**kwargs`
[transformers] Kwargs passed to `processor.__call__` have to be in `processor_kwargs` dict, not in `**kwargs`
[transformers] Kwargs passed to `processor.__call__` have to be in `processor_kwargs` dict, not in `**kwargs`
[transformers] Kwargs passed to `processor.__call__` have to be in `processor_kwargs` dict, not in `**kwargs`
[transformers] Kwargs passed to `processor.__call__` have to be in `processor_kwargs` dict, not in `**kwargs`
[transformers] Kwargs passed to `processor.__call__` have to be in `processor_kwargs` dict, not in `**kwargs`
[transformers] Kwargs passed to `processor.__call__` have to be in `processor_kwargs` dict, not in `**kwargs`
[transformers] Kwargs passed to `processor.__call__` have to be in `processor_kwargs` dict, not in `**kwargs`
[transformers] Kwargs passed to `processor.__call__` have to be in `processor_kwargs` dict, not in `**kwargs`
[transformers] Kwargs passed to `processor.__call__` have to be in `processor_kwargs` dict, not in `**kwargs`
[transformers] Kwargs passed to `processor.__call__` have to be in `processor_kwargs` dict, not in `**kwargs`
[transformers] Kwargs passed to `processor.__call__` have to be in `processor_kwargs` dict, not in `**kwargs`
[transformers] Kwargs passed to `processor.__call__` have to be in `processor_kwargs` dict, not in `**kwargs`
[transformers] Kwargs passed to `processor.__call__` have to be in `processor_kwargs` dict, not in `**kwargs`
[transformers] Kwargs passed to `processor.__call__` have to be in `processor_kwargs` dict, not in `**kwargs`
[transformers] Kwargs passed to `processor.__call__` have to be in `processor_kwargs` dict, not in `**kwargs`
[transformers] Kwargs passed to `processor.__call__` have to be in `processor_kwargs` dict, not in `**kwargs`
  [16/40] TbHJrupSAjP       timeout  min_d  1.34  calls  50  12s/ep
[transformers] Kwargs passed to `processor.__call__` have to be in `processor_kwargs` dict, not in `**kwargs`
[transformers] Kwargs passed to `processor.__call__` have to be in `processor_kwargs` dict, not in `**kwargs`
[transformers] Kwargs passed to `processor.__call__` have to be in `processor_kwargs` dict, not in `**kwargs`
[transformers] Kwargs passed to `processor.__call__` have to be in `processor_kwargs` dict, not in `**kwargs`
[transformers] Kwargs passed to `processor.__call__` have to be in `processor_kwargs` dict, not in `**kwargs`
[transformers] Kwargs passed to `processor.__call__` have to be in `processor_kwargs` dict, not in `**kwargs`
[transformers] Kwargs passed to `processor.__call__` have to be in `processor_kwargs` dict, not in `**kwargs`
[transformers] Kwargs passed to `processor.__call__` have to be in `processor_kwargs` dict, not in `**kwargs`
[transformers] Kwargs passed to `processor.__call__` have to be in `processor_kwargs` dict, not in `**kwargs`
[transformers] Kwargs passed to `processor.__call__` have to be in `processor_kwargs` dict, not in `**kwargs`
[transformers] Kwargs passed to `processor.__call__` have to be in `processor_kwargs` dict, not in `**kwargs`
[transformers] Kwargs passed to `processor.__call__` have to be in `processor_kwargs` dict, not in `**kwargs`
[transformers] Kwargs passed to `processor.__call__` have to be in `processor_kwargs` dict, not in `**kwargs`
[transformers] Kwargs passed to `processor.__call__` have to be in `processor_kwargs` dict, not in `**kwargs`
[transformers] Kwargs passed to `processor.__call__` have to be in `processor_kwargs` dict, not in `**kwargs`
[transformers] Kwargs passed to `processor.__call__` have to be in `processor_kwargs` dict, not in `**kwargs`
[transformers] Kwargs passed to `processor.__call__` have to be in `processor_kwargs` dict, not in `**kwargs`
[transformers] Kwargs passed to `processor.__call__` have to be in `processor_kwargs` dict, not in `**kwargs`
[transformers] Kwargs passed to `processor.__call__` have to be in `processor_kwargs` dict, not in `**kwargs`
[transformers] Kwargs passed to `processor.__call__` have to be in `processor_kwargs` dict, not in `**kwargs`
[transformers] Kwargs passed to `processor.__call__` have to be in `processor_kwargs` dict, not in `**kwargs`
[transformers] Kwargs passed to `processor.__call__` have to be in `processor_kwargs` dict, not in `**kwargs`
[transformers] Kwargs passed to `processor.__call__` have to be in `processor_kwargs` dict, not in `**kwargs`
[transformers] Kwargs passed to `processor.__call__` have to be in `processor_kwargs` dict, not in `**kwargs`
[transformers] Kwargs passed to `processor.__call__` have to be in `processor_kwargs` dict, not in `**kwargs`
[transformers] Kwargs passed to `processor.__call__` have to be in `processor_kwargs` dict, not in `**kwargs`
[transformers] Kwargs passed to `processor.__call__` have to be in `processor_kwargs` dict, not in `**kwargs`
[transformers] Kwargs passed to `processor.__call__` have to be in `processor_kwargs` dict, not in `**kwargs`
[transformers] Kwargs passed to `processor.__call__` have to be in `processor_kwargs` dict, not in `**kwargs`
[transformers] Kwargs passed to `processor.__call__` have to be in `processor_kwargs` dict, not in `**kwargs`
[transformers] Kwargs passed to `processor.__call__` have to be in `processor_kwargs` dict, not in `**kwargs`
[transformers] Kwargs passed to `processor.__call__` have to be in `processor_kwargs` dict, not in `**kwargs`
[transformers] Kwargs passed to `processor.__call__` have to be in `processor_kwargs` dict, not in `**kwargs`
[transformers] Kwargs passed to `processor.__call__` have to be in `processor_kwargs` dict, not in `**kwargs`
[transformers] Kwargs passed to `processor.__call__` have to be in `processor_kwargs` dict, not in `**kwargs`
[transformers] Kwargs passed to `processor.__call__` have to be in `processor_kwargs` dict, not in `**kwargs`
[transformers] Kwargs passed to `processor.__call__` have to be in `processor_kwargs` dict, not in `**kwargs`
[transformers] Kwargs passed to `processor.__call__` have to be in `processor_kwargs` dict, not in `**kwargs`
[transformers] Kwargs passed to `processor.__call__` have to be in `processor_kwargs` dict, not in `**kwargs`
[transformers] Kwargs passed to `processor.__call__` have to be in `processor_kwargs` dict, not in `**kwargs`
[transformers] Kwargs passed to `processor.__call__` have to be in `processor_kwargs` dict, not in `**kwargs`
[transformers] Kwargs passed to `processor.__call__` have to be in `processor_kwargs` dict, not in `**kwargs`
[transformers] Kwargs passed to `processor.__call__` have to be in `processor_kwargs` dict, not in `**kwargs`
[transformers] Kwargs passed to `processor.__call__` have to be in `processor_kwargs` dict, not in `**kwargs`
[transformers] Kwargs passed to `processor.__call__` have to be in `processor_kwargs` dict, not in `**kwargs`
[transformers] Kwargs passed to `processor.__call__` have to be in `processor_kwargs` dict, not in `**kwargs`
[transformers] Kwargs passed to `processor.__call__` have to be in `processor_kwargs` dict, not in `**kwargs`
[transformers] Kwargs passed to `processor.__call__` have to be in `processor_kwargs` dict, not in `**kwargs`
[transformers] Kwargs passed to `processor.__call__` have to be in `processor_kwargs` dict, not in `**kwargs`
[transformers] Kwargs passed to `processor.__call__` have to be in `processor_kwargs` dict, not in `**kwargs`
  [17/40] TbHJrupSAjP       timeout  min_d  3.72  calls  50  12s/ep
[transformers] Kwargs passed to `processor.__call__` have to be in `processor_kwargs` dict, not in `**kwargs`
[transformers] Kwargs passed to `processor.__call__` have to be in `processor_kwargs` dict, not in `**kwargs`
[transformers] Kwargs passed to `processor.__call__` have to be in `processor_kwargs` dict, not in `**kwargs`
[transformers] Kwargs passed to `processor.__call__` have to be in `processor_kwargs` dict, not in `**kwargs`
[transformers] Kwargs passed to `processor.__call__` have to be in `processor_kwargs` dict, not in `**kwargs`
[transformers] Kwargs passed to `processor.__call__` have to be in `processor_kwargs` dict, not in `**kwargs`
[transformers] Kwargs passed to `processor.__call__` have to be in `processor_kwargs` dict, not in `**kwargs`
[transformers] Kwargs passed to `processor.__call__` have to be in `processor_kwargs` dict, not in `**kwargs`
[transformers] Kwargs passed to `processor.__call__` have to be in `processor_kwargs` dict, not in `**kwargs`
[transformers] Kwargs passed to `processor.__call__` have to be in `processor_kwargs` dict, not in `**kwargs`
[transformers] Kwargs passed to `processor.__call__` have to be in `processor_kwargs` dict, not in `**kwargs`
[transformers] Kwargs passed to `processor.__call__` have to be in `processor_kwargs` dict, not in `**kwargs`
[transformers] Kwargs passed to `processor.__call__` have to be in `processor_kwargs` dict, not in `**kwargs`
[transformers] Kwargs passed to `processor.__call__` have to be in `processor_kwargs` dict, not in `**kwargs`
[transformers] Kwargs passed to `processor.__call__` have to be in `processor_kwargs` dict, not in `**kwargs`
[transformers] Kwargs passed to `processor.__call__` have to be in `processor_kwargs` dict, not in `**kwargs`
[transformers] Kwargs passed to `processor.__call__` have to be in `processor_kwargs` dict, not in `**kwargs`
[transformers] Kwargs passed to `processor.__call__` have to be in `processor_kwargs` dict, not in `**kwargs`
[transformers] Kwargs passed to `processor.__call__` have to be in `processor_kwargs` dict, not in `**kwargs`
[transformers] Kwargs passed to `processor.__call__` have to be in `processor_kwargs` dict, not in `**kwargs`
[transformers] Kwargs passed to `processor.__call__` have to be in `processor_kwargs` dict, not in `**kwargs`
[transformers] Kwargs passed to `processor.__call__` have to be in `processor_kwargs` dict, not in `**kwargs`
[transformers] Kwargs passed to `processor.__call__` have to be in `processor_kwargs` dict, not in `**kwargs`
[transformers] Kwargs passed to `processor.__call__` have to be in `processor_kwargs` dict, not in `**kwargs`
[transformers] Kwargs passed to `processor.__call__` have to be in `processor_kwargs` dict, not in `**kwargs`
[transformers] Kwargs passed to `processor.__call__` have to be in `processor_kwargs` dict, not in `**kwargs`
[transformers] Kwargs passed to `processor.__call__` have to be in `processor_kwargs` dict, not in `**kwargs`
[transformers] Kwargs passed to `processor.__call__` have to be in `processor_kwargs` dict, not in `**kwargs`
[transformers] Kwargs passed to `processor.__call__` have to be in `processor_kwargs` dict, not in `**kwargs`
[transformers] Kwargs passed to `processor.__call__` have to be in `processor_kwargs` dict, not in `**kwargs`
[transformers] Kwargs passed to `processor.__call__` have to be in `processor_kwargs` dict, not in `**kwargs`
[transformers] Kwargs passed to `processor.__call__` have to be in `processor_kwargs` dict, not in `**kwargs`
[transformers] Kwargs passed to `processor.__call__` have to be in `processor_kwargs` dict, not in `**kwargs`
[transformers] Kwargs passed to `processor.__call__` have to be in `processor_kwargs` dict, not in `**kwargs`
[transformers] Kwargs passed to `processor.__call__` have to be in `processor_kwargs` dict, not in `**kwargs`
[transformers] Kwargs passed to `processor.__call__` have to be in `processor_kwargs` dict, not in `**kwargs`
[transformers] Kwargs passed to `processor.__call__` have to be in `processor_kwargs` dict, not in `**kwargs`
[transformers] Kwargs passed to `processor.__call__` have to be in `processor_kwargs` dict, not in `**kwargs`
[transformers] Kwargs passed to `processor.__call__` have to be in `processor_kwargs` dict, not in `**kwargs`
[transformers] Kwargs passed to `processor.__call__` have to be in `processor_kwargs` dict, not in `**kwargs`
[transformers] Kwargs passed to `processor.__call__` have to be in `processor_kwargs` dict, not in `**kwargs`
[transformers] Kwargs passed to `processor.__call__` have to be in `processor_kwargs` dict, not in `**kwargs`
[transformers] Kwargs passed to `processor.__call__` have to be in `processor_kwargs` dict, not in `**kwargs`
[transformers] Kwargs passed to `processor.__call__` have to be in `processor_kwargs` dict, not in `**kwargs`
[transformers] Kwargs passed to `processor.__call__` have to be in `processor_kwargs` dict, not in `**kwargs`
[transformers] Kwargs passed to `processor.__call__` have to be in `processor_kwargs` dict, not in `**kwargs`
[transformers] Kwargs passed to `processor.__call__` have to be in `processor_kwargs` dict, not in `**kwargs`
[transformers] Kwargs passed to `processor.__call__` have to be in `processor_kwargs` dict, not in `**kwargs`
[transformers] Kwargs passed to `processor.__call__` have to be in `processor_kwargs` dict, not in `**kwargs`
[transformers] Kwargs passed to `processor.__call__` have to be in `processor_kwargs` dict, not in `**kwargs`
  [18/40] TbHJrupSAjP       timeout  min_d  7.19  calls  50  12s/ep
[transformers] Kwargs passed to `processor.__call__` have to be in `processor_kwargs` dict, not in `**kwargs`
[transformers] Kwargs passed to `processor.__call__` have to be in `processor_kwargs` dict, not in `**kwargs`
[transformers] Kwargs passed to `processor.__call__` have to be in `processor_kwargs` dict, not in `**kwargs`
[transformers] Kwargs passed to `processor.__call__` have to be in `processor_kwargs` dict, not in `**kwargs`
[transformers] Kwargs passed to `processor.__call__` have to be in `processor_kwargs` dict, not in `**kwargs`
[transformers] Kwargs passed to `processor.__call__` have to be in `processor_kwargs` dict, not in `**kwargs`
[transformers] Kwargs passed to `processor.__call__` have to be in `processor_kwargs` dict, not in `**kwargs`
[transformers] Kwargs passed to `processor.__call__` have to be in `processor_kwargs` dict, not in `**kwargs`
[transformers] Kwargs passed to `processor.__call__` have to be in `processor_kwargs` dict, not in `**kwargs`
[transformers] Kwargs passed to `processor.__call__` have to be in `processor_kwargs` dict, not in `**kwargs`
[transformers] Kwargs passed to `processor.__call__` have to be in `processor_kwargs` dict, not in `**kwargs`
[transformers] Kwargs passed to `processor.__call__` have to be in `processor_kwargs` dict, not in `**kwargs`
[transformers] Kwargs passed to `processor.__call__` have to be in `processor_kwargs` dict, not in `**kwargs`
[transformers] Kwargs passed to `processor.__call__` have to be in `processor_kwargs` dict, not in `**kwargs`
[transformers] Kwargs passed to `processor.__call__` have to be in `processor_kwargs` dict, not in `**kwargs`
[transformers] Kwargs passed to `processor.__call__` have to be in `processor_kwargs` dict, not in `**kwargs`
[transformers] Kwargs passed to `processor.__call__` have to be in `processor_kwargs` dict, not in `**kwargs`
[transformers] Kwargs passed to `processor.__call__` have to be in `processor_kwargs` dict, not in `**kwargs`
[transformers] Kwargs passed to `processor.__call__` have to be in `processor_kwargs` dict, not in `**kwargs`
[transformers] Kwargs passed to `processor.__call__` have to be in `processor_kwargs` dict, not in `**kwargs`
[transformers] Kwargs passed to `processor.__call__` have to be in `processor_kwargs` dict, not in `**kwargs`
[transformers] Kwargs passed to `processor.__call__` have to be in `processor_kwargs` dict, not in `**kwargs`
[transformers] Kwargs passed to `processor.__call__` have to be in `processor_kwargs` dict, not in `**kwargs`
[transformers] Kwargs passed to `processor.__call__` have to be in `processor_kwargs` dict, not in `**kwargs`
[transformers] Kwargs passed to `processor.__call__` have to be in `processor_kwargs` dict, not in `**kwargs`
[transformers] Kwargs passed to `processor.__call__` have to be in `processor_kwargs` dict, not in `**kwargs`
[transformers] Kwargs passed to `processor.__call__` have to be in `processor_kwargs` dict, not in `**kwargs`
[transformers] Kwargs passed to `processor.__call__` have to be in `processor_kwargs` dict, not in `**kwargs`
[transformers] Kwargs passed to `processor.__call__` have to be in `processor_kwargs` dict, not in `**kwargs`
[transformers] Kwargs passed to `processor.__call__` have to be in `processor_kwargs` dict, not in `**kwargs`
[transformers] Kwargs passed to `processor.__call__` have to be in `processor_kwargs` dict, not in `**kwargs`
[transformers] Kwargs passed to `processor.__call__` have to be in `processor_kwargs` dict, not in `**kwargs`
[transformers] Kwargs passed to `processor.__call__` have to be in `processor_kwargs` dict, not in `**kwargs`
[transformers] Kwargs passed to `processor.__call__` have to be in `processor_kwargs` dict, not in `**kwargs`
[transformers] Kwargs passed to `processor.__call__` have to be in `processor_kwargs` dict, not in `**kwargs`
[transformers] Kwargs passed to `processor.__call__` have to be in `processor_kwargs` dict, not in `**kwargs`
[transformers] Kwargs passed to `processor.__call__` have to be in `processor_kwargs` dict, not in `**kwargs`
[transformers] Kwargs passed to `processor.__call__` have to be in `processor_kwargs` dict, not in `**kwargs`
[transformers] Kwargs passed to `processor.__call__` have to be in `processor_kwargs` dict, not in `**kwargs`
[transformers] Kwargs passed to `processor.__call__` have to be in `processor_kwargs` dict, not in `**kwargs`
[transformers] Kwargs passed to `processor.__call__` have to be in `processor_kwargs` dict, not in `**kwargs`
[transformers] Kwargs passed to `processor.__call__` have to be in `processor_kwargs` dict, not in `**kwargs`
[transformers] Kwargs passed to `processor.__call__` have to be in `processor_kwargs` dict, not in `**kwargs`
[transformers] Kwargs passed to `processor.__call__` have to be in `processor_kwargs` dict, not in `**kwargs`
[transformers] Kwargs passed to `processor.__call__` have to be in `processor_kwargs` dict, not in `**kwargs`
[transformers] Kwargs passed to `processor.__call__` have to be in `processor_kwargs` dict, not in `**kwargs`
[transformers] Kwargs passed to `processor.__call__` have to be in `processor_kwargs` dict, not in `**kwargs`
[transformers] Kwargs passed to `processor.__call__` have to be in `processor_kwargs` dict, not in `**kwargs`
[transformers] Kwargs passed to `processor.__call__` have to be in `processor_kwargs` dict, not in `**kwargs`
[transformers] Kwargs passed to `processor.__call__` have to be in `processor_kwargs` dict, not in `**kwargs`
  [19/40] oLBMNvg9in8       timeout  min_d  7.15  calls  50  12s/ep
[transformers] Kwargs passed to `processor.__call__` have to be in `processor_kwargs` dict, not in `**kwargs`
[transformers] Kwargs passed to `processor.__call__` have to be in `processor_kwargs` dict, not in `**kwargs`
[transformers] Kwargs passed to `processor.__call__` have to be in `processor_kwargs` dict, not in `**kwargs`
[transformers] Kwargs passed to `processor.__call__` have to be in `processor_kwargs` dict, not in `**kwargs`
[transformers] Kwargs passed to `processor.__call__` have to be in `processor_kwargs` dict, not in `**kwargs`
[transformers] Kwargs passed to `processor.__call__` have to be in `processor_kwargs` dict, not in `**kwargs`
[transformers] Kwargs passed to `processor.__call__` have to be in `processor_kwargs` dict, not in `**kwargs`
[transformers] Kwargs passed to `processor.__call__` have to be in `processor_kwargs` dict, not in `**kwargs`
[transformers] Kwargs passed to `processor.__call__` have to be in `processor_kwargs` dict, not in `**kwargs`
[transformers] Kwargs passed to `processor.__call__` have to be in `processor_kwargs` dict, not in `**kwargs`
[transformers] Kwargs passed to `processor.__call__` have to be in `processor_kwargs` dict, not in `**kwargs`
[transformers] Kwargs passed to `processor.__call__` have to be in `processor_kwargs` dict, not in `**kwargs`
[transformers] Kwargs passed to `processor.__call__` have to be in `processor_kwargs` dict, not in `**kwargs`
[transformers] Kwargs passed to `processor.__call__` have to be in `processor_kwargs` dict, not in `**kwargs`
[transformers] Kwargs passed to `processor.__call__` have to be in `processor_kwargs` dict, not in `**kwargs`
[transformers] Kwargs passed to `processor.__call__` have to be in `processor_kwargs` dict, not in `**kwargs`
[transformers] Kwargs passed to `processor.__call__` have to be in `processor_kwargs` dict, not in `**kwargs`
[transformers] Kwargs passed to `processor.__call__` have to be in `processor_kwargs` dict, not in `**kwargs`
[transformers] Kwargs passed to `processor.__call__` have to be in `processor_kwargs` dict, not in `**kwargs`
[transformers] Kwargs passed to `processor.__call__` have to be in `processor_kwargs` dict, not in `**kwargs`
[transformers] Kwargs passed to `processor.__call__` have to be in `processor_kwargs` dict, not in `**kwargs`
[transformers] Kwargs passed to `processor.__call__` have to be in `processor_kwargs` dict, not in `**kwargs`
[transformers] Kwargs passed to `processor.__call__` have to be in `processor_kwargs` dict, not in `**kwargs`
[transformers] Kwargs passed to `processor.__call__` have to be in `processor_kwargs` dict, not in `**kwargs`
[transformers] Kwargs passed to `processor.__call__` have to be in `processor_kwargs` dict, not in `**kwargs`
[transformers] Kwargs passed to `processor.__call__` have to be in `processor_kwargs` dict, not in `**kwargs`
[transformers] Kwargs passed to `processor.__call__` have to be in `processor_kwargs` dict, not in `**kwargs`
[transformers] Kwargs passed to `processor.__call__` have to be in `processor_kwargs` dict, not in `**kwargs`
[transformers] Kwargs passed to `processor.__call__` have to be in `processor_kwargs` dict, not in `**kwargs`
[transformers] Kwargs passed to `processor.__call__` have to be in `processor_kwargs` dict, not in `**kwargs`
[transformers] Kwargs passed to `processor.__call__` have to be in `processor_kwargs` dict, not in `**kwargs`
[transformers] Kwargs passed to `processor.__call__` have to be in `processor_kwargs` dict, not in `**kwargs`
[transformers] Kwargs passed to `processor.__call__` have to be in `processor_kwargs` dict, not in `**kwargs`
[transformers] Kwargs passed to `processor.__call__` have to be in `processor_kwargs` dict, not in `**kwargs`
[transformers] Kwargs passed to `processor.__call__` have to be in `processor_kwargs` dict, not in `**kwargs`
[transformers] Kwargs passed to `processor.__call__` have to be in `processor_kwargs` dict, not in `**kwargs`
[transformers] Kwargs passed to `processor.__call__` have to be in `processor_kwargs` dict, not in `**kwargs`
[transformers] Kwargs passed to `processor.__call__` have to be in `processor_kwargs` dict, not in `**kwargs`
[transformers] Kwargs passed to `processor.__call__` have to be in `processor_kwargs` dict, not in `**kwargs`
[transformers] Kwargs passed to `processor.__call__` have to be in `processor_kwargs` dict, not in `**kwargs`
[transformers] Kwargs passed to `processor.__call__` have to be in `processor_kwargs` dict, not in `**kwargs`
[transformers] Kwargs passed to `processor.__call__` have to be in `processor_kwargs` dict, not in `**kwargs`
[transformers] Kwargs passed to `processor.__call__` have to be in `processor_kwargs` dict, not in `**kwargs`
[transformers] Kwargs passed to `processor.__call__` have to be in `processor_kwargs` dict, not in `**kwargs`
[transformers] Kwargs passed to `processor.__call__` have to be in `processor_kwargs` dict, not in `**kwargs`
[transformers] Kwargs passed to `processor.__call__` have to be in `processor_kwargs` dict, not in `**kwargs`
[transformers] Kwargs passed to `processor.__call__` have to be in `processor_kwargs` dict, not in `**kwargs`
[transformers] Kwargs passed to `processor.__call__` have to be in `processor_kwargs` dict, not in `**kwargs`
[transformers] Kwargs passed to `processor.__call__` have to be in `processor_kwargs` dict, not in `**kwargs`
[transformers] Kwargs passed to `processor.__call__` have to be in `processor_kwargs` dict, not in `**kwargs`
  [20/40] oLBMNvg9in8       timeout  min_d  9.63  calls  50  12s/ep
[transformers] Kwargs passed to `processor.__call__` have to be in `processor_kwargs` dict, not in `**kwargs`
[transformers] Kwargs passed to `processor.__call__` have to be in `processor_kwargs` dict, not in `**kwargs`
[transformers] Kwargs passed to `processor.__call__` have to be in `processor_kwargs` dict, not in `**kwargs`
[transformers] Kwargs passed to `processor.__call__` have to be in `processor_kwargs` dict, not in `**kwargs`
[transformers] Kwargs passed to `processor.__call__` have to be in `processor_kwargs` dict, not in `**kwargs`
[transformers] Kwargs passed to `processor.__call__` have to be in `processor_kwargs` dict, not in `**kwargs`
[transformers] Kwargs passed to `processor.__call__` have to be in `processor_kwargs` dict, not in `**kwargs`
[transformers] Kwargs passed to `processor.__call__` have to be in `processor_kwargs` dict, not in `**kwargs`
[transformers] Kwargs passed to `processor.__call__` have to be in `processor_kwargs` dict, not in `**kwargs`
[transformers] Kwargs passed to `processor.__call__` have to be in `processor_kwargs` dict, not in `**kwargs`
[transformers] Kwargs passed to `processor.__call__` have to be in `processor_kwargs` dict, not in `**kwargs`
[transformers] Kwargs passed to `processor.__call__` have to be in `processor_kwargs` dict, not in `**kwargs`
[transformers] Kwargs passed to `processor.__call__` have to be in `processor_kwargs` dict, not in `**kwargs`
[transformers] Kwargs passed to `processor.__call__` have to be in `processor_kwargs` dict, not in `**kwargs`
[transformers] Kwargs passed to `processor.__call__` have to be in `processor_kwargs` dict, not in `**kwargs`
[transformers] Kwargs passed to `processor.__call__` have to be in `processor_kwargs` dict, not in `**kwargs`
[transformers] Kwargs passed to `processor.__call__` have to be in `processor_kwargs` dict, not in `**kwargs`
[transformers] Kwargs passed to `processor.__call__` have to be in `processor_kwargs` dict, not in `**kwargs`
[transformers] Kwargs passed to `processor.__call__` have to be in `processor_kwargs` dict, not in `**kwargs`
[transformers] Kwargs passed to `processor.__call__` have to be in `processor_kwargs` dict, not in `**kwargs`
[transformers] Kwargs passed to `processor.__call__` have to be in `processor_kwargs` dict, not in `**kwargs`
[transformers] Kwargs passed to `processor.__call__` have to be in `processor_kwargs` dict, not in `**kwargs`
[transformers] Kwargs passed to `processor.__call__` have to be in `processor_kwargs` dict, not in `**kwargs`
[transformers] Kwargs passed to `processor.__call__` have to be in `processor_kwargs` dict, not in `**kwargs`
[transformers] Kwargs passed to `processor.__call__` have to be in `processor_kwargs` dict, not in `**kwargs`
[transformers] Kwargs passed to `processor.__call__` have to be in `processor_kwargs` dict, not in `**kwargs`
[transformers] Kwargs passed to `processor.__call__` have to be in `processor_kwargs` dict, not in `**kwargs`
[transformers] Kwargs passed to `processor.__call__` have to be in `processor_kwargs` dict, not in `**kwargs`
[transformers] Kwargs passed to `processor.__call__` have to be in `processor_kwargs` dict, not in `**kwargs`
[transformers] Kwargs passed to `processor.__call__` have to be in `processor_kwargs` dict, not in `**kwargs`
[transformers] Kwargs passed to `processor.__call__` have to be in `processor_kwargs` dict, not in `**kwargs`
[transformers] Kwargs passed to `processor.__call__` have to be in `processor_kwargs` dict, not in `**kwargs`
[transformers] Kwargs passed to `processor.__call__` have to be in `processor_kwargs` dict, not in `**kwargs`
[transformers] Kwargs passed to `processor.__call__` have to be in `processor_kwargs` dict, not in `**kwargs`
[transformers] Kwargs passed to `processor.__call__` have to be in `processor_kwargs` dict, not in `**kwargs`
[transformers] Kwargs passed to `processor.__call__` have to be in `processor_kwargs` dict, not in `**kwargs`
[transformers] Kwargs passed to `processor.__call__` have to be in `processor_kwargs` dict, not in `**kwargs`
[transformers] Kwargs passed to `processor.__call__` have to be in `processor_kwargs` dict, not in `**kwargs`
[transformers] Kwargs passed to `processor.__call__` have to be in `processor_kwargs` dict, not in `**kwargs`
[transformers] Kwargs passed to `processor.__call__` have to be in `processor_kwargs` dict, not in `**kwargs`
[transformers] Kwargs passed to `processor.__call__` have to be in `processor_kwargs` dict, not in `**kwargs`
[transformers] Kwargs passed to `processor.__call__` have to be in `processor_kwargs` dict, not in `**kwargs`
[transformers] Kwargs passed to `processor.__call__` have to be in `processor_kwargs` dict, not in `**kwargs`
[transformers] Kwargs passed to `processor.__call__` have to be in `processor_kwargs` dict, not in `**kwargs`
[transformers] Kwargs passed to `processor.__call__` have to be in `processor_kwargs` dict, not in `**kwargs`
[transformers] Kwargs passed to `processor.__call__` have to be in `processor_kwargs` dict, not in `**kwargs`
[transformers] Kwargs passed to `processor.__call__` have to be in `processor_kwargs` dict, not in `**kwargs`
[transformers] Kwargs passed to `processor.__call__` have to be in `processor_kwargs` dict, not in `**kwargs`
[transformers] Kwargs passed to `processor.__call__` have to be in `processor_kwargs` dict, not in `**kwargs`
[transformers] Kwargs passed to `processor.__call__` have to be in `processor_kwargs` dict, not in `**kwargs`
  [21/40] oLBMNvg9in8       timeout  min_d  9.79  calls  50  12s/ep
[transformers] Kwargs passed to `processor.__call__` have to be in `processor_kwargs` dict, not in `**kwargs`
[transformers] Kwargs passed to `processor.__call__` have to be in `processor_kwargs` dict, not in `**kwargs`
[transformers] Kwargs passed to `processor.__call__` have to be in `processor_kwargs` dict, not in `**kwargs`
[transformers] Kwargs passed to `processor.__call__` have to be in `processor_kwargs` dict, not in `**kwargs`
[transformers] Kwargs passed to `processor.__call__` have to be in `processor_kwargs` dict, not in `**kwargs`
[transformers] Kwargs passed to `processor.__call__` have to be in `processor_kwargs` dict, not in `**kwargs`
[transformers] Kwargs passed to `processor.__call__` have to be in `processor_kwargs` dict, not in `**kwargs`
[transformers] Kwargs passed to `processor.__call__` have to be in `processor_kwargs` dict, not in `**kwargs`
[transformers] Kwargs passed to `processor.__call__` have to be in `processor_kwargs` dict, not in `**kwargs`
[transformers] Kwargs passed to `processor.__call__` have to be in `processor_kwargs` dict, not in `**kwargs`
[transformers] Kwargs passed to `processor.__call__` have to be in `processor_kwargs` dict, not in `**kwargs`
[transformers] Kwargs passed to `processor.__call__` have to be in `processor_kwargs` dict, not in `**kwargs`
[transformers] Kwargs passed to `processor.__call__` have to be in `processor_kwargs` dict, not in `**kwargs`
[transformers] Kwargs passed to `processor.__call__` have to be in `processor_kwargs` dict, not in `**kwargs`
[transformers] Kwargs passed to `processor.__call__` have to be in `processor_kwargs` dict, not in `**kwargs`
[transformers] Kwargs passed to `processor.__call__` have to be in `processor_kwargs` dict, not in `**kwargs`
[transformers] Kwargs passed to `processor.__call__` have to be in `processor_kwargs` dict, not in `**kwargs`
[transformers] Kwargs passed to `processor.__call__` have to be in `processor_kwargs` dict, not in `**kwargs`
[transformers] Kwargs passed to `processor.__call__` have to be in `processor_kwargs` dict, not in `**kwargs`
[transformers] Kwargs passed to `processor.__call__` have to be in `processor_kwargs` dict, not in `**kwargs`
[transformers] Kwargs passed to `processor.__call__` have to be in `processor_kwargs` dict, not in `**kwargs`
[transformers] Kwargs passed to `processor.__call__` have to be in `processor_kwargs` dict, not in `**kwargs`
[transformers] Kwargs passed to `processor.__call__` have to be in `processor_kwargs` dict, not in `**kwargs`
[transformers] Kwargs passed to `processor.__call__` have to be in `processor_kwargs` dict, not in `**kwargs`
[transformers] Kwargs passed to `processor.__call__` have to be in `processor_kwargs` dict, not in `**kwargs`
[transformers] Kwargs passed to `processor.__call__` have to be in `processor_kwargs` dict, not in `**kwargs`
[transformers] Kwargs passed to `processor.__call__` have to be in `processor_kwargs` dict, not in `**kwargs`
[transformers] Kwargs passed to `processor.__call__` have to be in `processor_kwargs` dict, not in `**kwargs`
[transformers] Kwargs passed to `processor.__call__` have to be in `processor_kwargs` dict, not in `**kwargs`
[transformers] Kwargs passed to `processor.__call__` have to be in `processor_kwargs` dict, not in `**kwargs`
[transformers] Kwargs passed to `processor.__call__` have to be in `processor_kwargs` dict, not in `**kwargs`
[transformers] Kwargs passed to `processor.__call__` have to be in `processor_kwargs` dict, not in `**kwargs`
[transformers] Kwargs passed to `processor.__call__` have to be in `processor_kwargs` dict, not in `**kwargs`
[transformers] Kwargs passed to `processor.__call__` have to be in `processor_kwargs` dict, not in `**kwargs`
[transformers] Kwargs passed to `processor.__call__` have to be in `processor_kwargs` dict, not in `**kwargs`
[transformers] Kwargs passed to `processor.__call__` have to be in `processor_kwargs` dict, not in `**kwargs`
[transformers] Kwargs passed to `processor.__call__` have to be in `processor_kwargs` dict, not in `**kwargs`
[transformers] Kwargs passed to `processor.__call__` have to be in `processor_kwargs` dict, not in `**kwargs`
[transformers] Kwargs passed to `processor.__call__` have to be in `processor_kwargs` dict, not in `**kwargs`
[transformers] Kwargs passed to `processor.__call__` have to be in `processor_kwargs` dict, not in `**kwargs`
[transformers] Kwargs passed to `processor.__call__` have to be in `processor_kwargs` dict, not in `**kwargs`
[transformers] Kwargs passed to `processor.__call__` have to be in `processor_kwargs` dict, not in `**kwargs`
[transformers] Kwargs passed to `processor.__call__` have to be in `processor_kwargs` dict, not in `**kwargs`
[transformers] Kwargs passed to `processor.__call__` have to be in `processor_kwargs` dict, not in `**kwargs`
[transformers] Kwargs passed to `processor.__call__` have to be in `processor_kwargs` dict, not in `**kwargs`
[transformers] Kwargs passed to `processor.__call__` have to be in `processor_kwargs` dict, not in `**kwargs`
[transformers] Kwargs passed to `processor.__call__` have to be in `processor_kwargs` dict, not in `**kwargs`
[transformers] Kwargs passed to `processor.__call__` have to be in `processor_kwargs` dict, not in `**kwargs`
[transformers] Kwargs passed to `processor.__call__` have to be in `processor_kwargs` dict, not in `**kwargs`
[transformers] Kwargs passed to `processor.__call__` have to be in `processor_kwargs` dict, not in `**kwargs`
  [22/40] x8F5xyUWy9e       timeout  min_d  3.41  calls  50  12s/ep
[transformers] Kwargs passed to `processor.__call__` have to be in `processor_kwargs` dict, not in `**kwargs`
[transformers] Kwargs passed to `processor.__call__` have to be in `processor_kwargs` dict, not in `**kwargs`
[transformers] Kwargs passed to `processor.__call__` have to be in `processor_kwargs` dict, not in `**kwargs`
[transformers] Kwargs passed to `processor.__call__` have to be in `processor_kwargs` dict, not in `**kwargs`
[transformers] Kwargs passed to `processor.__call__` have to be in `processor_kwargs` dict, not in `**kwargs`
[transformers] Kwargs passed to `processor.__call__` have to be in `processor_kwargs` dict, not in `**kwargs`
[transformers] Kwargs passed to `processor.__call__` have to be in `processor_kwargs` dict, not in `**kwargs`
[transformers] Kwargs passed to `processor.__call__` have to be in `processor_kwargs` dict, not in `**kwargs`
[transformers] Kwargs passed to `processor.__call__` have to be in `processor_kwargs` dict, not in `**kwargs`
[transformers] Kwargs passed to `processor.__call__` have to be in `processor_kwargs` dict, not in `**kwargs`
[transformers] Kwargs passed to `processor.__call__` have to be in `processor_kwargs` dict, not in `**kwargs`
[transformers] Kwargs passed to `processor.__call__` have to be in `processor_kwargs` dict, not in `**kwargs`
[transformers] Kwargs passed to `processor.__call__` have to be in `processor_kwargs` dict, not in `**kwargs`
[transformers] Kwargs passed to `processor.__call__` have to be in `processor_kwargs` dict, not in `**kwargs`
[transformers] Kwargs passed to `processor.__call__` have to be in `processor_kwargs` dict, not in `**kwargs`
[transformers] Kwargs passed to `processor.__call__` have to be in `processor_kwargs` dict, not in `**kwargs`
[transformers] Kwargs passed to `processor.__call__` have to be in `processor_kwargs` dict, not in `**kwargs`
[transformers] Kwargs passed to `processor.__call__` have to be in `processor_kwargs` dict, not in `**kwargs`
[transformers] Kwargs passed to `processor.__call__` have to be in `processor_kwargs` dict, not in `**kwargs`
[transformers] Kwargs passed to `processor.__call__` have to be in `processor_kwargs` dict, not in `**kwargs`
[transformers] Kwargs passed to `processor.__call__` have to be in `processor_kwargs` dict, not in `**kwargs`
[transformers] Kwargs passed to `processor.__call__` have to be in `processor_kwargs` dict, not in `**kwargs`
[transformers] Kwargs passed to `processor.__call__` have to be in `processor_kwargs` dict, not in `**kwargs`
[transformers] Kwargs passed to `processor.__call__` have to be in `processor_kwargs` dict, not in `**kwargs`
[transformers] Kwargs passed to `processor.__call__` have to be in `processor_kwargs` dict, not in `**kwargs`
[transformers] Kwargs passed to `processor.__call__` have to be in `processor_kwargs` dict, not in `**kwargs`
[transformers] Kwargs passed to `processor.__call__` have to be in `processor_kwargs` dict, not in `**kwargs`
[transformers] Kwargs passed to `processor.__call__` have to be in `processor_kwargs` dict, not in `**kwargs`
[transformers] Kwargs passed to `processor.__call__` have to be in `processor_kwargs` dict, not in `**kwargs`
[transformers] Kwargs passed to `processor.__call__` have to be in `processor_kwargs` dict, not in `**kwargs`
[transformers] Kwargs passed to `processor.__call__` have to be in `processor_kwargs` dict, not in `**kwargs`
[transformers] Kwargs passed to `processor.__call__` have to be in `processor_kwargs` dict, not in `**kwargs`
[transformers] Kwargs passed to `processor.__call__` have to be in `processor_kwargs` dict, not in `**kwargs`
  [23/40] x8F5xyUWy9e    model_stop  min_d  3.97  calls  33  12s/ep
[transformers] Kwargs passed to `processor.__call__` have to be in `processor_kwargs` dict, not in `**kwargs`
[transformers] Kwargs passed to `processor.__call__` have to be in `processor_kwargs` dict, not in `**kwargs`
[transformers] Kwargs passed to `processor.__call__` have to be in `processor_kwargs` dict, not in `**kwargs`
[transformers] Kwargs passed to `processor.__call__` have to be in `processor_kwargs` dict, not in `**kwargs`
[transformers] Kwargs passed to `processor.__call__` have to be in `processor_kwargs` dict, not in `**kwargs`
[transformers] Kwargs passed to `processor.__call__` have to be in `processor_kwargs` dict, not in `**kwargs`
[transformers] Kwargs passed to `processor.__call__` have to be in `processor_kwargs` dict, not in `**kwargs`
[transformers] Kwargs passed to `processor.__call__` have to be in `processor_kwargs` dict, not in `**kwargs`
[transformers] Kwargs passed to `processor.__call__` have to be in `processor_kwargs` dict, not in `**kwargs`
[transformers] Kwargs passed to `processor.__call__` have to be in `processor_kwargs` dict, not in `**kwargs`
[transformers] Kwargs passed to `processor.__call__` have to be in `processor_kwargs` dict, not in `**kwargs`
[transformers] Kwargs passed to `processor.__call__` have to be in `processor_kwargs` dict, not in `**kwargs`
[transformers] Kwargs passed to `processor.__call__` have to be in `processor_kwargs` dict, not in `**kwargs`
[transformers] Kwargs passed to `processor.__call__` have to be in `processor_kwargs` dict, not in `**kwargs`
[transformers] Kwargs passed to `processor.__call__` have to be in `processor_kwargs` dict, not in `**kwargs`
[transformers] Kwargs passed to `processor.__call__` have to be in `processor_kwargs` dict, not in `**kwargs`
[transformers] Kwargs passed to `processor.__call__` have to be in `processor_kwargs` dict, not in `**kwargs`
[transformers] Kwargs passed to `processor.__call__` have to be in `processor_kwargs` dict, not in `**kwargs`
[transformers] Kwargs passed to `processor.__call__` have to be in `processor_kwargs` dict, not in `**kwargs`
[transformers] Kwargs passed to `processor.__call__` have to be in `processor_kwargs` dict, not in `**kwargs`
[transformers] Kwargs passed to `processor.__call__` have to be in `processor_kwargs` dict, not in `**kwargs`
[transformers] Kwargs passed to `processor.__call__` have to be in `processor_kwargs` dict, not in `**kwargs`
[transformers] Kwargs passed to `processor.__call__` have to be in `processor_kwargs` dict, not in `**kwargs`
[transformers] Kwargs passed to `processor.__call__` have to be in `processor_kwargs` dict, not in `**kwargs`
[transformers] Kwargs passed to `processor.__call__` have to be in `processor_kwargs` dict, not in `**kwargs`
[transformers] Kwargs passed to `processor.__call__` have to be in `processor_kwargs` dict, not in `**kwargs`
[transformers] Kwargs passed to `processor.__call__` have to be in `processor_kwargs` dict, not in `**kwargs`
[transformers] Kwargs passed to `processor.__call__` have to be in `processor_kwargs` dict, not in `**kwargs`
[transformers] Kwargs passed to `processor.__call__` have to be in `processor_kwargs` dict, not in `**kwargs`
[transformers] Kwargs passed to `processor.__call__` have to be in `processor_kwargs` dict, not in `**kwargs`
[transformers] Kwargs passed to `processor.__call__` have to be in `processor_kwargs` dict, not in `**kwargs`
[transformers] Kwargs passed to `processor.__call__` have to be in `processor_kwargs` dict, not in `**kwargs`
[transformers] Kwargs passed to `processor.__call__` have to be in `processor_kwargs` dict, not in `**kwargs`
[transformers] Kwargs passed to `processor.__call__` have to be in `processor_kwargs` dict, not in `**kwargs`
[transformers] Kwargs passed to `processor.__call__` have to be in `processor_kwargs` dict, not in `**kwargs`
[transformers] Kwargs passed to `processor.__call__` have to be in `processor_kwargs` dict, not in `**kwargs`
[transformers] Kwargs passed to `processor.__call__` have to be in `processor_kwargs` dict, not in `**kwargs`
[transformers] Kwargs passed to `processor.__call__` have to be in `processor_kwargs` dict, not in `**kwargs`
[transformers] Kwargs passed to `processor.__call__` have to be in `processor_kwargs` dict, not in `**kwargs`
[transformers] Kwargs passed to `processor.__call__` have to be in `processor_kwargs` dict, not in `**kwargs`
[transformers] Kwargs passed to `processor.__call__` have to be in `processor_kwargs` dict, not in `**kwargs`
[transformers] Kwargs passed to `processor.__call__` have to be in `processor_kwargs` dict, not in `**kwargs`
[transformers] Kwargs passed to `processor.__call__` have to be in `processor_kwargs` dict, not in `**kwargs`
[transformers] Kwargs passed to `processor.__call__` have to be in `processor_kwargs` dict, not in `**kwargs`
[transformers] Kwargs passed to `processor.__call__` have to be in `processor_kwargs` dict, not in `**kwargs`
[transformers] Kwargs passed to `processor.__call__` have to be in `processor_kwargs` dict, not in `**kwargs`
[transformers] Kwargs passed to `processor.__call__` have to be in `processor_kwargs` dict, not in `**kwargs`
[transformers] Kwargs passed to `processor.__call__` have to be in `processor_kwargs` dict, not in `**kwargs`
[transformers] Kwargs passed to `processor.__call__` have to be in `processor_kwargs` dict, not in `**kwargs`
[transformers] Kwargs passed to `processor.__call__` have to be in `processor_kwargs` dict, not in `**kwargs`
  [24/40] x8F5xyUWy9e       timeout  min_d  1.96  calls  50  12s/ep
[transformers] Kwargs passed to `processor.__call__` have to be in `processor_kwargs` dict, not in `**kwargs`
[transformers] Kwargs passed to `processor.__call__` have to be in `processor_kwargs` dict, not in `**kwargs`
[transformers] Kwargs passed to `processor.__call__` have to be in `processor_kwargs` dict, not in `**kwargs`
[transformers] Kwargs passed to `processor.__call__` have to be in `processor_kwargs` dict, not in `**kwargs`
[transformers] Kwargs passed to `processor.__call__` have to be in `processor_kwargs` dict, not in `**kwargs`
[transformers] Kwargs passed to `processor.__call__` have to be in `processor_kwargs` dict, not in `**kwargs`
[transformers] Kwargs passed to `processor.__call__` have to be in `processor_kwargs` dict, not in `**kwargs`
[transformers] Kwargs passed to `processor.__call__` have to be in `processor_kwargs` dict, not in `**kwargs`
[transformers] Kwargs passed to `processor.__call__` have to be in `processor_kwargs` dict, not in `**kwargs`
[transformers] Kwargs passed to `processor.__call__` have to be in `processor_kwargs` dict, not in `**kwargs`
[transformers] Kwargs passed to `processor.__call__` have to be in `processor_kwargs` dict, not in `**kwargs`
[transformers] Kwargs passed to `processor.__call__` have to be in `processor_kwargs` dict, not in `**kwargs`
[transformers] Kwargs passed to `processor.__call__` have to be in `processor_kwargs` dict, not in `**kwargs`
[transformers] Kwargs passed to `processor.__call__` have to be in `processor_kwargs` dict, not in `**kwargs`
[transformers] Kwargs passed to `processor.__call__` have to be in `processor_kwargs` dict, not in `**kwargs`
[transformers] Kwargs passed to `processor.__call__` have to be in `processor_kwargs` dict, not in `**kwargs`
[transformers] Kwargs passed to `processor.__call__` have to be in `processor_kwargs` dict, not in `**kwargs`
[transformers] Kwargs passed to `processor.__call__` have to be in `processor_kwargs` dict, not in `**kwargs`
[transformers] Kwargs passed to `processor.__call__` have to be in `processor_kwargs` dict, not in `**kwargs`
[transformers] Kwargs passed to `processor.__call__` have to be in `processor_kwargs` dict, not in `**kwargs`
[transformers] Kwargs passed to `processor.__call__` have to be in `processor_kwargs` dict, not in `**kwargs`
[transformers] Kwargs passed to `processor.__call__` have to be in `processor_kwargs` dict, not in `**kwargs`
[transformers] Kwargs passed to `processor.__call__` have to be in `processor_kwargs` dict, not in `**kwargs`
[transformers] Kwargs passed to `processor.__call__` have to be in `processor_kwargs` dict, not in `**kwargs`
[transformers] Kwargs passed to `processor.__call__` have to be in `processor_kwargs` dict, not in `**kwargs`
[transformers] Kwargs passed to `processor.__call__` have to be in `processor_kwargs` dict, not in `**kwargs`
[transformers] Kwargs passed to `processor.__call__` have to be in `processor_kwargs` dict, not in `**kwargs`
[transformers] Kwargs passed to `processor.__call__` have to be in `processor_kwargs` dict, not in `**kwargs`
[transformers] Kwargs passed to `processor.__call__` have to be in `processor_kwargs` dict, not in `**kwargs`
[transformers] Kwargs passed to `processor.__call__` have to be in `processor_kwargs` dict, not in `**kwargs`
[transformers] Kwargs passed to `processor.__call__` have to be in `processor_kwargs` dict, not in `**kwargs`
[transformers] Kwargs passed to `processor.__call__` have to be in `processor_kwargs` dict, not in `**kwargs`
[transformers] Kwargs passed to `processor.__call__` have to be in `processor_kwargs` dict, not in `**kwargs`
[transformers] Kwargs passed to `processor.__call__` have to be in `processor_kwargs` dict, not in `**kwargs`
[transformers] Kwargs passed to `processor.__call__` have to be in `processor_kwargs` dict, not in `**kwargs`
[transformers] Kwargs passed to `processor.__call__` have to be in `processor_kwargs` dict, not in `**kwargs`
[transformers] Kwargs passed to `processor.__call__` have to be in `processor_kwargs` dict, not in `**kwargs`
[transformers] Kwargs passed to `processor.__call__` have to be in `processor_kwargs` dict, not in `**kwargs`
[transformers] Kwargs passed to `processor.__call__` have to be in `processor_kwargs` dict, not in `**kwargs`
[transformers] Kwargs passed to `processor.__call__` have to be in `processor_kwargs` dict, not in `**kwargs`
[transformers] Kwargs passed to `processor.__call__` have to be in `processor_kwargs` dict, not in `**kwargs`
[transformers] Kwargs passed to `processor.__call__` have to be in `processor_kwargs` dict, not in `**kwargs`
[transformers] Kwargs passed to `processor.__call__` have to be in `processor_kwargs` dict, not in `**kwargs`
[transformers] Kwargs passed to `processor.__call__` have to be in `processor_kwargs` dict, not in `**kwargs`
[transformers] Kwargs passed to `processor.__call__` have to be in `processor_kwargs` dict, not in `**kwargs`
[transformers] Kwargs passed to `processor.__call__` have to be in `processor_kwargs` dict, not in `**kwargs`
[transformers] Kwargs passed to `processor.__call__` have to be in `processor_kwargs` dict, not in `**kwargs`
[transformers] Kwargs passed to `processor.__call__` have to be in `processor_kwargs` dict, not in `**kwargs`
[transformers] Kwargs passed to `processor.__call__` have to be in `processor_kwargs` dict, not in `**kwargs`
[transformers] Kwargs passed to `processor.__call__` have to be in `processor_kwargs` dict, not in `**kwargs`
  [25/40] x8F5xyUWy9e       timeout  min_d  6.36  calls  50  12s/ep
[transformers] Kwargs passed to `processor.__call__` have to be in `processor_kwargs` dict, not in `**kwargs`
[transformers] Kwargs passed to `processor.__call__` have to be in `processor_kwargs` dict, not in `**kwargs`
[transformers] Kwargs passed to `processor.__call__` have to be in `processor_kwargs` dict, not in `**kwargs`
[transformers] Kwargs passed to `processor.__call__` have to be in `processor_kwargs` dict, not in `**kwargs`
[transformers] Kwargs passed to `processor.__call__` have to be in `processor_kwargs` dict, not in `**kwargs`
[transformers] Kwargs passed to `processor.__call__` have to be in `processor_kwargs` dict, not in `**kwargs`
[transformers] Kwargs passed to `processor.__call__` have to be in `processor_kwargs` dict, not in `**kwargs`
[transformers] Kwargs passed to `processor.__call__` have to be in `processor_kwargs` dict, not in `**kwargs`
[transformers] Kwargs passed to `processor.__call__` have to be in `processor_kwargs` dict, not in `**kwargs`
[transformers] Kwargs passed to `processor.__call__` have to be in `processor_kwargs` dict, not in `**kwargs`
[transformers] Kwargs passed to `processor.__call__` have to be in `processor_kwargs` dict, not in `**kwargs`
[transformers] Kwargs passed to `processor.__call__` have to be in `processor_kwargs` dict, not in `**kwargs`
[transformers] Kwargs passed to `processor.__call__` have to be in `processor_kwargs` dict, not in `**kwargs`
[transformers] Kwargs passed to `processor.__call__` have to be in `processor_kwargs` dict, not in `**kwargs`
[transformers] Kwargs passed to `processor.__call__` have to be in `processor_kwargs` dict, not in `**kwargs`
[transformers] Kwargs passed to `processor.__call__` have to be in `processor_kwargs` dict, not in `**kwargs`
[transformers] Kwargs passed to `processor.__call__` have to be in `processor_kwargs` dict, not in `**kwargs`
[transformers] Kwargs passed to `processor.__call__` have to be in `processor_kwargs` dict, not in `**kwargs`
[transformers] Kwargs passed to `processor.__call__` have to be in `processor_kwargs` dict, not in `**kwargs`
[transformers] Kwargs passed to `processor.__call__` have to be in `processor_kwargs` dict, not in `**kwargs`
[transformers] Kwargs passed to `processor.__call__` have to be in `processor_kwargs` dict, not in `**kwargs`
[transformers] Kwargs passed to `processor.__call__` have to be in `processor_kwargs` dict, not in `**kwargs`
[transformers] Kwargs passed to `processor.__call__` have to be in `processor_kwargs` dict, not in `**kwargs`
[transformers] Kwargs passed to `processor.__call__` have to be in `processor_kwargs` dict, not in `**kwargs`
[transformers] Kwargs passed to `processor.__call__` have to be in `processor_kwargs` dict, not in `**kwargs`
[transformers] Kwargs passed to `processor.__call__` have to be in `processor_kwargs` dict, not in `**kwargs`
[transformers] Kwargs passed to `processor.__call__` have to be in `processor_kwargs` dict, not in `**kwargs`
[transformers] Kwargs passed to `processor.__call__` have to be in `processor_kwargs` dict, not in `**kwargs`
[transformers] Kwargs passed to `processor.__call__` have to be in `processor_kwargs` dict, not in `**kwargs`
[transformers] Kwargs passed to `processor.__call__` have to be in `processor_kwargs` dict, not in `**kwargs`
[transformers] Kwargs passed to `processor.__call__` have to be in `processor_kwargs` dict, not in `**kwargs`
[transformers] Kwargs passed to `processor.__call__` have to be in `processor_kwargs` dict, not in `**kwargs`
[transformers] Kwargs passed to `processor.__call__` have to be in `processor_kwargs` dict, not in `**kwargs`
[transformers] Kwargs passed to `processor.__call__` have to be in `processor_kwargs` dict, not in `**kwargs`
[transformers] Kwargs passed to `processor.__call__` have to be in `processor_kwargs` dict, not in `**kwargs`
[transformers] Kwargs passed to `processor.__call__` have to be in `processor_kwargs` dict, not in `**kwargs`
[transformers] Kwargs passed to `processor.__call__` have to be in `processor_kwargs` dict, not in `**kwargs`
[transformers] Kwargs passed to `processor.__call__` have to be in `processor_kwargs` dict, not in `**kwargs`
[transformers] Kwargs passed to `processor.__call__` have to be in `processor_kwargs` dict, not in `**kwargs`
[transformers] Kwargs passed to `processor.__call__` have to be in `processor_kwargs` dict, not in `**kwargs`
[transformers] Kwargs passed to `processor.__call__` have to be in `processor_kwargs` dict, not in `**kwargs`
[transformers] Kwargs passed to `processor.__call__` have to be in `processor_kwargs` dict, not in `**kwargs`
[transformers] Kwargs passed to `processor.__call__` have to be in `processor_kwargs` dict, not in `**kwargs`
[transformers] Kwargs passed to `processor.__call__` have to be in `processor_kwargs` dict, not in `**kwargs`
[transformers] Kwargs passed to `processor.__call__` have to be in `processor_kwargs` dict, not in `**kwargs`
[transformers] Kwargs passed to `processor.__call__` have to be in `processor_kwargs` dict, not in `**kwargs`
[transformers] Kwargs passed to `processor.__call__` have to be in `processor_kwargs` dict, not in `**kwargs`
[transformers] Kwargs passed to `processor.__call__` have to be in `processor_kwargs` dict, not in `**kwargs`
[transformers] Kwargs passed to `processor.__call__` have to be in `processor_kwargs` dict, not in `**kwargs`
[transformers] Kwargs passed to `processor.__call__` have to be in `processor_kwargs` dict, not in `**kwargs`
[transformers] Kwargs passed to `processor.__call__` have to be in `processor_kwargs` dict, not in `**kwargs`
  [26/40] x8F5xyUWy9e       timeout  min_d  1.89  calls  51  12s/ep
[transformers] Kwargs passed to `processor.__call__` have to be in `processor_kwargs` dict, not in `**kwargs`
[transformers] Kwargs passed to `processor.__call__` have to be in `processor_kwargs` dict, not in `**kwargs`
[transformers] Kwargs passed to `processor.__call__` have to be in `processor_kwargs` dict, not in `**kwargs`
[transformers] Kwargs passed to `processor.__call__` have to be in `processor_kwargs` dict, not in `**kwargs`
[transformers] Kwargs passed to `processor.__call__` have to be in `processor_kwargs` dict, not in `**kwargs`
[transformers] Kwargs passed to `processor.__call__` have to be in `processor_kwargs` dict, not in `**kwargs`
[transformers] Kwargs passed to `processor.__call__` have to be in `processor_kwargs` dict, not in `**kwargs`
[transformers] Kwargs passed to `processor.__call__` have to be in `processor_kwargs` dict, not in `**kwargs`
[transformers] Kwargs passed to `processor.__call__` have to be in `processor_kwargs` dict, not in `**kwargs`
[transformers] Kwargs passed to `processor.__call__` have to be in `processor_kwargs` dict, not in `**kwargs`
[transformers] Kwargs passed to `processor.__call__` have to be in `processor_kwargs` dict, not in `**kwargs`
[transformers] Kwargs passed to `processor.__call__` have to be in `processor_kwargs` dict, not in `**kwargs`
[transformers] Kwargs passed to `processor.__call__` have to be in `processor_kwargs` dict, not in `**kwargs`
[transformers] Kwargs passed to `processor.__call__` have to be in `processor_kwargs` dict, not in `**kwargs`
[transformers] Kwargs passed to `processor.__call__` have to be in `processor_kwargs` dict, not in `**kwargs`
[transformers] Kwargs passed to `processor.__call__` have to be in `processor_kwargs` dict, not in `**kwargs`
[transformers] Kwargs passed to `processor.__call__` have to be in `processor_kwargs` dict, not in `**kwargs`
[transformers] Kwargs passed to `processor.__call__` have to be in `processor_kwargs` dict, not in `**kwargs`
[transformers] Kwargs passed to `processor.__call__` have to be in `processor_kwargs` dict, not in `**kwargs`
[transformers] Kwargs passed to `processor.__call__` have to be in `processor_kwargs` dict, not in `**kwargs`
[transformers] Kwargs passed to `processor.__call__` have to be in `processor_kwargs` dict, not in `**kwargs`
[transformers] Kwargs passed to `processor.__call__` have to be in `processor_kwargs` dict, not in `**kwargs`
[transformers] Kwargs passed to `processor.__call__` have to be in `processor_kwargs` dict, not in `**kwargs`
[transformers] Kwargs passed to `processor.__call__` have to be in `processor_kwargs` dict, not in `**kwargs`
[transformers] Kwargs passed to `processor.__call__` have to be in `processor_kwargs` dict, not in `**kwargs`
[transformers] Kwargs passed to `processor.__call__` have to be in `processor_kwargs` dict, not in `**kwargs`
[transformers] Kwargs passed to `processor.__call__` have to be in `processor_kwargs` dict, not in `**kwargs`
[transformers] Kwargs passed to `processor.__call__` have to be in `processor_kwargs` dict, not in `**kwargs`
[transformers] Kwargs passed to `processor.__call__` have to be in `processor_kwargs` dict, not in `**kwargs`
[transformers] Kwargs passed to `processor.__call__` have to be in `processor_kwargs` dict, not in `**kwargs`
[transformers] Kwargs passed to `processor.__call__` have to be in `processor_kwargs` dict, not in `**kwargs`
[transformers] Kwargs passed to `processor.__call__` have to be in `processor_kwargs` dict, not in `**kwargs`
[transformers] Kwargs passed to `processor.__call__` have to be in `processor_kwargs` dict, not in `**kwargs`
[transformers] Kwargs passed to `processor.__call__` have to be in `processor_kwargs` dict, not in `**kwargs`
[transformers] Kwargs passed to `processor.__call__` have to be in `processor_kwargs` dict, not in `**kwargs`
[transformers] Kwargs passed to `processor.__call__` have to be in `processor_kwargs` dict, not in `**kwargs`
[transformers] Kwargs passed to `processor.__call__` have to be in `processor_kwargs` dict, not in `**kwargs`
[transformers] Kwargs passed to `processor.__call__` have to be in `processor_kwargs` dict, not in `**kwargs`
[transformers] Kwargs passed to `processor.__call__` have to be in `processor_kwargs` dict, not in `**kwargs`
[transformers] Kwargs passed to `processor.__call__` have to be in `processor_kwargs` dict, not in `**kwargs`
[transformers] Kwargs passed to `processor.__call__` have to be in `processor_kwargs` dict, not in `**kwargs`
[transformers] Kwargs passed to `processor.__call__` have to be in `processor_kwargs` dict, not in `**kwargs`
[transformers] Kwargs passed to `processor.__call__` have to be in `processor_kwargs` dict, not in `**kwargs`
[transformers] Kwargs passed to `processor.__call__` have to be in `processor_kwargs` dict, not in `**kwargs`
[transformers] Kwargs passed to `processor.__call__` have to be in `processor_kwargs` dict, not in `**kwargs`
[transformers] Kwargs passed to `processor.__call__` have to be in `processor_kwargs` dict, not in `**kwargs`
[transformers] Kwargs passed to `processor.__call__` have to be in `processor_kwargs` dict, not in `**kwargs`
[transformers] Kwargs passed to `processor.__call__` have to be in `processor_kwargs` dict, not in `**kwargs`
[transformers] Kwargs passed to `processor.__call__` have to be in `processor_kwargs` dict, not in `**kwargs`
[transformers] Kwargs passed to `processor.__call__` have to be in `processor_kwargs` dict, not in `**kwargs`
  [27/40] x8F5xyUWy9e       timeout  min_d  6.36  calls  50  12s/ep
[transformers] Kwargs passed to `processor.__call__` have to be in `processor_kwargs` dict, not in `**kwargs`
[transformers] Kwargs passed to `processor.__call__` have to be in `processor_kwargs` dict, not in `**kwargs`
[transformers] Kwargs passed to `processor.__call__` have to be in `processor_kwargs` dict, not in `**kwargs`
[transformers] Kwargs passed to `processor.__call__` have to be in `processor_kwargs` dict, not in `**kwargs`
[transformers] Kwargs passed to `processor.__call__` have to be in `processor_kwargs` dict, not in `**kwargs`
[transformers] Kwargs passed to `processor.__call__` have to be in `processor_kwargs` dict, not in `**kwargs`
[transformers] Kwargs passed to `processor.__call__` have to be in `processor_kwargs` dict, not in `**kwargs`
[transformers] Kwargs passed to `processor.__call__` have to be in `processor_kwargs` dict, not in `**kwargs`
[transformers] Kwargs passed to `processor.__call__` have to be in `processor_kwargs` dict, not in `**kwargs`
[transformers] Kwargs passed to `processor.__call__` have to be in `processor_kwargs` dict, not in `**kwargs`
[transformers] Kwargs passed to `processor.__call__` have to be in `processor_kwargs` dict, not in `**kwargs`
[transformers] Kwargs passed to `processor.__call__` have to be in `processor_kwargs` dict, not in `**kwargs`
[transformers] Kwargs passed to `processor.__call__` have to be in `processor_kwargs` dict, not in `**kwargs`
[transformers] Kwargs passed to `processor.__call__` have to be in `processor_kwargs` dict, not in `**kwargs`
[transformers] Kwargs passed to `processor.__call__` have to be in `processor_kwargs` dict, not in `**kwargs`
[transformers] Kwargs passed to `processor.__call__` have to be in `processor_kwargs` dict, not in `**kwargs`
[transformers] Kwargs passed to `processor.__call__` have to be in `processor_kwargs` dict, not in `**kwargs`
[transformers] Kwargs passed to `processor.__call__` have to be in `processor_kwargs` dict, not in `**kwargs`
[transformers] Kwargs passed to `processor.__call__` have to be in `processor_kwargs` dict, not in `**kwargs`
[transformers] Kwargs passed to `processor.__call__` have to be in `processor_kwargs` dict, not in `**kwargs`
[transformers] Kwargs passed to `processor.__call__` have to be in `processor_kwargs` dict, not in `**kwargs`
[transformers] Kwargs passed to `processor.__call__` have to be in `processor_kwargs` dict, not in `**kwargs`
[transformers] Kwargs passed to `processor.__call__` have to be in `processor_kwargs` dict, not in `**kwargs`
[transformers] Kwargs passed to `processor.__call__` have to be in `processor_kwargs` dict, not in `**kwargs`
[transformers] Kwargs passed to `processor.__call__` have to be in `processor_kwargs` dict, not in `**kwargs`
[transformers] Kwargs passed to `processor.__call__` have to be in `processor_kwargs` dict, not in `**kwargs`
[transformers] Kwargs passed to `processor.__call__` have to be in `processor_kwargs` dict, not in `**kwargs`
[transformers] Kwargs passed to `processor.__call__` have to be in `processor_kwargs` dict, not in `**kwargs`
[transformers] Kwargs passed to `processor.__call__` have to be in `processor_kwargs` dict, not in `**kwargs`
[transformers] Kwargs passed to `processor.__call__` have to be in `processor_kwargs` dict, not in `**kwargs`
[transformers] Kwargs passed to `processor.__call__` have to be in `processor_kwargs` dict, not in `**kwargs`
[transformers] Kwargs passed to `processor.__call__` have to be in `processor_kwargs` dict, not in `**kwargs`
[transformers] Kwargs passed to `processor.__call__` have to be in `processor_kwargs` dict, not in `**kwargs`
[transformers] Kwargs passed to `processor.__call__` have to be in `processor_kwargs` dict, not in `**kwargs`
[transformers] Kwargs passed to `processor.__call__` have to be in `processor_kwargs` dict, not in `**kwargs`
[transformers] Kwargs passed to `processor.__call__` have to be in `processor_kwargs` dict, not in `**kwargs`
[transformers] Kwargs passed to `processor.__call__` have to be in `processor_kwargs` dict, not in `**kwargs`
[transformers] Kwargs passed to `processor.__call__` have to be in `processor_kwargs` dict, not in `**kwargs`
[transformers] Kwargs passed to `processor.__call__` have to be in `processor_kwargs` dict, not in `**kwargs`
[transformers] Kwargs passed to `processor.__call__` have to be in `processor_kwargs` dict, not in `**kwargs`
  [28/40] zsNo4HB9uLZ    model_stop  min_d  0.25  calls  40  12s/ep
[transformers] Kwargs passed to `processor.__call__` have to be in `processor_kwargs` dict, not in `**kwargs`
[transformers] Kwargs passed to `processor.__call__` have to be in `processor_kwargs` dict, not in `**kwargs`
[transformers] Kwargs passed to `processor.__call__` have to be in `processor_kwargs` dict, not in `**kwargs`
[transformers] Kwargs passed to `processor.__call__` have to be in `processor_kwargs` dict, not in `**kwargs`
[transformers] Kwargs passed to `processor.__call__` have to be in `processor_kwargs` dict, not in `**kwargs`
[transformers] Kwargs passed to `processor.__call__` have to be in `processor_kwargs` dict, not in `**kwargs`
[transformers] Kwargs passed to `processor.__call__` have to be in `processor_kwargs` dict, not in `**kwargs`
[transformers] Kwargs passed to `processor.__call__` have to be in `processor_kwargs` dict, not in `**kwargs`
[transformers] Kwargs passed to `processor.__call__` have to be in `processor_kwargs` dict, not in `**kwargs`
[transformers] Kwargs passed to `processor.__call__` have to be in `processor_kwargs` dict, not in `**kwargs`
[transformers] Kwargs passed to `processor.__call__` have to be in `processor_kwargs` dict, not in `**kwargs`
[transformers] Kwargs passed to `processor.__call__` have to be in `processor_kwargs` dict, not in `**kwargs`
[transformers] Kwargs passed to `processor.__call__` have to be in `processor_kwargs` dict, not in `**kwargs`
[transformers] Kwargs passed to `processor.__call__` have to be in `processor_kwargs` dict, not in `**kwargs`
[transformers] Kwargs passed to `processor.__call__` have to be in `processor_kwargs` dict, not in `**kwargs`
[transformers] Kwargs passed to `processor.__call__` have to be in `processor_kwargs` dict, not in `**kwargs`
[transformers] Kwargs passed to `processor.__call__` have to be in `processor_kwargs` dict, not in `**kwargs`
[transformers] Kwargs passed to `processor.__call__` have to be in `processor_kwargs` dict, not in `**kwargs`
[transformers] Kwargs passed to `processor.__call__` have to be in `processor_kwargs` dict, not in `**kwargs`
[transformers] Kwargs passed to `processor.__call__` have to be in `processor_kwargs` dict, not in `**kwargs`
[transformers] Kwargs passed to `processor.__call__` have to be in `processor_kwargs` dict, not in `**kwargs`
[transformers] Kwargs passed to `processor.__call__` have to be in `processor_kwargs` dict, not in `**kwargs`
[transformers] Kwargs passed to `processor.__call__` have to be in `processor_kwargs` dict, not in `**kwargs`
[transformers] Kwargs passed to `processor.__call__` have to be in `processor_kwargs` dict, not in `**kwargs`
[transformers] Kwargs passed to `processor.__call__` have to be in `processor_kwargs` dict, not in `**kwargs`
[transformers] Kwargs passed to `processor.__call__` have to be in `processor_kwargs` dict, not in `**kwargs`
[transformers] Kwargs passed to `processor.__call__` have to be in `processor_kwargs` dict, not in `**kwargs`
[transformers] Kwargs passed to `processor.__call__` have to be in `processor_kwargs` dict, not in `**kwargs`
[transformers] Kwargs passed to `processor.__call__` have to be in `processor_kwargs` dict, not in `**kwargs`
[transformers] Kwargs passed to `processor.__call__` have to be in `processor_kwargs` dict, not in `**kwargs`
[transformers] Kwargs passed to `processor.__call__` have to be in `processor_kwargs` dict, not in `**kwargs`
[transformers] Kwargs passed to `processor.__call__` have to be in `processor_kwargs` dict, not in `**kwargs`
[transformers] Kwargs passed to `processor.__call__` have to be in `processor_kwargs` dict, not in `**kwargs`
[transformers] Kwargs passed to `processor.__call__` have to be in `processor_kwargs` dict, not in `**kwargs`
[transformers] Kwargs passed to `processor.__call__` have to be in `processor_kwargs` dict, not in `**kwargs`
[transformers] Kwargs passed to `processor.__call__` have to be in `processor_kwargs` dict, not in `**kwargs`
[transformers] Kwargs passed to `processor.__call__` have to be in `processor_kwargs` dict, not in `**kwargs`
[transformers] Kwargs passed to `processor.__call__` have to be in `processor_kwargs` dict, not in `**kwargs`
[transformers] Kwargs passed to `processor.__call__` have to be in `processor_kwargs` dict, not in `**kwargs`
[transformers] Kwargs passed to `processor.__call__` have to be in `processor_kwargs` dict, not in `**kwargs`
[transformers] Kwargs passed to `processor.__call__` have to be in `processor_kwargs` dict, not in `**kwargs`
[transformers] Kwargs passed to `processor.__call__` have to be in `processor_kwargs` dict, not in `**kwargs`
[transformers] Kwargs passed to `processor.__call__` have to be in `processor_kwargs` dict, not in `**kwargs`
[transformers] Kwargs passed to `processor.__call__` have to be in `processor_kwargs` dict, not in `**kwargs`
[transformers] Kwargs passed to `processor.__call__` have to be in `processor_kwargs` dict, not in `**kwargs`
[transformers] Kwargs passed to `processor.__call__` have to be in `processor_kwargs` dict, not in `**kwargs`
[transformers] Kwargs passed to `processor.__call__` have to be in `processor_kwargs` dict, not in `**kwargs`
[transformers] Kwargs passed to `processor.__call__` have to be in `processor_kwargs` dict, not in `**kwargs`
[transformers] Kwargs passed to `processor.__call__` have to be in `processor_kwargs` dict, not in `**kwargs`
[transformers] Kwargs passed to `processor.__call__` have to be in `processor_kwargs` dict, not in `**kwargs`
  [29/40] zsNo4HB9uLZ       timeout  min_d  6.28  calls  50  12s/ep
[transformers] Kwargs passed to `processor.__call__` have to be in `processor_kwargs` dict, not in `**kwargs`
[transformers] Kwargs passed to `processor.__call__` have to be in `processor_kwargs` dict, not in `**kwargs`
[transformers] Kwargs passed to `processor.__call__` have to be in `processor_kwargs` dict, not in `**kwargs`
[transformers] Kwargs passed to `processor.__call__` have to be in `processor_kwargs` dict, not in `**kwargs`
[transformers] Kwargs passed to `processor.__call__` have to be in `processor_kwargs` dict, not in `**kwargs`
[transformers] Kwargs passed to `processor.__call__` have to be in `processor_kwargs` dict, not in `**kwargs`
[transformers] Kwargs passed to `processor.__call__` have to be in `processor_kwargs` dict, not in `**kwargs`
[transformers] Kwargs passed to `processor.__call__` have to be in `processor_kwargs` dict, not in `**kwargs`
[transformers] Kwargs passed to `processor.__call__` have to be in `processor_kwargs` dict, not in `**kwargs`
[transformers] Kwargs passed to `processor.__call__` have to be in `processor_kwargs` dict, not in `**kwargs`
[transformers] Kwargs passed to `processor.__call__` have to be in `processor_kwargs` dict, not in `**kwargs`
[transformers] Kwargs passed to `processor.__call__` have to be in `processor_kwargs` dict, not in `**kwargs`
[transformers] Kwargs passed to `processor.__call__` have to be in `processor_kwargs` dict, not in `**kwargs`
[transformers] Kwargs passed to `processor.__call__` have to be in `processor_kwargs` dict, not in `**kwargs`
[transformers] Kwargs passed to `processor.__call__` have to be in `processor_kwargs` dict, not in `**kwargs`
[transformers] Kwargs passed to `processor.__call__` have to be in `processor_kwargs` dict, not in `**kwargs`
[transformers] Kwargs passed to `processor.__call__` have to be in `processor_kwargs` dict, not in `**kwargs`
[transformers] Kwargs passed to `processor.__call__` have to be in `processor_kwargs` dict, not in `**kwargs`
[transformers] Kwargs passed to `processor.__call__` have to be in `processor_kwargs` dict, not in `**kwargs`
[transformers] Kwargs passed to `processor.__call__` have to be in `processor_kwargs` dict, not in `**kwargs`
[transformers] Kwargs passed to `processor.__call__` have to be in `processor_kwargs` dict, not in `**kwargs`
[transformers] Kwargs passed to `processor.__call__` have to be in `processor_kwargs` dict, not in `**kwargs`
[transformers] Kwargs passed to `processor.__call__` have to be in `processor_kwargs` dict, not in `**kwargs`
[transformers] Kwargs passed to `processor.__call__` have to be in `processor_kwargs` dict, not in `**kwargs`
[transformers] Kwargs passed to `processor.__call__` have to be in `processor_kwargs` dict, not in `**kwargs`
[transformers] Kwargs passed to `processor.__call__` have to be in `processor_kwargs` dict, not in `**kwargs`
[transformers] Kwargs passed to `processor.__call__` have to be in `processor_kwargs` dict, not in `**kwargs`
[transformers] Kwargs passed to `processor.__call__` have to be in `processor_kwargs` dict, not in `**kwargs`
[transformers] Kwargs passed to `processor.__call__` have to be in `processor_kwargs` dict, not in `**kwargs`
[transformers] Kwargs passed to `processor.__call__` have to be in `processor_kwargs` dict, not in `**kwargs`
[transformers] Kwargs passed to `processor.__call__` have to be in `processor_kwargs` dict, not in `**kwargs`
[transformers] Kwargs passed to `processor.__call__` have to be in `processor_kwargs` dict, not in `**kwargs`
[transformers] Kwargs passed to `processor.__call__` have to be in `processor_kwargs` dict, not in `**kwargs`
[transformers] Kwargs passed to `processor.__call__` have to be in `processor_kwargs` dict, not in `**kwargs`
[transformers] Kwargs passed to `processor.__call__` have to be in `processor_kwargs` dict, not in `**kwargs`
[transformers] Kwargs passed to `processor.__call__` have to be in `processor_kwargs` dict, not in `**kwargs`
[transformers] Kwargs passed to `processor.__call__` have to be in `processor_kwargs` dict, not in `**kwargs`
[transformers] Kwargs passed to `processor.__call__` have to be in `processor_kwargs` dict, not in `**kwargs`
[transformers] Kwargs passed to `processor.__call__` have to be in `processor_kwargs` dict, not in `**kwargs`
[transformers] Kwargs passed to `processor.__call__` have to be in `processor_kwargs` dict, not in `**kwargs`
[transformers] Kwargs passed to `processor.__call__` have to be in `processor_kwargs` dict, not in `**kwargs`
[transformers] Kwargs passed to `processor.__call__` have to be in `processor_kwargs` dict, not in `**kwargs`
[transformers] Kwargs passed to `processor.__call__` have to be in `processor_kwargs` dict, not in `**kwargs`
[transformers] Kwargs passed to `processor.__call__` have to be in `processor_kwargs` dict, not in `**kwargs`
[transformers] Kwargs passed to `processor.__call__` have to be in `processor_kwargs` dict, not in `**kwargs`
[transformers] Kwargs passed to `processor.__call__` have to be in `processor_kwargs` dict, not in `**kwargs`
[transformers] Kwargs passed to `processor.__call__` have to be in `processor_kwargs` dict, not in `**kwargs`
[transformers] Kwargs passed to `processor.__call__` have to be in `processor_kwargs` dict, not in `**kwargs`
[transformers] Kwargs passed to `processor.__call__` have to be in `processor_kwargs` dict, not in `**kwargs`
[transformers] Kwargs passed to `processor.__call__` have to be in `processor_kwargs` dict, not in `**kwargs`
  [30/40] zsNo4HB9uLZ       timeout  min_d  6.28  calls  50  12s/ep
[transformers] Kwargs passed to `processor.__call__` have to be in `processor_kwargs` dict, not in `**kwargs`
[transformers] Kwargs passed to `processor.__call__` have to be in `processor_kwargs` dict, not in `**kwargs`
[transformers] Kwargs passed to `processor.__call__` have to be in `processor_kwargs` dict, not in `**kwargs`
[transformers] Kwargs passed to `processor.__call__` have to be in `processor_kwargs` dict, not in `**kwargs`
[transformers] Kwargs passed to `processor.__call__` have to be in `processor_kwargs` dict, not in `**kwargs`
[transformers] Kwargs passed to `processor.__call__` have to be in `processor_kwargs` dict, not in `**kwargs`
[transformers] Kwargs passed to `processor.__call__` have to be in `processor_kwargs` dict, not in `**kwargs`
[transformers] Kwargs passed to `processor.__call__` have to be in `processor_kwargs` dict, not in `**kwargs`
[transformers] Kwargs passed to `processor.__call__` have to be in `processor_kwargs` dict, not in `**kwargs`
[transformers] Kwargs passed to `processor.__call__` have to be in `processor_kwargs` dict, not in `**kwargs`
[transformers] Kwargs passed to `processor.__call__` have to be in `processor_kwargs` dict, not in `**kwargs`
[transformers] Kwargs passed to `processor.__call__` have to be in `processor_kwargs` dict, not in `**kwargs`
[transformers] Kwargs passed to `processor.__call__` have to be in `processor_kwargs` dict, not in `**kwargs`
[transformers] Kwargs passed to `processor.__call__` have to be in `processor_kwargs` dict, not in `**kwargs`
[transformers] Kwargs passed to `processor.__call__` have to be in `processor_kwargs` dict, not in `**kwargs`
[transformers] Kwargs passed to `processor.__call__` have to be in `processor_kwargs` dict, not in `**kwargs`
[transformers] Kwargs passed to `processor.__call__` have to be in `processor_kwargs` dict, not in `**kwargs`
[transformers] Kwargs passed to `processor.__call__` have to be in `processor_kwargs` dict, not in `**kwargs`
[transformers] Kwargs passed to `processor.__call__` have to be in `processor_kwargs` dict, not in `**kwargs`
[transformers] Kwargs passed to `processor.__call__` have to be in `processor_kwargs` dict, not in `**kwargs`
[transformers] Kwargs passed to `processor.__call__` have to be in `processor_kwargs` dict, not in `**kwargs`
[transformers] Kwargs passed to `processor.__call__` have to be in `processor_kwargs` dict, not in `**kwargs`
[transformers] Kwargs passed to `processor.__call__` have to be in `processor_kwargs` dict, not in `**kwargs`
[transformers] Kwargs passed to `processor.__call__` have to be in `processor_kwargs` dict, not in `**kwargs`
[transformers] Kwargs passed to `processor.__call__` have to be in `processor_kwargs` dict, not in `**kwargs`
[transformers] Kwargs passed to `processor.__call__` have to be in `processor_kwargs` dict, not in `**kwargs`
[transformers] Kwargs passed to `processor.__call__` have to be in `processor_kwargs` dict, not in `**kwargs`
[transformers] Kwargs passed to `processor.__call__` have to be in `processor_kwargs` dict, not in `**kwargs`
[transformers] Kwargs passed to `processor.__call__` have to be in `processor_kwargs` dict, not in `**kwargs`
[transformers] Kwargs passed to `processor.__call__` have to be in `processor_kwargs` dict, not in `**kwargs`
[transformers] Kwargs passed to `processor.__call__` have to be in `processor_kwargs` dict, not in `**kwargs`
[transformers] Kwargs passed to `processor.__call__` have to be in `processor_kwargs` dict, not in `**kwargs`
[transformers] Kwargs passed to `processor.__call__` have to be in `processor_kwargs` dict, not in `**kwargs`
[transformers] Kwargs passed to `processor.__call__` have to be in `processor_kwargs` dict, not in `**kwargs`
[transformers] Kwargs passed to `processor.__call__` have to be in `processor_kwargs` dict, not in `**kwargs`
[transformers] Kwargs passed to `processor.__call__` have to be in `processor_kwargs` dict, not in `**kwargs`
[transformers] Kwargs passed to `processor.__call__` have to be in `processor_kwargs` dict, not in `**kwargs`
[transformers] Kwargs passed to `processor.__call__` have to be in `processor_kwargs` dict, not in `**kwargs`
[transformers] Kwargs passed to `processor.__call__` have to be in `processor_kwargs` dict, not in `**kwargs`
[transformers] Kwargs passed to `processor.__call__` have to be in `processor_kwargs` dict, not in `**kwargs`
[transformers] Kwargs passed to `processor.__call__` have to be in `processor_kwargs` dict, not in `**kwargs`
[transformers] Kwargs passed to `processor.__call__` have to be in `processor_kwargs` dict, not in `**kwargs`
[transformers] Kwargs passed to `processor.__call__` have to be in `processor_kwargs` dict, not in `**kwargs`
[transformers] Kwargs passed to `processor.__call__` have to be in `processor_kwargs` dict, not in `**kwargs`
[transformers] Kwargs passed to `processor.__call__` have to be in `processor_kwargs` dict, not in `**kwargs`
[transformers] Kwargs passed to `processor.__call__` have to be in `processor_kwargs` dict, not in `**kwargs`
[transformers] Kwargs passed to `processor.__call__` have to be in `processor_kwargs` dict, not in `**kwargs`
[transformers] Kwargs passed to `processor.__call__` have to be in `processor_kwargs` dict, not in `**kwargs`
[transformers] Kwargs passed to `processor.__call__` have to be in `processor_kwargs` dict, not in `**kwargs`
[transformers] Kwargs passed to `processor.__call__` have to be in `processor_kwargs` dict, not in `**kwargs`
  [31/40] zsNo4HB9uLZ       timeout  min_d 11.81  calls  50  12s/ep
[transformers] Kwargs passed to `processor.__call__` have to be in `processor_kwargs` dict, not in `**kwargs`
[transformers] Kwargs passed to `processor.__call__` have to be in `processor_kwargs` dict, not in `**kwargs`
[transformers] Kwargs passed to `processor.__call__` have to be in `processor_kwargs` dict, not in `**kwargs`
[transformers] Kwargs passed to `processor.__call__` have to be in `processor_kwargs` dict, not in `**kwargs`
[transformers] Kwargs passed to `processor.__call__` have to be in `processor_kwargs` dict, not in `**kwargs`
[transformers] Kwargs passed to `processor.__call__` have to be in `processor_kwargs` dict, not in `**kwargs`
[transformers] Kwargs passed to `processor.__call__` have to be in `processor_kwargs` dict, not in `**kwargs`
[transformers] Kwargs passed to `processor.__call__` have to be in `processor_kwargs` dict, not in `**kwargs`
[transformers] Kwargs passed to `processor.__call__` have to be in `processor_kwargs` dict, not in `**kwargs`
[transformers] Kwargs passed to `processor.__call__` have to be in `processor_kwargs` dict, not in `**kwargs`
[transformers] Kwargs passed to `processor.__call__` have to be in `processor_kwargs` dict, not in `**kwargs`
[transformers] Kwargs passed to `processor.__call__` have to be in `processor_kwargs` dict, not in `**kwargs`
[transformers] Kwargs passed to `processor.__call__` have to be in `processor_kwargs` dict, not in `**kwargs`
[transformers] Kwargs passed to `processor.__call__` have to be in `processor_kwargs` dict, not in `**kwargs`
[transformers] Kwargs passed to `processor.__call__` have to be in `processor_kwargs` dict, not in `**kwargs`
[transformers] Kwargs passed to `processor.__call__` have to be in `processor_kwargs` dict, not in `**kwargs`
[transformers] Kwargs passed to `processor.__call__` have to be in `processor_kwargs` dict, not in `**kwargs`
[transformers] Kwargs passed to `processor.__call__` have to be in `processor_kwargs` dict, not in `**kwargs`
[transformers] Kwargs passed to `processor.__call__` have to be in `processor_kwargs` dict, not in `**kwargs`
[transformers] Kwargs passed to `processor.__call__` have to be in `processor_kwargs` dict, not in `**kwargs`
[transformers] Kwargs passed to `processor.__call__` have to be in `processor_kwargs` dict, not in `**kwargs`
[transformers] Kwargs passed to `processor.__call__` have to be in `processor_kwargs` dict, not in `**kwargs`
[transformers] Kwargs passed to `processor.__call__` have to be in `processor_kwargs` dict, not in `**kwargs`
[transformers] Kwargs passed to `processor.__call__` have to be in `processor_kwargs` dict, not in `**kwargs`
[transformers] Kwargs passed to `processor.__call__` have to be in `processor_kwargs` dict, not in `**kwargs`
[transformers] Kwargs passed to `processor.__call__` have to be in `processor_kwargs` dict, not in `**kwargs`
[transformers] Kwargs passed to `processor.__call__` have to be in `processor_kwargs` dict, not in `**kwargs`
[transformers] Kwargs passed to `processor.__call__` have to be in `processor_kwargs` dict, not in `**kwargs`
[transformers] Kwargs passed to `processor.__call__` have to be in `processor_kwargs` dict, not in `**kwargs`
[transformers] Kwargs passed to `processor.__call__` have to be in `processor_kwargs` dict, not in `**kwargs`
[transformers] Kwargs passed to `processor.__call__` have to be in `processor_kwargs` dict, not in `**kwargs`
[transformers] Kwargs passed to `processor.__call__` have to be in `processor_kwargs` dict, not in `**kwargs`
[transformers] Kwargs passed to `processor.__call__` have to be in `processor_kwargs` dict, not in `**kwargs`
[transformers] Kwargs passed to `processor.__call__` have to be in `processor_kwargs` dict, not in `**kwargs`
[transformers] Kwargs passed to `processor.__call__` have to be in `processor_kwargs` dict, not in `**kwargs`
[transformers] Kwargs passed to `processor.__call__` have to be in `processor_kwargs` dict, not in `**kwargs`
[transformers] Kwargs passed to `processor.__call__` have to be in `processor_kwargs` dict, not in `**kwargs`
[transformers] Kwargs passed to `processor.__call__` have to be in `processor_kwargs` dict, not in `**kwargs`
[transformers] Kwargs passed to `processor.__call__` have to be in `processor_kwargs` dict, not in `**kwargs`
[transformers] Kwargs passed to `processor.__call__` have to be in `processor_kwargs` dict, not in `**kwargs`
[transformers] Kwargs passed to `processor.__call__` have to be in `processor_kwargs` dict, not in `**kwargs`
[transformers] Kwargs passed to `processor.__call__` have to be in `processor_kwargs` dict, not in `**kwargs`
[transformers] Kwargs passed to `processor.__call__` have to be in `processor_kwargs` dict, not in `**kwargs`
[transformers] Kwargs passed to `processor.__call__` have to be in `processor_kwargs` dict, not in `**kwargs`
[transformers] Kwargs passed to `processor.__call__` have to be in `processor_kwargs` dict, not in `**kwargs`
[transformers] Kwargs passed to `processor.__call__` have to be in `processor_kwargs` dict, not in `**kwargs`
[transformers] Kwargs passed to `processor.__call__` have to be in `processor_kwargs` dict, not in `**kwargs`
[transformers] Kwargs passed to `processor.__call__` have to be in `processor_kwargs` dict, not in `**kwargs`
[transformers] Kwargs passed to `processor.__call__` have to be in `processor_kwargs` dict, not in `**kwargs`
  [32/40] zsNo4HB9uLZ    model_stop  min_d  3.82  calls  49  12s/ep
[transformers] Kwargs passed to `processor.__call__` have to be in `processor_kwargs` dict, not in `**kwargs`
[transformers] Kwargs passed to `processor.__call__` have to be in `processor_kwargs` dict, not in `**kwargs`
[transformers] Kwargs passed to `processor.__call__` have to be in `processor_kwargs` dict, not in `**kwargs`
[transformers] Kwargs passed to `processor.__call__` have to be in `processor_kwargs` dict, not in `**kwargs`
[transformers] Kwargs passed to `processor.__call__` have to be in `processor_kwargs` dict, not in `**kwargs`
[transformers] Kwargs passed to `processor.__call__` have to be in `processor_kwargs` dict, not in `**kwargs`
[transformers] Kwargs passed to `processor.__call__` have to be in `processor_kwargs` dict, not in `**kwargs`
[transformers] Kwargs passed to `processor.__call__` have to be in `processor_kwargs` dict, not in `**kwargs`
[transformers] Kwargs passed to `processor.__call__` have to be in `processor_kwargs` dict, not in `**kwargs`
[transformers] Kwargs passed to `processor.__call__` have to be in `processor_kwargs` dict, not in `**kwargs`
[transformers] Kwargs passed to `processor.__call__` have to be in `processor_kwargs` dict, not in `**kwargs`
[transformers] Kwargs passed to `processor.__call__` have to be in `processor_kwargs` dict, not in `**kwargs`
[transformers] Kwargs passed to `processor.__call__` have to be in `processor_kwargs` dict, not in `**kwargs`
[transformers] Kwargs passed to `processor.__call__` have to be in `processor_kwargs` dict, not in `**kwargs`
[transformers] Kwargs passed to `processor.__call__` have to be in `processor_kwargs` dict, not in `**kwargs`
[transformers] Kwargs passed to `processor.__call__` have to be in `processor_kwargs` dict, not in `**kwargs`
[transformers] Kwargs passed to `processor.__call__` have to be in `processor_kwargs` dict, not in `**kwargs`
[transformers] Kwargs passed to `processor.__call__` have to be in `processor_kwargs` dict, not in `**kwargs`
[transformers] Kwargs passed to `processor.__call__` have to be in `processor_kwargs` dict, not in `**kwargs`
[transformers] Kwargs passed to `processor.__call__` have to be in `processor_kwargs` dict, not in `**kwargs`
[transformers] Kwargs passed to `processor.__call__` have to be in `processor_kwargs` dict, not in `**kwargs`
[transformers] Kwargs passed to `processor.__call__` have to be in `processor_kwargs` dict, not in `**kwargs`
[transformers] Kwargs passed to `processor.__call__` have to be in `processor_kwargs` dict, not in `**kwargs`
[transformers] Kwargs passed to `processor.__call__` have to be in `processor_kwargs` dict, not in `**kwargs`
[transformers] Kwargs passed to `processor.__call__` have to be in `processor_kwargs` dict, not in `**kwargs`
[transformers] Kwargs passed to `processor.__call__` have to be in `processor_kwargs` dict, not in `**kwargs`
[transformers] Kwargs passed to `processor.__call__` have to be in `processor_kwargs` dict, not in `**kwargs`
[transformers] Kwargs passed to `processor.__call__` have to be in `processor_kwargs` dict, not in `**kwargs`
[transformers] Kwargs passed to `processor.__call__` have to be in `processor_kwargs` dict, not in `**kwargs`
[transformers] Kwargs passed to `processor.__call__` have to be in `processor_kwargs` dict, not in `**kwargs`
[transformers] Kwargs passed to `processor.__call__` have to be in `processor_kwargs` dict, not in `**kwargs`
[transformers] Kwargs passed to `processor.__call__` have to be in `processor_kwargs` dict, not in `**kwargs`
[transformers] Kwargs passed to `processor.__call__` have to be in `processor_kwargs` dict, not in `**kwargs`
[transformers] Kwargs passed to `processor.__call__` have to be in `processor_kwargs` dict, not in `**kwargs`
[transformers] Kwargs passed to `processor.__call__` have to be in `processor_kwargs` dict, not in `**kwargs`
[transformers] Kwargs passed to `processor.__call__` have to be in `processor_kwargs` dict, not in `**kwargs`
[transformers] Kwargs passed to `processor.__call__` have to be in `processor_kwargs` dict, not in `**kwargs`
[transformers] Kwargs passed to `processor.__call__` have to be in `processor_kwargs` dict, not in `**kwargs`
[transformers] Kwargs passed to `processor.__call__` have to be in `processor_kwargs` dict, not in `**kwargs`
[transformers] Kwargs passed to `processor.__call__` have to be in `processor_kwargs` dict, not in `**kwargs`
[transformers] Kwargs passed to `processor.__call__` have to be in `processor_kwargs` dict, not in `**kwargs`
[transformers] Kwargs passed to `processor.__call__` have to be in `processor_kwargs` dict, not in `**kwargs`
[transformers] Kwargs passed to `processor.__call__` have to be in `processor_kwargs` dict, not in `**kwargs`
[transformers] Kwargs passed to `processor.__call__` have to be in `processor_kwargs` dict, not in `**kwargs`
[transformers] Kwargs passed to `processor.__call__` have to be in `processor_kwargs` dict, not in `**kwargs`
[transformers] Kwargs passed to `processor.__call__` have to be in `processor_kwargs` dict, not in `**kwargs`
[transformers] Kwargs passed to `processor.__call__` have to be in `processor_kwargs` dict, not in `**kwargs`
[transformers] Kwargs passed to `processor.__call__` have to be in `processor_kwargs` dict, not in `**kwargs`
[transformers] Kwargs passed to `processor.__call__` have to be in `processor_kwargs` dict, not in `**kwargs`
[transformers] Kwargs passed to `processor.__call__` have to be in `processor_kwargs` dict, not in `**kwargs`
  [33/40] zsNo4HB9uLZ       timeout  min_d  7.02  calls  50  12s/ep
[transformers] Kwargs passed to `processor.__call__` have to be in `processor_kwargs` dict, not in `**kwargs`
[transformers] Kwargs passed to `processor.__call__` have to be in `processor_kwargs` dict, not in `**kwargs`
[transformers] Kwargs passed to `processor.__call__` have to be in `processor_kwargs` dict, not in `**kwargs`
[transformers] Kwargs passed to `processor.__call__` have to be in `processor_kwargs` dict, not in `**kwargs`
[transformers] Kwargs passed to `processor.__call__` have to be in `processor_kwargs` dict, not in `**kwargs`
[transformers] Kwargs passed to `processor.__call__` have to be in `processor_kwargs` dict, not in `**kwargs`
[transformers] Kwargs passed to `processor.__call__` have to be in `processor_kwargs` dict, not in `**kwargs`
[transformers] Kwargs passed to `processor.__call__` have to be in `processor_kwargs` dict, not in `**kwargs`
[transformers] Kwargs passed to `processor.__call__` have to be in `processor_kwargs` dict, not in `**kwargs`
[transformers] Kwargs passed to `processor.__call__` have to be in `processor_kwargs` dict, not in `**kwargs`
[transformers] Kwargs passed to `processor.__call__` have to be in `processor_kwargs` dict, not in `**kwargs`
[transformers] Kwargs passed to `processor.__call__` have to be in `processor_kwargs` dict, not in `**kwargs`
[transformers] Kwargs passed to `processor.__call__` have to be in `processor_kwargs` dict, not in `**kwargs`
[transformers] Kwargs passed to `processor.__call__` have to be in `processor_kwargs` dict, not in `**kwargs`
[transformers] Kwargs passed to `processor.__call__` have to be in `processor_kwargs` dict, not in `**kwargs`
[transformers] Kwargs passed to `processor.__call__` have to be in `processor_kwargs` dict, not in `**kwargs`
[transformers] Kwargs passed to `processor.__call__` have to be in `processor_kwargs` dict, not in `**kwargs`
[transformers] Kwargs passed to `processor.__call__` have to be in `processor_kwargs` dict, not in `**kwargs`
[transformers] Kwargs passed to `processor.__call__` have to be in `processor_kwargs` dict, not in `**kwargs`
[transformers] Kwargs passed to `processor.__call__` have to be in `processor_kwargs` dict, not in `**kwargs`
[transformers] Kwargs passed to `processor.__call__` have to be in `processor_kwargs` dict, not in `**kwargs`
[transformers] Kwargs passed to `processor.__call__` have to be in `processor_kwargs` dict, not in `**kwargs`
[transformers] Kwargs passed to `processor.__call__` have to be in `processor_kwargs` dict, not in `**kwargs`
[transformers] Kwargs passed to `processor.__call__` have to be in `processor_kwargs` dict, not in `**kwargs`
[transformers] Kwargs passed to `processor.__call__` have to be in `processor_kwargs` dict, not in `**kwargs`
[transformers] Kwargs passed to `processor.__call__` have to be in `processor_kwargs` dict, not in `**kwargs`
[transformers] Kwargs passed to `processor.__call__` have to be in `processor_kwargs` dict, not in `**kwargs`
[transformers] Kwargs passed to `processor.__call__` have to be in `processor_kwargs` dict, not in `**kwargs`
[transformers] Kwargs passed to `processor.__call__` have to be in `processor_kwargs` dict, not in `**kwargs`
[transformers] Kwargs passed to `processor.__call__` have to be in `processor_kwargs` dict, not in `**kwargs`
[transformers] Kwargs passed to `processor.__call__` have to be in `processor_kwargs` dict, not in `**kwargs`
[transformers] Kwargs passed to `processor.__call__` have to be in `processor_kwargs` dict, not in `**kwargs`
[transformers] Kwargs passed to `processor.__call__` have to be in `processor_kwargs` dict, not in `**kwargs`
[transformers] Kwargs passed to `processor.__call__` have to be in `processor_kwargs` dict, not in `**kwargs`
[transformers] Kwargs passed to `processor.__call__` have to be in `processor_kwargs` dict, not in `**kwargs`
[transformers] Kwargs passed to `processor.__call__` have to be in `processor_kwargs` dict, not in `**kwargs`
[transformers] Kwargs passed to `processor.__call__` have to be in `processor_kwargs` dict, not in `**kwargs`
[transformers] Kwargs passed to `processor.__call__` have to be in `processor_kwargs` dict, not in `**kwargs`
[transformers] Kwargs passed to `processor.__call__` have to be in `processor_kwargs` dict, not in `**kwargs`
[transformers] Kwargs passed to `processor.__call__` have to be in `processor_kwargs` dict, not in `**kwargs`
[transformers] Kwargs passed to `processor.__call__` have to be in `processor_kwargs` dict, not in `**kwargs`
[transformers] Kwargs passed to `processor.__call__` have to be in `processor_kwargs` dict, not in `**kwargs`
[transformers] Kwargs passed to `processor.__call__` have to be in `processor_kwargs` dict, not in `**kwargs`
[transformers] Kwargs passed to `processor.__call__` have to be in `processor_kwargs` dict, not in `**kwargs`
[transformers] Kwargs passed to `processor.__call__` have to be in `processor_kwargs` dict, not in `**kwargs`
[transformers] Kwargs passed to `processor.__call__` have to be in `processor_kwargs` dict, not in `**kwargs`
[transformers] Kwargs passed to `processor.__call__` have to be in `processor_kwargs` dict, not in `**kwargs`
[transformers] Kwargs passed to `processor.__call__` have to be in `processor_kwargs` dict, not in `**kwargs`
[transformers] Kwargs passed to `processor.__call__` have to be in `processor_kwargs` dict, not in `**kwargs`
[transformers] Kwargs passed to `processor.__call__` have to be in `processor_kwargs` dict, not in `**kwargs`
  [34/40] zsNo4HB9uLZ       timeout  min_d 10.70  calls  50  12s/ep
[transformers] Kwargs passed to `processor.__call__` have to be in `processor_kwargs` dict, not in `**kwargs`
[transformers] Kwargs passed to `processor.__call__` have to be in `processor_kwargs` dict, not in `**kwargs`
[transformers] Kwargs passed to `processor.__call__` have to be in `processor_kwargs` dict, not in `**kwargs`
[transformers] Kwargs passed to `processor.__call__` have to be in `processor_kwargs` dict, not in `**kwargs`
[transformers] Kwargs passed to `processor.__call__` have to be in `processor_kwargs` dict, not in `**kwargs`
[transformers] Kwargs passed to `processor.__call__` have to be in `processor_kwargs` dict, not in `**kwargs`
[transformers] Kwargs passed to `processor.__call__` have to be in `processor_kwargs` dict, not in `**kwargs`
[transformers] Kwargs passed to `processor.__call__` have to be in `processor_kwargs` dict, not in `**kwargs`
[transformers] Kwargs passed to `processor.__call__` have to be in `processor_kwargs` dict, not in `**kwargs`
[transformers] Kwargs passed to `processor.__call__` have to be in `processor_kwargs` dict, not in `**kwargs`
[transformers] Kwargs passed to `processor.__call__` have to be in `processor_kwargs` dict, not in `**kwargs`
[transformers] Kwargs passed to `processor.__call__` have to be in `processor_kwargs` dict, not in `**kwargs`
[transformers] Kwargs passed to `processor.__call__` have to be in `processor_kwargs` dict, not in `**kwargs`
[transformers] Kwargs passed to `processor.__call__` have to be in `processor_kwargs` dict, not in `**kwargs`
[transformers] Kwargs passed to `processor.__call__` have to be in `processor_kwargs` dict, not in `**kwargs`
[transformers] Kwargs passed to `processor.__call__` have to be in `processor_kwargs` dict, not in `**kwargs`
[transformers] Kwargs passed to `processor.__call__` have to be in `processor_kwargs` dict, not in `**kwargs`
[transformers] Kwargs passed to `processor.__call__` have to be in `processor_kwargs` dict, not in `**kwargs`
[transformers] Kwargs passed to `processor.__call__` have to be in `processor_kwargs` dict, not in `**kwargs`
[transformers] Kwargs passed to `processor.__call__` have to be in `processor_kwargs` dict, not in `**kwargs`
[transformers] Kwargs passed to `processor.__call__` have to be in `processor_kwargs` dict, not in `**kwargs`
[transformers] Kwargs passed to `processor.__call__` have to be in `processor_kwargs` dict, not in `**kwargs`
[transformers] Kwargs passed to `processor.__call__` have to be in `processor_kwargs` dict, not in `**kwargs`
[transformers] Kwargs passed to `processor.__call__` have to be in `processor_kwargs` dict, not in `**kwargs`
[transformers] Kwargs passed to `processor.__call__` have to be in `processor_kwargs` dict, not in `**kwargs`
[transformers] Kwargs passed to `processor.__call__` have to be in `processor_kwargs` dict, not in `**kwargs`
[transformers] Kwargs passed to `processor.__call__` have to be in `processor_kwargs` dict, not in `**kwargs`
[transformers] Kwargs passed to `processor.__call__` have to be in `processor_kwargs` dict, not in `**kwargs`
[transformers] Kwargs passed to `processor.__call__` have to be in `processor_kwargs` dict, not in `**kwargs`
[transformers] Kwargs passed to `processor.__call__` have to be in `processor_kwargs` dict, not in `**kwargs`
[transformers] Kwargs passed to `processor.__call__` have to be in `processor_kwargs` dict, not in `**kwargs`
[transformers] Kwargs passed to `processor.__call__` have to be in `processor_kwargs` dict, not in `**kwargs`
[transformers] Kwargs passed to `processor.__call__` have to be in `processor_kwargs` dict, not in `**kwargs`
[transformers] Kwargs passed to `processor.__call__` have to be in `processor_kwargs` dict, not in `**kwargs`
[transformers] Kwargs passed to `processor.__call__` have to be in `processor_kwargs` dict, not in `**kwargs`
[transformers] Kwargs passed to `processor.__call__` have to be in `processor_kwargs` dict, not in `**kwargs`
[transformers] Kwargs passed to `processor.__call__` have to be in `processor_kwargs` dict, not in `**kwargs`
[transformers] Kwargs passed to `processor.__call__` have to be in `processor_kwargs` dict, not in `**kwargs`
[transformers] Kwargs passed to `processor.__call__` have to be in `processor_kwargs` dict, not in `**kwargs`
[transformers] Kwargs passed to `processor.__call__` have to be in `processor_kwargs` dict, not in `**kwargs`
[transformers] Kwargs passed to `processor.__call__` have to be in `processor_kwargs` dict, not in `**kwargs`
[transformers] Kwargs passed to `processor.__call__` have to be in `processor_kwargs` dict, not in `**kwargs`
[transformers] Kwargs passed to `processor.__call__` have to be in `processor_kwargs` dict, not in `**kwargs`
[transformers] Kwargs passed to `processor.__call__` have to be in `processor_kwargs` dict, not in `**kwargs`
[transformers] Kwargs passed to `processor.__call__` have to be in `processor_kwargs` dict, not in `**kwargs`
[transformers] Kwargs passed to `processor.__call__` have to be in `processor_kwargs` dict, not in `**kwargs`
[transformers] Kwargs passed to `processor.__call__` have to be in `processor_kwargs` dict, not in `**kwargs`
[transformers] Kwargs passed to `processor.__call__` have to be in `processor_kwargs` dict, not in `**kwargs`
[transformers] Kwargs passed to `processor.__call__` have to be in `processor_kwargs` dict, not in `**kwargs`
[transformers] Kwargs passed to `processor.__call__` have to be in `processor_kwargs` dict, not in `**kwargs`
[transformers] Kwargs passed to `processor.__call__` have to be in `processor_kwargs` dict, not in `**kwargs`
  [35/40] zsNo4HB9uLZ       timeout  min_d 10.70  calls  51  12s/ep
[transformers] Kwargs passed to `processor.__call__` have to be in `processor_kwargs` dict, not in `**kwargs`
[transformers] Kwargs passed to `processor.__call__` have to be in `processor_kwargs` dict, not in `**kwargs`
[transformers] Kwargs passed to `processor.__call__` have to be in `processor_kwargs` dict, not in `**kwargs`
[transformers] Kwargs passed to `processor.__call__` have to be in `processor_kwargs` dict, not in `**kwargs`
[transformers] Kwargs passed to `processor.__call__` have to be in `processor_kwargs` dict, not in `**kwargs`
[transformers] Kwargs passed to `processor.__call__` have to be in `processor_kwargs` dict, not in `**kwargs`
[transformers] Kwargs passed to `processor.__call__` have to be in `processor_kwargs` dict, not in `**kwargs`
[transformers] Kwargs passed to `processor.__call__` have to be in `processor_kwargs` dict, not in `**kwargs`
[transformers] Kwargs passed to `processor.__call__` have to be in `processor_kwargs` dict, not in `**kwargs`
[transformers] Kwargs passed to `processor.__call__` have to be in `processor_kwargs` dict, not in `**kwargs`
[transformers] Kwargs passed to `processor.__call__` have to be in `processor_kwargs` dict, not in `**kwargs`
[transformers] Kwargs passed to `processor.__call__` have to be in `processor_kwargs` dict, not in `**kwargs`
[transformers] Kwargs passed to `processor.__call__` have to be in `processor_kwargs` dict, not in `**kwargs`
[transformers] Kwargs passed to `processor.__call__` have to be in `processor_kwargs` dict, not in `**kwargs`
[transformers] Kwargs passed to `processor.__call__` have to be in `processor_kwargs` dict, not in `**kwargs`
[transformers] Kwargs passed to `processor.__call__` have to be in `processor_kwargs` dict, not in `**kwargs`
[transformers] Kwargs passed to `processor.__call__` have to be in `processor_kwargs` dict, not in `**kwargs`
[transformers] Kwargs passed to `processor.__call__` have to be in `processor_kwargs` dict, not in `**kwargs`
[transformers] Kwargs passed to `processor.__call__` have to be in `processor_kwargs` dict, not in `**kwargs`
[transformers] Kwargs passed to `processor.__call__` have to be in `processor_kwargs` dict, not in `**kwargs`
[transformers] Kwargs passed to `processor.__call__` have to be in `processor_kwargs` dict, not in `**kwargs`
[transformers] Kwargs passed to `processor.__call__` have to be in `processor_kwargs` dict, not in `**kwargs`
[transformers] Kwargs passed to `processor.__call__` have to be in `processor_kwargs` dict, not in `**kwargs`
[transformers] Kwargs passed to `processor.__call__` have to be in `processor_kwargs` dict, not in `**kwargs`
[transformers] Kwargs passed to `processor.__call__` have to be in `processor_kwargs` dict, not in `**kwargs`
[transformers] Kwargs passed to `processor.__call__` have to be in `processor_kwargs` dict, not in `**kwargs`
[transformers] Kwargs passed to `processor.__call__` have to be in `processor_kwargs` dict, not in `**kwargs`
[transformers] Kwargs passed to `processor.__call__` have to be in `processor_kwargs` dict, not in `**kwargs`
[transformers] Kwargs passed to `processor.__call__` have to be in `processor_kwargs` dict, not in `**kwargs`
[transformers] Kwargs passed to `processor.__call__` have to be in `processor_kwargs` dict, not in `**kwargs`
[transformers] Kwargs passed to `processor.__call__` have to be in `processor_kwargs` dict, not in `**kwargs`
[transformers] Kwargs passed to `processor.__call__` have to be in `processor_kwargs` dict, not in `**kwargs`
[transformers] Kwargs passed to `processor.__call__` have to be in `processor_kwargs` dict, not in `**kwargs`
[transformers] Kwargs passed to `processor.__call__` have to be in `processor_kwargs` dict, not in `**kwargs`
[transformers] Kwargs passed to `processor.__call__` have to be in `processor_kwargs` dict, not in `**kwargs`
[transformers] Kwargs passed to `processor.__call__` have to be in `processor_kwargs` dict, not in `**kwargs`
[transformers] Kwargs passed to `processor.__call__` have to be in `processor_kwargs` dict, not in `**kwargs`
[transformers] Kwargs passed to `processor.__call__` have to be in `processor_kwargs` dict, not in `**kwargs`
[transformers] Kwargs passed to `processor.__call__` have to be in `processor_kwargs` dict, not in `**kwargs`
[transformers] Kwargs passed to `processor.__call__` have to be in `processor_kwargs` dict, not in `**kwargs`
[transformers] Kwargs passed to `processor.__call__` have to be in `processor_kwargs` dict, not in `**kwargs`
[transformers] Kwargs passed to `processor.__call__` have to be in `processor_kwargs` dict, not in `**kwargs`
[transformers] Kwargs passed to `processor.__call__` have to be in `processor_kwargs` dict, not in `**kwargs`
[transformers] Kwargs passed to `processor.__call__` have to be in `processor_kwargs` dict, not in `**kwargs`
[transformers] Kwargs passed to `processor.__call__` have to be in `processor_kwargs` dict, not in `**kwargs`
[transformers] Kwargs passed to `processor.__call__` have to be in `processor_kwargs` dict, not in `**kwargs`
[transformers] Kwargs passed to `processor.__call__` have to be in `processor_kwargs` dict, not in `**kwargs`
[transformers] Kwargs passed to `processor.__call__` have to be in `processor_kwargs` dict, not in `**kwargs`
[transformers] Kwargs passed to `processor.__call__` have to be in `processor_kwargs` dict, not in `**kwargs`
[transformers] Kwargs passed to `processor.__call__` have to be in `processor_kwargs` dict, not in `**kwargs`
[transformers] Kwargs passed to `processor.__call__` have to be in `processor_kwargs` dict, not in `**kwargs`
  [36/40] zsNo4HB9uLZ       timeout  min_d  9.59  calls  51  12s/ep
[transformers] Kwargs passed to `processor.__call__` have to be in `processor_kwargs` dict, not in `**kwargs`
[transformers] Kwargs passed to `processor.__call__` have to be in `processor_kwargs` dict, not in `**kwargs`
  [37/40] zsNo4HB9uLZ    model_stop  min_d  8.86  calls   2  11s/ep
[transformers] Kwargs passed to `processor.__call__` have to be in `processor_kwargs` dict, not in `**kwargs`
[transformers] Kwargs passed to `processor.__call__` have to be in `processor_kwargs` dict, not in `**kwargs`
  [38/40] zsNo4HB9uLZ    model_stop  min_d  8.86  calls   2  11s/ep
[transformers] Kwargs passed to `processor.__call__` have to be in `processor_kwargs` dict, not in `**kwargs`
[transformers] Kwargs passed to `processor.__call__` have to be in `processor_kwargs` dict, not in `**kwargs`
[transformers] Kwargs passed to `processor.__call__` have to be in `processor_kwargs` dict, not in `**kwargs`
[transformers] Kwargs passed to `processor.__call__` have to be in `processor_kwargs` dict, not in `**kwargs`
[transformers] Kwargs passed to `processor.__call__` have to be in `processor_kwargs` dict, not in `**kwargs`
[transformers] Kwargs passed to `processor.__call__` have to be in `processor_kwargs` dict, not in `**kwargs`
[transformers] Kwargs passed to `processor.__call__` have to be in `processor_kwargs` dict, not in `**kwargs`
[transformers] Kwargs passed to `processor.__call__` have to be in `processor_kwargs` dict, not in `**kwargs`
[transformers] Kwargs passed to `processor.__call__` have to be in `processor_kwargs` dict, not in `**kwargs`
[transformers] Kwargs passed to `processor.__call__` have to be in `processor_kwargs` dict, not in `**kwargs`
[transformers] Kwargs passed to `processor.__call__` have to be in `processor_kwargs` dict, not in `**kwargs`
[transformers] Kwargs passed to `processor.__call__` have to be in `processor_kwargs` dict, not in `**kwargs`
[transformers] Kwargs passed to `processor.__call__` have to be in `processor_kwargs` dict, not in `**kwargs`
[transformers] Kwargs passed to `processor.__call__` have to be in `processor_kwargs` dict, not in `**kwargs`
[transformers] Kwargs passed to `processor.__call__` have to be in `processor_kwargs` dict, not in `**kwargs`
[transformers] Kwargs passed to `processor.__call__` have to be in `processor_kwargs` dict, not in `**kwargs`
[transformers] Kwargs passed to `processor.__call__` have to be in `processor_kwargs` dict, not in `**kwargs`
[transformers] Kwargs passed to `processor.__call__` have to be in `processor_kwargs` dict, not in `**kwargs`
[transformers] Kwargs passed to `processor.__call__` have to be in `processor_kwargs` dict, not in `**kwargs`
[transformers] Kwargs passed to `processor.__call__` have to be in `processor_kwargs` dict, not in `**kwargs`
[transformers] Kwargs passed to `processor.__call__` have to be in `processor_kwargs` dict, not in `**kwargs`
[transformers] Kwargs passed to `processor.__call__` have to be in `processor_kwargs` dict, not in `**kwargs`
[transformers] Kwargs passed to `processor.__call__` have to be in `processor_kwargs` dict, not in `**kwargs`
[transformers] Kwargs passed to `processor.__call__` have to be in `processor_kwargs` dict, not in `**kwargs`
[transformers] Kwargs passed to `processor.__call__` have to be in `processor_kwargs` dict, not in `**kwargs`
[transformers] Kwargs passed to `processor.__call__` have to be in `processor_kwargs` dict, not in `**kwargs`
[transformers] Kwargs passed to `processor.__call__` have to be in `processor_kwargs` dict, not in `**kwargs`
[transformers] Kwargs passed to `processor.__call__` have to be in `processor_kwargs` dict, not in `**kwargs`
[transformers] Kwargs passed to `processor.__call__` have to be in `processor_kwargs` dict, not in `**kwargs`
[transformers] Kwargs passed to `processor.__call__` have to be in `processor_kwargs` dict, not in `**kwargs`
[transformers] Kwargs passed to `processor.__call__` have to be in `processor_kwargs` dict, not in `**kwargs`
[transformers] Kwargs passed to `processor.__call__` have to be in `processor_kwargs` dict, not in `**kwargs`
[transformers] Kwargs passed to `processor.__call__` have to be in `processor_kwargs` dict, not in `**kwargs`
[transformers] Kwargs passed to `processor.__call__` have to be in `processor_kwargs` dict, not in `**kwargs`
[transformers] Kwargs passed to `processor.__call__` have to be in `processor_kwargs` dict, not in `**kwargs`
[transformers] Kwargs passed to `processor.__call__` have to be in `processor_kwargs` dict, not in `**kwargs`
[transformers] Kwargs passed to `processor.__call__` have to be in `processor_kwargs` dict, not in `**kwargs`
[transformers] Kwargs passed to `processor.__call__` have to be in `processor_kwargs` dict, not in `**kwargs`
[transformers] Kwargs passed to `processor.__call__` have to be in `processor_kwargs` dict, not in `**kwargs`
[transformers] Kwargs passed to `processor.__call__` have to be in `processor_kwargs` dict, not in `**kwargs`
[transformers] Kwargs passed to `processor.__call__` have to be in `processor_kwargs` dict, not in `**kwargs`
[transformers] Kwargs passed to `processor.__call__` have to be in `processor_kwargs` dict, not in `**kwargs`
[transformers] Kwargs passed to `processor.__call__` have to be in `processor_kwargs` dict, not in `**kwargs`
[transformers] Kwargs passed to `processor.__call__` have to be in `processor_kwargs` dict, not in `**kwargs`
[transformers] Kwargs passed to `processor.__call__` have to be in `processor_kwargs` dict, not in `**kwargs`
[transformers] Kwargs passed to `processor.__call__` have to be in `processor_kwargs` dict, not in `**kwargs`
[transformers] Kwargs passed to `processor.__call__` have to be in `processor_kwargs` dict, not in `**kwargs`
[transformers] Kwargs passed to `processor.__call__` have to be in `processor_kwargs` dict, not in `**kwargs`
[transformers] Kwargs passed to `processor.__call__` have to be in `processor_kwargs` dict, not in `**kwargs`
[transformers] Kwargs passed to `processor.__call__` have to be in `processor_kwargs` dict, not in `**kwargs`
[transformers] Kwargs passed to `processor.__call__` have to be in `processor_kwargs` dict, not in `**kwargs`
  [39/40] zsNo4HB9uLZ       timeout  min_d  0.22  calls  51  11s/ep
[transformers] Kwargs passed to `processor.__call__` have to be in `processor_kwargs` dict, not in `**kwargs`
[transformers] Kwargs passed to `processor.__call__` have to be in `processor_kwargs` dict, not in `**kwargs`
[transformers] Kwargs passed to `processor.__call__` have to be in `processor_kwargs` dict, not in `**kwargs`
[transformers] Kwargs passed to `processor.__call__` have to be in `processor_kwargs` dict, not in `**kwargs`
[transformers] Kwargs passed to `processor.__call__` have to be in `processor_kwargs` dict, not in `**kwargs`
[transformers] Kwargs passed to `processor.__call__` have to be in `processor_kwargs` dict, not in `**kwargs`
[transformers] Kwargs passed to `processor.__call__` have to be in `processor_kwargs` dict, not in `**kwargs`
[transformers] Kwargs passed to `processor.__call__` have to be in `processor_kwargs` dict, not in `**kwargs`
[transformers] Kwargs passed to `processor.__call__` have to be in `processor_kwargs` dict, not in `**kwargs`
[transformers] Kwargs passed to `processor.__call__` have to be in `processor_kwargs` dict, not in `**kwargs`
[transformers] Kwargs passed to `processor.__call__` have to be in `processor_kwargs` dict, not in `**kwargs`
[transformers] Kwargs passed to `processor.__call__` have to be in `processor_kwargs` dict, not in `**kwargs`
[transformers] Kwargs passed to `processor.__call__` have to be in `processor_kwargs` dict, not in `**kwargs`
[transformers] Kwargs passed to `processor.__call__` have to be in `processor_kwargs` dict, not in `**kwargs`
[transformers] Kwargs passed to `processor.__call__` have to be in `processor_kwargs` dict, not in `**kwargs`
[transformers] Kwargs passed to `processor.__call__` have to be in `processor_kwargs` dict, not in `**kwargs`
[transformers] Kwargs passed to `processor.__call__` have to be in `processor_kwargs` dict, not in `**kwargs`
[transformers] Kwargs passed to `processor.__call__` have to be in `processor_kwargs` dict, not in `**kwargs`
[transformers] Kwargs passed to `processor.__call__` have to be in `processor_kwargs` dict, not in `**kwargs`
[transformers] Kwargs passed to `processor.__call__` have to be in `processor_kwargs` dict, not in `**kwargs`
[transformers] Kwargs passed to `processor.__call__` have to be in `processor_kwargs` dict, not in `**kwargs`
[transformers] Kwargs passed to `processor.__call__` have to be in `processor_kwargs` dict, not in `**kwargs`
[transformers] Kwargs passed to `processor.__call__` have to be in `processor_kwargs` dict, not in `**kwargs`
[transformers] Kwargs passed to `processor.__call__` have to be in `processor_kwargs` dict, not in `**kwargs`
[transformers] Kwargs passed to `processor.__call__` have to be in `processor_kwargs` dict, not in `**kwargs`
[transformers] Kwargs passed to `processor.__call__` have to be in `processor_kwargs` dict, not in `**kwargs`
[transformers] Kwargs passed to `processor.__call__` have to be in `processor_kwargs` dict, not in `**kwargs`
[transformers] Kwargs passed to `processor.__call__` have to be in `processor_kwargs` dict, not in `**kwargs`
[transformers] Kwargs passed to `processor.__call__` have to be in `processor_kwargs` dict, not in `**kwargs`
[transformers] Kwargs passed to `processor.__call__` have to be in `processor_kwargs` dict, not in `**kwargs`
[transformers] Kwargs passed to `processor.__call__` have to be in `processor_kwargs` dict, not in `**kwargs`
[transformers] Kwargs passed to `processor.__call__` have to be in `processor_kwargs` dict, not in `**kwargs`
[transformers] Kwargs passed to `processor.__call__` have to be in `processor_kwargs` dict, not in `**kwargs`
[transformers] Kwargs passed to `processor.__call__` have to be in `processor_kwargs` dict, not in `**kwargs`
[transformers] Kwargs passed to `processor.__call__` have to be in `processor_kwargs` dict, not in `**kwargs`
[transformers] Kwargs passed to `processor.__call__` have to be in `processor_kwargs` dict, not in `**kwargs`
[transformers] Kwargs passed to `processor.__call__` have to be in `processor_kwargs` dict, not in `**kwargs`
[transformers] Kwargs passed to `processor.__call__` have to be in `processor_kwargs` dict, not in `**kwargs`
[transformers] Kwargs passed to `processor.__call__` have to be in `processor_kwargs` dict, not in `**kwargs`
[transformers] Kwargs passed to `processor.__call__` have to be in `processor_kwargs` dict, not in `**kwargs`
[transformers] Kwargs passed to `processor.__call__` have to be in `processor_kwargs` dict, not in `**kwargs`
[transformers] Kwargs passed to `processor.__call__` have to be in `processor_kwargs` dict, not in `**kwargs`
[transformers] Kwargs passed to `processor.__call__` have to be in `processor_kwargs` dict, not in `**kwargs`
[transformers] Kwargs passed to `processor.__call__` have to be in `processor_kwargs` dict, not in `**kwargs`
[transformers] Kwargs passed to `processor.__call__` have to be in `processor_kwargs` dict, not in `**kwargs`
[transformers] Kwargs passed to `processor.__call__` have to be in `processor_kwargs` dict, not in `**kwargs`
[transformers] Kwargs passed to `processor.__call__` have to be in `processor_kwargs` dict, not in `**kwargs`
[transformers] Kwargs passed to `processor.__call__` have to be in `processor_kwargs` dict, not in `**kwargs`
[transformers] Kwargs passed to `processor.__call__` have to be in `processor_kwargs` dict, not in `**kwargs`
[transformers] Kwargs passed to `processor.__call__` have to be in `processor_kwargs` dict, not in `**kwargs`
  [40/40] zsNo4HB9uLZ       timeout  min_d  6.39  calls  50  11s/ep

==============================================================
  COSMOS NAV  v3_step1500_strict_r3  policy=direct
    SR    = 0.1750
    SPL   = 0.1239
    OS    = 0.3250
    nDTW  = 0.1722
    NE    = 7.7523

  TERMINATION:
    timeout              33  ( 82.5%)
    model_stop            7  ( 17.5%)

  closest approach : mean  5.25  median  5.82
    ever within  3.0m :  32.5%
    ever within  5.0m :  42.5%
    ever within 10.0m :  87.5%
  where it STOPPED : mean  6.26  within 3m 28.6%
  reasoner calls/episode: 46.7   unparsed 0/1868
  commands: move forward 59%  turn right 22%  turn left 17%  stop 2%
==============================================================
  wrote results/runs/v3_step1500_direct_strict_r3.json
