ARM "v3_step1500_strict_r1"  policy=direct  think=False  burst fwd=2 turn=2  patience=2  adapter=checkpoints/reasoner_sft_v3/step1500
split=val_unseen  episodes=40  scans=6

Loading weights:   0%|          | 0/670 [00:00<?, ?it/s]Loading weights:   0%|          | 1/670 [00:00<01:42,  6.50it/s]Loading weights:   3%|▎         | 20/670 [00:00<00:07, 88.77it/s]Loading weights:   6%|▋         | 43/670 [00:00<00:04, 143.64it/s]Loading weights:  10%|▉         | 64/670 [00:00<00:03, 167.16it/s]Loading weights:  13%|█▎        | 84/670 [00:00<00:03, 174.07it/s]Loading weights:  16%|█▌        | 107/670 [00:00<00:02, 190.59it/s]Loading weights:  19%|█▉        | 129/670 [00:00<00:02, 199.40it/s]Loading weights:  22%|██▏       | 150/670 [00:00<00:02, 199.85it/s]Loading weights:  26%|██▌       | 172/670 [00:00<00:02, 199.13it/s]Loading weights:  29%|██▉       | 195/670 [00:01<00:02, 208.21it/s]Loading weights:  32%|███▏      | 217/670 [00:01<00:02, 210.25it/s]Loading weights:  36%|███▌      | 239/670 [00:01<00:03, 134.78it/s]Loading weights:  54%|█████▍    | 361/670 [00:01<00:00, 363.28it/s]Loading weights:  72%|███████▏  | 483/670 [00:01<00:00, 557.54it/s]Loading weights:  89%|████████▉ | 595/670 [00:01<00:00, 696.51it/s]Loading weights: 100%|██████████| 670/670 [00:01<00:00, 360.45it/s]
[transformers] Kwargs passed to `processor.__call__` have to be in `processor_kwargs` dict, not in `**kwargs`
[transformers] Kwargs passed to `processor.__call__` have to be in `processor_kwargs` dict, not in `**kwargs`
[transformers] Kwargs passed to `processor.__call__` have to be in `processor_kwargs` dict, not in `**kwargs`
[transformers] Kwargs passed to `processor.__call__` have to be in `processor_kwargs` dict, not in `**kwargs`
[transformers] Kwargs passed to `processor.__call__` have to be in `processor_kwargs` dict, not in `**kwargs`
[transformers] Kwargs passed to `processor.__call__` have to be in `processor_kwargs` dict, not in `**kwargs`
[transformers] Kwargs passed to `processor.__call__` have to be in `processor_kwargs` dict, not in `**kwargs`
[transformers] Kwargs passed to `processor.__call__` have to be in `processor_kwargs` dict, not in `**kwargs`
[transformers] Kwargs passed to `processor.__call__` have to be in `processor_kwargs` dict, not in `**kwargs`
[transformers] Kwargs passed to `processor.__call__` have to be in `processor_kwargs` dict, not in `**kwargs`
[transformers] Kwargs passed to `processor.__call__` have to be in `processor_kwargs` dict, not in `**kwargs`
[transformers] Kwargs passed to `processor.__call__` have to be in `processor_kwargs` dict, not in `**kwargs`
[transformers] Kwargs passed to `processor.__call__` have to be in `processor_kwargs` dict, not in `**kwargs`
[transformers] Kwargs passed to `processor.__call__` have to be in `processor_kwargs` dict, not in `**kwargs`
[transformers] Kwargs passed to `processor.__call__` have to be in `processor_kwargs` dict, not in `**kwargs`
[transformers] Kwargs passed to `processor.__call__` have to be in `processor_kwargs` dict, not in `**kwargs`
[transformers] Kwargs passed to `processor.__call__` have to be in `processor_kwargs` dict, not in `**kwargs`
[transformers] Kwargs passed to `processor.__call__` have to be in `processor_kwargs` dict, not in `**kwargs`
[transformers] Kwargs passed to `processor.__call__` have to be in `processor_kwargs` dict, not in `**kwargs`
[transformers] Kwargs passed to `processor.__call__` have to be in `processor_kwargs` dict, not in `**kwargs`
[transformers] Kwargs passed to `processor.__call__` have to be in `processor_kwargs` dict, not in `**kwargs`
[transformers] Kwargs passed to `processor.__call__` have to be in `processor_kwargs` dict, not in `**kwargs`
[transformers] Kwargs passed to `processor.__call__` have to be in `processor_kwargs` dict, not in `**kwargs`
[transformers] Kwargs passed to `processor.__call__` have to be in `processor_kwargs` dict, not in `**kwargs`
[transformers] Kwargs passed to `processor.__call__` have to be in `processor_kwargs` dict, not in `**kwargs`
[transformers] Kwargs passed to `processor.__call__` have to be in `processor_kwargs` dict, not in `**kwargs`
[transformers] Kwargs passed to `processor.__call__` have to be in `processor_kwargs` dict, not in `**kwargs`
[transformers] Kwargs passed to `processor.__call__` have to be in `processor_kwargs` dict, not in `**kwargs`
[transformers] Kwargs passed to `processor.__call__` have to be in `processor_kwargs` dict, not in `**kwargs`
[transformers] Kwargs passed to `processor.__call__` have to be in `processor_kwargs` dict, not in `**kwargs`
[transformers] Kwargs passed to `processor.__call__` have to be in `processor_kwargs` dict, not in `**kwargs`
[transformers] Kwargs passed to `processor.__call__` have to be in `processor_kwargs` dict, not in `**kwargs`
[transformers] Kwargs passed to `processor.__call__` have to be in `processor_kwargs` dict, not in `**kwargs`
[transformers] Kwargs passed to `processor.__call__` have to be in `processor_kwargs` dict, not in `**kwargs`
[transformers] Kwargs passed to `processor.__call__` have to be in `processor_kwargs` dict, not in `**kwargs`
[transformers] Kwargs passed to `processor.__call__` have to be in `processor_kwargs` dict, not in `**kwargs`
[transformers] Kwargs passed to `processor.__call__` have to be in `processor_kwargs` dict, not in `**kwargs`
[transformers] Kwargs passed to `processor.__call__` have to be in `processor_kwargs` dict, not in `**kwargs`
[transformers] Kwargs passed to `processor.__call__` have to be in `processor_kwargs` dict, not in `**kwargs`
[transformers] Kwargs passed to `processor.__call__` have to be in `processor_kwargs` dict, not in `**kwargs`
[transformers] Kwargs passed to `processor.__call__` have to be in `processor_kwargs` dict, not in `**kwargs`
[transformers] Kwargs passed to `processor.__call__` have to be in `processor_kwargs` dict, not in `**kwargs`
[transformers] Kwargs passed to `processor.__call__` have to be in `processor_kwargs` dict, not in `**kwargs`
[transformers] Kwargs passed to `processor.__call__` have to be in `processor_kwargs` dict, not in `**kwargs`
[transformers] Kwargs passed to `processor.__call__` have to be in `processor_kwargs` dict, not in `**kwargs`
[transformers] Kwargs passed to `processor.__call__` have to be in `processor_kwargs` dict, not in `**kwargs`
[transformers] Kwargs passed to `processor.__call__` have to be in `processor_kwargs` dict, not in `**kwargs`
[transformers] Kwargs passed to `processor.__call__` have to be in `processor_kwargs` dict, not in `**kwargs`
[transformers] Kwargs passed to `processor.__call__` have to be in `processor_kwargs` dict, not in `**kwargs`
[transformers] Kwargs passed to `processor.__call__` have to be in `processor_kwargs` dict, not in `**kwargs`
  [1/40] 2azQ1b91cZZ       timeout  min_d  0.12  calls  50  15s/ep
[transformers] Kwargs passed to `processor.__call__` have to be in `processor_kwargs` dict, not in `**kwargs`
[transformers] Kwargs passed to `processor.__call__` have to be in `processor_kwargs` dict, not in `**kwargs`
[transformers] Kwargs passed to `processor.__call__` have to be in `processor_kwargs` dict, not in `**kwargs`
[transformers] Kwargs passed to `processor.__call__` have to be in `processor_kwargs` dict, not in `**kwargs`
[transformers] Kwargs passed to `processor.__call__` have to be in `processor_kwargs` dict, not in `**kwargs`
[transformers] Kwargs passed to `processor.__call__` have to be in `processor_kwargs` dict, not in `**kwargs`
[transformers] Kwargs passed to `processor.__call__` have to be in `processor_kwargs` dict, not in `**kwargs`
[transformers] Kwargs passed to `processor.__call__` have to be in `processor_kwargs` dict, not in `**kwargs`
[transformers] Kwargs passed to `processor.__call__` have to be in `processor_kwargs` dict, not in `**kwargs`
[transformers] Kwargs passed to `processor.__call__` have to be in `processor_kwargs` dict, not in `**kwargs`
[transformers] Kwargs passed to `processor.__call__` have to be in `processor_kwargs` dict, not in `**kwargs`
[transformers] Kwargs passed to `processor.__call__` have to be in `processor_kwargs` dict, not in `**kwargs`
[transformers] Kwargs passed to `processor.__call__` have to be in `processor_kwargs` dict, not in `**kwargs`
[transformers] Kwargs passed to `processor.__call__` have to be in `processor_kwargs` dict, not in `**kwargs`
[transformers] Kwargs passed to `processor.__call__` have to be in `processor_kwargs` dict, not in `**kwargs`
[transformers] Kwargs passed to `processor.__call__` have to be in `processor_kwargs` dict, not in `**kwargs`
[transformers] Kwargs passed to `processor.__call__` have to be in `processor_kwargs` dict, not in `**kwargs`
[transformers] Kwargs passed to `processor.__call__` have to be in `processor_kwargs` dict, not in `**kwargs`
[transformers] Kwargs passed to `processor.__call__` have to be in `processor_kwargs` dict, not in `**kwargs`
[transformers] Kwargs passed to `processor.__call__` have to be in `processor_kwargs` dict, not in `**kwargs`
[transformers] Kwargs passed to `processor.__call__` have to be in `processor_kwargs` dict, not in `**kwargs`
[transformers] Kwargs passed to `processor.__call__` have to be in `processor_kwargs` dict, not in `**kwargs`
[transformers] Kwargs passed to `processor.__call__` have to be in `processor_kwargs` dict, not in `**kwargs`
[transformers] Kwargs passed to `processor.__call__` have to be in `processor_kwargs` dict, not in `**kwargs`
[transformers] Kwargs passed to `processor.__call__` have to be in `processor_kwargs` dict, not in `**kwargs`
[transformers] Kwargs passed to `processor.__call__` have to be in `processor_kwargs` dict, not in `**kwargs`
[transformers] Kwargs passed to `processor.__call__` have to be in `processor_kwargs` dict, not in `**kwargs`
[transformers] Kwargs passed to `processor.__call__` have to be in `processor_kwargs` dict, not in `**kwargs`
[transformers] Kwargs passed to `processor.__call__` have to be in `processor_kwargs` dict, not in `**kwargs`
[transformers] Kwargs passed to `processor.__call__` have to be in `processor_kwargs` dict, not in `**kwargs`
[transformers] Kwargs passed to `processor.__call__` have to be in `processor_kwargs` dict, not in `**kwargs`
[transformers] Kwargs passed to `processor.__call__` have to be in `processor_kwargs` dict, not in `**kwargs`
[transformers] Kwargs passed to `processor.__call__` have to be in `processor_kwargs` dict, not in `**kwargs`
[transformers] Kwargs passed to `processor.__call__` have to be in `processor_kwargs` dict, not in `**kwargs`
[transformers] Kwargs passed to `processor.__call__` have to be in `processor_kwargs` dict, not in `**kwargs`
[transformers] Kwargs passed to `processor.__call__` have to be in `processor_kwargs` dict, not in `**kwargs`
[transformers] Kwargs passed to `processor.__call__` have to be in `processor_kwargs` dict, not in `**kwargs`
[transformers] Kwargs passed to `processor.__call__` have to be in `processor_kwargs` dict, not in `**kwargs`
[transformers] Kwargs passed to `processor.__call__` have to be in `processor_kwargs` dict, not in `**kwargs`
[transformers] Kwargs passed to `processor.__call__` have to be in `processor_kwargs` dict, not in `**kwargs`
[transformers] Kwargs passed to `processor.__call__` have to be in `processor_kwargs` dict, not in `**kwargs`
[transformers] Kwargs passed to `processor.__call__` have to be in `processor_kwargs` dict, not in `**kwargs`
[transformers] Kwargs passed to `processor.__call__` have to be in `processor_kwargs` dict, not in `**kwargs`
[transformers] Kwargs passed to `processor.__call__` have to be in `processor_kwargs` dict, not in `**kwargs`
[transformers] Kwargs passed to `processor.__call__` have to be in `processor_kwargs` dict, not in `**kwargs`
[transformers] Kwargs passed to `processor.__call__` have to be in `processor_kwargs` dict, not in `**kwargs`
[transformers] Kwargs passed to `processor.__call__` have to be in `processor_kwargs` dict, not in `**kwargs`
[transformers] Kwargs passed to `processor.__call__` have to be in `processor_kwargs` dict, not in `**kwargs`
[transformers] Kwargs passed to `processor.__call__` have to be in `processor_kwargs` dict, not in `**kwargs`
[transformers] Kwargs passed to `processor.__call__` have to be in `processor_kwargs` dict, not in `**kwargs`
  [2/40] 2azQ1b91cZZ       timeout  min_d  0.12  calls  50  13s/ep
[transformers] Kwargs passed to `processor.__call__` have to be in `processor_kwargs` dict, not in `**kwargs`
[transformers] Kwargs passed to `processor.__call__` have to be in `processor_kwargs` dict, not in `**kwargs`
[transformers] Kwargs passed to `processor.__call__` have to be in `processor_kwargs` dict, not in `**kwargs`
[transformers] Kwargs passed to `processor.__call__` have to be in `processor_kwargs` dict, not in `**kwargs`
[transformers] Kwargs passed to `processor.__call__` have to be in `processor_kwargs` dict, not in `**kwargs`
[transformers] Kwargs passed to `processor.__call__` have to be in `processor_kwargs` dict, not in `**kwargs`
[transformers] Kwargs passed to `processor.__call__` have to be in `processor_kwargs` dict, not in `**kwargs`
[transformers] Kwargs passed to `processor.__call__` have to be in `processor_kwargs` dict, not in `**kwargs`
[transformers] Kwargs passed to `processor.__call__` have to be in `processor_kwargs` dict, not in `**kwargs`
[transformers] Kwargs passed to `processor.__call__` have to be in `processor_kwargs` dict, not in `**kwargs`
[transformers] Kwargs passed to `processor.__call__` have to be in `processor_kwargs` dict, not in `**kwargs`
[transformers] Kwargs passed to `processor.__call__` have to be in `processor_kwargs` dict, not in `**kwargs`
[transformers] Kwargs passed to `processor.__call__` have to be in `processor_kwargs` dict, not in `**kwargs`
[transformers] Kwargs passed to `processor.__call__` have to be in `processor_kwargs` dict, not in `**kwargs`
[transformers] Kwargs passed to `processor.__call__` have to be in `processor_kwargs` dict, not in `**kwargs`
[transformers] Kwargs passed to `processor.__call__` have to be in `processor_kwargs` dict, not in `**kwargs`
[transformers] Kwargs passed to `processor.__call__` have to be in `processor_kwargs` dict, not in `**kwargs`
[transformers] Kwargs passed to `processor.__call__` have to be in `processor_kwargs` dict, not in `**kwargs`
[transformers] Kwargs passed to `processor.__call__` have to be in `processor_kwargs` dict, not in `**kwargs`
[transformers] Kwargs passed to `processor.__call__` have to be in `processor_kwargs` dict, not in `**kwargs`
[transformers] Kwargs passed to `processor.__call__` have to be in `processor_kwargs` dict, not in `**kwargs`
[transformers] Kwargs passed to `processor.__call__` have to be in `processor_kwargs` dict, not in `**kwargs`
[transformers] Kwargs passed to `processor.__call__` have to be in `processor_kwargs` dict, not in `**kwargs`
[transformers] Kwargs passed to `processor.__call__` have to be in `processor_kwargs` dict, not in `**kwargs`
[transformers] Kwargs passed to `processor.__call__` have to be in `processor_kwargs` dict, not in `**kwargs`
[transformers] Kwargs passed to `processor.__call__` have to be in `processor_kwargs` dict, not in `**kwargs`
  [3/40] 2azQ1b91cZZ    model_stop  min_d  0.12  calls  26  11s/ep
[transformers] Kwargs passed to `processor.__call__` have to be in `processor_kwargs` dict, not in `**kwargs`
[transformers] Kwargs passed to `processor.__call__` have to be in `processor_kwargs` dict, not in `**kwargs`
[transformers] Kwargs passed to `processor.__call__` have to be in `processor_kwargs` dict, not in `**kwargs`
[transformers] Kwargs passed to `processor.__call__` have to be in `processor_kwargs` dict, not in `**kwargs`
[transformers] Kwargs passed to `processor.__call__` have to be in `processor_kwargs` dict, not in `**kwargs`
[transformers] Kwargs passed to `processor.__call__` have to be in `processor_kwargs` dict, not in `**kwargs`
[transformers] Kwargs passed to `processor.__call__` have to be in `processor_kwargs` dict, not in `**kwargs`
[transformers] Kwargs passed to `processor.__call__` have to be in `processor_kwargs` dict, not in `**kwargs`
[transformers] Kwargs passed to `processor.__call__` have to be in `processor_kwargs` dict, not in `**kwargs`
[transformers] Kwargs passed to `processor.__call__` have to be in `processor_kwargs` dict, not in `**kwargs`
[transformers] Kwargs passed to `processor.__call__` have to be in `processor_kwargs` dict, not in `**kwargs`
[transformers] Kwargs passed to `processor.__call__` have to be in `processor_kwargs` dict, not in `**kwargs`
[transformers] Kwargs passed to `processor.__call__` have to be in `processor_kwargs` dict, not in `**kwargs`
[transformers] Kwargs passed to `processor.__call__` have to be in `processor_kwargs` dict, not in `**kwargs`
[transformers] Kwargs passed to `processor.__call__` have to be in `processor_kwargs` dict, not in `**kwargs`
[transformers] Kwargs passed to `processor.__call__` have to be in `processor_kwargs` dict, not in `**kwargs`
[transformers] Kwargs passed to `processor.__call__` have to be in `processor_kwargs` dict, not in `**kwargs`
[transformers] Kwargs passed to `processor.__call__` have to be in `processor_kwargs` dict, not in `**kwargs`
[transformers] Kwargs passed to `processor.__call__` have to be in `processor_kwargs` dict, not in `**kwargs`
[transformers] Kwargs passed to `processor.__call__` have to be in `processor_kwargs` dict, not in `**kwargs`
[transformers] Kwargs passed to `processor.__call__` have to be in `processor_kwargs` dict, not in `**kwargs`
[transformers] Kwargs passed to `processor.__call__` have to be in `processor_kwargs` dict, not in `**kwargs`
[transformers] Kwargs passed to `processor.__call__` have to be in `processor_kwargs` dict, not in `**kwargs`
[transformers] Kwargs passed to `processor.__call__` have to be in `processor_kwargs` dict, not in `**kwargs`
[transformers] Kwargs passed to `processor.__call__` have to be in `processor_kwargs` dict, not in `**kwargs`
[transformers] Kwargs passed to `processor.__call__` have to be in `processor_kwargs` dict, not in `**kwargs`
[transformers] Kwargs passed to `processor.__call__` have to be in `processor_kwargs` dict, not in `**kwargs`
[transformers] Kwargs passed to `processor.__call__` have to be in `processor_kwargs` dict, not in `**kwargs`
[transformers] Kwargs passed to `processor.__call__` have to be in `processor_kwargs` dict, not in `**kwargs`
[transformers] Kwargs passed to `processor.__call__` have to be in `processor_kwargs` dict, not in `**kwargs`
[transformers] Kwargs passed to `processor.__call__` have to be in `processor_kwargs` dict, not in `**kwargs`
[transformers] Kwargs passed to `processor.__call__` have to be in `processor_kwargs` dict, not in `**kwargs`
[transformers] Kwargs passed to `processor.__call__` have to be in `processor_kwargs` dict, not in `**kwargs`
[transformers] Kwargs passed to `processor.__call__` have to be in `processor_kwargs` dict, not in `**kwargs`
[transformers] Kwargs passed to `processor.__call__` have to be in `processor_kwargs` dict, not in `**kwargs`
[transformers] Kwargs passed to `processor.__call__` have to be in `processor_kwargs` dict, not in `**kwargs`
[transformers] Kwargs passed to `processor.__call__` have to be in `processor_kwargs` dict, not in `**kwargs`
[transformers] Kwargs passed to `processor.__call__` have to be in `processor_kwargs` dict, not in `**kwargs`
[transformers] Kwargs passed to `processor.__call__` have to be in `processor_kwargs` dict, not in `**kwargs`
[transformers] Kwargs passed to `processor.__call__` have to be in `processor_kwargs` dict, not in `**kwargs`
[transformers] Kwargs passed to `processor.__call__` have to be in `processor_kwargs` dict, not in `**kwargs`
[transformers] Kwargs passed to `processor.__call__` have to be in `processor_kwargs` dict, not in `**kwargs`
[transformers] Kwargs passed to `processor.__call__` have to be in `processor_kwargs` dict, not in `**kwargs`
[transformers] Kwargs passed to `processor.__call__` have to be in `processor_kwargs` dict, not in `**kwargs`
[transformers] Kwargs passed to `processor.__call__` have to be in `processor_kwargs` dict, not in `**kwargs`
[transformers] Kwargs passed to `processor.__call__` have to be in `processor_kwargs` dict, not in `**kwargs`
[transformers] Kwargs passed to `processor.__call__` have to be in `processor_kwargs` dict, not in `**kwargs`
[transformers] Kwargs passed to `processor.__call__` have to be in `processor_kwargs` dict, not in `**kwargs`
[transformers] Kwargs passed to `processor.__call__` have to be in `processor_kwargs` dict, not in `**kwargs`
[transformers] Kwargs passed to `processor.__call__` have to be in `processor_kwargs` dict, not in `**kwargs`
  [4/40] 2azQ1b91cZZ       timeout  min_d  4.61  calls  50  11s/ep
[transformers] Kwargs passed to `processor.__call__` have to be in `processor_kwargs` dict, not in `**kwargs`
[transformers] Kwargs passed to `processor.__call__` have to be in `processor_kwargs` dict, not in `**kwargs`
[transformers] Kwargs passed to `processor.__call__` have to be in `processor_kwargs` dict, not in `**kwargs`
[transformers] Kwargs passed to `processor.__call__` have to be in `processor_kwargs` dict, not in `**kwargs`
[transformers] Kwargs passed to `processor.__call__` have to be in `processor_kwargs` dict, not in `**kwargs`
[transformers] Kwargs passed to `processor.__call__` have to be in `processor_kwargs` dict, not in `**kwargs`
[transformers] Kwargs passed to `processor.__call__` have to be in `processor_kwargs` dict, not in `**kwargs`
[transformers] Kwargs passed to `processor.__call__` have to be in `processor_kwargs` dict, not in `**kwargs`
[transformers] Kwargs passed to `processor.__call__` have to be in `processor_kwargs` dict, not in `**kwargs`
[transformers] Kwargs passed to `processor.__call__` have to be in `processor_kwargs` dict, not in `**kwargs`
[transformers] Kwargs passed to `processor.__call__` have to be in `processor_kwargs` dict, not in `**kwargs`
[transformers] Kwargs passed to `processor.__call__` have to be in `processor_kwargs` dict, not in `**kwargs`
[transformers] Kwargs passed to `processor.__call__` have to be in `processor_kwargs` dict, not in `**kwargs`
[transformers] Kwargs passed to `processor.__call__` have to be in `processor_kwargs` dict, not in `**kwargs`
[transformers] Kwargs passed to `processor.__call__` have to be in `processor_kwargs` dict, not in `**kwargs`
[transformers] Kwargs passed to `processor.__call__` have to be in `processor_kwargs` dict, not in `**kwargs`
[transformers] Kwargs passed to `processor.__call__` have to be in `processor_kwargs` dict, not in `**kwargs`
[transformers] Kwargs passed to `processor.__call__` have to be in `processor_kwargs` dict, not in `**kwargs`
[transformers] Kwargs passed to `processor.__call__` have to be in `processor_kwargs` dict, not in `**kwargs`
[transformers] Kwargs passed to `processor.__call__` have to be in `processor_kwargs` dict, not in `**kwargs`
[transformers] Kwargs passed to `processor.__call__` have to be in `processor_kwargs` dict, not in `**kwargs`
[transformers] Kwargs passed to `processor.__call__` have to be in `processor_kwargs` dict, not in `**kwargs`
[transformers] Kwargs passed to `processor.__call__` have to be in `processor_kwargs` dict, not in `**kwargs`
[transformers] Kwargs passed to `processor.__call__` have to be in `processor_kwargs` dict, not in `**kwargs`
[transformers] Kwargs passed to `processor.__call__` have to be in `processor_kwargs` dict, not in `**kwargs`
[transformers] Kwargs passed to `processor.__call__` have to be in `processor_kwargs` dict, not in `**kwargs`
[transformers] Kwargs passed to `processor.__call__` have to be in `processor_kwargs` dict, not in `**kwargs`
[transformers] Kwargs passed to `processor.__call__` have to be in `processor_kwargs` dict, not in `**kwargs`
[transformers] Kwargs passed to `processor.__call__` have to be in `processor_kwargs` dict, not in `**kwargs`
[transformers] Kwargs passed to `processor.__call__` have to be in `processor_kwargs` dict, not in `**kwargs`
[transformers] Kwargs passed to `processor.__call__` have to be in `processor_kwargs` dict, not in `**kwargs`
[transformers] Kwargs passed to `processor.__call__` have to be in `processor_kwargs` dict, not in `**kwargs`
[transformers] Kwargs passed to `processor.__call__` have to be in `processor_kwargs` dict, not in `**kwargs`
[transformers] Kwargs passed to `processor.__call__` have to be in `processor_kwargs` dict, not in `**kwargs`
[transformers] Kwargs passed to `processor.__call__` have to be in `processor_kwargs` dict, not in `**kwargs`
[transformers] Kwargs passed to `processor.__call__` have to be in `processor_kwargs` dict, not in `**kwargs`
[transformers] Kwargs passed to `processor.__call__` have to be in `processor_kwargs` dict, not in `**kwargs`
[transformers] Kwargs passed to `processor.__call__` have to be in `processor_kwargs` dict, not in `**kwargs`
[transformers] Kwargs passed to `processor.__call__` have to be in `processor_kwargs` dict, not in `**kwargs`
[transformers] Kwargs passed to `processor.__call__` have to be in `processor_kwargs` dict, not in `**kwargs`
[transformers] Kwargs passed to `processor.__call__` have to be in `processor_kwargs` dict, not in `**kwargs`
[transformers] Kwargs passed to `processor.__call__` have to be in `processor_kwargs` dict, not in `**kwargs`
[transformers] Kwargs passed to `processor.__call__` have to be in `processor_kwargs` dict, not in `**kwargs`
[transformers] Kwargs passed to `processor.__call__` have to be in `processor_kwargs` dict, not in `**kwargs`
[transformers] Kwargs passed to `processor.__call__` have to be in `processor_kwargs` dict, not in `**kwargs`
[transformers] Kwargs passed to `processor.__call__` have to be in `processor_kwargs` dict, not in `**kwargs`
[transformers] Kwargs passed to `processor.__call__` have to be in `processor_kwargs` dict, not in `**kwargs`
[transformers] Kwargs passed to `processor.__call__` have to be in `processor_kwargs` dict, not in `**kwargs`
[transformers] Kwargs passed to `processor.__call__` have to be in `processor_kwargs` dict, not in `**kwargs`
[transformers] Kwargs passed to `processor.__call__` have to be in `processor_kwargs` dict, not in `**kwargs`
[transformers] Kwargs passed to `processor.__call__` have to be in `processor_kwargs` dict, not in `**kwargs`
[transformers] Kwargs passed to `processor.__call__` have to be in `processor_kwargs` dict, not in `**kwargs`
[transformers] Kwargs passed to `processor.__call__` have to be in `processor_kwargs` dict, not in `**kwargs`
[transformers] Kwargs passed to `processor.__call__` have to be in `processor_kwargs` dict, not in `**kwargs`
  [5/40] 2azQ1b91cZZ       timeout  min_d  6.41  calls  54  11s/ep
[transformers] Kwargs passed to `processor.__call__` have to be in `processor_kwargs` dict, not in `**kwargs`
[transformers] Kwargs passed to `processor.__call__` have to be in `processor_kwargs` dict, not in `**kwargs`
[transformers] Kwargs passed to `processor.__call__` have to be in `processor_kwargs` dict, not in `**kwargs`
[transformers] Kwargs passed to `processor.__call__` have to be in `processor_kwargs` dict, not in `**kwargs`
[transformers] Kwargs passed to `processor.__call__` have to be in `processor_kwargs` dict, not in `**kwargs`
[transformers] Kwargs passed to `processor.__call__` have to be in `processor_kwargs` dict, not in `**kwargs`
[transformers] Kwargs passed to `processor.__call__` have to be in `processor_kwargs` dict, not in `**kwargs`
[transformers] Kwargs passed to `processor.__call__` have to be in `processor_kwargs` dict, not in `**kwargs`
[transformers] Kwargs passed to `processor.__call__` have to be in `processor_kwargs` dict, not in `**kwargs`
[transformers] Kwargs passed to `processor.__call__` have to be in `processor_kwargs` dict, not in `**kwargs`
[transformers] Kwargs passed to `processor.__call__` have to be in `processor_kwargs` dict, not in `**kwargs`
[transformers] Kwargs passed to `processor.__call__` have to be in `processor_kwargs` dict, not in `**kwargs`
[transformers] Kwargs passed to `processor.__call__` have to be in `processor_kwargs` dict, not in `**kwargs`
[transformers] Kwargs passed to `processor.__call__` have to be in `processor_kwargs` dict, not in `**kwargs`
[transformers] Kwargs passed to `processor.__call__` have to be in `processor_kwargs` dict, not in `**kwargs`
[transformers] Kwargs passed to `processor.__call__` have to be in `processor_kwargs` dict, not in `**kwargs`
[transformers] Kwargs passed to `processor.__call__` have to be in `processor_kwargs` dict, not in `**kwargs`
[transformers] Kwargs passed to `processor.__call__` have to be in `processor_kwargs` dict, not in `**kwargs`
[transformers] Kwargs passed to `processor.__call__` have to be in `processor_kwargs` dict, not in `**kwargs`
[transformers] Kwargs passed to `processor.__call__` have to be in `processor_kwargs` dict, not in `**kwargs`
[transformers] Kwargs passed to `processor.__call__` have to be in `processor_kwargs` dict, not in `**kwargs`
[transformers] Kwargs passed to `processor.__call__` have to be in `processor_kwargs` dict, not in `**kwargs`
[transformers] Kwargs passed to `processor.__call__` have to be in `processor_kwargs` dict, not in `**kwargs`
[transformers] Kwargs passed to `processor.__call__` have to be in `processor_kwargs` dict, not in `**kwargs`
[transformers] Kwargs passed to `processor.__call__` have to be in `processor_kwargs` dict, not in `**kwargs`
[transformers] Kwargs passed to `processor.__call__` have to be in `processor_kwargs` dict, not in `**kwargs`
[transformers] Kwargs passed to `processor.__call__` have to be in `processor_kwargs` dict, not in `**kwargs`
[transformers] Kwargs passed to `processor.__call__` have to be in `processor_kwargs` dict, not in `**kwargs`
[transformers] Kwargs passed to `processor.__call__` have to be in `processor_kwargs` dict, not in `**kwargs`
[transformers] Kwargs passed to `processor.__call__` have to be in `processor_kwargs` dict, not in `**kwargs`
[transformers] Kwargs passed to `processor.__call__` have to be in `processor_kwargs` dict, not in `**kwargs`
[transformers] Kwargs passed to `processor.__call__` have to be in `processor_kwargs` dict, not in `**kwargs`
[transformers] Kwargs passed to `processor.__call__` have to be in `processor_kwargs` dict, not in `**kwargs`
[transformers] Kwargs passed to `processor.__call__` have to be in `processor_kwargs` dict, not in `**kwargs`
[transformers] Kwargs passed to `processor.__call__` have to be in `processor_kwargs` dict, not in `**kwargs`
[transformers] Kwargs passed to `processor.__call__` have to be in `processor_kwargs` dict, not in `**kwargs`
[transformers] Kwargs passed to `processor.__call__` have to be in `processor_kwargs` dict, not in `**kwargs`
[transformers] Kwargs passed to `processor.__call__` have to be in `processor_kwargs` dict, not in `**kwargs`
[transformers] Kwargs passed to `processor.__call__` have to be in `processor_kwargs` dict, not in `**kwargs`
[transformers] Kwargs passed to `processor.__call__` have to be in `processor_kwargs` dict, not in `**kwargs`
[transformers] Kwargs passed to `processor.__call__` have to be in `processor_kwargs` dict, not in `**kwargs`
[transformers] Kwargs passed to `processor.__call__` have to be in `processor_kwargs` dict, not in `**kwargs`
[transformers] Kwargs passed to `processor.__call__` have to be in `processor_kwargs` dict, not in `**kwargs`
[transformers] Kwargs passed to `processor.__call__` have to be in `processor_kwargs` dict, not in `**kwargs`
[transformers] Kwargs passed to `processor.__call__` have to be in `processor_kwargs` dict, not in `**kwargs`
[transformers] Kwargs passed to `processor.__call__` have to be in `processor_kwargs` dict, not in `**kwargs`
[transformers] Kwargs passed to `processor.__call__` have to be in `processor_kwargs` dict, not in `**kwargs`
[transformers] Kwargs passed to `processor.__call__` have to be in `processor_kwargs` dict, not in `**kwargs`
[transformers] Kwargs passed to `processor.__call__` have to be in `processor_kwargs` dict, not in `**kwargs`
[transformers] Kwargs passed to `processor.__call__` have to be in `processor_kwargs` dict, not in `**kwargs`
  [6/40] 2azQ1b91cZZ       timeout  min_d  0.37  calls  50  11s/ep
[transformers] Kwargs passed to `processor.__call__` have to be in `processor_kwargs` dict, not in `**kwargs`
[transformers] Kwargs passed to `processor.__call__` have to be in `processor_kwargs` dict, not in `**kwargs`
[transformers] Kwargs passed to `processor.__call__` have to be in `processor_kwargs` dict, not in `**kwargs`
[transformers] Kwargs passed to `processor.__call__` have to be in `processor_kwargs` dict, not in `**kwargs`
[transformers] Kwargs passed to `processor.__call__` have to be in `processor_kwargs` dict, not in `**kwargs`
[transformers] Kwargs passed to `processor.__call__` have to be in `processor_kwargs` dict, not in `**kwargs`
[transformers] Kwargs passed to `processor.__call__` have to be in `processor_kwargs` dict, not in `**kwargs`
[transformers] Kwargs passed to `processor.__call__` have to be in `processor_kwargs` dict, not in `**kwargs`
[transformers] Kwargs passed to `processor.__call__` have to be in `processor_kwargs` dict, not in `**kwargs`
[transformers] Kwargs passed to `processor.__call__` have to be in `processor_kwargs` dict, not in `**kwargs`
[transformers] Kwargs passed to `processor.__call__` have to be in `processor_kwargs` dict, not in `**kwargs`
[transformers] Kwargs passed to `processor.__call__` have to be in `processor_kwargs` dict, not in `**kwargs`
[transformers] Kwargs passed to `processor.__call__` have to be in `processor_kwargs` dict, not in `**kwargs`
[transformers] Kwargs passed to `processor.__call__` have to be in `processor_kwargs` dict, not in `**kwargs`
[transformers] Kwargs passed to `processor.__call__` have to be in `processor_kwargs` dict, not in `**kwargs`
[transformers] Kwargs passed to `processor.__call__` have to be in `processor_kwargs` dict, not in `**kwargs`
[transformers] Kwargs passed to `processor.__call__` have to be in `processor_kwargs` dict, not in `**kwargs`
[transformers] Kwargs passed to `processor.__call__` have to be in `processor_kwargs` dict, not in `**kwargs`
[transformers] Kwargs passed to `processor.__call__` have to be in `processor_kwargs` dict, not in `**kwargs`
[transformers] Kwargs passed to `processor.__call__` have to be in `processor_kwargs` dict, not in `**kwargs`
[transformers] Kwargs passed to `processor.__call__` have to be in `processor_kwargs` dict, not in `**kwargs`
[transformers] Kwargs passed to `processor.__call__` have to be in `processor_kwargs` dict, not in `**kwargs`
[transformers] Kwargs passed to `processor.__call__` have to be in `processor_kwargs` dict, not in `**kwargs`
[transformers] Kwargs passed to `processor.__call__` have to be in `processor_kwargs` dict, not in `**kwargs`
[transformers] Kwargs passed to `processor.__call__` have to be in `processor_kwargs` dict, not in `**kwargs`
[transformers] Kwargs passed to `processor.__call__` have to be in `processor_kwargs` dict, not in `**kwargs`
[transformers] Kwargs passed to `processor.__call__` have to be in `processor_kwargs` dict, not in `**kwargs`
[transformers] Kwargs passed to `processor.__call__` have to be in `processor_kwargs` dict, not in `**kwargs`
[transformers] Kwargs passed to `processor.__call__` have to be in `processor_kwargs` dict, not in `**kwargs`
[transformers] Kwargs passed to `processor.__call__` have to be in `processor_kwargs` dict, not in `**kwargs`
[transformers] Kwargs passed to `processor.__call__` have to be in `processor_kwargs` dict, not in `**kwargs`
[transformers] Kwargs passed to `processor.__call__` have to be in `processor_kwargs` dict, not in `**kwargs`
[transformers] Kwargs passed to `processor.__call__` have to be in `processor_kwargs` dict, not in `**kwargs`
[transformers] Kwargs passed to `processor.__call__` have to be in `processor_kwargs` dict, not in `**kwargs`
[transformers] Kwargs passed to `processor.__call__` have to be in `processor_kwargs` dict, not in `**kwargs`
[transformers] Kwargs passed to `processor.__call__` have to be in `processor_kwargs` dict, not in `**kwargs`
[transformers] Kwargs passed to `processor.__call__` have to be in `processor_kwargs` dict, not in `**kwargs`
[transformers] Kwargs passed to `processor.__call__` have to be in `processor_kwargs` dict, not in `**kwargs`
[transformers] Kwargs passed to `processor.__call__` have to be in `processor_kwargs` dict, not in `**kwargs`
[transformers] Kwargs passed to `processor.__call__` have to be in `processor_kwargs` dict, not in `**kwargs`
[transformers] Kwargs passed to `processor.__call__` have to be in `processor_kwargs` dict, not in `**kwargs`
[transformers] Kwargs passed to `processor.__call__` have to be in `processor_kwargs` dict, not in `**kwargs`
[transformers] Kwargs passed to `processor.__call__` have to be in `processor_kwargs` dict, not in `**kwargs`
[transformers] Kwargs passed to `processor.__call__` have to be in `processor_kwargs` dict, not in `**kwargs`
[transformers] Kwargs passed to `processor.__call__` have to be in `processor_kwargs` dict, not in `**kwargs`
[transformers] Kwargs passed to `processor.__call__` have to be in `processor_kwargs` dict, not in `**kwargs`
[transformers] Kwargs passed to `processor.__call__` have to be in `processor_kwargs` dict, not in `**kwargs`
[transformers] Kwargs passed to `processor.__call__` have to be in `processor_kwargs` dict, not in `**kwargs`
[transformers] Kwargs passed to `processor.__call__` have to be in `processor_kwargs` dict, not in `**kwargs`
[transformers] Kwargs passed to `processor.__call__` have to be in `processor_kwargs` dict, not in `**kwargs`
  [7/40] QUCTc6BB5sX       timeout  min_d  6.91  calls  50  12s/ep
[transformers] Kwargs passed to `processor.__call__` have to be in `processor_kwargs` dict, not in `**kwargs`
[transformers] Kwargs passed to `processor.__call__` have to be in `processor_kwargs` dict, not in `**kwargs`
[transformers] Kwargs passed to `processor.__call__` have to be in `processor_kwargs` dict, not in `**kwargs`
[transformers] Kwargs passed to `processor.__call__` have to be in `processor_kwargs` dict, not in `**kwargs`
[transformers] Kwargs passed to `processor.__call__` have to be in `processor_kwargs` dict, not in `**kwargs`
[transformers] Kwargs passed to `processor.__call__` have to be in `processor_kwargs` dict, not in `**kwargs`
[transformers] Kwargs passed to `processor.__call__` have to be in `processor_kwargs` dict, not in `**kwargs`
[transformers] Kwargs passed to `processor.__call__` have to be in `processor_kwargs` dict, not in `**kwargs`
[transformers] Kwargs passed to `processor.__call__` have to be in `processor_kwargs` dict, not in `**kwargs`
[transformers] Kwargs passed to `processor.__call__` have to be in `processor_kwargs` dict, not in `**kwargs`
[transformers] Kwargs passed to `processor.__call__` have to be in `processor_kwargs` dict, not in `**kwargs`
[transformers] Kwargs passed to `processor.__call__` have to be in `processor_kwargs` dict, not in `**kwargs`
[transformers] Kwargs passed to `processor.__call__` have to be in `processor_kwargs` dict, not in `**kwargs`
[transformers] Kwargs passed to `processor.__call__` have to be in `processor_kwargs` dict, not in `**kwargs`
[transformers] Kwargs passed to `processor.__call__` have to be in `processor_kwargs` dict, not in `**kwargs`
[transformers] Kwargs passed to `processor.__call__` have to be in `processor_kwargs` dict, not in `**kwargs`
[transformers] Kwargs passed to `processor.__call__` have to be in `processor_kwargs` dict, not in `**kwargs`
[transformers] Kwargs passed to `processor.__call__` have to be in `processor_kwargs` dict, not in `**kwargs`
[transformers] Kwargs passed to `processor.__call__` have to be in `processor_kwargs` dict, not in `**kwargs`
[transformers] Kwargs passed to `processor.__call__` have to be in `processor_kwargs` dict, not in `**kwargs`
[transformers] Kwargs passed to `processor.__call__` have to be in `processor_kwargs` dict, not in `**kwargs`
[transformers] Kwargs passed to `processor.__call__` have to be in `processor_kwargs` dict, not in `**kwargs`
[transformers] Kwargs passed to `processor.__call__` have to be in `processor_kwargs` dict, not in `**kwargs`
[transformers] Kwargs passed to `processor.__call__` have to be in `processor_kwargs` dict, not in `**kwargs`
[transformers] Kwargs passed to `processor.__call__` have to be in `processor_kwargs` dict, not in `**kwargs`
[transformers] Kwargs passed to `processor.__call__` have to be in `processor_kwargs` dict, not in `**kwargs`
[transformers] Kwargs passed to `processor.__call__` have to be in `processor_kwargs` dict, not in `**kwargs`
[transformers] Kwargs passed to `processor.__call__` have to be in `processor_kwargs` dict, not in `**kwargs`
[transformers] Kwargs passed to `processor.__call__` have to be in `processor_kwargs` dict, not in `**kwargs`
[transformers] Kwargs passed to `processor.__call__` have to be in `processor_kwargs` dict, not in `**kwargs`
[transformers] Kwargs passed to `processor.__call__` have to be in `processor_kwargs` dict, not in `**kwargs`
[transformers] Kwargs passed to `processor.__call__` have to be in `processor_kwargs` dict, not in `**kwargs`
[transformers] Kwargs passed to `processor.__call__` have to be in `processor_kwargs` dict, not in `**kwargs`
[transformers] Kwargs passed to `processor.__call__` have to be in `processor_kwargs` dict, not in `**kwargs`
[transformers] Kwargs passed to `processor.__call__` have to be in `processor_kwargs` dict, not in `**kwargs`
[transformers] Kwargs passed to `processor.__call__` have to be in `processor_kwargs` dict, not in `**kwargs`
[transformers] Kwargs passed to `processor.__call__` have to be in `processor_kwargs` dict, not in `**kwargs`
[transformers] Kwargs passed to `processor.__call__` have to be in `processor_kwargs` dict, not in `**kwargs`
[transformers] Kwargs passed to `processor.__call__` have to be in `processor_kwargs` dict, not in `**kwargs`
[transformers] Kwargs passed to `processor.__call__` have to be in `processor_kwargs` dict, not in `**kwargs`
[transformers] Kwargs passed to `processor.__call__` have to be in `processor_kwargs` dict, not in `**kwargs`
[transformers] Kwargs passed to `processor.__call__` have to be in `processor_kwargs` dict, not in `**kwargs`
[transformers] Kwargs passed to `processor.__call__` have to be in `processor_kwargs` dict, not in `**kwargs`
[transformers] Kwargs passed to `processor.__call__` have to be in `processor_kwargs` dict, not in `**kwargs`
[transformers] Kwargs passed to `processor.__call__` have to be in `processor_kwargs` dict, not in `**kwargs`
[transformers] Kwargs passed to `processor.__call__` have to be in `processor_kwargs` dict, not in `**kwargs`
[transformers] Kwargs passed to `processor.__call__` have to be in `processor_kwargs` dict, not in `**kwargs`
[transformers] Kwargs passed to `processor.__call__` have to be in `processor_kwargs` dict, not in `**kwargs`
[transformers] Kwargs passed to `processor.__call__` have to be in `processor_kwargs` dict, not in `**kwargs`
[transformers] Kwargs passed to `processor.__call__` have to be in `processor_kwargs` dict, not in `**kwargs`
  [8/40] QUCTc6BB5sX       timeout  min_d  0.15  calls  50  12s/ep
[transformers] Kwargs passed to `processor.__call__` have to be in `processor_kwargs` dict, not in `**kwargs`
[transformers] Kwargs passed to `processor.__call__` have to be in `processor_kwargs` dict, not in `**kwargs`
[transformers] Kwargs passed to `processor.__call__` have to be in `processor_kwargs` dict, not in `**kwargs`
[transformers] Kwargs passed to `processor.__call__` have to be in `processor_kwargs` dict, not in `**kwargs`
[transformers] Kwargs passed to `processor.__call__` have to be in `processor_kwargs` dict, not in `**kwargs`
[transformers] Kwargs passed to `processor.__call__` have to be in `processor_kwargs` dict, not in `**kwargs`
[transformers] Kwargs passed to `processor.__call__` have to be in `processor_kwargs` dict, not in `**kwargs`
[transformers] Kwargs passed to `processor.__call__` have to be in `processor_kwargs` dict, not in `**kwargs`
[transformers] Kwargs passed to `processor.__call__` have to be in `processor_kwargs` dict, not in `**kwargs`
[transformers] Kwargs passed to `processor.__call__` have to be in `processor_kwargs` dict, not in `**kwargs`
[transformers] Kwargs passed to `processor.__call__` have to be in `processor_kwargs` dict, not in `**kwargs`
[transformers] Kwargs passed to `processor.__call__` have to be in `processor_kwargs` dict, not in `**kwargs`
[transformers] Kwargs passed to `processor.__call__` have to be in `processor_kwargs` dict, not in `**kwargs`
[transformers] Kwargs passed to `processor.__call__` have to be in `processor_kwargs` dict, not in `**kwargs`
[transformers] Kwargs passed to `processor.__call__` have to be in `processor_kwargs` dict, not in `**kwargs`
[transformers] Kwargs passed to `processor.__call__` have to be in `processor_kwargs` dict, not in `**kwargs`
[transformers] Kwargs passed to `processor.__call__` have to be in `processor_kwargs` dict, not in `**kwargs`
[transformers] Kwargs passed to `processor.__call__` have to be in `processor_kwargs` dict, not in `**kwargs`
[transformers] Kwargs passed to `processor.__call__` have to be in `processor_kwargs` dict, not in `**kwargs`
[transformers] Kwargs passed to `processor.__call__` have to be in `processor_kwargs` dict, not in `**kwargs`
[transformers] Kwargs passed to `processor.__call__` have to be in `processor_kwargs` dict, not in `**kwargs`
[transformers] Kwargs passed to `processor.__call__` have to be in `processor_kwargs` dict, not in `**kwargs`
[transformers] Kwargs passed to `processor.__call__` have to be in `processor_kwargs` dict, not in `**kwargs`
[transformers] Kwargs passed to `processor.__call__` have to be in `processor_kwargs` dict, not in `**kwargs`
[transformers] Kwargs passed to `processor.__call__` have to be in `processor_kwargs` dict, not in `**kwargs`
[transformers] Kwargs passed to `processor.__call__` have to be in `processor_kwargs` dict, not in `**kwargs`
[transformers] Kwargs passed to `processor.__call__` have to be in `processor_kwargs` dict, not in `**kwargs`
[transformers] Kwargs passed to `processor.__call__` have to be in `processor_kwargs` dict, not in `**kwargs`
[transformers] Kwargs passed to `processor.__call__` have to be in `processor_kwargs` dict, not in `**kwargs`
[transformers] Kwargs passed to `processor.__call__` have to be in `processor_kwargs` dict, not in `**kwargs`
[transformers] Kwargs passed to `processor.__call__` have to be in `processor_kwargs` dict, not in `**kwargs`
[transformers] Kwargs passed to `processor.__call__` have to be in `processor_kwargs` dict, not in `**kwargs`
[transformers] Kwargs passed to `processor.__call__` have to be in `processor_kwargs` dict, not in `**kwargs`
[transformers] Kwargs passed to `processor.__call__` have to be in `processor_kwargs` dict, not in `**kwargs`
[transformers] Kwargs passed to `processor.__call__` have to be in `processor_kwargs` dict, not in `**kwargs`
[transformers] Kwargs passed to `processor.__call__` have to be in `processor_kwargs` dict, not in `**kwargs`
[transformers] Kwargs passed to `processor.__call__` have to be in `processor_kwargs` dict, not in `**kwargs`
[transformers] Kwargs passed to `processor.__call__` have to be in `processor_kwargs` dict, not in `**kwargs`
[transformers] Kwargs passed to `processor.__call__` have to be in `processor_kwargs` dict, not in `**kwargs`
[transformers] Kwargs passed to `processor.__call__` have to be in `processor_kwargs` dict, not in `**kwargs`
[transformers] Kwargs passed to `processor.__call__` have to be in `processor_kwargs` dict, not in `**kwargs`
[transformers] Kwargs passed to `processor.__call__` have to be in `processor_kwargs` dict, not in `**kwargs`
[transformers] Kwargs passed to `processor.__call__` have to be in `processor_kwargs` dict, not in `**kwargs`
[transformers] Kwargs passed to `processor.__call__` have to be in `processor_kwargs` dict, not in `**kwargs`
[transformers] Kwargs passed to `processor.__call__` have to be in `processor_kwargs` dict, not in `**kwargs`
[transformers] Kwargs passed to `processor.__call__` have to be in `processor_kwargs` dict, not in `**kwargs`
[transformers] Kwargs passed to `processor.__call__` have to be in `processor_kwargs` dict, not in `**kwargs`
[transformers] Kwargs passed to `processor.__call__` have to be in `processor_kwargs` dict, not in `**kwargs`
[transformers] Kwargs passed to `processor.__call__` have to be in `processor_kwargs` dict, not in `**kwargs`
[transformers] Kwargs passed to `processor.__call__` have to be in `processor_kwargs` dict, not in `**kwargs`
  [9/40] QUCTc6BB5sX       timeout  min_d 12.32  calls  50  12s/ep
[transformers] Kwargs passed to `processor.__call__` have to be in `processor_kwargs` dict, not in `**kwargs`
[transformers] Kwargs passed to `processor.__call__` have to be in `processor_kwargs` dict, not in `**kwargs`
[transformers] Kwargs passed to `processor.__call__` have to be in `processor_kwargs` dict, not in `**kwargs`
[transformers] Kwargs passed to `processor.__call__` have to be in `processor_kwargs` dict, not in `**kwargs`
[transformers] Kwargs passed to `processor.__call__` have to be in `processor_kwargs` dict, not in `**kwargs`
[transformers] Kwargs passed to `processor.__call__` have to be in `processor_kwargs` dict, not in `**kwargs`
[transformers] Kwargs passed to `processor.__call__` have to be in `processor_kwargs` dict, not in `**kwargs`
[transformers] Kwargs passed to `processor.__call__` have to be in `processor_kwargs` dict, not in `**kwargs`
[transformers] Kwargs passed to `processor.__call__` have to be in `processor_kwargs` dict, not in `**kwargs`
[transformers] Kwargs passed to `processor.__call__` have to be in `processor_kwargs` dict, not in `**kwargs`
[transformers] Kwargs passed to `processor.__call__` have to be in `processor_kwargs` dict, not in `**kwargs`
[transformers] Kwargs passed to `processor.__call__` have to be in `processor_kwargs` dict, not in `**kwargs`
[transformers] Kwargs passed to `processor.__call__` have to be in `processor_kwargs` dict, not in `**kwargs`
[transformers] Kwargs passed to `processor.__call__` have to be in `processor_kwargs` dict, not in `**kwargs`
[transformers] Kwargs passed to `processor.__call__` have to be in `processor_kwargs` dict, not in `**kwargs`
[transformers] Kwargs passed to `processor.__call__` have to be in `processor_kwargs` dict, not in `**kwargs`
[transformers] Kwargs passed to `processor.__call__` have to be in `processor_kwargs` dict, not in `**kwargs`
[transformers] Kwargs passed to `processor.__call__` have to be in `processor_kwargs` dict, not in `**kwargs`
[transformers] Kwargs passed to `processor.__call__` have to be in `processor_kwargs` dict, not in `**kwargs`
[transformers] Kwargs passed to `processor.__call__` have to be in `processor_kwargs` dict, not in `**kwargs`
[transformers] Kwargs passed to `processor.__call__` have to be in `processor_kwargs` dict, not in `**kwargs`
[transformers] Kwargs passed to `processor.__call__` have to be in `processor_kwargs` dict, not in `**kwargs`
[transformers] Kwargs passed to `processor.__call__` have to be in `processor_kwargs` dict, not in `**kwargs`
[transformers] Kwargs passed to `processor.__call__` have to be in `processor_kwargs` dict, not in `**kwargs`
[transformers] Kwargs passed to `processor.__call__` have to be in `processor_kwargs` dict, not in `**kwargs`
[transformers] Kwargs passed to `processor.__call__` have to be in `processor_kwargs` dict, not in `**kwargs`
[transformers] Kwargs passed to `processor.__call__` have to be in `processor_kwargs` dict, not in `**kwargs`
[transformers] Kwargs passed to `processor.__call__` have to be in `processor_kwargs` dict, not in `**kwargs`
[transformers] Kwargs passed to `processor.__call__` have to be in `processor_kwargs` dict, not in `**kwargs`
[transformers] Kwargs passed to `processor.__call__` have to be in `processor_kwargs` dict, not in `**kwargs`
[transformers] Kwargs passed to `processor.__call__` have to be in `processor_kwargs` dict, not in `**kwargs`
[transformers] Kwargs passed to `processor.__call__` have to be in `processor_kwargs` dict, not in `**kwargs`
[transformers] Kwargs passed to `processor.__call__` have to be in `processor_kwargs` dict, not in `**kwargs`
[transformers] Kwargs passed to `processor.__call__` have to be in `processor_kwargs` dict, not in `**kwargs`
[transformers] Kwargs passed to `processor.__call__` have to be in `processor_kwargs` dict, not in `**kwargs`
[transformers] Kwargs passed to `processor.__call__` have to be in `processor_kwargs` dict, not in `**kwargs`
[transformers] Kwargs passed to `processor.__call__` have to be in `processor_kwargs` dict, not in `**kwargs`
[transformers] Kwargs passed to `processor.__call__` have to be in `processor_kwargs` dict, not in `**kwargs`
[transformers] Kwargs passed to `processor.__call__` have to be in `processor_kwargs` dict, not in `**kwargs`
[transformers] Kwargs passed to `processor.__call__` have to be in `processor_kwargs` dict, not in `**kwargs`
[transformers] Kwargs passed to `processor.__call__` have to be in `processor_kwargs` dict, not in `**kwargs`
[transformers] Kwargs passed to `processor.__call__` have to be in `processor_kwargs` dict, not in `**kwargs`
[transformers] Kwargs passed to `processor.__call__` have to be in `processor_kwargs` dict, not in `**kwargs`
[transformers] Kwargs passed to `processor.__call__` have to be in `processor_kwargs` dict, not in `**kwargs`
[transformers] Kwargs passed to `processor.__call__` have to be in `processor_kwargs` dict, not in `**kwargs`
[transformers] Kwargs passed to `processor.__call__` have to be in `processor_kwargs` dict, not in `**kwargs`
[transformers] Kwargs passed to `processor.__call__` have to be in `processor_kwargs` dict, not in `**kwargs`
[transformers] Kwargs passed to `processor.__call__` have to be in `processor_kwargs` dict, not in `**kwargs`
[transformers] Kwargs passed to `processor.__call__` have to be in `processor_kwargs` dict, not in `**kwargs`
[transformers] Kwargs passed to `processor.__call__` have to be in `processor_kwargs` dict, not in `**kwargs`
  [10/40] TbHJrupSAjP       timeout  min_d  3.29  calls  50  12s/ep
[transformers] Kwargs passed to `processor.__call__` have to be in `processor_kwargs` dict, not in `**kwargs`
[transformers] Kwargs passed to `processor.__call__` have to be in `processor_kwargs` dict, not in `**kwargs`
[transformers] Kwargs passed to `processor.__call__` have to be in `processor_kwargs` dict, not in `**kwargs`
[transformers] Kwargs passed to `processor.__call__` have to be in `processor_kwargs` dict, not in `**kwargs`
[transformers] Kwargs passed to `processor.__call__` have to be in `processor_kwargs` dict, not in `**kwargs`
[transformers] Kwargs passed to `processor.__call__` have to be in `processor_kwargs` dict, not in `**kwargs`
[transformers] Kwargs passed to `processor.__call__` have to be in `processor_kwargs` dict, not in `**kwargs`
[transformers] Kwargs passed to `processor.__call__` have to be in `processor_kwargs` dict, not in `**kwargs`
[transformers] Kwargs passed to `processor.__call__` have to be in `processor_kwargs` dict, not in `**kwargs`
[transformers] Kwargs passed to `processor.__call__` have to be in `processor_kwargs` dict, not in `**kwargs`
[transformers] Kwargs passed to `processor.__call__` have to be in `processor_kwargs` dict, not in `**kwargs`
[transformers] Kwargs passed to `processor.__call__` have to be in `processor_kwargs` dict, not in `**kwargs`
[transformers] Kwargs passed to `processor.__call__` have to be in `processor_kwargs` dict, not in `**kwargs`
[transformers] Kwargs passed to `processor.__call__` have to be in `processor_kwargs` dict, not in `**kwargs`
[transformers] Kwargs passed to `processor.__call__` have to be in `processor_kwargs` dict, not in `**kwargs`
[transformers] Kwargs passed to `processor.__call__` have to be in `processor_kwargs` dict, not in `**kwargs`
[transformers] Kwargs passed to `processor.__call__` have to be in `processor_kwargs` dict, not in `**kwargs`
[transformers] Kwargs passed to `processor.__call__` have to be in `processor_kwargs` dict, not in `**kwargs`
[transformers] Kwargs passed to `processor.__call__` have to be in `processor_kwargs` dict, not in `**kwargs`
[transformers] Kwargs passed to `processor.__call__` have to be in `processor_kwargs` dict, not in `**kwargs`
[transformers] Kwargs passed to `processor.__call__` have to be in `processor_kwargs` dict, not in `**kwargs`
[transformers] Kwargs passed to `processor.__call__` have to be in `processor_kwargs` dict, not in `**kwargs`
[transformers] Kwargs passed to `processor.__call__` have to be in `processor_kwargs` dict, not in `**kwargs`
[transformers] Kwargs passed to `processor.__call__` have to be in `processor_kwargs` dict, not in `**kwargs`
[transformers] Kwargs passed to `processor.__call__` have to be in `processor_kwargs` dict, not in `**kwargs`
[transformers] Kwargs passed to `processor.__call__` have to be in `processor_kwargs` dict, not in `**kwargs`
[transformers] Kwargs passed to `processor.__call__` have to be in `processor_kwargs` dict, not in `**kwargs`
[transformers] Kwargs passed to `processor.__call__` have to be in `processor_kwargs` dict, not in `**kwargs`
[transformers] Kwargs passed to `processor.__call__` have to be in `processor_kwargs` dict, not in `**kwargs`
[transformers] Kwargs passed to `processor.__call__` have to be in `processor_kwargs` dict, not in `**kwargs`
[transformers] Kwargs passed to `processor.__call__` have to be in `processor_kwargs` dict, not in `**kwargs`
[transformers] Kwargs passed to `processor.__call__` have to be in `processor_kwargs` dict, not in `**kwargs`
[transformers] Kwargs passed to `processor.__call__` have to be in `processor_kwargs` dict, not in `**kwargs`
[transformers] Kwargs passed to `processor.__call__` have to be in `processor_kwargs` dict, not in `**kwargs`
[transformers] Kwargs passed to `processor.__call__` have to be in `processor_kwargs` dict, not in `**kwargs`
[transformers] Kwargs passed to `processor.__call__` have to be in `processor_kwargs` dict, not in `**kwargs`
[transformers] Kwargs passed to `processor.__call__` have to be in `processor_kwargs` dict, not in `**kwargs`
[transformers] Kwargs passed to `processor.__call__` have to be in `processor_kwargs` dict, not in `**kwargs`
[transformers] Kwargs passed to `processor.__call__` have to be in `processor_kwargs` dict, not in `**kwargs`
[transformers] Kwargs passed to `processor.__call__` have to be in `processor_kwargs` dict, not in `**kwargs`
[transformers] Kwargs passed to `processor.__call__` have to be in `processor_kwargs` dict, not in `**kwargs`
[transformers] Kwargs passed to `processor.__call__` have to be in `processor_kwargs` dict, not in `**kwargs`
[transformers] Kwargs passed to `processor.__call__` have to be in `processor_kwargs` dict, not in `**kwargs`
[transformers] Kwargs passed to `processor.__call__` have to be in `processor_kwargs` dict, not in `**kwargs`
[transformers] Kwargs passed to `processor.__call__` have to be in `processor_kwargs` dict, not in `**kwargs`
[transformers] Kwargs passed to `processor.__call__` have to be in `processor_kwargs` dict, not in `**kwargs`
[transformers] Kwargs passed to `processor.__call__` have to be in `processor_kwargs` dict, not in `**kwargs`
[transformers] Kwargs passed to `processor.__call__` have to be in `processor_kwargs` dict, not in `**kwargs`
[transformers] Kwargs passed to `processor.__call__` have to be in `processor_kwargs` dict, not in `**kwargs`
[transformers] Kwargs passed to `processor.__call__` have to be in `processor_kwargs` dict, not in `**kwargs`
  [11/40] TbHJrupSAjP       timeout  min_d  7.95  calls  50  12s/ep
[transformers] Kwargs passed to `processor.__call__` have to be in `processor_kwargs` dict, not in `**kwargs`
[transformers] Kwargs passed to `processor.__call__` have to be in `processor_kwargs` dict, not in `**kwargs`
[transformers] Kwargs passed to `processor.__call__` have to be in `processor_kwargs` dict, not in `**kwargs`
[transformers] Kwargs passed to `processor.__call__` have to be in `processor_kwargs` dict, not in `**kwargs`
[transformers] Kwargs passed to `processor.__call__` have to be in `processor_kwargs` dict, not in `**kwargs`
[transformers] Kwargs passed to `processor.__call__` have to be in `processor_kwargs` dict, not in `**kwargs`
[transformers] Kwargs passed to `processor.__call__` have to be in `processor_kwargs` dict, not in `**kwargs`
[transformers] Kwargs passed to `processor.__call__` have to be in `processor_kwargs` dict, not in `**kwargs`
[transformers] Kwargs passed to `processor.__call__` have to be in `processor_kwargs` dict, not in `**kwargs`
[transformers] Kwargs passed to `processor.__call__` have to be in `processor_kwargs` dict, not in `**kwargs`
[transformers] Kwargs passed to `processor.__call__` have to be in `processor_kwargs` dict, not in `**kwargs`
[transformers] Kwargs passed to `processor.__call__` have to be in `processor_kwargs` dict, not in `**kwargs`
[transformers] Kwargs passed to `processor.__call__` have to be in `processor_kwargs` dict, not in `**kwargs`
[transformers] Kwargs passed to `processor.__call__` have to be in `processor_kwargs` dict, not in `**kwargs`
[transformers] Kwargs passed to `processor.__call__` have to be in `processor_kwargs` dict, not in `**kwargs`
[transformers] Kwargs passed to `processor.__call__` have to be in `processor_kwargs` dict, not in `**kwargs`
[transformers] Kwargs passed to `processor.__call__` have to be in `processor_kwargs` dict, not in `**kwargs`
[transformers] Kwargs passed to `processor.__call__` have to be in `processor_kwargs` dict, not in `**kwargs`
[transformers] Kwargs passed to `processor.__call__` have to be in `processor_kwargs` dict, not in `**kwargs`
[transformers] Kwargs passed to `processor.__call__` have to be in `processor_kwargs` dict, not in `**kwargs`
[transformers] Kwargs passed to `processor.__call__` have to be in `processor_kwargs` dict, not in `**kwargs`
[transformers] Kwargs passed to `processor.__call__` have to be in `processor_kwargs` dict, not in `**kwargs`
[transformers] Kwargs passed to `processor.__call__` have to be in `processor_kwargs` dict, not in `**kwargs`
[transformers] Kwargs passed to `processor.__call__` have to be in `processor_kwargs` dict, not in `**kwargs`
[transformers] Kwargs passed to `processor.__call__` have to be in `processor_kwargs` dict, not in `**kwargs`
[transformers] Kwargs passed to `processor.__call__` have to be in `processor_kwargs` dict, not in `**kwargs`
[transformers] Kwargs passed to `processor.__call__` have to be in `processor_kwargs` dict, not in `**kwargs`
[transformers] Kwargs passed to `processor.__call__` have to be in `processor_kwargs` dict, not in `**kwargs`
[transformers] Kwargs passed to `processor.__call__` have to be in `processor_kwargs` dict, not in `**kwargs`
[transformers] Kwargs passed to `processor.__call__` have to be in `processor_kwargs` dict, not in `**kwargs`
[transformers] Kwargs passed to `processor.__call__` have to be in `processor_kwargs` dict, not in `**kwargs`
[transformers] Kwargs passed to `processor.__call__` have to be in `processor_kwargs` dict, not in `**kwargs`
[transformers] Kwargs passed to `processor.__call__` have to be in `processor_kwargs` dict, not in `**kwargs`
[transformers] Kwargs passed to `processor.__call__` have to be in `processor_kwargs` dict, not in `**kwargs`
[transformers] Kwargs passed to `processor.__call__` have to be in `processor_kwargs` dict, not in `**kwargs`
[transformers] Kwargs passed to `processor.__call__` have to be in `processor_kwargs` dict, not in `**kwargs`
[transformers] Kwargs passed to `processor.__call__` have to be in `processor_kwargs` dict, not in `**kwargs`
[transformers] Kwargs passed to `processor.__call__` have to be in `processor_kwargs` dict, not in `**kwargs`
[transformers] Kwargs passed to `processor.__call__` have to be in `processor_kwargs` dict, not in `**kwargs`
[transformers] Kwargs passed to `processor.__call__` have to be in `processor_kwargs` dict, not in `**kwargs`
[transformers] Kwargs passed to `processor.__call__` have to be in `processor_kwargs` dict, not in `**kwargs`
[transformers] Kwargs passed to `processor.__call__` have to be in `processor_kwargs` dict, not in `**kwargs`
[transformers] Kwargs passed to `processor.__call__` have to be in `processor_kwargs` dict, not in `**kwargs`
[transformers] Kwargs passed to `processor.__call__` have to be in `processor_kwargs` dict, not in `**kwargs`
[transformers] Kwargs passed to `processor.__call__` have to be in `processor_kwargs` dict, not in `**kwargs`
[transformers] Kwargs passed to `processor.__call__` have to be in `processor_kwargs` dict, not in `**kwargs`
[transformers] Kwargs passed to `processor.__call__` have to be in `processor_kwargs` dict, not in `**kwargs`
[transformers] Kwargs passed to `processor.__call__` have to be in `processor_kwargs` dict, not in `**kwargs`
[transformers] Kwargs passed to `processor.__call__` have to be in `processor_kwargs` dict, not in `**kwargs`
[transformers] Kwargs passed to `processor.__call__` have to be in `processor_kwargs` dict, not in `**kwargs`
  [12/40] TbHJrupSAjP       timeout  min_d  5.20  calls  50  12s/ep
[transformers] Kwargs passed to `processor.__call__` have to be in `processor_kwargs` dict, not in `**kwargs`
[transformers] Kwargs passed to `processor.__call__` have to be in `processor_kwargs` dict, not in `**kwargs`
[transformers] Kwargs passed to `processor.__call__` have to be in `processor_kwargs` dict, not in `**kwargs`
[transformers] Kwargs passed to `processor.__call__` have to be in `processor_kwargs` dict, not in `**kwargs`
[transformers] Kwargs passed to `processor.__call__` have to be in `processor_kwargs` dict, not in `**kwargs`
[transformers] Kwargs passed to `processor.__call__` have to be in `processor_kwargs` dict, not in `**kwargs`
[transformers] Kwargs passed to `processor.__call__` have to be in `processor_kwargs` dict, not in `**kwargs`
[transformers] Kwargs passed to `processor.__call__` have to be in `processor_kwargs` dict, not in `**kwargs`
[transformers] Kwargs passed to `processor.__call__` have to be in `processor_kwargs` dict, not in `**kwargs`
[transformers] Kwargs passed to `processor.__call__` have to be in `processor_kwargs` dict, not in `**kwargs`
[transformers] Kwargs passed to `processor.__call__` have to be in `processor_kwargs` dict, not in `**kwargs`
[transformers] Kwargs passed to `processor.__call__` have to be in `processor_kwargs` dict, not in `**kwargs`
[transformers] Kwargs passed to `processor.__call__` have to be in `processor_kwargs` dict, not in `**kwargs`
[transformers] Kwargs passed to `processor.__call__` have to be in `processor_kwargs` dict, not in `**kwargs`
[transformers] Kwargs passed to `processor.__call__` have to be in `processor_kwargs` dict, not in `**kwargs`
[transformers] Kwargs passed to `processor.__call__` have to be in `processor_kwargs` dict, not in `**kwargs`
[transformers] Kwargs passed to `processor.__call__` have to be in `processor_kwargs` dict, not in `**kwargs`
[transformers] Kwargs passed to `processor.__call__` have to be in `processor_kwargs` dict, not in `**kwargs`
[transformers] Kwargs passed to `processor.__call__` have to be in `processor_kwargs` dict, not in `**kwargs`
[transformers] Kwargs passed to `processor.__call__` have to be in `processor_kwargs` dict, not in `**kwargs`
[transformers] Kwargs passed to `processor.__call__` have to be in `processor_kwargs` dict, not in `**kwargs`
[transformers] Kwargs passed to `processor.__call__` have to be in `processor_kwargs` dict, not in `**kwargs`
[transformers] Kwargs passed to `processor.__call__` have to be in `processor_kwargs` dict, not in `**kwargs`
[transformers] Kwargs passed to `processor.__call__` have to be in `processor_kwargs` dict, not in `**kwargs`
[transformers] Kwargs passed to `processor.__call__` have to be in `processor_kwargs` dict, not in `**kwargs`
[transformers] Kwargs passed to `processor.__call__` have to be in `processor_kwargs` dict, not in `**kwargs`
[transformers] Kwargs passed to `processor.__call__` have to be in `processor_kwargs` dict, not in `**kwargs`
[transformers] Kwargs passed to `processor.__call__` have to be in `processor_kwargs` dict, not in `**kwargs`
[transformers] Kwargs passed to `processor.__call__` have to be in `processor_kwargs` dict, not in `**kwargs`
[transformers] Kwargs passed to `processor.__call__` have to be in `processor_kwargs` dict, not in `**kwargs`
[transformers] Kwargs passed to `processor.__call__` have to be in `processor_kwargs` dict, not in `**kwargs`
[transformers] Kwargs passed to `processor.__call__` have to be in `processor_kwargs` dict, not in `**kwargs`
[transformers] Kwargs passed to `processor.__call__` have to be in `processor_kwargs` dict, not in `**kwargs`
[transformers] Kwargs passed to `processor.__call__` have to be in `processor_kwargs` dict, not in `**kwargs`
[transformers] Kwargs passed to `processor.__call__` have to be in `processor_kwargs` dict, not in `**kwargs`
[transformers] Kwargs passed to `processor.__call__` have to be in `processor_kwargs` dict, not in `**kwargs`
[transformers] Kwargs passed to `processor.__call__` have to be in `processor_kwargs` dict, not in `**kwargs`
[transformers] Kwargs passed to `processor.__call__` have to be in `processor_kwargs` dict, not in `**kwargs`
[transformers] Kwargs passed to `processor.__call__` have to be in `processor_kwargs` dict, not in `**kwargs`
[transformers] Kwargs passed to `processor.__call__` have to be in `processor_kwargs` dict, not in `**kwargs`
[transformers] Kwargs passed to `processor.__call__` have to be in `processor_kwargs` dict, not in `**kwargs`
[transformers] Kwargs passed to `processor.__call__` have to be in `processor_kwargs` dict, not in `**kwargs`
[transformers] Kwargs passed to `processor.__call__` have to be in `processor_kwargs` dict, not in `**kwargs`
[transformers] Kwargs passed to `processor.__call__` have to be in `processor_kwargs` dict, not in `**kwargs`
[transformers] Kwargs passed to `processor.__call__` have to be in `processor_kwargs` dict, not in `**kwargs`
[transformers] Kwargs passed to `processor.__call__` have to be in `processor_kwargs` dict, not in `**kwargs`
[transformers] Kwargs passed to `processor.__call__` have to be in `processor_kwargs` dict, not in `**kwargs`
[transformers] Kwargs passed to `processor.__call__` have to be in `processor_kwargs` dict, not in `**kwargs`
[transformers] Kwargs passed to `processor.__call__` have to be in `processor_kwargs` dict, not in `**kwargs`
[transformers] Kwargs passed to `processor.__call__` have to be in `processor_kwargs` dict, not in `**kwargs`
  [13/40] TbHJrupSAjP       timeout  min_d  0.72  calls  50  12s/ep
[transformers] Kwargs passed to `processor.__call__` have to be in `processor_kwargs` dict, not in `**kwargs`
[transformers] Kwargs passed to `processor.__call__` have to be in `processor_kwargs` dict, not in `**kwargs`
[transformers] Kwargs passed to `processor.__call__` have to be in `processor_kwargs` dict, not in `**kwargs`
[transformers] Kwargs passed to `processor.__call__` have to be in `processor_kwargs` dict, not in `**kwargs`
[transformers] Kwargs passed to `processor.__call__` have to be in `processor_kwargs` dict, not in `**kwargs`
[transformers] Kwargs passed to `processor.__call__` have to be in `processor_kwargs` dict, not in `**kwargs`
[transformers] Kwargs passed to `processor.__call__` have to be in `processor_kwargs` dict, not in `**kwargs`
[transformers] Kwargs passed to `processor.__call__` have to be in `processor_kwargs` dict, not in `**kwargs`
[transformers] Kwargs passed to `processor.__call__` have to be in `processor_kwargs` dict, not in `**kwargs`
[transformers] Kwargs passed to `processor.__call__` have to be in `processor_kwargs` dict, not in `**kwargs`
[transformers] Kwargs passed to `processor.__call__` have to be in `processor_kwargs` dict, not in `**kwargs`
[transformers] Kwargs passed to `processor.__call__` have to be in `processor_kwargs` dict, not in `**kwargs`
[transformers] Kwargs passed to `processor.__call__` have to be in `processor_kwargs` dict, not in `**kwargs`
[transformers] Kwargs passed to `processor.__call__` have to be in `processor_kwargs` dict, not in `**kwargs`
[transformers] Kwargs passed to `processor.__call__` have to be in `processor_kwargs` dict, not in `**kwargs`
[transformers] Kwargs passed to `processor.__call__` have to be in `processor_kwargs` dict, not in `**kwargs`
[transformers] Kwargs passed to `processor.__call__` have to be in `processor_kwargs` dict, not in `**kwargs`
[transformers] Kwargs passed to `processor.__call__` have to be in `processor_kwargs` dict, not in `**kwargs`
[transformers] Kwargs passed to `processor.__call__` have to be in `processor_kwargs` dict, not in `**kwargs`
[transformers] Kwargs passed to `processor.__call__` have to be in `processor_kwargs` dict, not in `**kwargs`
[transformers] Kwargs passed to `processor.__call__` have to be in `processor_kwargs` dict, not in `**kwargs`
[transformers] Kwargs passed to `processor.__call__` have to be in `processor_kwargs` dict, not in `**kwargs`
[transformers] Kwargs passed to `processor.__call__` have to be in `processor_kwargs` dict, not in `**kwargs`
[transformers] Kwargs passed to `processor.__call__` have to be in `processor_kwargs` dict, not in `**kwargs`
[transformers] Kwargs passed to `processor.__call__` have to be in `processor_kwargs` dict, not in `**kwargs`
[transformers] Kwargs passed to `processor.__call__` have to be in `processor_kwargs` dict, not in `**kwargs`
[transformers] Kwargs passed to `processor.__call__` have to be in `processor_kwargs` dict, not in `**kwargs`
[transformers] Kwargs passed to `processor.__call__` have to be in `processor_kwargs` dict, not in `**kwargs`
[transformers] Kwargs passed to `processor.__call__` have to be in `processor_kwargs` dict, not in `**kwargs`
[transformers] Kwargs passed to `processor.__call__` have to be in `processor_kwargs` dict, not in `**kwargs`
[transformers] Kwargs passed to `processor.__call__` have to be in `processor_kwargs` dict, not in `**kwargs`
[transformers] Kwargs passed to `processor.__call__` have to be in `processor_kwargs` dict, not in `**kwargs`
[transformers] Kwargs passed to `processor.__call__` have to be in `processor_kwargs` dict, not in `**kwargs`
[transformers] Kwargs passed to `processor.__call__` have to be in `processor_kwargs` dict, not in `**kwargs`
[transformers] Kwargs passed to `processor.__call__` have to be in `processor_kwargs` dict, not in `**kwargs`
[transformers] Kwargs passed to `processor.__call__` have to be in `processor_kwargs` dict, not in `**kwargs`
[transformers] Kwargs passed to `processor.__call__` have to be in `processor_kwargs` dict, not in `**kwargs`
[transformers] Kwargs passed to `processor.__call__` have to be in `processor_kwargs` dict, not in `**kwargs`
[transformers] Kwargs passed to `processor.__call__` have to be in `processor_kwargs` dict, not in `**kwargs`
[transformers] Kwargs passed to `processor.__call__` have to be in `processor_kwargs` dict, not in `**kwargs`
[transformers] Kwargs passed to `processor.__call__` have to be in `processor_kwargs` dict, not in `**kwargs`
[transformers] Kwargs passed to `processor.__call__` have to be in `processor_kwargs` dict, not in `**kwargs`
[transformers] Kwargs passed to `processor.__call__` have to be in `processor_kwargs` dict, not in `**kwargs`
[transformers] Kwargs passed to `processor.__call__` have to be in `processor_kwargs` dict, not in `**kwargs`
[transformers] Kwargs passed to `processor.__call__` have to be in `processor_kwargs` dict, not in `**kwargs`
[transformers] Kwargs passed to `processor.__call__` have to be in `processor_kwargs` dict, not in `**kwargs`
[transformers] Kwargs passed to `processor.__call__` have to be in `processor_kwargs` dict, not in `**kwargs`
[transformers] Kwargs passed to `processor.__call__` have to be in `processor_kwargs` dict, not in `**kwargs`
[transformers] Kwargs passed to `processor.__call__` have to be in `processor_kwargs` dict, not in `**kwargs`
[transformers] Kwargs passed to `processor.__call__` have to be in `processor_kwargs` dict, not in `**kwargs`
[transformers] Kwargs passed to `processor.__call__` have to be in `processor_kwargs` dict, not in `**kwargs`
  [14/40] TbHJrupSAjP       timeout  min_d  0.61  calls  51  12s/ep
[transformers] Kwargs passed to `processor.__call__` have to be in `processor_kwargs` dict, not in `**kwargs`
[transformers] Kwargs passed to `processor.__call__` have to be in `processor_kwargs` dict, not in `**kwargs`
[transformers] Kwargs passed to `processor.__call__` have to be in `processor_kwargs` dict, not in `**kwargs`
[transformers] Kwargs passed to `processor.__call__` have to be in `processor_kwargs` dict, not in `**kwargs`
[transformers] Kwargs passed to `processor.__call__` have to be in `processor_kwargs` dict, not in `**kwargs`
[transformers] Kwargs passed to `processor.__call__` have to be in `processor_kwargs` dict, not in `**kwargs`
[transformers] Kwargs passed to `processor.__call__` have to be in `processor_kwargs` dict, not in `**kwargs`
[transformers] Kwargs passed to `processor.__call__` have to be in `processor_kwargs` dict, not in `**kwargs`
[transformers] Kwargs passed to `processor.__call__` have to be in `processor_kwargs` dict, not in `**kwargs`
[transformers] Kwargs passed to `processor.__call__` have to be in `processor_kwargs` dict, not in `**kwargs`
[transformers] Kwargs passed to `processor.__call__` have to be in `processor_kwargs` dict, not in `**kwargs`
[transformers] Kwargs passed to `processor.__call__` have to be in `processor_kwargs` dict, not in `**kwargs`
[transformers] Kwargs passed to `processor.__call__` have to be in `processor_kwargs` dict, not in `**kwargs`
[transformers] Kwargs passed to `processor.__call__` have to be in `processor_kwargs` dict, not in `**kwargs`
[transformers] Kwargs passed to `processor.__call__` have to be in `processor_kwargs` dict, not in `**kwargs`
[transformers] Kwargs passed to `processor.__call__` have to be in `processor_kwargs` dict, not in `**kwargs`
[transformers] Kwargs passed to `processor.__call__` have to be in `processor_kwargs` dict, not in `**kwargs`
[transformers] Kwargs passed to `processor.__call__` have to be in `processor_kwargs` dict, not in `**kwargs`
[transformers] Kwargs passed to `processor.__call__` have to be in `processor_kwargs` dict, not in `**kwargs`
[transformers] Kwargs passed to `processor.__call__` have to be in `processor_kwargs` dict, not in `**kwargs`
[transformers] Kwargs passed to `processor.__call__` have to be in `processor_kwargs` dict, not in `**kwargs`
[transformers] Kwargs passed to `processor.__call__` have to be in `processor_kwargs` dict, not in `**kwargs`
[transformers] Kwargs passed to `processor.__call__` have to be in `processor_kwargs` dict, not in `**kwargs`
[transformers] Kwargs passed to `processor.__call__` have to be in `processor_kwargs` dict, not in `**kwargs`
[transformers] Kwargs passed to `processor.__call__` have to be in `processor_kwargs` dict, not in `**kwargs`
[transformers] Kwargs passed to `processor.__call__` have to be in `processor_kwargs` dict, not in `**kwargs`
[transformers] Kwargs passed to `processor.__call__` have to be in `processor_kwargs` dict, not in `**kwargs`
[transformers] Kwargs passed to `processor.__call__` have to be in `processor_kwargs` dict, not in `**kwargs`
[transformers] Kwargs passed to `processor.__call__` have to be in `processor_kwargs` dict, not in `**kwargs`
[transformers] Kwargs passed to `processor.__call__` have to be in `processor_kwargs` dict, not in `**kwargs`
[transformers] Kwargs passed to `processor.__call__` have to be in `processor_kwargs` dict, not in `**kwargs`
[transformers] Kwargs passed to `processor.__call__` have to be in `processor_kwargs` dict, not in `**kwargs`
[transformers] Kwargs passed to `processor.__call__` have to be in `processor_kwargs` dict, not in `**kwargs`
[transformers] Kwargs passed to `processor.__call__` have to be in `processor_kwargs` dict, not in `**kwargs`
[transformers] Kwargs passed to `processor.__call__` have to be in `processor_kwargs` dict, not in `**kwargs`
[transformers] Kwargs passed to `processor.__call__` have to be in `processor_kwargs` dict, not in `**kwargs`
[transformers] Kwargs passed to `processor.__call__` have to be in `processor_kwargs` dict, not in `**kwargs`
[transformers] Kwargs passed to `processor.__call__` have to be in `processor_kwargs` dict, not in `**kwargs`
[transformers] Kwargs passed to `processor.__call__` have to be in `processor_kwargs` dict, not in `**kwargs`
[transformers] Kwargs passed to `processor.__call__` have to be in `processor_kwargs` dict, not in `**kwargs`
[transformers] Kwargs passed to `processor.__call__` have to be in `processor_kwargs` dict, not in `**kwargs`
[transformers] Kwargs passed to `processor.__call__` have to be in `processor_kwargs` dict, not in `**kwargs`
[transformers] Kwargs passed to `processor.__call__` have to be in `processor_kwargs` dict, not in `**kwargs`
[transformers] Kwargs passed to `processor.__call__` have to be in `processor_kwargs` dict, not in `**kwargs`
[transformers] Kwargs passed to `processor.__call__` have to be in `processor_kwargs` dict, not in `**kwargs`
[transformers] Kwargs passed to `processor.__call__` have to be in `processor_kwargs` dict, not in `**kwargs`
[transformers] Kwargs passed to `processor.__call__` have to be in `processor_kwargs` dict, not in `**kwargs`
[transformers] Kwargs passed to `processor.__call__` have to be in `processor_kwargs` dict, not in `**kwargs`
[transformers] Kwargs passed to `processor.__call__` have to be in `processor_kwargs` dict, not in `**kwargs`
[transformers] Kwargs passed to `processor.__call__` have to be in `processor_kwargs` dict, not in `**kwargs`
  [15/40] TbHJrupSAjP       timeout  min_d  0.59  calls  50  12s/ep
[transformers] Kwargs passed to `processor.__call__` have to be in `processor_kwargs` dict, not in `**kwargs`
[transformers] Kwargs passed to `processor.__call__` have to be in `processor_kwargs` dict, not in `**kwargs`
[transformers] Kwargs passed to `processor.__call__` have to be in `processor_kwargs` dict, not in `**kwargs`
[transformers] Kwargs passed to `processor.__call__` have to be in `processor_kwargs` dict, not in `**kwargs`
[transformers] Kwargs passed to `processor.__call__` have to be in `processor_kwargs` dict, not in `**kwargs`
[transformers] Kwargs passed to `processor.__call__` have to be in `processor_kwargs` dict, not in `**kwargs`
[transformers] Kwargs passed to `processor.__call__` have to be in `processor_kwargs` dict, not in `**kwargs`
[transformers] Kwargs passed to `processor.__call__` have to be in `processor_kwargs` dict, not in `**kwargs`
[transformers] Kwargs passed to `processor.__call__` have to be in `processor_kwargs` dict, not in `**kwargs`
[transformers] Kwargs passed to `processor.__call__` have to be in `processor_kwargs` dict, not in `**kwargs`
[transformers] Kwargs passed to `processor.__call__` have to be in `processor_kwargs` dict, not in `**kwargs`
[transformers] Kwargs passed to `processor.__call__` have to be in `processor_kwargs` dict, not in `**kwargs`
[transformers] Kwargs passed to `processor.__call__` have to be in `processor_kwargs` dict, not in `**kwargs`
[transformers] Kwargs passed to `processor.__call__` have to be in `processor_kwargs` dict, not in `**kwargs`
[transformers] Kwargs passed to `processor.__call__` have to be in `processor_kwargs` dict, not in `**kwargs`
[transformers] Kwargs passed to `processor.__call__` have to be in `processor_kwargs` dict, not in `**kwargs`
[transformers] Kwargs passed to `processor.__call__` have to be in `processor_kwargs` dict, not in `**kwargs`
[transformers] Kwargs passed to `processor.__call__` have to be in `processor_kwargs` dict, not in `**kwargs`
[transformers] Kwargs passed to `processor.__call__` have to be in `processor_kwargs` dict, not in `**kwargs`
[transformers] Kwargs passed to `processor.__call__` have to be in `processor_kwargs` dict, not in `**kwargs`
[transformers] Kwargs passed to `processor.__call__` have to be in `processor_kwargs` dict, not in `**kwargs`
[transformers] Kwargs passed to `processor.__call__` have to be in `processor_kwargs` dict, not in `**kwargs`
[transformers] Kwargs passed to `processor.__call__` have to be in `processor_kwargs` dict, not in `**kwargs`
[transformers] Kwargs passed to `processor.__call__` have to be in `processor_kwargs` dict, not in `**kwargs`
[transformers] Kwargs passed to `processor.__call__` have to be in `processor_kwargs` dict, not in `**kwargs`
[transformers] Kwargs passed to `processor.__call__` have to be in `processor_kwargs` dict, not in `**kwargs`
[transformers] Kwargs passed to `processor.__call__` have to be in `processor_kwargs` dict, not in `**kwargs`
[transformers] Kwargs passed to `processor.__call__` have to be in `processor_kwargs` dict, not in `**kwargs`
[transformers] Kwargs passed to `processor.__call__` have to be in `processor_kwargs` dict, not in `**kwargs`
[transformers] Kwargs passed to `processor.__call__` have to be in `processor_kwargs` dict, not in `**kwargs`
[transformers] Kwargs passed to `processor.__call__` have to be in `processor_kwargs` dict, not in `**kwargs`
[transformers] Kwargs passed to `processor.__call__` have to be in `processor_kwargs` dict, not in `**kwargs`
[transformers] Kwargs passed to `processor.__call__` have to be in `processor_kwargs` dict, not in `**kwargs`
[transformers] Kwargs passed to `processor.__call__` have to be in `processor_kwargs` dict, not in `**kwargs`
[transformers] Kwargs passed to `processor.__call__` have to be in `processor_kwargs` dict, not in `**kwargs`
[transformers] Kwargs passed to `processor.__call__` have to be in `processor_kwargs` dict, not in `**kwargs`
[transformers] Kwargs passed to `processor.__call__` have to be in `processor_kwargs` dict, not in `**kwargs`
[transformers] Kwargs passed to `processor.__call__` have to be in `processor_kwargs` dict, not in `**kwargs`
[transformers] Kwargs passed to `processor.__call__` have to be in `processor_kwargs` dict, not in `**kwargs`
  [16/40] TbHJrupSAjP    model_stop  min_d  0.72  calls  39  12s/ep
[transformers] Kwargs passed to `processor.__call__` have to be in `processor_kwargs` dict, not in `**kwargs`
[transformers] Kwargs passed to `processor.__call__` have to be in `processor_kwargs` dict, not in `**kwargs`
[transformers] Kwargs passed to `processor.__call__` have to be in `processor_kwargs` dict, not in `**kwargs`
[transformers] Kwargs passed to `processor.__call__` have to be in `processor_kwargs` dict, not in `**kwargs`
[transformers] Kwargs passed to `processor.__call__` have to be in `processor_kwargs` dict, not in `**kwargs`
[transformers] Kwargs passed to `processor.__call__` have to be in `processor_kwargs` dict, not in `**kwargs`
[transformers] Kwargs passed to `processor.__call__` have to be in `processor_kwargs` dict, not in `**kwargs`
[transformers] Kwargs passed to `processor.__call__` have to be in `processor_kwargs` dict, not in `**kwargs`
[transformers] Kwargs passed to `processor.__call__` have to be in `processor_kwargs` dict, not in `**kwargs`
[transformers] Kwargs passed to `processor.__call__` have to be in `processor_kwargs` dict, not in `**kwargs`
[transformers] Kwargs passed to `processor.__call__` have to be in `processor_kwargs` dict, not in `**kwargs`
[transformers] Kwargs passed to `processor.__call__` have to be in `processor_kwargs` dict, not in `**kwargs`
[transformers] Kwargs passed to `processor.__call__` have to be in `processor_kwargs` dict, not in `**kwargs`
[transformers] Kwargs passed to `processor.__call__` have to be in `processor_kwargs` dict, not in `**kwargs`
[transformers] Kwargs passed to `processor.__call__` have to be in `processor_kwargs` dict, not in `**kwargs`
[transformers] Kwargs passed to `processor.__call__` have to be in `processor_kwargs` dict, not in `**kwargs`
[transformers] Kwargs passed to `processor.__call__` have to be in `processor_kwargs` dict, not in `**kwargs`
[transformers] Kwargs passed to `processor.__call__` have to be in `processor_kwargs` dict, not in `**kwargs`
[transformers] Kwargs passed to `processor.__call__` have to be in `processor_kwargs` dict, not in `**kwargs`
[transformers] Kwargs passed to `processor.__call__` have to be in `processor_kwargs` dict, not in `**kwargs`
[transformers] Kwargs passed to `processor.__call__` have to be in `processor_kwargs` dict, not in `**kwargs`
[transformers] Kwargs passed to `processor.__call__` have to be in `processor_kwargs` dict, not in `**kwargs`
[transformers] Kwargs passed to `processor.__call__` have to be in `processor_kwargs` dict, not in `**kwargs`
[transformers] Kwargs passed to `processor.__call__` have to be in `processor_kwargs` dict, not in `**kwargs`
[transformers] Kwargs passed to `processor.__call__` have to be in `processor_kwargs` dict, not in `**kwargs`
[transformers] Kwargs passed to `processor.__call__` have to be in `processor_kwargs` dict, not in `**kwargs`
[transformers] Kwargs passed to `processor.__call__` have to be in `processor_kwargs` dict, not in `**kwargs`
[transformers] Kwargs passed to `processor.__call__` have to be in `processor_kwargs` dict, not in `**kwargs`
[transformers] Kwargs passed to `processor.__call__` have to be in `processor_kwargs` dict, not in `**kwargs`
[transformers] Kwargs passed to `processor.__call__` have to be in `processor_kwargs` dict, not in `**kwargs`
[transformers] Kwargs passed to `processor.__call__` have to be in `processor_kwargs` dict, not in `**kwargs`
[transformers] Kwargs passed to `processor.__call__` have to be in `processor_kwargs` dict, not in `**kwargs`
[transformers] Kwargs passed to `processor.__call__` have to be in `processor_kwargs` dict, not in `**kwargs`
[transformers] Kwargs passed to `processor.__call__` have to be in `processor_kwargs` dict, not in `**kwargs`
[transformers] Kwargs passed to `processor.__call__` have to be in `processor_kwargs` dict, not in `**kwargs`
[transformers] Kwargs passed to `processor.__call__` have to be in `processor_kwargs` dict, not in `**kwargs`
[transformers] Kwargs passed to `processor.__call__` have to be in `processor_kwargs` dict, not in `**kwargs`
[transformers] Kwargs passed to `processor.__call__` have to be in `processor_kwargs` dict, not in `**kwargs`
[transformers] Kwargs passed to `processor.__call__` have to be in `processor_kwargs` dict, not in `**kwargs`
[transformers] Kwargs passed to `processor.__call__` have to be in `processor_kwargs` dict, not in `**kwargs`
[transformers] Kwargs passed to `processor.__call__` have to be in `processor_kwargs` dict, not in `**kwargs`
[transformers] Kwargs passed to `processor.__call__` have to be in `processor_kwargs` dict, not in `**kwargs`
[transformers] Kwargs passed to `processor.__call__` have to be in `processor_kwargs` dict, not in `**kwargs`
[transformers] Kwargs passed to `processor.__call__` have to be in `processor_kwargs` dict, not in `**kwargs`
[transformers] Kwargs passed to `processor.__call__` have to be in `processor_kwargs` dict, not in `**kwargs`
[transformers] Kwargs passed to `processor.__call__` have to be in `processor_kwargs` dict, not in `**kwargs`
[transformers] Kwargs passed to `processor.__call__` have to be in `processor_kwargs` dict, not in `**kwargs`
[transformers] Kwargs passed to `processor.__call__` have to be in `processor_kwargs` dict, not in `**kwargs`
[transformers] Kwargs passed to `processor.__call__` have to be in `processor_kwargs` dict, not in `**kwargs`
[transformers] Kwargs passed to `processor.__call__` have to be in `processor_kwargs` dict, not in `**kwargs`
  [17/40] TbHJrupSAjP       timeout  min_d  4.74  calls  50  12s/ep
[transformers] Kwargs passed to `processor.__call__` have to be in `processor_kwargs` dict, not in `**kwargs`
[transformers] Kwargs passed to `processor.__call__` have to be in `processor_kwargs` dict, not in `**kwargs`
[transformers] Kwargs passed to `processor.__call__` have to be in `processor_kwargs` dict, not in `**kwargs`
[transformers] Kwargs passed to `processor.__call__` have to be in `processor_kwargs` dict, not in `**kwargs`
[transformers] Kwargs passed to `processor.__call__` have to be in `processor_kwargs` dict, not in `**kwargs`
[transformers] Kwargs passed to `processor.__call__` have to be in `processor_kwargs` dict, not in `**kwargs`
[transformers] Kwargs passed to `processor.__call__` have to be in `processor_kwargs` dict, not in `**kwargs`
[transformers] Kwargs passed to `processor.__call__` have to be in `processor_kwargs` dict, not in `**kwargs`
[transformers] Kwargs passed to `processor.__call__` have to be in `processor_kwargs` dict, not in `**kwargs`
[transformers] Kwargs passed to `processor.__call__` have to be in `processor_kwargs` dict, not in `**kwargs`
[transformers] Kwargs passed to `processor.__call__` have to be in `processor_kwargs` dict, not in `**kwargs`
[transformers] Kwargs passed to `processor.__call__` have to be in `processor_kwargs` dict, not in `**kwargs`
[transformers] Kwargs passed to `processor.__call__` have to be in `processor_kwargs` dict, not in `**kwargs`
[transformers] Kwargs passed to `processor.__call__` have to be in `processor_kwargs` dict, not in `**kwargs`
[transformers] Kwargs passed to `processor.__call__` have to be in `processor_kwargs` dict, not in `**kwargs`
[transformers] Kwargs passed to `processor.__call__` have to be in `processor_kwargs` dict, not in `**kwargs`
[transformers] Kwargs passed to `processor.__call__` have to be in `processor_kwargs` dict, not in `**kwargs`
[transformers] Kwargs passed to `processor.__call__` have to be in `processor_kwargs` dict, not in `**kwargs`
[transformers] Kwargs passed to `processor.__call__` have to be in `processor_kwargs` dict, not in `**kwargs`
[transformers] Kwargs passed to `processor.__call__` have to be in `processor_kwargs` dict, not in `**kwargs`
[transformers] Kwargs passed to `processor.__call__` have to be in `processor_kwargs` dict, not in `**kwargs`
[transformers] Kwargs passed to `processor.__call__` have to be in `processor_kwargs` dict, not in `**kwargs`
[transformers] Kwargs passed to `processor.__call__` have to be in `processor_kwargs` dict, not in `**kwargs`
[transformers] Kwargs passed to `processor.__call__` have to be in `processor_kwargs` dict, not in `**kwargs`
[transformers] Kwargs passed to `processor.__call__` have to be in `processor_kwargs` dict, not in `**kwargs`
[transformers] Kwargs passed to `processor.__call__` have to be in `processor_kwargs` dict, not in `**kwargs`
[transformers] Kwargs passed to `processor.__call__` have to be in `processor_kwargs` dict, not in `**kwargs`
[transformers] Kwargs passed to `processor.__call__` have to be in `processor_kwargs` dict, not in `**kwargs`
[transformers] Kwargs passed to `processor.__call__` have to be in `processor_kwargs` dict, not in `**kwargs`
[transformers] Kwargs passed to `processor.__call__` have to be in `processor_kwargs` dict, not in `**kwargs`
[transformers] Kwargs passed to `processor.__call__` have to be in `processor_kwargs` dict, not in `**kwargs`
[transformers] Kwargs passed to `processor.__call__` have to be in `processor_kwargs` dict, not in `**kwargs`
[transformers] Kwargs passed to `processor.__call__` have to be in `processor_kwargs` dict, not in `**kwargs`
[transformers] Kwargs passed to `processor.__call__` have to be in `processor_kwargs` dict, not in `**kwargs`
[transformers] Kwargs passed to `processor.__call__` have to be in `processor_kwargs` dict, not in `**kwargs`
[transformers] Kwargs passed to `processor.__call__` have to be in `processor_kwargs` dict, not in `**kwargs`
[transformers] Kwargs passed to `processor.__call__` have to be in `processor_kwargs` dict, not in `**kwargs`
[transformers] Kwargs passed to `processor.__call__` have to be in `processor_kwargs` dict, not in `**kwargs`
[transformers] Kwargs passed to `processor.__call__` have to be in `processor_kwargs` dict, not in `**kwargs`
[transformers] Kwargs passed to `processor.__call__` have to be in `processor_kwargs` dict, not in `**kwargs`
[transformers] Kwargs passed to `processor.__call__` have to be in `processor_kwargs` dict, not in `**kwargs`
[transformers] Kwargs passed to `processor.__call__` have to be in `processor_kwargs` dict, not in `**kwargs`
[transformers] Kwargs passed to `processor.__call__` have to be in `processor_kwargs` dict, not in `**kwargs`
[transformers] Kwargs passed to `processor.__call__` have to be in `processor_kwargs` dict, not in `**kwargs`
[transformers] Kwargs passed to `processor.__call__` have to be in `processor_kwargs` dict, not in `**kwargs`
[transformers] Kwargs passed to `processor.__call__` have to be in `processor_kwargs` dict, not in `**kwargs`
[transformers] Kwargs passed to `processor.__call__` have to be in `processor_kwargs` dict, not in `**kwargs`
[transformers] Kwargs passed to `processor.__call__` have to be in `processor_kwargs` dict, not in `**kwargs`
[transformers] Kwargs passed to `processor.__call__` have to be in `processor_kwargs` dict, not in `**kwargs`
[transformers] Kwargs passed to `processor.__call__` have to be in `processor_kwargs` dict, not in `**kwargs`
  [18/40] TbHJrupSAjP       timeout  min_d  3.45  calls  50  12s/ep
[transformers] Kwargs passed to `processor.__call__` have to be in `processor_kwargs` dict, not in `**kwargs`
[transformers] Kwargs passed to `processor.__call__` have to be in `processor_kwargs` dict, not in `**kwargs`
[transformers] Kwargs passed to `processor.__call__` have to be in `processor_kwargs` dict, not in `**kwargs`
[transformers] Kwargs passed to `processor.__call__` have to be in `processor_kwargs` dict, not in `**kwargs`
[transformers] Kwargs passed to `processor.__call__` have to be in `processor_kwargs` dict, not in `**kwargs`
[transformers] Kwargs passed to `processor.__call__` have to be in `processor_kwargs` dict, not in `**kwargs`
[transformers] Kwargs passed to `processor.__call__` have to be in `processor_kwargs` dict, not in `**kwargs`
[transformers] Kwargs passed to `processor.__call__` have to be in `processor_kwargs` dict, not in `**kwargs`
[transformers] Kwargs passed to `processor.__call__` have to be in `processor_kwargs` dict, not in `**kwargs`
[transformers] Kwargs passed to `processor.__call__` have to be in `processor_kwargs` dict, not in `**kwargs`
[transformers] Kwargs passed to `processor.__call__` have to be in `processor_kwargs` dict, not in `**kwargs`
[transformers] Kwargs passed to `processor.__call__` have to be in `processor_kwargs` dict, not in `**kwargs`
[transformers] Kwargs passed to `processor.__call__` have to be in `processor_kwargs` dict, not in `**kwargs`
[transformers] Kwargs passed to `processor.__call__` have to be in `processor_kwargs` dict, not in `**kwargs`
[transformers] Kwargs passed to `processor.__call__` have to be in `processor_kwargs` dict, not in `**kwargs`
[transformers] Kwargs passed to `processor.__call__` have to be in `processor_kwargs` dict, not in `**kwargs`
[transformers] Kwargs passed to `processor.__call__` have to be in `processor_kwargs` dict, not in `**kwargs`
[transformers] Kwargs passed to `processor.__call__` have to be in `processor_kwargs` dict, not in `**kwargs`
[transformers] Kwargs passed to `processor.__call__` have to be in `processor_kwargs` dict, not in `**kwargs`
[transformers] Kwargs passed to `processor.__call__` have to be in `processor_kwargs` dict, not in `**kwargs`
[transformers] Kwargs passed to `processor.__call__` have to be in `processor_kwargs` dict, not in `**kwargs`
[transformers] Kwargs passed to `processor.__call__` have to be in `processor_kwargs` dict, not in `**kwargs`
[transformers] Kwargs passed to `processor.__call__` have to be in `processor_kwargs` dict, not in `**kwargs`
[transformers] Kwargs passed to `processor.__call__` have to be in `processor_kwargs` dict, not in `**kwargs`
[transformers] Kwargs passed to `processor.__call__` have to be in `processor_kwargs` dict, not in `**kwargs`
[transformers] Kwargs passed to `processor.__call__` have to be in `processor_kwargs` dict, not in `**kwargs`
[transformers] Kwargs passed to `processor.__call__` have to be in `processor_kwargs` dict, not in `**kwargs`
[transformers] Kwargs passed to `processor.__call__` have to be in `processor_kwargs` dict, not in `**kwargs`
[transformers] Kwargs passed to `processor.__call__` have to be in `processor_kwargs` dict, not in `**kwargs`
[transformers] Kwargs passed to `processor.__call__` have to be in `processor_kwargs` dict, not in `**kwargs`
[transformers] Kwargs passed to `processor.__call__` have to be in `processor_kwargs` dict, not in `**kwargs`
[transformers] Kwargs passed to `processor.__call__` have to be in `processor_kwargs` dict, not in `**kwargs`
[transformers] Kwargs passed to `processor.__call__` have to be in `processor_kwargs` dict, not in `**kwargs`
[transformers] Kwargs passed to `processor.__call__` have to be in `processor_kwargs` dict, not in `**kwargs`
[transformers] Kwargs passed to `processor.__call__` have to be in `processor_kwargs` dict, not in `**kwargs`
[transformers] Kwargs passed to `processor.__call__` have to be in `processor_kwargs` dict, not in `**kwargs`
[transformers] Kwargs passed to `processor.__call__` have to be in `processor_kwargs` dict, not in `**kwargs`
[transformers] Kwargs passed to `processor.__call__` have to be in `processor_kwargs` dict, not in `**kwargs`
[transformers] Kwargs passed to `processor.__call__` have to be in `processor_kwargs` dict, not in `**kwargs`
[transformers] Kwargs passed to `processor.__call__` have to be in `processor_kwargs` dict, not in `**kwargs`
[transformers] Kwargs passed to `processor.__call__` have to be in `processor_kwargs` dict, not in `**kwargs`
[transformers] Kwargs passed to `processor.__call__` have to be in `processor_kwargs` dict, not in `**kwargs`
[transformers] Kwargs passed to `processor.__call__` have to be in `processor_kwargs` dict, not in `**kwargs`
[transformers] Kwargs passed to `processor.__call__` have to be in `processor_kwargs` dict, not in `**kwargs`
[transformers] Kwargs passed to `processor.__call__` have to be in `processor_kwargs` dict, not in `**kwargs`
[transformers] Kwargs passed to `processor.__call__` have to be in `processor_kwargs` dict, not in `**kwargs`
[transformers] Kwargs passed to `processor.__call__` have to be in `processor_kwargs` dict, not in `**kwargs`
[transformers] Kwargs passed to `processor.__call__` have to be in `processor_kwargs` dict, not in `**kwargs`
  [19/40] oLBMNvg9in8    model_stop  min_d  7.29  calls  48  12s/ep
[transformers] Kwargs passed to `processor.__call__` have to be in `processor_kwargs` dict, not in `**kwargs`
[transformers] Kwargs passed to `processor.__call__` have to be in `processor_kwargs` dict, not in `**kwargs`
[transformers] Kwargs passed to `processor.__call__` have to be in `processor_kwargs` dict, not in `**kwargs`
[transformers] Kwargs passed to `processor.__call__` have to be in `processor_kwargs` dict, not in `**kwargs`
[transformers] Kwargs passed to `processor.__call__` have to be in `processor_kwargs` dict, not in `**kwargs`
[transformers] Kwargs passed to `processor.__call__` have to be in `processor_kwargs` dict, not in `**kwargs`
[transformers] Kwargs passed to `processor.__call__` have to be in `processor_kwargs` dict, not in `**kwargs`
[transformers] Kwargs passed to `processor.__call__` have to be in `processor_kwargs` dict, not in `**kwargs`
[transformers] Kwargs passed to `processor.__call__` have to be in `processor_kwargs` dict, not in `**kwargs`
[transformers] Kwargs passed to `processor.__call__` have to be in `processor_kwargs` dict, not in `**kwargs`
[transformers] Kwargs passed to `processor.__call__` have to be in `processor_kwargs` dict, not in `**kwargs`
[transformers] Kwargs passed to `processor.__call__` have to be in `processor_kwargs` dict, not in `**kwargs`
[transformers] Kwargs passed to `processor.__call__` have to be in `processor_kwargs` dict, not in `**kwargs`
[transformers] Kwargs passed to `processor.__call__` have to be in `processor_kwargs` dict, not in `**kwargs`
[transformers] Kwargs passed to `processor.__call__` have to be in `processor_kwargs` dict, not in `**kwargs`
[transformers] Kwargs passed to `processor.__call__` have to be in `processor_kwargs` dict, not in `**kwargs`
[transformers] Kwargs passed to `processor.__call__` have to be in `processor_kwargs` dict, not in `**kwargs`
[transformers] Kwargs passed to `processor.__call__` have to be in `processor_kwargs` dict, not in `**kwargs`
[transformers] Kwargs passed to `processor.__call__` have to be in `processor_kwargs` dict, not in `**kwargs`
[transformers] Kwargs passed to `processor.__call__` have to be in `processor_kwargs` dict, not in `**kwargs`
[transformers] Kwargs passed to `processor.__call__` have to be in `processor_kwargs` dict, not in `**kwargs`
[transformers] Kwargs passed to `processor.__call__` have to be in `processor_kwargs` dict, not in `**kwargs`
[transformers] Kwargs passed to `processor.__call__` have to be in `processor_kwargs` dict, not in `**kwargs`
[transformers] Kwargs passed to `processor.__call__` have to be in `processor_kwargs` dict, not in `**kwargs`
[transformers] Kwargs passed to `processor.__call__` have to be in `processor_kwargs` dict, not in `**kwargs`
[transformers] Kwargs passed to `processor.__call__` have to be in `processor_kwargs` dict, not in `**kwargs`
[transformers] Kwargs passed to `processor.__call__` have to be in `processor_kwargs` dict, not in `**kwargs`
[transformers] Kwargs passed to `processor.__call__` have to be in `processor_kwargs` dict, not in `**kwargs`
[transformers] Kwargs passed to `processor.__call__` have to be in `processor_kwargs` dict, not in `**kwargs`
[transformers] Kwargs passed to `processor.__call__` have to be in `processor_kwargs` dict, not in `**kwargs`
[transformers] Kwargs passed to `processor.__call__` have to be in `processor_kwargs` dict, not in `**kwargs`
[transformers] Kwargs passed to `processor.__call__` have to be in `processor_kwargs` dict, not in `**kwargs`
[transformers] Kwargs passed to `processor.__call__` have to be in `processor_kwargs` dict, not in `**kwargs`
[transformers] Kwargs passed to `processor.__call__` have to be in `processor_kwargs` dict, not in `**kwargs`
[transformers] Kwargs passed to `processor.__call__` have to be in `processor_kwargs` dict, not in `**kwargs`
[transformers] Kwargs passed to `processor.__call__` have to be in `processor_kwargs` dict, not in `**kwargs`
[transformers] Kwargs passed to `processor.__call__` have to be in `processor_kwargs` dict, not in `**kwargs`
[transformers] Kwargs passed to `processor.__call__` have to be in `processor_kwargs` dict, not in `**kwargs`
[transformers] Kwargs passed to `processor.__call__` have to be in `processor_kwargs` dict, not in `**kwargs`
[transformers] Kwargs passed to `processor.__call__` have to be in `processor_kwargs` dict, not in `**kwargs`
[transformers] Kwargs passed to `processor.__call__` have to be in `processor_kwargs` dict, not in `**kwargs`
[transformers] Kwargs passed to `processor.__call__` have to be in `processor_kwargs` dict, not in `**kwargs`
[transformers] Kwargs passed to `processor.__call__` have to be in `processor_kwargs` dict, not in `**kwargs`
[transformers] Kwargs passed to `processor.__call__` have to be in `processor_kwargs` dict, not in `**kwargs`
[transformers] Kwargs passed to `processor.__call__` have to be in `processor_kwargs` dict, not in `**kwargs`
[transformers] Kwargs passed to `processor.__call__` have to be in `processor_kwargs` dict, not in `**kwargs`
[transformers] Kwargs passed to `processor.__call__` have to be in `processor_kwargs` dict, not in `**kwargs`
[transformers] Kwargs passed to `processor.__call__` have to be in `processor_kwargs` dict, not in `**kwargs`
[transformers] Kwargs passed to `processor.__call__` have to be in `processor_kwargs` dict, not in `**kwargs`
[transformers] Kwargs passed to `processor.__call__` have to be in `processor_kwargs` dict, not in `**kwargs`
  [20/40] oLBMNvg9in8       timeout  min_d  7.29  calls  50  12s/ep
[transformers] Kwargs passed to `processor.__call__` have to be in `processor_kwargs` dict, not in `**kwargs`
[transformers] Kwargs passed to `processor.__call__` have to be in `processor_kwargs` dict, not in `**kwargs`
[transformers] Kwargs passed to `processor.__call__` have to be in `processor_kwargs` dict, not in `**kwargs`
[transformers] Kwargs passed to `processor.__call__` have to be in `processor_kwargs` dict, not in `**kwargs`
[transformers] Kwargs passed to `processor.__call__` have to be in `processor_kwargs` dict, not in `**kwargs`
[transformers] Kwargs passed to `processor.__call__` have to be in `processor_kwargs` dict, not in `**kwargs`
[transformers] Kwargs passed to `processor.__call__` have to be in `processor_kwargs` dict, not in `**kwargs`
[transformers] Kwargs passed to `processor.__call__` have to be in `processor_kwargs` dict, not in `**kwargs`
[transformers] Kwargs passed to `processor.__call__` have to be in `processor_kwargs` dict, not in `**kwargs`
[transformers] Kwargs passed to `processor.__call__` have to be in `processor_kwargs` dict, not in `**kwargs`
[transformers] Kwargs passed to `processor.__call__` have to be in `processor_kwargs` dict, not in `**kwargs`
[transformers] Kwargs passed to `processor.__call__` have to be in `processor_kwargs` dict, not in `**kwargs`
[transformers] Kwargs passed to `processor.__call__` have to be in `processor_kwargs` dict, not in `**kwargs`
[transformers] Kwargs passed to `processor.__call__` have to be in `processor_kwargs` dict, not in `**kwargs`
[transformers] Kwargs passed to `processor.__call__` have to be in `processor_kwargs` dict, not in `**kwargs`
[transformers] Kwargs passed to `processor.__call__` have to be in `processor_kwargs` dict, not in `**kwargs`
[transformers] Kwargs passed to `processor.__call__` have to be in `processor_kwargs` dict, not in `**kwargs`
[transformers] Kwargs passed to `processor.__call__` have to be in `processor_kwargs` dict, not in `**kwargs`
[transformers] Kwargs passed to `processor.__call__` have to be in `processor_kwargs` dict, not in `**kwargs`
[transformers] Kwargs passed to `processor.__call__` have to be in `processor_kwargs` dict, not in `**kwargs`
[transformers] Kwargs passed to `processor.__call__` have to be in `processor_kwargs` dict, not in `**kwargs`
[transformers] Kwargs passed to `processor.__call__` have to be in `processor_kwargs` dict, not in `**kwargs`
[transformers] Kwargs passed to `processor.__call__` have to be in `processor_kwargs` dict, not in `**kwargs`
[transformers] Kwargs passed to `processor.__call__` have to be in `processor_kwargs` dict, not in `**kwargs`
[transformers] Kwargs passed to `processor.__call__` have to be in `processor_kwargs` dict, not in `**kwargs`
[transformers] Kwargs passed to `processor.__call__` have to be in `processor_kwargs` dict, not in `**kwargs`
[transformers] Kwargs passed to `processor.__call__` have to be in `processor_kwargs` dict, not in `**kwargs`
[transformers] Kwargs passed to `processor.__call__` have to be in `processor_kwargs` dict, not in `**kwargs`
[transformers] Kwargs passed to `processor.__call__` have to be in `processor_kwargs` dict, not in `**kwargs`
[transformers] Kwargs passed to `processor.__call__` have to be in `processor_kwargs` dict, not in `**kwargs`
[transformers] Kwargs passed to `processor.__call__` have to be in `processor_kwargs` dict, not in `**kwargs`
[transformers] Kwargs passed to `processor.__call__` have to be in `processor_kwargs` dict, not in `**kwargs`
[transformers] Kwargs passed to `processor.__call__` have to be in `processor_kwargs` dict, not in `**kwargs`
[transformers] Kwargs passed to `processor.__call__` have to be in `processor_kwargs` dict, not in `**kwargs`
[transformers] Kwargs passed to `processor.__call__` have to be in `processor_kwargs` dict, not in `**kwargs`
[transformers] Kwargs passed to `processor.__call__` have to be in `processor_kwargs` dict, not in `**kwargs`
[transformers] Kwargs passed to `processor.__call__` have to be in `processor_kwargs` dict, not in `**kwargs`
[transformers] Kwargs passed to `processor.__call__` have to be in `processor_kwargs` dict, not in `**kwargs`
[transformers] Kwargs passed to `processor.__call__` have to be in `processor_kwargs` dict, not in `**kwargs`
[transformers] Kwargs passed to `processor.__call__` have to be in `processor_kwargs` dict, not in `**kwargs`
[transformers] Kwargs passed to `processor.__call__` have to be in `processor_kwargs` dict, not in `**kwargs`
[transformers] Kwargs passed to `processor.__call__` have to be in `processor_kwargs` dict, not in `**kwargs`
[transformers] Kwargs passed to `processor.__call__` have to be in `processor_kwargs` dict, not in `**kwargs`
[transformers] Kwargs passed to `processor.__call__` have to be in `processor_kwargs` dict, not in `**kwargs`
[transformers] Kwargs passed to `processor.__call__` have to be in `processor_kwargs` dict, not in `**kwargs`
[transformers] Kwargs passed to `processor.__call__` have to be in `processor_kwargs` dict, not in `**kwargs`
[transformers] Kwargs passed to `processor.__call__` have to be in `processor_kwargs` dict, not in `**kwargs`
[transformers] Kwargs passed to `processor.__call__` have to be in `processor_kwargs` dict, not in `**kwargs`
[transformers] Kwargs passed to `processor.__call__` have to be in `processor_kwargs` dict, not in `**kwargs`
[transformers] Kwargs passed to `processor.__call__` have to be in `processor_kwargs` dict, not in `**kwargs`
  [21/40] oLBMNvg9in8       timeout  min_d  9.54  calls  50  12s/ep
[transformers] Kwargs passed to `processor.__call__` have to be in `processor_kwargs` dict, not in `**kwargs`
[transformers] Kwargs passed to `processor.__call__` have to be in `processor_kwargs` dict, not in `**kwargs`
[transformers] Kwargs passed to `processor.__call__` have to be in `processor_kwargs` dict, not in `**kwargs`
[transformers] Kwargs passed to `processor.__call__` have to be in `processor_kwargs` dict, not in `**kwargs`
[transformers] Kwargs passed to `processor.__call__` have to be in `processor_kwargs` dict, not in `**kwargs`
[transformers] Kwargs passed to `processor.__call__` have to be in `processor_kwargs` dict, not in `**kwargs`
[transformers] Kwargs passed to `processor.__call__` have to be in `processor_kwargs` dict, not in `**kwargs`
[transformers] Kwargs passed to `processor.__call__` have to be in `processor_kwargs` dict, not in `**kwargs`
[transformers] Kwargs passed to `processor.__call__` have to be in `processor_kwargs` dict, not in `**kwargs`
[transformers] Kwargs passed to `processor.__call__` have to be in `processor_kwargs` dict, not in `**kwargs`
[transformers] Kwargs passed to `processor.__call__` have to be in `processor_kwargs` dict, not in `**kwargs`
[transformers] Kwargs passed to `processor.__call__` have to be in `processor_kwargs` dict, not in `**kwargs`
[transformers] Kwargs passed to `processor.__call__` have to be in `processor_kwargs` dict, not in `**kwargs`
[transformers] Kwargs passed to `processor.__call__` have to be in `processor_kwargs` dict, not in `**kwargs`
[transformers] Kwargs passed to `processor.__call__` have to be in `processor_kwargs` dict, not in `**kwargs`
[transformers] Kwargs passed to `processor.__call__` have to be in `processor_kwargs` dict, not in `**kwargs`
[transformers] Kwargs passed to `processor.__call__` have to be in `processor_kwargs` dict, not in `**kwargs`
[transformers] Kwargs passed to `processor.__call__` have to be in `processor_kwargs` dict, not in `**kwargs`
[transformers] Kwargs passed to `processor.__call__` have to be in `processor_kwargs` dict, not in `**kwargs`
[transformers] Kwargs passed to `processor.__call__` have to be in `processor_kwargs` dict, not in `**kwargs`
[transformers] Kwargs passed to `processor.__call__` have to be in `processor_kwargs` dict, not in `**kwargs`
[transformers] Kwargs passed to `processor.__call__` have to be in `processor_kwargs` dict, not in `**kwargs`
[transformers] Kwargs passed to `processor.__call__` have to be in `processor_kwargs` dict, not in `**kwargs`
[transformers] Kwargs passed to `processor.__call__` have to be in `processor_kwargs` dict, not in `**kwargs`
[transformers] Kwargs passed to `processor.__call__` have to be in `processor_kwargs` dict, not in `**kwargs`
[transformers] Kwargs passed to `processor.__call__` have to be in `processor_kwargs` dict, not in `**kwargs`
[transformers] Kwargs passed to `processor.__call__` have to be in `processor_kwargs` dict, not in `**kwargs`
[transformers] Kwargs passed to `processor.__call__` have to be in `processor_kwargs` dict, not in `**kwargs`
[transformers] Kwargs passed to `processor.__call__` have to be in `processor_kwargs` dict, not in `**kwargs`
[transformers] Kwargs passed to `processor.__call__` have to be in `processor_kwargs` dict, not in `**kwargs`
[transformers] Kwargs passed to `processor.__call__` have to be in `processor_kwargs` dict, not in `**kwargs`
[transformers] Kwargs passed to `processor.__call__` have to be in `processor_kwargs` dict, not in `**kwargs`
[transformers] Kwargs passed to `processor.__call__` have to be in `processor_kwargs` dict, not in `**kwargs`
[transformers] Kwargs passed to `processor.__call__` have to be in `processor_kwargs` dict, not in `**kwargs`
[transformers] Kwargs passed to `processor.__call__` have to be in `processor_kwargs` dict, not in `**kwargs`
[transformers] Kwargs passed to `processor.__call__` have to be in `processor_kwargs` dict, not in `**kwargs`
[transformers] Kwargs passed to `processor.__call__` have to be in `processor_kwargs` dict, not in `**kwargs`
[transformers] Kwargs passed to `processor.__call__` have to be in `processor_kwargs` dict, not in `**kwargs`
[transformers] Kwargs passed to `processor.__call__` have to be in `processor_kwargs` dict, not in `**kwargs`
[transformers] Kwargs passed to `processor.__call__` have to be in `processor_kwargs` dict, not in `**kwargs`
[transformers] Kwargs passed to `processor.__call__` have to be in `processor_kwargs` dict, not in `**kwargs`
[transformers] Kwargs passed to `processor.__call__` have to be in `processor_kwargs` dict, not in `**kwargs`
[transformers] Kwargs passed to `processor.__call__` have to be in `processor_kwargs` dict, not in `**kwargs`
[transformers] Kwargs passed to `processor.__call__` have to be in `processor_kwargs` dict, not in `**kwargs`
[transformers] Kwargs passed to `processor.__call__` have to be in `processor_kwargs` dict, not in `**kwargs`
  [22/40] x8F5xyUWy9e    model_stop  min_d  5.88  calls  45  12s/ep
[transformers] Kwargs passed to `processor.__call__` have to be in `processor_kwargs` dict, not in `**kwargs`
[transformers] Kwargs passed to `processor.__call__` have to be in `processor_kwargs` dict, not in `**kwargs`
[transformers] Kwargs passed to `processor.__call__` have to be in `processor_kwargs` dict, not in `**kwargs`
[transformers] Kwargs passed to `processor.__call__` have to be in `processor_kwargs` dict, not in `**kwargs`
[transformers] Kwargs passed to `processor.__call__` have to be in `processor_kwargs` dict, not in `**kwargs`
[transformers] Kwargs passed to `processor.__call__` have to be in `processor_kwargs` dict, not in `**kwargs`
[transformers] Kwargs passed to `processor.__call__` have to be in `processor_kwargs` dict, not in `**kwargs`
[transformers] Kwargs passed to `processor.__call__` have to be in `processor_kwargs` dict, not in `**kwargs`
[transformers] Kwargs passed to `processor.__call__` have to be in `processor_kwargs` dict, not in `**kwargs`
[transformers] Kwargs passed to `processor.__call__` have to be in `processor_kwargs` dict, not in `**kwargs`
[transformers] Kwargs passed to `processor.__call__` have to be in `processor_kwargs` dict, not in `**kwargs`
[transformers] Kwargs passed to `processor.__call__` have to be in `processor_kwargs` dict, not in `**kwargs`
[transformers] Kwargs passed to `processor.__call__` have to be in `processor_kwargs` dict, not in `**kwargs`
[transformers] Kwargs passed to `processor.__call__` have to be in `processor_kwargs` dict, not in `**kwargs`
[transformers] Kwargs passed to `processor.__call__` have to be in `processor_kwargs` dict, not in `**kwargs`
[transformers] Kwargs passed to `processor.__call__` have to be in `processor_kwargs` dict, not in `**kwargs`
[transformers] Kwargs passed to `processor.__call__` have to be in `processor_kwargs` dict, not in `**kwargs`
[transformers] Kwargs passed to `processor.__call__` have to be in `processor_kwargs` dict, not in `**kwargs`
[transformers] Kwargs passed to `processor.__call__` have to be in `processor_kwargs` dict, not in `**kwargs`
[transformers] Kwargs passed to `processor.__call__` have to be in `processor_kwargs` dict, not in `**kwargs`
[transformers] Kwargs passed to `processor.__call__` have to be in `processor_kwargs` dict, not in `**kwargs`
[transformers] Kwargs passed to `processor.__call__` have to be in `processor_kwargs` dict, not in `**kwargs`
[transformers] Kwargs passed to `processor.__call__` have to be in `processor_kwargs` dict, not in `**kwargs`
[transformers] Kwargs passed to `processor.__call__` have to be in `processor_kwargs` dict, not in `**kwargs`
[transformers] Kwargs passed to `processor.__call__` have to be in `processor_kwargs` dict, not in `**kwargs`
[transformers] Kwargs passed to `processor.__call__` have to be in `processor_kwargs` dict, not in `**kwargs`
[transformers] Kwargs passed to `processor.__call__` have to be in `processor_kwargs` dict, not in `**kwargs`
[transformers] Kwargs passed to `processor.__call__` have to be in `processor_kwargs` dict, not in `**kwargs`
[transformers] Kwargs passed to `processor.__call__` have to be in `processor_kwargs` dict, not in `**kwargs`
[transformers] Kwargs passed to `processor.__call__` have to be in `processor_kwargs` dict, not in `**kwargs`
[transformers] Kwargs passed to `processor.__call__` have to be in `processor_kwargs` dict, not in `**kwargs`
  [23/40] x8F5xyUWy9e    model_stop  min_d  4.39  calls  31  11s/ep
[transformers] Kwargs passed to `processor.__call__` have to be in `processor_kwargs` dict, not in `**kwargs`
[transformers] Kwargs passed to `processor.__call__` have to be in `processor_kwargs` dict, not in `**kwargs`
[transformers] Kwargs passed to `processor.__call__` have to be in `processor_kwargs` dict, not in `**kwargs`
[transformers] Kwargs passed to `processor.__call__` have to be in `processor_kwargs` dict, not in `**kwargs`
[transformers] Kwargs passed to `processor.__call__` have to be in `processor_kwargs` dict, not in `**kwargs`
[transformers] Kwargs passed to `processor.__call__` have to be in `processor_kwargs` dict, not in `**kwargs`
[transformers] Kwargs passed to `processor.__call__` have to be in `processor_kwargs` dict, not in `**kwargs`
[transformers] Kwargs passed to `processor.__call__` have to be in `processor_kwargs` dict, not in `**kwargs`
[transformers] Kwargs passed to `processor.__call__` have to be in `processor_kwargs` dict, not in `**kwargs`
[transformers] Kwargs passed to `processor.__call__` have to be in `processor_kwargs` dict, not in `**kwargs`
[transformers] Kwargs passed to `processor.__call__` have to be in `processor_kwargs` dict, not in `**kwargs`
[transformers] Kwargs passed to `processor.__call__` have to be in `processor_kwargs` dict, not in `**kwargs`
[transformers] Kwargs passed to `processor.__call__` have to be in `processor_kwargs` dict, not in `**kwargs`
[transformers] Kwargs passed to `processor.__call__` have to be in `processor_kwargs` dict, not in `**kwargs`
[transformers] Kwargs passed to `processor.__call__` have to be in `processor_kwargs` dict, not in `**kwargs`
[transformers] Kwargs passed to `processor.__call__` have to be in `processor_kwargs` dict, not in `**kwargs`
[transformers] Kwargs passed to `processor.__call__` have to be in `processor_kwargs` dict, not in `**kwargs`
[transformers] Kwargs passed to `processor.__call__` have to be in `processor_kwargs` dict, not in `**kwargs`
[transformers] Kwargs passed to `processor.__call__` have to be in `processor_kwargs` dict, not in `**kwargs`
[transformers] Kwargs passed to `processor.__call__` have to be in `processor_kwargs` dict, not in `**kwargs`
[transformers] Kwargs passed to `processor.__call__` have to be in `processor_kwargs` dict, not in `**kwargs`
[transformers] Kwargs passed to `processor.__call__` have to be in `processor_kwargs` dict, not in `**kwargs`
[transformers] Kwargs passed to `processor.__call__` have to be in `processor_kwargs` dict, not in `**kwargs`
[transformers] Kwargs passed to `processor.__call__` have to be in `processor_kwargs` dict, not in `**kwargs`
[transformers] Kwargs passed to `processor.__call__` have to be in `processor_kwargs` dict, not in `**kwargs`
[transformers] Kwargs passed to `processor.__call__` have to be in `processor_kwargs` dict, not in `**kwargs`
[transformers] Kwargs passed to `processor.__call__` have to be in `processor_kwargs` dict, not in `**kwargs`
[transformers] Kwargs passed to `processor.__call__` have to be in `processor_kwargs` dict, not in `**kwargs`
[transformers] Kwargs passed to `processor.__call__` have to be in `processor_kwargs` dict, not in `**kwargs`
[transformers] Kwargs passed to `processor.__call__` have to be in `processor_kwargs` dict, not in `**kwargs`
[transformers] Kwargs passed to `processor.__call__` have to be in `processor_kwargs` dict, not in `**kwargs`
[transformers] Kwargs passed to `processor.__call__` have to be in `processor_kwargs` dict, not in `**kwargs`
[transformers] Kwargs passed to `processor.__call__` have to be in `processor_kwargs` dict, not in `**kwargs`
[transformers] Kwargs passed to `processor.__call__` have to be in `processor_kwargs` dict, not in `**kwargs`
[transformers] Kwargs passed to `processor.__call__` have to be in `processor_kwargs` dict, not in `**kwargs`
[transformers] Kwargs passed to `processor.__call__` have to be in `processor_kwargs` dict, not in `**kwargs`
[transformers] Kwargs passed to `processor.__call__` have to be in `processor_kwargs` dict, not in `**kwargs`
[transformers] Kwargs passed to `processor.__call__` have to be in `processor_kwargs` dict, not in `**kwargs`
[transformers] Kwargs passed to `processor.__call__` have to be in `processor_kwargs` dict, not in `**kwargs`
[transformers] Kwargs passed to `processor.__call__` have to be in `processor_kwargs` dict, not in `**kwargs`
[transformers] Kwargs passed to `processor.__call__` have to be in `processor_kwargs` dict, not in `**kwargs`
[transformers] Kwargs passed to `processor.__call__` have to be in `processor_kwargs` dict, not in `**kwargs`
[transformers] Kwargs passed to `processor.__call__` have to be in `processor_kwargs` dict, not in `**kwargs`
[transformers] Kwargs passed to `processor.__call__` have to be in `processor_kwargs` dict, not in `**kwargs`
[transformers] Kwargs passed to `processor.__call__` have to be in `processor_kwargs` dict, not in `**kwargs`
[transformers] Kwargs passed to `processor.__call__` have to be in `processor_kwargs` dict, not in `**kwargs`
[transformers] Kwargs passed to `processor.__call__` have to be in `processor_kwargs` dict, not in `**kwargs`
[transformers] Kwargs passed to `processor.__call__` have to be in `processor_kwargs` dict, not in `**kwargs`
[transformers] Kwargs passed to `processor.__call__` have to be in `processor_kwargs` dict, not in `**kwargs`
[transformers] Kwargs passed to `processor.__call__` have to be in `processor_kwargs` dict, not in `**kwargs`
  [24/40] x8F5xyUWy9e       timeout  min_d  6.61  calls  50  11s/ep
[transformers] Kwargs passed to `processor.__call__` have to be in `processor_kwargs` dict, not in `**kwargs`
[transformers] Kwargs passed to `processor.__call__` have to be in `processor_kwargs` dict, not in `**kwargs`
[transformers] Kwargs passed to `processor.__call__` have to be in `processor_kwargs` dict, not in `**kwargs`
[transformers] Kwargs passed to `processor.__call__` have to be in `processor_kwargs` dict, not in `**kwargs`
[transformers] Kwargs passed to `processor.__call__` have to be in `processor_kwargs` dict, not in `**kwargs`
[transformers] Kwargs passed to `processor.__call__` have to be in `processor_kwargs` dict, not in `**kwargs`
[transformers] Kwargs passed to `processor.__call__` have to be in `processor_kwargs` dict, not in `**kwargs`
[transformers] Kwargs passed to `processor.__call__` have to be in `processor_kwargs` dict, not in `**kwargs`
[transformers] Kwargs passed to `processor.__call__` have to be in `processor_kwargs` dict, not in `**kwargs`
[transformers] Kwargs passed to `processor.__call__` have to be in `processor_kwargs` dict, not in `**kwargs`
[transformers] Kwargs passed to `processor.__call__` have to be in `processor_kwargs` dict, not in `**kwargs`
[transformers] Kwargs passed to `processor.__call__` have to be in `processor_kwargs` dict, not in `**kwargs`
[transformers] Kwargs passed to `processor.__call__` have to be in `processor_kwargs` dict, not in `**kwargs`
[transformers] Kwargs passed to `processor.__call__` have to be in `processor_kwargs` dict, not in `**kwargs`
[transformers] Kwargs passed to `processor.__call__` have to be in `processor_kwargs` dict, not in `**kwargs`
[transformers] Kwargs passed to `processor.__call__` have to be in `processor_kwargs` dict, not in `**kwargs`
[transformers] Kwargs passed to `processor.__call__` have to be in `processor_kwargs` dict, not in `**kwargs`
[transformers] Kwargs passed to `processor.__call__` have to be in `processor_kwargs` dict, not in `**kwargs`
[transformers] Kwargs passed to `processor.__call__` have to be in `processor_kwargs` dict, not in `**kwargs`
[transformers] Kwargs passed to `processor.__call__` have to be in `processor_kwargs` dict, not in `**kwargs`
[transformers] Kwargs passed to `processor.__call__` have to be in `processor_kwargs` dict, not in `**kwargs`
[transformers] Kwargs passed to `processor.__call__` have to be in `processor_kwargs` dict, not in `**kwargs`
[transformers] Kwargs passed to `processor.__call__` have to be in `processor_kwargs` dict, not in `**kwargs`
[transformers] Kwargs passed to `processor.__call__` have to be in `processor_kwargs` dict, not in `**kwargs`
[transformers] Kwargs passed to `processor.__call__` have to be in `processor_kwargs` dict, not in `**kwargs`
[transformers] Kwargs passed to `processor.__call__` have to be in `processor_kwargs` dict, not in `**kwargs`
[transformers] Kwargs passed to `processor.__call__` have to be in `processor_kwargs` dict, not in `**kwargs`
[transformers] Kwargs passed to `processor.__call__` have to be in `processor_kwargs` dict, not in `**kwargs`
[transformers] Kwargs passed to `processor.__call__` have to be in `processor_kwargs` dict, not in `**kwargs`
[transformers] Kwargs passed to `processor.__call__` have to be in `processor_kwargs` dict, not in `**kwargs`
[transformers] Kwargs passed to `processor.__call__` have to be in `processor_kwargs` dict, not in `**kwargs`
[transformers] Kwargs passed to `processor.__call__` have to be in `processor_kwargs` dict, not in `**kwargs`
[transformers] Kwargs passed to `processor.__call__` have to be in `processor_kwargs` dict, not in `**kwargs`
[transformers] Kwargs passed to `processor.__call__` have to be in `processor_kwargs` dict, not in `**kwargs`
[transformers] Kwargs passed to `processor.__call__` have to be in `processor_kwargs` dict, not in `**kwargs`
[transformers] Kwargs passed to `processor.__call__` have to be in `processor_kwargs` dict, not in `**kwargs`
[transformers] Kwargs passed to `processor.__call__` have to be in `processor_kwargs` dict, not in `**kwargs`
[transformers] Kwargs passed to `processor.__call__` have to be in `processor_kwargs` dict, not in `**kwargs`
[transformers] Kwargs passed to `processor.__call__` have to be in `processor_kwargs` dict, not in `**kwargs`
[transformers] Kwargs passed to `processor.__call__` have to be in `processor_kwargs` dict, not in `**kwargs`
[transformers] Kwargs passed to `processor.__call__` have to be in `processor_kwargs` dict, not in `**kwargs`
[transformers] Kwargs passed to `processor.__call__` have to be in `processor_kwargs` dict, not in `**kwargs`
[transformers] Kwargs passed to `processor.__call__` have to be in `processor_kwargs` dict, not in `**kwargs`
[transformers] Kwargs passed to `processor.__call__` have to be in `processor_kwargs` dict, not in `**kwargs`
[transformers] Kwargs passed to `processor.__call__` have to be in `processor_kwargs` dict, not in `**kwargs`
[transformers] Kwargs passed to `processor.__call__` have to be in `processor_kwargs` dict, not in `**kwargs`
[transformers] Kwargs passed to `processor.__call__` have to be in `processor_kwargs` dict, not in `**kwargs`
[transformers] Kwargs passed to `processor.__call__` have to be in `processor_kwargs` dict, not in `**kwargs`
[transformers] Kwargs passed to `processor.__call__` have to be in `processor_kwargs` dict, not in `**kwargs`
[transformers] Kwargs passed to `processor.__call__` have to be in `processor_kwargs` dict, not in `**kwargs`
  [25/40] x8F5xyUWy9e       timeout  min_d  1.71  calls  50  11s/ep
[transformers] Kwargs passed to `processor.__call__` have to be in `processor_kwargs` dict, not in `**kwargs`
[transformers] Kwargs passed to `processor.__call__` have to be in `processor_kwargs` dict, not in `**kwargs`
[transformers] Kwargs passed to `processor.__call__` have to be in `processor_kwargs` dict, not in `**kwargs`
[transformers] Kwargs passed to `processor.__call__` have to be in `processor_kwargs` dict, not in `**kwargs`
[transformers] Kwargs passed to `processor.__call__` have to be in `processor_kwargs` dict, not in `**kwargs`
[transformers] Kwargs passed to `processor.__call__` have to be in `processor_kwargs` dict, not in `**kwargs`
[transformers] Kwargs passed to `processor.__call__` have to be in `processor_kwargs` dict, not in `**kwargs`
[transformers] Kwargs passed to `processor.__call__` have to be in `processor_kwargs` dict, not in `**kwargs`
[transformers] Kwargs passed to `processor.__call__` have to be in `processor_kwargs` dict, not in `**kwargs`
[transformers] Kwargs passed to `processor.__call__` have to be in `processor_kwargs` dict, not in `**kwargs`
[transformers] Kwargs passed to `processor.__call__` have to be in `processor_kwargs` dict, not in `**kwargs`
[transformers] Kwargs passed to `processor.__call__` have to be in `processor_kwargs` dict, not in `**kwargs`
[transformers] Kwargs passed to `processor.__call__` have to be in `processor_kwargs` dict, not in `**kwargs`
[transformers] Kwargs passed to `processor.__call__` have to be in `processor_kwargs` dict, not in `**kwargs`
[transformers] Kwargs passed to `processor.__call__` have to be in `processor_kwargs` dict, not in `**kwargs`
[transformers] Kwargs passed to `processor.__call__` have to be in `processor_kwargs` dict, not in `**kwargs`
[transformers] Kwargs passed to `processor.__call__` have to be in `processor_kwargs` dict, not in `**kwargs`
[transformers] Kwargs passed to `processor.__call__` have to be in `processor_kwargs` dict, not in `**kwargs`
[transformers] Kwargs passed to `processor.__call__` have to be in `processor_kwargs` dict, not in `**kwargs`
[transformers] Kwargs passed to `processor.__call__` have to be in `processor_kwargs` dict, not in `**kwargs`
[transformers] Kwargs passed to `processor.__call__` have to be in `processor_kwargs` dict, not in `**kwargs`
[transformers] Kwargs passed to `processor.__call__` have to be in `processor_kwargs` dict, not in `**kwargs`
[transformers] Kwargs passed to `processor.__call__` have to be in `processor_kwargs` dict, not in `**kwargs`
[transformers] Kwargs passed to `processor.__call__` have to be in `processor_kwargs` dict, not in `**kwargs`
[transformers] Kwargs passed to `processor.__call__` have to be in `processor_kwargs` dict, not in `**kwargs`
[transformers] Kwargs passed to `processor.__call__` have to be in `processor_kwargs` dict, not in `**kwargs`
[transformers] Kwargs passed to `processor.__call__` have to be in `processor_kwargs` dict, not in `**kwargs`
[transformers] Kwargs passed to `processor.__call__` have to be in `processor_kwargs` dict, not in `**kwargs`
[transformers] Kwargs passed to `processor.__call__` have to be in `processor_kwargs` dict, not in `**kwargs`
[transformers] Kwargs passed to `processor.__call__` have to be in `processor_kwargs` dict, not in `**kwargs`
[transformers] Kwargs passed to `processor.__call__` have to be in `processor_kwargs` dict, not in `**kwargs`
[transformers] Kwargs passed to `processor.__call__` have to be in `processor_kwargs` dict, not in `**kwargs`
[transformers] Kwargs passed to `processor.__call__` have to be in `processor_kwargs` dict, not in `**kwargs`
[transformers] Kwargs passed to `processor.__call__` have to be in `processor_kwargs` dict, not in `**kwargs`
[transformers] Kwargs passed to `processor.__call__` have to be in `processor_kwargs` dict, not in `**kwargs`
[transformers] Kwargs passed to `processor.__call__` have to be in `processor_kwargs` dict, not in `**kwargs`
[transformers] Kwargs passed to `processor.__call__` have to be in `processor_kwargs` dict, not in `**kwargs`
[transformers] Kwargs passed to `processor.__call__` have to be in `processor_kwargs` dict, not in `**kwargs`
[transformers] Kwargs passed to `processor.__call__` have to be in `processor_kwargs` dict, not in `**kwargs`
[transformers] Kwargs passed to `processor.__call__` have to be in `processor_kwargs` dict, not in `**kwargs`
[transformers] Kwargs passed to `processor.__call__` have to be in `processor_kwargs` dict, not in `**kwargs`
[transformers] Kwargs passed to `processor.__call__` have to be in `processor_kwargs` dict, not in `**kwargs`
[transformers] Kwargs passed to `processor.__call__` have to be in `processor_kwargs` dict, not in `**kwargs`
[transformers] Kwargs passed to `processor.__call__` have to be in `processor_kwargs` dict, not in `**kwargs`
[transformers] Kwargs passed to `processor.__call__` have to be in `processor_kwargs` dict, not in `**kwargs`
[transformers] Kwargs passed to `processor.__call__` have to be in `processor_kwargs` dict, not in `**kwargs`
[transformers] Kwargs passed to `processor.__call__` have to be in `processor_kwargs` dict, not in `**kwargs`
[transformers] Kwargs passed to `processor.__call__` have to be in `processor_kwargs` dict, not in `**kwargs`
[transformers] Kwargs passed to `processor.__call__` have to be in `processor_kwargs` dict, not in `**kwargs`
[transformers] Kwargs passed to `processor.__call__` have to be in `processor_kwargs` dict, not in `**kwargs`
  [26/40] x8F5xyUWy9e       timeout  min_d  1.52  calls  50  11s/ep
[transformers] Kwargs passed to `processor.__call__` have to be in `processor_kwargs` dict, not in `**kwargs`
[transformers] Kwargs passed to `processor.__call__` have to be in `processor_kwargs` dict, not in `**kwargs`
[transformers] Kwargs passed to `processor.__call__` have to be in `processor_kwargs` dict, not in `**kwargs`
[transformers] Kwargs passed to `processor.__call__` have to be in `processor_kwargs` dict, not in `**kwargs`
[transformers] Kwargs passed to `processor.__call__` have to be in `processor_kwargs` dict, not in `**kwargs`
[transformers] Kwargs passed to `processor.__call__` have to be in `processor_kwargs` dict, not in `**kwargs`
[transformers] Kwargs passed to `processor.__call__` have to be in `processor_kwargs` dict, not in `**kwargs`
[transformers] Kwargs passed to `processor.__call__` have to be in `processor_kwargs` dict, not in `**kwargs`
[transformers] Kwargs passed to `processor.__call__` have to be in `processor_kwargs` dict, not in `**kwargs`
[transformers] Kwargs passed to `processor.__call__` have to be in `processor_kwargs` dict, not in `**kwargs`
[transformers] Kwargs passed to `processor.__call__` have to be in `processor_kwargs` dict, not in `**kwargs`
[transformers] Kwargs passed to `processor.__call__` have to be in `processor_kwargs` dict, not in `**kwargs`
[transformers] Kwargs passed to `processor.__call__` have to be in `processor_kwargs` dict, not in `**kwargs`
[transformers] Kwargs passed to `processor.__call__` have to be in `processor_kwargs` dict, not in `**kwargs`
[transformers] Kwargs passed to `processor.__call__` have to be in `processor_kwargs` dict, not in `**kwargs`
[transformers] Kwargs passed to `processor.__call__` have to be in `processor_kwargs` dict, not in `**kwargs`
[transformers] Kwargs passed to `processor.__call__` have to be in `processor_kwargs` dict, not in `**kwargs`
[transformers] Kwargs passed to `processor.__call__` have to be in `processor_kwargs` dict, not in `**kwargs`
[transformers] Kwargs passed to `processor.__call__` have to be in `processor_kwargs` dict, not in `**kwargs`
[transformers] Kwargs passed to `processor.__call__` have to be in `processor_kwargs` dict, not in `**kwargs`
[transformers] Kwargs passed to `processor.__call__` have to be in `processor_kwargs` dict, not in `**kwargs`
[transformers] Kwargs passed to `processor.__call__` have to be in `processor_kwargs` dict, not in `**kwargs`
[transformers] Kwargs passed to `processor.__call__` have to be in `processor_kwargs` dict, not in `**kwargs`
[transformers] Kwargs passed to `processor.__call__` have to be in `processor_kwargs` dict, not in `**kwargs`
[transformers] Kwargs passed to `processor.__call__` have to be in `processor_kwargs` dict, not in `**kwargs`
[transformers] Kwargs passed to `processor.__call__` have to be in `processor_kwargs` dict, not in `**kwargs`
[transformers] Kwargs passed to `processor.__call__` have to be in `processor_kwargs` dict, not in `**kwargs`
[transformers] Kwargs passed to `processor.__call__` have to be in `processor_kwargs` dict, not in `**kwargs`
[transformers] Kwargs passed to `processor.__call__` have to be in `processor_kwargs` dict, not in `**kwargs`
[transformers] Kwargs passed to `processor.__call__` have to be in `processor_kwargs` dict, not in `**kwargs`
[transformers] Kwargs passed to `processor.__call__` have to be in `processor_kwargs` dict, not in `**kwargs`
[transformers] Kwargs passed to `processor.__call__` have to be in `processor_kwargs` dict, not in `**kwargs`
[transformers] Kwargs passed to `processor.__call__` have to be in `processor_kwargs` dict, not in `**kwargs`
[transformers] Kwargs passed to `processor.__call__` have to be in `processor_kwargs` dict, not in `**kwargs`
[transformers] Kwargs passed to `processor.__call__` have to be in `processor_kwargs` dict, not in `**kwargs`
[transformers] Kwargs passed to `processor.__call__` have to be in `processor_kwargs` dict, not in `**kwargs`
[transformers] Kwargs passed to `processor.__call__` have to be in `processor_kwargs` dict, not in `**kwargs`
[transformers] Kwargs passed to `processor.__call__` have to be in `processor_kwargs` dict, not in `**kwargs`
[transformers] Kwargs passed to `processor.__call__` have to be in `processor_kwargs` dict, not in `**kwargs`
[transformers] Kwargs passed to `processor.__call__` have to be in `processor_kwargs` dict, not in `**kwargs`
[transformers] Kwargs passed to `processor.__call__` have to be in `processor_kwargs` dict, not in `**kwargs`
[transformers] Kwargs passed to `processor.__call__` have to be in `processor_kwargs` dict, not in `**kwargs`
[transformers] Kwargs passed to `processor.__call__` have to be in `processor_kwargs` dict, not in `**kwargs`
[transformers] Kwargs passed to `processor.__call__` have to be in `processor_kwargs` dict, not in `**kwargs`
[transformers] Kwargs passed to `processor.__call__` have to be in `processor_kwargs` dict, not in `**kwargs`
[transformers] Kwargs passed to `processor.__call__` have to be in `processor_kwargs` dict, not in `**kwargs`
[transformers] Kwargs passed to `processor.__call__` have to be in `processor_kwargs` dict, not in `**kwargs`
[transformers] Kwargs passed to `processor.__call__` have to be in `processor_kwargs` dict, not in `**kwargs`
[transformers] Kwargs passed to `processor.__call__` have to be in `processor_kwargs` dict, not in `**kwargs`
[transformers] Kwargs passed to `processor.__call__` have to be in `processor_kwargs` dict, not in `**kwargs`
  [27/40] x8F5xyUWy9e       timeout  min_d  6.36  calls  50  11s/ep
[transformers] Kwargs passed to `processor.__call__` have to be in `processor_kwargs` dict, not in `**kwargs`
[transformers] Kwargs passed to `processor.__call__` have to be in `processor_kwargs` dict, not in `**kwargs`
[transformers] Kwargs passed to `processor.__call__` have to be in `processor_kwargs` dict, not in `**kwargs`
[transformers] Kwargs passed to `processor.__call__` have to be in `processor_kwargs` dict, not in `**kwargs`
[transformers] Kwargs passed to `processor.__call__` have to be in `processor_kwargs` dict, not in `**kwargs`
[transformers] Kwargs passed to `processor.__call__` have to be in `processor_kwargs` dict, not in `**kwargs`
[transformers] Kwargs passed to `processor.__call__` have to be in `processor_kwargs` dict, not in `**kwargs`
[transformers] Kwargs passed to `processor.__call__` have to be in `processor_kwargs` dict, not in `**kwargs`
[transformers] Kwargs passed to `processor.__call__` have to be in `processor_kwargs` dict, not in `**kwargs`
[transformers] Kwargs passed to `processor.__call__` have to be in `processor_kwargs` dict, not in `**kwargs`
[transformers] Kwargs passed to `processor.__call__` have to be in `processor_kwargs` dict, not in `**kwargs`
[transformers] Kwargs passed to `processor.__call__` have to be in `processor_kwargs` dict, not in `**kwargs`
[transformers] Kwargs passed to `processor.__call__` have to be in `processor_kwargs` dict, not in `**kwargs`
[transformers] Kwargs passed to `processor.__call__` have to be in `processor_kwargs` dict, not in `**kwargs`
[transformers] Kwargs passed to `processor.__call__` have to be in `processor_kwargs` dict, not in `**kwargs`
[transformers] Kwargs passed to `processor.__call__` have to be in `processor_kwargs` dict, not in `**kwargs`
[transformers] Kwargs passed to `processor.__call__` have to be in `processor_kwargs` dict, not in `**kwargs`
[transformers] Kwargs passed to `processor.__call__` have to be in `processor_kwargs` dict, not in `**kwargs`
[transformers] Kwargs passed to `processor.__call__` have to be in `processor_kwargs` dict, not in `**kwargs`
[transformers] Kwargs passed to `processor.__call__` have to be in `processor_kwargs` dict, not in `**kwargs`
[transformers] Kwargs passed to `processor.__call__` have to be in `processor_kwargs` dict, not in `**kwargs`
[transformers] Kwargs passed to `processor.__call__` have to be in `processor_kwargs` dict, not in `**kwargs`
[transformers] Kwargs passed to `processor.__call__` have to be in `processor_kwargs` dict, not in `**kwargs`
[transformers] Kwargs passed to `processor.__call__` have to be in `processor_kwargs` dict, not in `**kwargs`
[transformers] Kwargs passed to `processor.__call__` have to be in `processor_kwargs` dict, not in `**kwargs`
[transformers] Kwargs passed to `processor.__call__` have to be in `processor_kwargs` dict, not in `**kwargs`
[transformers] Kwargs passed to `processor.__call__` have to be in `processor_kwargs` dict, not in `**kwargs`
[transformers] Kwargs passed to `processor.__call__` have to be in `processor_kwargs` dict, not in `**kwargs`
[transformers] Kwargs passed to `processor.__call__` have to be in `processor_kwargs` dict, not in `**kwargs`
[transformers] Kwargs passed to `processor.__call__` have to be in `processor_kwargs` dict, not in `**kwargs`
[transformers] Kwargs passed to `processor.__call__` have to be in `processor_kwargs` dict, not in `**kwargs`
[transformers] Kwargs passed to `processor.__call__` have to be in `processor_kwargs` dict, not in `**kwargs`
[transformers] Kwargs passed to `processor.__call__` have to be in `processor_kwargs` dict, not in `**kwargs`
[transformers] Kwargs passed to `processor.__call__` have to be in `processor_kwargs` dict, not in `**kwargs`
[transformers] Kwargs passed to `processor.__call__` have to be in `processor_kwargs` dict, not in `**kwargs`
[transformers] Kwargs passed to `processor.__call__` have to be in `processor_kwargs` dict, not in `**kwargs`
[transformers] Kwargs passed to `processor.__call__` have to be in `processor_kwargs` dict, not in `**kwargs`
[transformers] Kwargs passed to `processor.__call__` have to be in `processor_kwargs` dict, not in `**kwargs`
[transformers] Kwargs passed to `processor.__call__` have to be in `processor_kwargs` dict, not in `**kwargs`
[transformers] Kwargs passed to `processor.__call__` have to be in `processor_kwargs` dict, not in `**kwargs`
[transformers] Kwargs passed to `processor.__call__` have to be in `processor_kwargs` dict, not in `**kwargs`
[transformers] Kwargs passed to `processor.__call__` have to be in `processor_kwargs` dict, not in `**kwargs`
[transformers] Kwargs passed to `processor.__call__` have to be in `processor_kwargs` dict, not in `**kwargs`
[transformers] Kwargs passed to `processor.__call__` have to be in `processor_kwargs` dict, not in `**kwargs`
[transformers] Kwargs passed to `processor.__call__` have to be in `processor_kwargs` dict, not in `**kwargs`
[transformers] Kwargs passed to `processor.__call__` have to be in `processor_kwargs` dict, not in `**kwargs`
[transformers] Kwargs passed to `processor.__call__` have to be in `processor_kwargs` dict, not in `**kwargs`
[transformers] Kwargs passed to `processor.__call__` have to be in `processor_kwargs` dict, not in `**kwargs`
[transformers] Kwargs passed to `processor.__call__` have to be in `processor_kwargs` dict, not in `**kwargs`
[transformers] Kwargs passed to `processor.__call__` have to be in `processor_kwargs` dict, not in `**kwargs`
[transformers] Kwargs passed to `processor.__call__` have to be in `processor_kwargs` dict, not in `**kwargs`
  [28/40] zsNo4HB9uLZ       timeout  min_d  0.89  calls  51  11s/ep
[transformers] Kwargs passed to `processor.__call__` have to be in `processor_kwargs` dict, not in `**kwargs`
[transformers] Kwargs passed to `processor.__call__` have to be in `processor_kwargs` dict, not in `**kwargs`
[transformers] Kwargs passed to `processor.__call__` have to be in `processor_kwargs` dict, not in `**kwargs`
[transformers] Kwargs passed to `processor.__call__` have to be in `processor_kwargs` dict, not in `**kwargs`
[transformers] Kwargs passed to `processor.__call__` have to be in `processor_kwargs` dict, not in `**kwargs`
[transformers] Kwargs passed to `processor.__call__` have to be in `processor_kwargs` dict, not in `**kwargs`
[transformers] Kwargs passed to `processor.__call__` have to be in `processor_kwargs` dict, not in `**kwargs`
[transformers] Kwargs passed to `processor.__call__` have to be in `processor_kwargs` dict, not in `**kwargs`
[transformers] Kwargs passed to `processor.__call__` have to be in `processor_kwargs` dict, not in `**kwargs`
[transformers] Kwargs passed to `processor.__call__` have to be in `processor_kwargs` dict, not in `**kwargs`
[transformers] Kwargs passed to `processor.__call__` have to be in `processor_kwargs` dict, not in `**kwargs`
[transformers] Kwargs passed to `processor.__call__` have to be in `processor_kwargs` dict, not in `**kwargs`
[transformers] Kwargs passed to `processor.__call__` have to be in `processor_kwargs` dict, not in `**kwargs`
[transformers] Kwargs passed to `processor.__call__` have to be in `processor_kwargs` dict, not in `**kwargs`
[transformers] Kwargs passed to `processor.__call__` have to be in `processor_kwargs` dict, not in `**kwargs`
[transformers] Kwargs passed to `processor.__call__` have to be in `processor_kwargs` dict, not in `**kwargs`
[transformers] Kwargs passed to `processor.__call__` have to be in `processor_kwargs` dict, not in `**kwargs`
[transformers] Kwargs passed to `processor.__call__` have to be in `processor_kwargs` dict, not in `**kwargs`
[transformers] Kwargs passed to `processor.__call__` have to be in `processor_kwargs` dict, not in `**kwargs`
[transformers] Kwargs passed to `processor.__call__` have to be in `processor_kwargs` dict, not in `**kwargs`
[transformers] Kwargs passed to `processor.__call__` have to be in `processor_kwargs` dict, not in `**kwargs`
[transformers] Kwargs passed to `processor.__call__` have to be in `processor_kwargs` dict, not in `**kwargs`
[transformers] Kwargs passed to `processor.__call__` have to be in `processor_kwargs` dict, not in `**kwargs`
[transformers] Kwargs passed to `processor.__call__` have to be in `processor_kwargs` dict, not in `**kwargs`
[transformers] Kwargs passed to `processor.__call__` have to be in `processor_kwargs` dict, not in `**kwargs`
[transformers] Kwargs passed to `processor.__call__` have to be in `processor_kwargs` dict, not in `**kwargs`
[transformers] Kwargs passed to `processor.__call__` have to be in `processor_kwargs` dict, not in `**kwargs`
[transformers] Kwargs passed to `processor.__call__` have to be in `processor_kwargs` dict, not in `**kwargs`
[transformers] Kwargs passed to `processor.__call__` have to be in `processor_kwargs` dict, not in `**kwargs`
[transformers] Kwargs passed to `processor.__call__` have to be in `processor_kwargs` dict, not in `**kwargs`
[transformers] Kwargs passed to `processor.__call__` have to be in `processor_kwargs` dict, not in `**kwargs`
[transformers] Kwargs passed to `processor.__call__` have to be in `processor_kwargs` dict, not in `**kwargs`
[transformers] Kwargs passed to `processor.__call__` have to be in `processor_kwargs` dict, not in `**kwargs`
[transformers] Kwargs passed to `processor.__call__` have to be in `processor_kwargs` dict, not in `**kwargs`
[transformers] Kwargs passed to `processor.__call__` have to be in `processor_kwargs` dict, not in `**kwargs`
[transformers] Kwargs passed to `processor.__call__` have to be in `processor_kwargs` dict, not in `**kwargs`
[transformers] Kwargs passed to `processor.__call__` have to be in `processor_kwargs` dict, not in `**kwargs`
[transformers] Kwargs passed to `processor.__call__` have to be in `processor_kwargs` dict, not in `**kwargs`
[transformers] Kwargs passed to `processor.__call__` have to be in `processor_kwargs` dict, not in `**kwargs`
[transformers] Kwargs passed to `processor.__call__` have to be in `processor_kwargs` dict, not in `**kwargs`
[transformers] Kwargs passed to `processor.__call__` have to be in `processor_kwargs` dict, not in `**kwargs`
[transformers] Kwargs passed to `processor.__call__` have to be in `processor_kwargs` dict, not in `**kwargs`
[transformers] Kwargs passed to `processor.__call__` have to be in `processor_kwargs` dict, not in `**kwargs`
[transformers] Kwargs passed to `processor.__call__` have to be in `processor_kwargs` dict, not in `**kwargs`
[transformers] Kwargs passed to `processor.__call__` have to be in `processor_kwargs` dict, not in `**kwargs`
[transformers] Kwargs passed to `processor.__call__` have to be in `processor_kwargs` dict, not in `**kwargs`
[transformers] Kwargs passed to `processor.__call__` have to be in `processor_kwargs` dict, not in `**kwargs`
[transformers] Kwargs passed to `processor.__call__` have to be in `processor_kwargs` dict, not in `**kwargs`
[transformers] Kwargs passed to `processor.__call__` have to be in `processor_kwargs` dict, not in `**kwargs`
[transformers] Kwargs passed to `processor.__call__` have to be in `processor_kwargs` dict, not in `**kwargs`
  [29/40] zsNo4HB9uLZ       timeout  min_d  0.70  calls  50  11s/ep
[transformers] Kwargs passed to `processor.__call__` have to be in `processor_kwargs` dict, not in `**kwargs`
[transformers] Kwargs passed to `processor.__call__` have to be in `processor_kwargs` dict, not in `**kwargs`
[transformers] Kwargs passed to `processor.__call__` have to be in `processor_kwargs` dict, not in `**kwargs`
[transformers] Kwargs passed to `processor.__call__` have to be in `processor_kwargs` dict, not in `**kwargs`
[transformers] Kwargs passed to `processor.__call__` have to be in `processor_kwargs` dict, not in `**kwargs`
[transformers] Kwargs passed to `processor.__call__` have to be in `processor_kwargs` dict, not in `**kwargs`
[transformers] Kwargs passed to `processor.__call__` have to be in `processor_kwargs` dict, not in `**kwargs`
[transformers] Kwargs passed to `processor.__call__` have to be in `processor_kwargs` dict, not in `**kwargs`
[transformers] Kwargs passed to `processor.__call__` have to be in `processor_kwargs` dict, not in `**kwargs`
[transformers] Kwargs passed to `processor.__call__` have to be in `processor_kwargs` dict, not in `**kwargs`
[transformers] Kwargs passed to `processor.__call__` have to be in `processor_kwargs` dict, not in `**kwargs`
[transformers] Kwargs passed to `processor.__call__` have to be in `processor_kwargs` dict, not in `**kwargs`
[transformers] Kwargs passed to `processor.__call__` have to be in `processor_kwargs` dict, not in `**kwargs`
[transformers] Kwargs passed to `processor.__call__` have to be in `processor_kwargs` dict, not in `**kwargs`
[transformers] Kwargs passed to `processor.__call__` have to be in `processor_kwargs` dict, not in `**kwargs`
[transformers] Kwargs passed to `processor.__call__` have to be in `processor_kwargs` dict, not in `**kwargs`
[transformers] Kwargs passed to `processor.__call__` have to be in `processor_kwargs` dict, not in `**kwargs`
[transformers] Kwargs passed to `processor.__call__` have to be in `processor_kwargs` dict, not in `**kwargs`
[transformers] Kwargs passed to `processor.__call__` have to be in `processor_kwargs` dict, not in `**kwargs`
[transformers] Kwargs passed to `processor.__call__` have to be in `processor_kwargs` dict, not in `**kwargs`
[transformers] Kwargs passed to `processor.__call__` have to be in `processor_kwargs` dict, not in `**kwargs`
[transformers] Kwargs passed to `processor.__call__` have to be in `processor_kwargs` dict, not in `**kwargs`
[transformers] Kwargs passed to `processor.__call__` have to be in `processor_kwargs` dict, not in `**kwargs`
[transformers] Kwargs passed to `processor.__call__` have to be in `processor_kwargs` dict, not in `**kwargs`
[transformers] Kwargs passed to `processor.__call__` have to be in `processor_kwargs` dict, not in `**kwargs`
[transformers] Kwargs passed to `processor.__call__` have to be in `processor_kwargs` dict, not in `**kwargs`
[transformers] Kwargs passed to `processor.__call__` have to be in `processor_kwargs` dict, not in `**kwargs`
[transformers] Kwargs passed to `processor.__call__` have to be in `processor_kwargs` dict, not in `**kwargs`
[transformers] Kwargs passed to `processor.__call__` have to be in `processor_kwargs` dict, not in `**kwargs`
[transformers] Kwargs passed to `processor.__call__` have to be in `processor_kwargs` dict, not in `**kwargs`
[transformers] Kwargs passed to `processor.__call__` have to be in `processor_kwargs` dict, not in `**kwargs`
[transformers] Kwargs passed to `processor.__call__` have to be in `processor_kwargs` dict, not in `**kwargs`
[transformers] Kwargs passed to `processor.__call__` have to be in `processor_kwargs` dict, not in `**kwargs`
[transformers] Kwargs passed to `processor.__call__` have to be in `processor_kwargs` dict, not in `**kwargs`
[transformers] Kwargs passed to `processor.__call__` have to be in `processor_kwargs` dict, not in `**kwargs`
[transformers] Kwargs passed to `processor.__call__` have to be in `processor_kwargs` dict, not in `**kwargs`
[transformers] Kwargs passed to `processor.__call__` have to be in `processor_kwargs` dict, not in `**kwargs`
[transformers] Kwargs passed to `processor.__call__` have to be in `processor_kwargs` dict, not in `**kwargs`
[transformers] Kwargs passed to `processor.__call__` have to be in `processor_kwargs` dict, not in `**kwargs`
[transformers] Kwargs passed to `processor.__call__` have to be in `processor_kwargs` dict, not in `**kwargs`
[transformers] Kwargs passed to `processor.__call__` have to be in `processor_kwargs` dict, not in `**kwargs`
[transformers] Kwargs passed to `processor.__call__` have to be in `processor_kwargs` dict, not in `**kwargs`
[transformers] Kwargs passed to `processor.__call__` have to be in `processor_kwargs` dict, not in `**kwargs`
[transformers] Kwargs passed to `processor.__call__` have to be in `processor_kwargs` dict, not in `**kwargs`
[transformers] Kwargs passed to `processor.__call__` have to be in `processor_kwargs` dict, not in `**kwargs`
[transformers] Kwargs passed to `processor.__call__` have to be in `processor_kwargs` dict, not in `**kwargs`
[transformers] Kwargs passed to `processor.__call__` have to be in `processor_kwargs` dict, not in `**kwargs`
[transformers] Kwargs passed to `processor.__call__` have to be in `processor_kwargs` dict, not in `**kwargs`
[transformers] Kwargs passed to `processor.__call__` have to be in `processor_kwargs` dict, not in `**kwargs`
[transformers] Kwargs passed to `processor.__call__` have to be in `processor_kwargs` dict, not in `**kwargs`
  [30/40] zsNo4HB9uLZ       timeout  min_d  3.92  calls  50  11s/ep
[transformers] Kwargs passed to `processor.__call__` have to be in `processor_kwargs` dict, not in `**kwargs`
[transformers] Kwargs passed to `processor.__call__` have to be in `processor_kwargs` dict, not in `**kwargs`
[transformers] Kwargs passed to `processor.__call__` have to be in `processor_kwargs` dict, not in `**kwargs`
[transformers] Kwargs passed to `processor.__call__` have to be in `processor_kwargs` dict, not in `**kwargs`
[transformers] Kwargs passed to `processor.__call__` have to be in `processor_kwargs` dict, not in `**kwargs`
[transformers] Kwargs passed to `processor.__call__` have to be in `processor_kwargs` dict, not in `**kwargs`
[transformers] Kwargs passed to `processor.__call__` have to be in `processor_kwargs` dict, not in `**kwargs`
[transformers] Kwargs passed to `processor.__call__` have to be in `processor_kwargs` dict, not in `**kwargs`
[transformers] Kwargs passed to `processor.__call__` have to be in `processor_kwargs` dict, not in `**kwargs`
[transformers] Kwargs passed to `processor.__call__` have to be in `processor_kwargs` dict, not in `**kwargs`
[transformers] Kwargs passed to `processor.__call__` have to be in `processor_kwargs` dict, not in `**kwargs`
[transformers] Kwargs passed to `processor.__call__` have to be in `processor_kwargs` dict, not in `**kwargs`
[transformers] Kwargs passed to `processor.__call__` have to be in `processor_kwargs` dict, not in `**kwargs`
[transformers] Kwargs passed to `processor.__call__` have to be in `processor_kwargs` dict, not in `**kwargs`
[transformers] Kwargs passed to `processor.__call__` have to be in `processor_kwargs` dict, not in `**kwargs`
[transformers] Kwargs passed to `processor.__call__` have to be in `processor_kwargs` dict, not in `**kwargs`
[transformers] Kwargs passed to `processor.__call__` have to be in `processor_kwargs` dict, not in `**kwargs`
[transformers] Kwargs passed to `processor.__call__` have to be in `processor_kwargs` dict, not in `**kwargs`
[transformers] Kwargs passed to `processor.__call__` have to be in `processor_kwargs` dict, not in `**kwargs`
[transformers] Kwargs passed to `processor.__call__` have to be in `processor_kwargs` dict, not in `**kwargs`
[transformers] Kwargs passed to `processor.__call__` have to be in `processor_kwargs` dict, not in `**kwargs`
[transformers] Kwargs passed to `processor.__call__` have to be in `processor_kwargs` dict, not in `**kwargs`
[transformers] Kwargs passed to `processor.__call__` have to be in `processor_kwargs` dict, not in `**kwargs`
[transformers] Kwargs passed to `processor.__call__` have to be in `processor_kwargs` dict, not in `**kwargs`
[transformers] Kwargs passed to `processor.__call__` have to be in `processor_kwargs` dict, not in `**kwargs`
[transformers] Kwargs passed to `processor.__call__` have to be in `processor_kwargs` dict, not in `**kwargs`
[transformers] Kwargs passed to `processor.__call__` have to be in `processor_kwargs` dict, not in `**kwargs`
[transformers] Kwargs passed to `processor.__call__` have to be in `processor_kwargs` dict, not in `**kwargs`
[transformers] Kwargs passed to `processor.__call__` have to be in `processor_kwargs` dict, not in `**kwargs`
[transformers] Kwargs passed to `processor.__call__` have to be in `processor_kwargs` dict, not in `**kwargs`
[transformers] Kwargs passed to `processor.__call__` have to be in `processor_kwargs` dict, not in `**kwargs`
[transformers] Kwargs passed to `processor.__call__` have to be in `processor_kwargs` dict, not in `**kwargs`
[transformers] Kwargs passed to `processor.__call__` have to be in `processor_kwargs` dict, not in `**kwargs`
[transformers] Kwargs passed to `processor.__call__` have to be in `processor_kwargs` dict, not in `**kwargs`
[transformers] Kwargs passed to `processor.__call__` have to be in `processor_kwargs` dict, not in `**kwargs`
[transformers] Kwargs passed to `processor.__call__` have to be in `processor_kwargs` dict, not in `**kwargs`
[transformers] Kwargs passed to `processor.__call__` have to be in `processor_kwargs` dict, not in `**kwargs`
[transformers] Kwargs passed to `processor.__call__` have to be in `processor_kwargs` dict, not in `**kwargs`
[transformers] Kwargs passed to `processor.__call__` have to be in `processor_kwargs` dict, not in `**kwargs`
[transformers] Kwargs passed to `processor.__call__` have to be in `processor_kwargs` dict, not in `**kwargs`
[transformers] Kwargs passed to `processor.__call__` have to be in `processor_kwargs` dict, not in `**kwargs`
[transformers] Kwargs passed to `processor.__call__` have to be in `processor_kwargs` dict, not in `**kwargs`
[transformers] Kwargs passed to `processor.__call__` have to be in `processor_kwargs` dict, not in `**kwargs`
[transformers] Kwargs passed to `processor.__call__` have to be in `processor_kwargs` dict, not in `**kwargs`
[transformers] Kwargs passed to `processor.__call__` have to be in `processor_kwargs` dict, not in `**kwargs`
[transformers] Kwargs passed to `processor.__call__` have to be in `processor_kwargs` dict, not in `**kwargs`
[transformers] Kwargs passed to `processor.__call__` have to be in `processor_kwargs` dict, not in `**kwargs`
[transformers] Kwargs passed to `processor.__call__` have to be in `processor_kwargs` dict, not in `**kwargs`
[transformers] Kwargs passed to `processor.__call__` have to be in `processor_kwargs` dict, not in `**kwargs`
[transformers] Kwargs passed to `processor.__call__` have to be in `processor_kwargs` dict, not in `**kwargs`
  [31/40] zsNo4HB9uLZ       timeout  min_d 11.35  calls  50  12s/ep
[transformers] Kwargs passed to `processor.__call__` have to be in `processor_kwargs` dict, not in `**kwargs`
[transformers] Kwargs passed to `processor.__call__` have to be in `processor_kwargs` dict, not in `**kwargs`
[transformers] Kwargs passed to `processor.__call__` have to be in `processor_kwargs` dict, not in `**kwargs`
[transformers] Kwargs passed to `processor.__call__` have to be in `processor_kwargs` dict, not in `**kwargs`
[transformers] Kwargs passed to `processor.__call__` have to be in `processor_kwargs` dict, not in `**kwargs`
[transformers] Kwargs passed to `processor.__call__` have to be in `processor_kwargs` dict, not in `**kwargs`
[transformers] Kwargs passed to `processor.__call__` have to be in `processor_kwargs` dict, not in `**kwargs`
[transformers] Kwargs passed to `processor.__call__` have to be in `processor_kwargs` dict, not in `**kwargs`
[transformers] Kwargs passed to `processor.__call__` have to be in `processor_kwargs` dict, not in `**kwargs`
[transformers] Kwargs passed to `processor.__call__` have to be in `processor_kwargs` dict, not in `**kwargs`
[transformers] Kwargs passed to `processor.__call__` have to be in `processor_kwargs` dict, not in `**kwargs`
[transformers] Kwargs passed to `processor.__call__` have to be in `processor_kwargs` dict, not in `**kwargs`
[transformers] Kwargs passed to `processor.__call__` have to be in `processor_kwargs` dict, not in `**kwargs`
[transformers] Kwargs passed to `processor.__call__` have to be in `processor_kwargs` dict, not in `**kwargs`
[transformers] Kwargs passed to `processor.__call__` have to be in `processor_kwargs` dict, not in `**kwargs`
[transformers] Kwargs passed to `processor.__call__` have to be in `processor_kwargs` dict, not in `**kwargs`
[transformers] Kwargs passed to `processor.__call__` have to be in `processor_kwargs` dict, not in `**kwargs`
[transformers] Kwargs passed to `processor.__call__` have to be in `processor_kwargs` dict, not in `**kwargs`
[transformers] Kwargs passed to `processor.__call__` have to be in `processor_kwargs` dict, not in `**kwargs`
[transformers] Kwargs passed to `processor.__call__` have to be in `processor_kwargs` dict, not in `**kwargs`
[transformers] Kwargs passed to `processor.__call__` have to be in `processor_kwargs` dict, not in `**kwargs`
[transformers] Kwargs passed to `processor.__call__` have to be in `processor_kwargs` dict, not in `**kwargs`
[transformers] Kwargs passed to `processor.__call__` have to be in `processor_kwargs` dict, not in `**kwargs`
[transformers] Kwargs passed to `processor.__call__` have to be in `processor_kwargs` dict, not in `**kwargs`
[transformers] Kwargs passed to `processor.__call__` have to be in `processor_kwargs` dict, not in `**kwargs`
[transformers] Kwargs passed to `processor.__call__` have to be in `processor_kwargs` dict, not in `**kwargs`
[transformers] Kwargs passed to `processor.__call__` have to be in `processor_kwargs` dict, not in `**kwargs`
[transformers] Kwargs passed to `processor.__call__` have to be in `processor_kwargs` dict, not in `**kwargs`
[transformers] Kwargs passed to `processor.__call__` have to be in `processor_kwargs` dict, not in `**kwargs`
[transformers] Kwargs passed to `processor.__call__` have to be in `processor_kwargs` dict, not in `**kwargs`
[transformers] Kwargs passed to `processor.__call__` have to be in `processor_kwargs` dict, not in `**kwargs`
[transformers] Kwargs passed to `processor.__call__` have to be in `processor_kwargs` dict, not in `**kwargs`
[transformers] Kwargs passed to `processor.__call__` have to be in `processor_kwargs` dict, not in `**kwargs`
[transformers] Kwargs passed to `processor.__call__` have to be in `processor_kwargs` dict, not in `**kwargs`
[transformers] Kwargs passed to `processor.__call__` have to be in `processor_kwargs` dict, not in `**kwargs`
[transformers] Kwargs passed to `processor.__call__` have to be in `processor_kwargs` dict, not in `**kwargs`
[transformers] Kwargs passed to `processor.__call__` have to be in `processor_kwargs` dict, not in `**kwargs`
[transformers] Kwargs passed to `processor.__call__` have to be in `processor_kwargs` dict, not in `**kwargs`
[transformers] Kwargs passed to `processor.__call__` have to be in `processor_kwargs` dict, not in `**kwargs`
[transformers] Kwargs passed to `processor.__call__` have to be in `processor_kwargs` dict, not in `**kwargs`
[transformers] Kwargs passed to `processor.__call__` have to be in `processor_kwargs` dict, not in `**kwargs`
[transformers] Kwargs passed to `processor.__call__` have to be in `processor_kwargs` dict, not in `**kwargs`
[transformers] Kwargs passed to `processor.__call__` have to be in `processor_kwargs` dict, not in `**kwargs`
[transformers] Kwargs passed to `processor.__call__` have to be in `processor_kwargs` dict, not in `**kwargs`
[transformers] Kwargs passed to `processor.__call__` have to be in `processor_kwargs` dict, not in `**kwargs`
[transformers] Kwargs passed to `processor.__call__` have to be in `processor_kwargs` dict, not in `**kwargs`
[transformers] Kwargs passed to `processor.__call__` have to be in `processor_kwargs` dict, not in `**kwargs`
[transformers] Kwargs passed to `processor.__call__` have to be in `processor_kwargs` dict, not in `**kwargs`
[transformers] Kwargs passed to `processor.__call__` have to be in `processor_kwargs` dict, not in `**kwargs`
[transformers] Kwargs passed to `processor.__call__` have to be in `processor_kwargs` dict, not in `**kwargs`
  [32/40] zsNo4HB9uLZ       timeout  min_d  3.32  calls  50  12s/ep
[transformers] Kwargs passed to `processor.__call__` have to be in `processor_kwargs` dict, not in `**kwargs`
[transformers] Kwargs passed to `processor.__call__` have to be in `processor_kwargs` dict, not in `**kwargs`
[transformers] Kwargs passed to `processor.__call__` have to be in `processor_kwargs` dict, not in `**kwargs`
[transformers] Kwargs passed to `processor.__call__` have to be in `processor_kwargs` dict, not in `**kwargs`
[transformers] Kwargs passed to `processor.__call__` have to be in `processor_kwargs` dict, not in `**kwargs`
[transformers] Kwargs passed to `processor.__call__` have to be in `processor_kwargs` dict, not in `**kwargs`
[transformers] Kwargs passed to `processor.__call__` have to be in `processor_kwargs` dict, not in `**kwargs`
[transformers] Kwargs passed to `processor.__call__` have to be in `processor_kwargs` dict, not in `**kwargs`
[transformers] Kwargs passed to `processor.__call__` have to be in `processor_kwargs` dict, not in `**kwargs`
[transformers] Kwargs passed to `processor.__call__` have to be in `processor_kwargs` dict, not in `**kwargs`
[transformers] Kwargs passed to `processor.__call__` have to be in `processor_kwargs` dict, not in `**kwargs`
[transformers] Kwargs passed to `processor.__call__` have to be in `processor_kwargs` dict, not in `**kwargs`
[transformers] Kwargs passed to `processor.__call__` have to be in `processor_kwargs` dict, not in `**kwargs`
[transformers] Kwargs passed to `processor.__call__` have to be in `processor_kwargs` dict, not in `**kwargs`
[transformers] Kwargs passed to `processor.__call__` have to be in `processor_kwargs` dict, not in `**kwargs`
[transformers] Kwargs passed to `processor.__call__` have to be in `processor_kwargs` dict, not in `**kwargs`
[transformers] Kwargs passed to `processor.__call__` have to be in `processor_kwargs` dict, not in `**kwargs`
[transformers] Kwargs passed to `processor.__call__` have to be in `processor_kwargs` dict, not in `**kwargs`
[transformers] Kwargs passed to `processor.__call__` have to be in `processor_kwargs` dict, not in `**kwargs`
[transformers] Kwargs passed to `processor.__call__` have to be in `processor_kwargs` dict, not in `**kwargs`
[transformers] Kwargs passed to `processor.__call__` have to be in `processor_kwargs` dict, not in `**kwargs`
[transformers] Kwargs passed to `processor.__call__` have to be in `processor_kwargs` dict, not in `**kwargs`
[transformers] Kwargs passed to `processor.__call__` have to be in `processor_kwargs` dict, not in `**kwargs`
[transformers] Kwargs passed to `processor.__call__` have to be in `processor_kwargs` dict, not in `**kwargs`
[transformers] Kwargs passed to `processor.__call__` have to be in `processor_kwargs` dict, not in `**kwargs`
[transformers] Kwargs passed to `processor.__call__` have to be in `processor_kwargs` dict, not in `**kwargs`
[transformers] Kwargs passed to `processor.__call__` have to be in `processor_kwargs` dict, not in `**kwargs`
[transformers] Kwargs passed to `processor.__call__` have to be in `processor_kwargs` dict, not in `**kwargs`
[transformers] Kwargs passed to `processor.__call__` have to be in `processor_kwargs` dict, not in `**kwargs`
[transformers] Kwargs passed to `processor.__call__` have to be in `processor_kwargs` dict, not in `**kwargs`
[transformers] Kwargs passed to `processor.__call__` have to be in `processor_kwargs` dict, not in `**kwargs`
[transformers] Kwargs passed to `processor.__call__` have to be in `processor_kwargs` dict, not in `**kwargs`
[transformers] Kwargs passed to `processor.__call__` have to be in `processor_kwargs` dict, not in `**kwargs`
[transformers] Kwargs passed to `processor.__call__` have to be in `processor_kwargs` dict, not in `**kwargs`
[transformers] Kwargs passed to `processor.__call__` have to be in `processor_kwargs` dict, not in `**kwargs`
[transformers] Kwargs passed to `processor.__call__` have to be in `processor_kwargs` dict, not in `**kwargs`
[transformers] Kwargs passed to `processor.__call__` have to be in `processor_kwargs` dict, not in `**kwargs`
[transformers] Kwargs passed to `processor.__call__` have to be in `processor_kwargs` dict, not in `**kwargs`
[transformers] Kwargs passed to `processor.__call__` have to be in `processor_kwargs` dict, not in `**kwargs`
[transformers] Kwargs passed to `processor.__call__` have to be in `processor_kwargs` dict, not in `**kwargs`
[transformers] Kwargs passed to `processor.__call__` have to be in `processor_kwargs` dict, not in `**kwargs`
[transformers] Kwargs passed to `processor.__call__` have to be in `processor_kwargs` dict, not in `**kwargs`
[transformers] Kwargs passed to `processor.__call__` have to be in `processor_kwargs` dict, not in `**kwargs`
[transformers] Kwargs passed to `processor.__call__` have to be in `processor_kwargs` dict, not in `**kwargs`
[transformers] Kwargs passed to `processor.__call__` have to be in `processor_kwargs` dict, not in `**kwargs`
[transformers] Kwargs passed to `processor.__call__` have to be in `processor_kwargs` dict, not in `**kwargs`
[transformers] Kwargs passed to `processor.__call__` have to be in `processor_kwargs` dict, not in `**kwargs`
[transformers] Kwargs passed to `processor.__call__` have to be in `processor_kwargs` dict, not in `**kwargs`
[transformers] Kwargs passed to `processor.__call__` have to be in `processor_kwargs` dict, not in `**kwargs`
[transformers] Kwargs passed to `processor.__call__` have to be in `processor_kwargs` dict, not in `**kwargs`
[transformers] Kwargs passed to `processor.__call__` have to be in `processor_kwargs` dict, not in `**kwargs`
  [33/40] zsNo4HB9uLZ    model_stop  min_d  3.82  calls  51  12s/ep
[transformers] Kwargs passed to `processor.__call__` have to be in `processor_kwargs` dict, not in `**kwargs`
[transformers] Kwargs passed to `processor.__call__` have to be in `processor_kwargs` dict, not in `**kwargs`
[transformers] Kwargs passed to `processor.__call__` have to be in `processor_kwargs` dict, not in `**kwargs`
[transformers] Kwargs passed to `processor.__call__` have to be in `processor_kwargs` dict, not in `**kwargs`
[transformers] Kwargs passed to `processor.__call__` have to be in `processor_kwargs` dict, not in `**kwargs`
[transformers] Kwargs passed to `processor.__call__` have to be in `processor_kwargs` dict, not in `**kwargs`
[transformers] Kwargs passed to `processor.__call__` have to be in `processor_kwargs` dict, not in `**kwargs`
[transformers] Kwargs passed to `processor.__call__` have to be in `processor_kwargs` dict, not in `**kwargs`
[transformers] Kwargs passed to `processor.__call__` have to be in `processor_kwargs` dict, not in `**kwargs`
[transformers] Kwargs passed to `processor.__call__` have to be in `processor_kwargs` dict, not in `**kwargs`
[transformers] Kwargs passed to `processor.__call__` have to be in `processor_kwargs` dict, not in `**kwargs`
[transformers] Kwargs passed to `processor.__call__` have to be in `processor_kwargs` dict, not in `**kwargs`
[transformers] Kwargs passed to `processor.__call__` have to be in `processor_kwargs` dict, not in `**kwargs`
[transformers] Kwargs passed to `processor.__call__` have to be in `processor_kwargs` dict, not in `**kwargs`
[transformers] Kwargs passed to `processor.__call__` have to be in `processor_kwargs` dict, not in `**kwargs`
[transformers] Kwargs passed to `processor.__call__` have to be in `processor_kwargs` dict, not in `**kwargs`
[transformers] Kwargs passed to `processor.__call__` have to be in `processor_kwargs` dict, not in `**kwargs`
[transformers] Kwargs passed to `processor.__call__` have to be in `processor_kwargs` dict, not in `**kwargs`
[transformers] Kwargs passed to `processor.__call__` have to be in `processor_kwargs` dict, not in `**kwargs`
[transformers] Kwargs passed to `processor.__call__` have to be in `processor_kwargs` dict, not in `**kwargs`
[transformers] Kwargs passed to `processor.__call__` have to be in `processor_kwargs` dict, not in `**kwargs`
[transformers] Kwargs passed to `processor.__call__` have to be in `processor_kwargs` dict, not in `**kwargs`
[transformers] Kwargs passed to `processor.__call__` have to be in `processor_kwargs` dict, not in `**kwargs`
[transformers] Kwargs passed to `processor.__call__` have to be in `processor_kwargs` dict, not in `**kwargs`
[transformers] Kwargs passed to `processor.__call__` have to be in `processor_kwargs` dict, not in `**kwargs`
[transformers] Kwargs passed to `processor.__call__` have to be in `processor_kwargs` dict, not in `**kwargs`
[transformers] Kwargs passed to `processor.__call__` have to be in `processor_kwargs` dict, not in `**kwargs`
[transformers] Kwargs passed to `processor.__call__` have to be in `processor_kwargs` dict, not in `**kwargs`
[transformers] Kwargs passed to `processor.__call__` have to be in `processor_kwargs` dict, not in `**kwargs`
[transformers] Kwargs passed to `processor.__call__` have to be in `processor_kwargs` dict, not in `**kwargs`
[transformers] Kwargs passed to `processor.__call__` have to be in `processor_kwargs` dict, not in `**kwargs`
[transformers] Kwargs passed to `processor.__call__` have to be in `processor_kwargs` dict, not in `**kwargs`
[transformers] Kwargs passed to `processor.__call__` have to be in `processor_kwargs` dict, not in `**kwargs`
[transformers] Kwargs passed to `processor.__call__` have to be in `processor_kwargs` dict, not in `**kwargs`
[transformers] Kwargs passed to `processor.__call__` have to be in `processor_kwargs` dict, not in `**kwargs`
[transformers] Kwargs passed to `processor.__call__` have to be in `processor_kwargs` dict, not in `**kwargs`
[transformers] Kwargs passed to `processor.__call__` have to be in `processor_kwargs` dict, not in `**kwargs`
[transformers] Kwargs passed to `processor.__call__` have to be in `processor_kwargs` dict, not in `**kwargs`
[transformers] Kwargs passed to `processor.__call__` have to be in `processor_kwargs` dict, not in `**kwargs`
[transformers] Kwargs passed to `processor.__call__` have to be in `processor_kwargs` dict, not in `**kwargs`
[transformers] Kwargs passed to `processor.__call__` have to be in `processor_kwargs` dict, not in `**kwargs`
[transformers] Kwargs passed to `processor.__call__` have to be in `processor_kwargs` dict, not in `**kwargs`
[transformers] Kwargs passed to `processor.__call__` have to be in `processor_kwargs` dict, not in `**kwargs`
[transformers] Kwargs passed to `processor.__call__` have to be in `processor_kwargs` dict, not in `**kwargs`
[transformers] Kwargs passed to `processor.__call__` have to be in `processor_kwargs` dict, not in `**kwargs`
[transformers] Kwargs passed to `processor.__call__` have to be in `processor_kwargs` dict, not in `**kwargs`
[transformers] Kwargs passed to `processor.__call__` have to be in `processor_kwargs` dict, not in `**kwargs`
[transformers] Kwargs passed to `processor.__call__` have to be in `processor_kwargs` dict, not in `**kwargs`
[transformers] Kwargs passed to `processor.__call__` have to be in `processor_kwargs` dict, not in `**kwargs`
[transformers] Kwargs passed to `processor.__call__` have to be in `processor_kwargs` dict, not in `**kwargs`
  [34/40] zsNo4HB9uLZ       timeout  min_d 10.70  calls  50  12s/ep
[transformers] Kwargs passed to `processor.__call__` have to be in `processor_kwargs` dict, not in `**kwargs`
[transformers] Kwargs passed to `processor.__call__` have to be in `processor_kwargs` dict, not in `**kwargs`
[transformers] Kwargs passed to `processor.__call__` have to be in `processor_kwargs` dict, not in `**kwargs`
[transformers] Kwargs passed to `processor.__call__` have to be in `processor_kwargs` dict, not in `**kwargs`
[transformers] Kwargs passed to `processor.__call__` have to be in `processor_kwargs` dict, not in `**kwargs`
[transformers] Kwargs passed to `processor.__call__` have to be in `processor_kwargs` dict, not in `**kwargs`
[transformers] Kwargs passed to `processor.__call__` have to be in `processor_kwargs` dict, not in `**kwargs`
[transformers] Kwargs passed to `processor.__call__` have to be in `processor_kwargs` dict, not in `**kwargs`
[transformers] Kwargs passed to `processor.__call__` have to be in `processor_kwargs` dict, not in `**kwargs`
[transformers] Kwargs passed to `processor.__call__` have to be in `processor_kwargs` dict, not in `**kwargs`
[transformers] Kwargs passed to `processor.__call__` have to be in `processor_kwargs` dict, not in `**kwargs`
[transformers] Kwargs passed to `processor.__call__` have to be in `processor_kwargs` dict, not in `**kwargs`
[transformers] Kwargs passed to `processor.__call__` have to be in `processor_kwargs` dict, not in `**kwargs`
[transformers] Kwargs passed to `processor.__call__` have to be in `processor_kwargs` dict, not in `**kwargs`
[transformers] Kwargs passed to `processor.__call__` have to be in `processor_kwargs` dict, not in `**kwargs`
[transformers] Kwargs passed to `processor.__call__` have to be in `processor_kwargs` dict, not in `**kwargs`
[transformers] Kwargs passed to `processor.__call__` have to be in `processor_kwargs` dict, not in `**kwargs`
[transformers] Kwargs passed to `processor.__call__` have to be in `processor_kwargs` dict, not in `**kwargs`
[transformers] Kwargs passed to `processor.__call__` have to be in `processor_kwargs` dict, not in `**kwargs`
[transformers] Kwargs passed to `processor.__call__` have to be in `processor_kwargs` dict, not in `**kwargs`
[transformers] Kwargs passed to `processor.__call__` have to be in `processor_kwargs` dict, not in `**kwargs`
[transformers] Kwargs passed to `processor.__call__` have to be in `processor_kwargs` dict, not in `**kwargs`
[transformers] Kwargs passed to `processor.__call__` have to be in `processor_kwargs` dict, not in `**kwargs`
[transformers] Kwargs passed to `processor.__call__` have to be in `processor_kwargs` dict, not in `**kwargs`
[transformers] Kwargs passed to `processor.__call__` have to be in `processor_kwargs` dict, not in `**kwargs`
[transformers] Kwargs passed to `processor.__call__` have to be in `processor_kwargs` dict, not in `**kwargs`
[transformers] Kwargs passed to `processor.__call__` have to be in `processor_kwargs` dict, not in `**kwargs`
[transformers] Kwargs passed to `processor.__call__` have to be in `processor_kwargs` dict, not in `**kwargs`
[transformers] Kwargs passed to `processor.__call__` have to be in `processor_kwargs` dict, not in `**kwargs`
[transformers] Kwargs passed to `processor.__call__` have to be in `processor_kwargs` dict, not in `**kwargs`
[transformers] Kwargs passed to `processor.__call__` have to be in `processor_kwargs` dict, not in `**kwargs`
[transformers] Kwargs passed to `processor.__call__` have to be in `processor_kwargs` dict, not in `**kwargs`
[transformers] Kwargs passed to `processor.__call__` have to be in `processor_kwargs` dict, not in `**kwargs`
[transformers] Kwargs passed to `processor.__call__` have to be in `processor_kwargs` dict, not in `**kwargs`
[transformers] Kwargs passed to `processor.__call__` have to be in `processor_kwargs` dict, not in `**kwargs`
[transformers] Kwargs passed to `processor.__call__` have to be in `processor_kwargs` dict, not in `**kwargs`
[transformers] Kwargs passed to `processor.__call__` have to be in `processor_kwargs` dict, not in `**kwargs`
[transformers] Kwargs passed to `processor.__call__` have to be in `processor_kwargs` dict, not in `**kwargs`
[transformers] Kwargs passed to `processor.__call__` have to be in `processor_kwargs` dict, not in `**kwargs`
[transformers] Kwargs passed to `processor.__call__` have to be in `processor_kwargs` dict, not in `**kwargs`
[transformers] Kwargs passed to `processor.__call__` have to be in `processor_kwargs` dict, not in `**kwargs`
[transformers] Kwargs passed to `processor.__call__` have to be in `processor_kwargs` dict, not in `**kwargs`
[transformers] Kwargs passed to `processor.__call__` have to be in `processor_kwargs` dict, not in `**kwargs`
[transformers] Kwargs passed to `processor.__call__` have to be in `processor_kwargs` dict, not in `**kwargs`
[transformers] Kwargs passed to `processor.__call__` have to be in `processor_kwargs` dict, not in `**kwargs`
[transformers] Kwargs passed to `processor.__call__` have to be in `processor_kwargs` dict, not in `**kwargs`
[transformers] Kwargs passed to `processor.__call__` have to be in `processor_kwargs` dict, not in `**kwargs`
[transformers] Kwargs passed to `processor.__call__` have to be in `processor_kwargs` dict, not in `**kwargs`
[transformers] Kwargs passed to `processor.__call__` have to be in `processor_kwargs` dict, not in `**kwargs`
[transformers] Kwargs passed to `processor.__call__` have to be in `processor_kwargs` dict, not in `**kwargs`
  [35/40] zsNo4HB9uLZ       timeout  min_d 10.70  calls  50  12s/ep
[transformers] Kwargs passed to `processor.__call__` have to be in `processor_kwargs` dict, not in `**kwargs`
[transformers] Kwargs passed to `processor.__call__` have to be in `processor_kwargs` dict, not in `**kwargs`
[transformers] Kwargs passed to `processor.__call__` have to be in `processor_kwargs` dict, not in `**kwargs`
[transformers] Kwargs passed to `processor.__call__` have to be in `processor_kwargs` dict, not in `**kwargs`
[transformers] Kwargs passed to `processor.__call__` have to be in `processor_kwargs` dict, not in `**kwargs`
[transformers] Kwargs passed to `processor.__call__` have to be in `processor_kwargs` dict, not in `**kwargs`
[transformers] Kwargs passed to `processor.__call__` have to be in `processor_kwargs` dict, not in `**kwargs`
[transformers] Kwargs passed to `processor.__call__` have to be in `processor_kwargs` dict, not in `**kwargs`
[transformers] Kwargs passed to `processor.__call__` have to be in `processor_kwargs` dict, not in `**kwargs`
[transformers] Kwargs passed to `processor.__call__` have to be in `processor_kwargs` dict, not in `**kwargs`
[transformers] Kwargs passed to `processor.__call__` have to be in `processor_kwargs` dict, not in `**kwargs`
[transformers] Kwargs passed to `processor.__call__` have to be in `processor_kwargs` dict, not in `**kwargs`
[transformers] Kwargs passed to `processor.__call__` have to be in `processor_kwargs` dict, not in `**kwargs`
[transformers] Kwargs passed to `processor.__call__` have to be in `processor_kwargs` dict, not in `**kwargs`
[transformers] Kwargs passed to `processor.__call__` have to be in `processor_kwargs` dict, not in `**kwargs`
[transformers] Kwargs passed to `processor.__call__` have to be in `processor_kwargs` dict, not in `**kwargs`
[transformers] Kwargs passed to `processor.__call__` have to be in `processor_kwargs` dict, not in `**kwargs`
[transformers] Kwargs passed to `processor.__call__` have to be in `processor_kwargs` dict, not in `**kwargs`
[transformers] Kwargs passed to `processor.__call__` have to be in `processor_kwargs` dict, not in `**kwargs`
[transformers] Kwargs passed to `processor.__call__` have to be in `processor_kwargs` dict, not in `**kwargs`
[transformers] Kwargs passed to `processor.__call__` have to be in `processor_kwargs` dict, not in `**kwargs`
[transformers] Kwargs passed to `processor.__call__` have to be in `processor_kwargs` dict, not in `**kwargs`
[transformers] Kwargs passed to `processor.__call__` have to be in `processor_kwargs` dict, not in `**kwargs`
[transformers] Kwargs passed to `processor.__call__` have to be in `processor_kwargs` dict, not in `**kwargs`
[transformers] Kwargs passed to `processor.__call__` have to be in `processor_kwargs` dict, not in `**kwargs`
[transformers] Kwargs passed to `processor.__call__` have to be in `processor_kwargs` dict, not in `**kwargs`
[transformers] Kwargs passed to `processor.__call__` have to be in `processor_kwargs` dict, not in `**kwargs`
[transformers] Kwargs passed to `processor.__call__` have to be in `processor_kwargs` dict, not in `**kwargs`
[transformers] Kwargs passed to `processor.__call__` have to be in `processor_kwargs` dict, not in `**kwargs`
[transformers] Kwargs passed to `processor.__call__` have to be in `processor_kwargs` dict, not in `**kwargs`
  [36/40] zsNo4HB9uLZ    model_stop  min_d 11.43  calls  30  11s/ep
[transformers] Kwargs passed to `processor.__call__` have to be in `processor_kwargs` dict, not in `**kwargs`
[transformers] Kwargs passed to `processor.__call__` have to be in `processor_kwargs` dict, not in `**kwargs`
  [37/40] zsNo4HB9uLZ    model_stop  min_d  8.86  calls   2  11s/ep
[transformers] Kwargs passed to `processor.__call__` have to be in `processor_kwargs` dict, not in `**kwargs`
[transformers] Kwargs passed to `processor.__call__` have to be in `processor_kwargs` dict, not in `**kwargs`
[transformers] Kwargs passed to `processor.__call__` have to be in `processor_kwargs` dict, not in `**kwargs`
[transformers] Kwargs passed to `processor.__call__` have to be in `processor_kwargs` dict, not in `**kwargs`
[transformers] Kwargs passed to `processor.__call__` have to be in `processor_kwargs` dict, not in `**kwargs`
[transformers] Kwargs passed to `processor.__call__` have to be in `processor_kwargs` dict, not in `**kwargs`
[transformers] Kwargs passed to `processor.__call__` have to be in `processor_kwargs` dict, not in `**kwargs`
[transformers] Kwargs passed to `processor.__call__` have to be in `processor_kwargs` dict, not in `**kwargs`
[transformers] Kwargs passed to `processor.__call__` have to be in `processor_kwargs` dict, not in `**kwargs`
[transformers] Kwargs passed to `processor.__call__` have to be in `processor_kwargs` dict, not in `**kwargs`
[transformers] Kwargs passed to `processor.__call__` have to be in `processor_kwargs` dict, not in `**kwargs`
[transformers] Kwargs passed to `processor.__call__` have to be in `processor_kwargs` dict, not in `**kwargs`
[transformers] Kwargs passed to `processor.__call__` have to be in `processor_kwargs` dict, not in `**kwargs`
[transformers] Kwargs passed to `processor.__call__` have to be in `processor_kwargs` dict, not in `**kwargs`
[transformers] Kwargs passed to `processor.__call__` have to be in `processor_kwargs` dict, not in `**kwargs`
[transformers] Kwargs passed to `processor.__call__` have to be in `processor_kwargs` dict, not in `**kwargs`
[transformers] Kwargs passed to `processor.__call__` have to be in `processor_kwargs` dict, not in `**kwargs`
[transformers] Kwargs passed to `processor.__call__` have to be in `processor_kwargs` dict, not in `**kwargs`
[transformers] Kwargs passed to `processor.__call__` have to be in `processor_kwargs` dict, not in `**kwargs`
[transformers] Kwargs passed to `processor.__call__` have to be in `processor_kwargs` dict, not in `**kwargs`
[transformers] Kwargs passed to `processor.__call__` have to be in `processor_kwargs` dict, not in `**kwargs`
[transformers] Kwargs passed to `processor.__call__` have to be in `processor_kwargs` dict, not in `**kwargs`
[transformers] Kwargs passed to `processor.__call__` have to be in `processor_kwargs` dict, not in `**kwargs`
[transformers] Kwargs passed to `processor.__call__` have to be in `processor_kwargs` dict, not in `**kwargs`
[transformers] Kwargs passed to `processor.__call__` have to be in `processor_kwargs` dict, not in `**kwargs`
[transformers] Kwargs passed to `processor.__call__` have to be in `processor_kwargs` dict, not in `**kwargs`
[transformers] Kwargs passed to `processor.__call__` have to be in `processor_kwargs` dict, not in `**kwargs`
[transformers] Kwargs passed to `processor.__call__` have to be in `processor_kwargs` dict, not in `**kwargs`
[transformers] Kwargs passed to `processor.__call__` have to be in `processor_kwargs` dict, not in `**kwargs`
[transformers] Kwargs passed to `processor.__call__` have to be in `processor_kwargs` dict, not in `**kwargs`
[transformers] Kwargs passed to `processor.__call__` have to be in `processor_kwargs` dict, not in `**kwargs`
[transformers] Kwargs passed to `processor.__call__` have to be in `processor_kwargs` dict, not in `**kwargs`
[transformers] Kwargs passed to `processor.__call__` have to be in `processor_kwargs` dict, not in `**kwargs`
[transformers] Kwargs passed to `processor.__call__` have to be in `processor_kwargs` dict, not in `**kwargs`
[transformers] Kwargs passed to `processor.__call__` have to be in `processor_kwargs` dict, not in `**kwargs`
[transformers] Kwargs passed to `processor.__call__` have to be in `processor_kwargs` dict, not in `**kwargs`
[transformers] Kwargs passed to `processor.__call__` have to be in `processor_kwargs` dict, not in `**kwargs`
[transformers] Kwargs passed to `processor.__call__` have to be in `processor_kwargs` dict, not in `**kwargs`
[transformers] Kwargs passed to `processor.__call__` have to be in `processor_kwargs` dict, not in `**kwargs`
[transformers] Kwargs passed to `processor.__call__` have to be in `processor_kwargs` dict, not in `**kwargs`
[transformers] Kwargs passed to `processor.__call__` have to be in `processor_kwargs` dict, not in `**kwargs`
[transformers] Kwargs passed to `processor.__call__` have to be in `processor_kwargs` dict, not in `**kwargs`
[transformers] Kwargs passed to `processor.__call__` have to be in `processor_kwargs` dict, not in `**kwargs`
[transformers] Kwargs passed to `processor.__call__` have to be in `processor_kwargs` dict, not in `**kwargs`
[transformers] Kwargs passed to `processor.__call__` have to be in `processor_kwargs` dict, not in `**kwargs`
[transformers] Kwargs passed to `processor.__call__` have to be in `processor_kwargs` dict, not in `**kwargs`
[transformers] Kwargs passed to `processor.__call__` have to be in `processor_kwargs` dict, not in `**kwargs`
[transformers] Kwargs passed to `processor.__call__` have to be in `processor_kwargs` dict, not in `**kwargs`
[transformers] Kwargs passed to `processor.__call__` have to be in `processor_kwargs` dict, not in `**kwargs`
[transformers] Kwargs passed to `processor.__call__` have to be in `processor_kwargs` dict, not in `**kwargs`
[transformers] Kwargs passed to `processor.__call__` have to be in `processor_kwargs` dict, not in `**kwargs`
  [38/40] zsNo4HB9uLZ       timeout  min_d  0.22  calls  51  11s/ep
[transformers] Kwargs passed to `processor.__call__` have to be in `processor_kwargs` dict, not in `**kwargs`
[transformers] Kwargs passed to `processor.__call__` have to be in `processor_kwargs` dict, not in `**kwargs`
[transformers] Kwargs passed to `processor.__call__` have to be in `processor_kwargs` dict, not in `**kwargs`
[transformers] Kwargs passed to `processor.__call__` have to be in `processor_kwargs` dict, not in `**kwargs`
[transformers] Kwargs passed to `processor.__call__` have to be in `processor_kwargs` dict, not in `**kwargs`
[transformers] Kwargs passed to `processor.__call__` have to be in `processor_kwargs` dict, not in `**kwargs`
[transformers] Kwargs passed to `processor.__call__` have to be in `processor_kwargs` dict, not in `**kwargs`
[transformers] Kwargs passed to `processor.__call__` have to be in `processor_kwargs` dict, not in `**kwargs`
[transformers] Kwargs passed to `processor.__call__` have to be in `processor_kwargs` dict, not in `**kwargs`
[transformers] Kwargs passed to `processor.__call__` have to be in `processor_kwargs` dict, not in `**kwargs`
[transformers] Kwargs passed to `processor.__call__` have to be in `processor_kwargs` dict, not in `**kwargs`
[transformers] Kwargs passed to `processor.__call__` have to be in `processor_kwargs` dict, not in `**kwargs`
[transformers] Kwargs passed to `processor.__call__` have to be in `processor_kwargs` dict, not in `**kwargs`
[transformers] Kwargs passed to `processor.__call__` have to be in `processor_kwargs` dict, not in `**kwargs`
[transformers] Kwargs passed to `processor.__call__` have to be in `processor_kwargs` dict, not in `**kwargs`
[transformers] Kwargs passed to `processor.__call__` have to be in `processor_kwargs` dict, not in `**kwargs`
[transformers] Kwargs passed to `processor.__call__` have to be in `processor_kwargs` dict, not in `**kwargs`
[transformers] Kwargs passed to `processor.__call__` have to be in `processor_kwargs` dict, not in `**kwargs`
[transformers] Kwargs passed to `processor.__call__` have to be in `processor_kwargs` dict, not in `**kwargs`
[transformers] Kwargs passed to `processor.__call__` have to be in `processor_kwargs` dict, not in `**kwargs`
[transformers] Kwargs passed to `processor.__call__` have to be in `processor_kwargs` dict, not in `**kwargs`
[transformers] Kwargs passed to `processor.__call__` have to be in `processor_kwargs` dict, not in `**kwargs`
[transformers] Kwargs passed to `processor.__call__` have to be in `processor_kwargs` dict, not in `**kwargs`
[transformers] Kwargs passed to `processor.__call__` have to be in `processor_kwargs` dict, not in `**kwargs`
[transformers] Kwargs passed to `processor.__call__` have to be in `processor_kwargs` dict, not in `**kwargs`
[transformers] Kwargs passed to `processor.__call__` have to be in `processor_kwargs` dict, not in `**kwargs`
[transformers] Kwargs passed to `processor.__call__` have to be in `processor_kwargs` dict, not in `**kwargs`
[transformers] Kwargs passed to `processor.__call__` have to be in `processor_kwargs` dict, not in `**kwargs`
[transformers] Kwargs passed to `processor.__call__` have to be in `processor_kwargs` dict, not in `**kwargs`
[transformers] Kwargs passed to `processor.__call__` have to be in `processor_kwargs` dict, not in `**kwargs`
[transformers] Kwargs passed to `processor.__call__` have to be in `processor_kwargs` dict, not in `**kwargs`
[transformers] Kwargs passed to `processor.__call__` have to be in `processor_kwargs` dict, not in `**kwargs`
[transformers] Kwargs passed to `processor.__call__` have to be in `processor_kwargs` dict, not in `**kwargs`
[transformers] Kwargs passed to `processor.__call__` have to be in `processor_kwargs` dict, not in `**kwargs`
[transformers] Kwargs passed to `processor.__call__` have to be in `processor_kwargs` dict, not in `**kwargs`
[transformers] Kwargs passed to `processor.__call__` have to be in `processor_kwargs` dict, not in `**kwargs`
[transformers] Kwargs passed to `processor.__call__` have to be in `processor_kwargs` dict, not in `**kwargs`
[transformers] Kwargs passed to `processor.__call__` have to be in `processor_kwargs` dict, not in `**kwargs`
[transformers] Kwargs passed to `processor.__call__` have to be in `processor_kwargs` dict, not in `**kwargs`
[transformers] Kwargs passed to `processor.__call__` have to be in `processor_kwargs` dict, not in `**kwargs`
[transformers] Kwargs passed to `processor.__call__` have to be in `processor_kwargs` dict, not in `**kwargs`
[transformers] Kwargs passed to `processor.__call__` have to be in `processor_kwargs` dict, not in `**kwargs`
[transformers] Kwargs passed to `processor.__call__` have to be in `processor_kwargs` dict, not in `**kwargs`
[transformers] Kwargs passed to `processor.__call__` have to be in `processor_kwargs` dict, not in `**kwargs`
[transformers] Kwargs passed to `processor.__call__` have to be in `processor_kwargs` dict, not in `**kwargs`
  [39/40] zsNo4HB9uLZ    model_stop  min_d  0.08  calls  45  11s/ep
[transformers] Kwargs passed to `processor.__call__` have to be in `processor_kwargs` dict, not in `**kwargs`
[transformers] Kwargs passed to `processor.__call__` have to be in `processor_kwargs` dict, not in `**kwargs`
[transformers] Kwargs passed to `processor.__call__` have to be in `processor_kwargs` dict, not in `**kwargs`
[transformers] Kwargs passed to `processor.__call__` have to be in `processor_kwargs` dict, not in `**kwargs`
[transformers] Kwargs passed to `processor.__call__` have to be in `processor_kwargs` dict, not in `**kwargs`
[transformers] Kwargs passed to `processor.__call__` have to be in `processor_kwargs` dict, not in `**kwargs`
[transformers] Kwargs passed to `processor.__call__` have to be in `processor_kwargs` dict, not in `**kwargs`
[transformers] Kwargs passed to `processor.__call__` have to be in `processor_kwargs` dict, not in `**kwargs`
[transformers] Kwargs passed to `processor.__call__` have to be in `processor_kwargs` dict, not in `**kwargs`
[transformers] Kwargs passed to `processor.__call__` have to be in `processor_kwargs` dict, not in `**kwargs`
[transformers] Kwargs passed to `processor.__call__` have to be in `processor_kwargs` dict, not in `**kwargs`
[transformers] Kwargs passed to `processor.__call__` have to be in `processor_kwargs` dict, not in `**kwargs`
[transformers] Kwargs passed to `processor.__call__` have to be in `processor_kwargs` dict, not in `**kwargs`
[transformers] Kwargs passed to `processor.__call__` have to be in `processor_kwargs` dict, not in `**kwargs`
[transformers] Kwargs passed to `processor.__call__` have to be in `processor_kwargs` dict, not in `**kwargs`
[transformers] Kwargs passed to `processor.__call__` have to be in `processor_kwargs` dict, not in `**kwargs`
[transformers] Kwargs passed to `processor.__call__` have to be in `processor_kwargs` dict, not in `**kwargs`
[transformers] Kwargs passed to `processor.__call__` have to be in `processor_kwargs` dict, not in `**kwargs`
[transformers] Kwargs passed to `processor.__call__` have to be in `processor_kwargs` dict, not in `**kwargs`
[transformers] Kwargs passed to `processor.__call__` have to be in `processor_kwargs` dict, not in `**kwargs`
[transformers] Kwargs passed to `processor.__call__` have to be in `processor_kwargs` dict, not in `**kwargs`
[transformers] Kwargs passed to `processor.__call__` have to be in `processor_kwargs` dict, not in `**kwargs`
[transformers] Kwargs passed to `processor.__call__` have to be in `processor_kwargs` dict, not in `**kwargs`
[transformers] Kwargs passed to `processor.__call__` have to be in `processor_kwargs` dict, not in `**kwargs`
[transformers] Kwargs passed to `processor.__call__` have to be in `processor_kwargs` dict, not in `**kwargs`
[transformers] Kwargs passed to `processor.__call__` have to be in `processor_kwargs` dict, not in `**kwargs`
[transformers] Kwargs passed to `processor.__call__` have to be in `processor_kwargs` dict, not in `**kwargs`
[transformers] Kwargs passed to `processor.__call__` have to be in `processor_kwargs` dict, not in `**kwargs`
[transformers] Kwargs passed to `processor.__call__` have to be in `processor_kwargs` dict, not in `**kwargs`
[transformers] Kwargs passed to `processor.__call__` have to be in `processor_kwargs` dict, not in `**kwargs`
[transformers] Kwargs passed to `processor.__call__` have to be in `processor_kwargs` dict, not in `**kwargs`
[transformers] Kwargs passed to `processor.__call__` have to be in `processor_kwargs` dict, not in `**kwargs`
[transformers] Kwargs passed to `processor.__call__` have to be in `processor_kwargs` dict, not in `**kwargs`
[transformers] Kwargs passed to `processor.__call__` have to be in `processor_kwargs` dict, not in `**kwargs`
[transformers] Kwargs passed to `processor.__call__` have to be in `processor_kwargs` dict, not in `**kwargs`
[transformers] Kwargs passed to `processor.__call__` have to be in `processor_kwargs` dict, not in `**kwargs`
[transformers] Kwargs passed to `processor.__call__` have to be in `processor_kwargs` dict, not in `**kwargs`
[transformers] Kwargs passed to `processor.__call__` have to be in `processor_kwargs` dict, not in `**kwargs`
[transformers] Kwargs passed to `processor.__call__` have to be in `processor_kwargs` dict, not in `**kwargs`
[transformers] Kwargs passed to `processor.__call__` have to be in `processor_kwargs` dict, not in `**kwargs`
[transformers] Kwargs passed to `processor.__call__` have to be in `processor_kwargs` dict, not in `**kwargs`
[transformers] Kwargs passed to `processor.__call__` have to be in `processor_kwargs` dict, not in `**kwargs`
[transformers] Kwargs passed to `processor.__call__` have to be in `processor_kwargs` dict, not in `**kwargs`
[transformers] Kwargs passed to `processor.__call__` have to be in `processor_kwargs` dict, not in `**kwargs`
[transformers] Kwargs passed to `processor.__call__` have to be in `processor_kwargs` dict, not in `**kwargs`
[transformers] Kwargs passed to `processor.__call__` have to be in `processor_kwargs` dict, not in `**kwargs`
[transformers] Kwargs passed to `processor.__call__` have to be in `processor_kwargs` dict, not in `**kwargs`
[transformers] Kwargs passed to `processor.__call__` have to be in `processor_kwargs` dict, not in `**kwargs`
[transformers] Kwargs passed to `processor.__call__` have to be in `processor_kwargs` dict, not in `**kwargs`
[transformers] Kwargs passed to `processor.__call__` have to be in `processor_kwargs` dict, not in `**kwargs`
[transformers] Kwargs passed to `processor.__call__` have to be in `processor_kwargs` dict, not in `**kwargs`
[transformers] Kwargs passed to `processor.__call__` have to be in `processor_kwargs` dict, not in `**kwargs`
[transformers] Kwargs passed to `processor.__call__` have to be in `processor_kwargs` dict, not in `**kwargs`
[transformers] Kwargs passed to `processor.__call__` have to be in `processor_kwargs` dict, not in `**kwargs`
[transformers] Kwargs passed to `processor.__call__` have to be in `processor_kwargs` dict, not in `**kwargs`
  [40/40] zsNo4HB9uLZ       timeout  min_d  6.39  calls  55  11s/ep

==============================================================
  COSMOS NAV  v3_step1500_strict_r1  policy=direct
    SR    = 0.1750
    SPL   = 0.1180
    OS    = 0.3750
    nDTW  = 0.1886
    NE    = 6.8967

  TERMINATION:
    timeout              31  ( 77.5%)
    model_stop            9  ( 22.5%)

  closest approach : mean  4.53  median  4.15
    ever within  3.0m :  37.5%
    ever within  5.0m :  57.5%
    ever within 10.0m :  87.5%
  where it STOPPED : mean  7.34  within 3m 11.1%
  reasoner calls/episode: 47.0   unparsed 0/1879
  commands: move forward 60%  turn right 20%  turn left 17%  stop 2%
==============================================================
  wrote results/runs/v3_step1500_direct_strict_r1.json
